心口不一	xīn kǒu bù yī
无大不大	wú dà bù dà
无一不知	wú yī bù zhī
言行不一	yán xíng bù yī
不日不月	bù rì bù yuè
无人之地	wú rén zhī dì
一天一地	yī tiān yī dì
不言不语	bù yán bù yǔ
一心一意	yī xīn yī yì
无天无日	wú tiān wú rì
不正之风	bù zhèng zhī fēng
不得人心	bù dé rén xīn
不声不气	bù shēng bù qì
人心不古	rén xīn bù gǔ
一言不发	yī yán bù fā
不上不下	bù shàng bù xià
一言一行	yī yán yī xíng
知无不言	zhī wú bù yán
不食之地	bù shí zhī dì
不三不四	bù sān bù sì
不一而足	bù yī ér   zú
一心一力	yī xīn yī lì
不识之无	bù shí zhī wú
天不绝人	tiān bù jué rén
不明不白	bù míng bù bái
一心一计	yī xīn yī jì
心口如一	xīn kǒu rú yī
不上不落	bù shàng bù luò
一德一心	yī dé yī xīn
一心一德	yī xīn yī dé
不见天日	bù jiàn tiān rì
一家之言	yī jiā zhī yán
不名一文	bù míng yī wén
一文不名	yī wén bù míng
一人之交	yī rén zhī jiāo
一日之长	yī rì zhī zhǎng
言无不尽	yán wú bù jìn
不可一世	bù kě yī shì
无所不有	wú suǒ bù yǒu
无所不为	wú suǒ bù wéi
无恶不为	wú è bù wéi
无可不可	wú kě bù kě
一生一世	yī shēng yī shì
一事不知	yī shì bù zhī
有天无日	yǒu tiān wú rì
一心一路	yī xīn yī lù
一心无二	yī xīn wú èr
不毛之地	bù máo zhī dì
人不自安	rén bù zì ān
有口无心	yǒu kǒu wú xīn
一死一生	yī sǐ yī shēng
百无一成	bǎi wú yī chéng
不当不正	bù dāng bù zhèng
一心一腹	yī xīn yī fù
百不失一	bǎi bù shī yī
不世之功	bù shì zhī gōng
不臣之心	bù chén zhī xīn
人心如面	rén xīn rú miàn
言之无物	yán zhī wú wù
有一得一	yǒu yī dé yī
不文不武	bù wén bù wǔ
万不失一	wàn bù shī yī
百不当一	bǎi bù dāng yī
人事不知	rén shì bù zhī
一成不变	yī chéng bù biàn
一成不易	yī chéng bù yì
无所不可	wú suǒ bù kě
一事无成	yī shì wú chéng
文人无行	wén rén wú xíng
不生不灭	bù shēng bù miè
风行一世	fēng xíng yī shì
不败之地	bù bài zhī dì
一物不知	yī wù bù zhī
一口一声	yī kǒu yī shēng
无大无小	wú dà wú xiǎo
不识不知	bù shí bù zhī
无所不知	wú suǒ bù zhī
天大地大	tiān dà dì dà
无千无万	wú qiān wú wàn
大得人心	dà dé rén xīn
不古不今	bù gǔ bù jīn
不今不古	bù jīn bù gǔ
无相无作	wú xiāng wú zuò
一无所有	yī wú suǒ yǒu
不以为意	bù yǐ wéi yì
同心一意	tóng xīn yī yì
不破不立	bù può bù lì
无一不备	wú yī bù bèi
无法无天	wú fǎ wú tiān
有心无力	yǒu xīn wú lì
无所不作	wú suǒ bù zuò
无恶不作	wú è bù zuò
无奇不有	wú qí bù yǒu
不直一文	bù zhí yī wén
风行一时	fēng xíng yī shī
一虎不河	yī hǔ bù hé
求之不得	qiú zhī bù dé
上下一心	shàng xià yī xīn
一得之见	yī dé zhī jiàn
一无所成	yī wú suǒ chéng
百世一人	bǎi shì yī rén
一家一火	yī jiā yī huǒ
人中之龙	rén zhōng zhī lóng
天地不容	tiān dì bù róng
不以为然	bù yǐ wéi rán
一家之作	yī jiā zhī zuò
一手一足	yī shǒu yī zú
人山人海	rén shān rén hǎi
目中无人	mù zhōng wú rén
千人一面	qiān rén yī miàn
金玉之言	jīn yù zhī yán
无为而成	wú wéi ér chéng
心上心下	xīn shàng xīn xià
天下一家	tiān xià yī jiā
大难不死	dà nàn bù sǐ
一言千金	yī yán qiān jīn
不经之语	bù jīng zhī yǔ
世道人心	shì dào rén xīn
如出一口	rú chū yī kǒu
出头之日	chū tóu zhī rì
不死不活	bù sǐ bù huó
一无所长	yī wú suǒ cháng
不闻不问	bù wén bù wèn
不问不闻	bù wèn bù wén
来之不易	lái zhī bù yì
口不应心	kǒu bù yìng xīn
心不应口	xīn bù yīng kǒu
生而知之	shēng ér zhī zhī
同心一力	tóng xīn yī lì
有口无行	yǒu kǒu wú xíng
水天一色	shuǐ tiān yī sè
百无一失	bǎi wú yī shī
人千人万	rén qiān rén wàn
有一无二	yǒu yī wú èr
长生不死	cháng shēng bū sǐ
不绝如发	bù jué rú fà
无所不通	wú suǒ bù tōng
出一头地	chū yī tóu dì
不相上下	bù xiāng shàng xià
一无长物	yī wú cháng wù
万无一失	wàn wú yī shī
不当人子	bù dāng rén zǐ
不知高下	bù zhī gāo xià
知人之明	zhī rén zhī míng
不足为意	bù zú wéi yì
无为自成	wú wéi zì chéng
头一无二	tóu yī wú èr
力不从心	lì bù cóng xīn
无声无色	wú shēng wú sè
不仁不义	bù rén bù yì
无情无义	wú qíng wú yì
一日三月	yī rì sān yuè
无空不入	wú kōng bù rù
一家之计	yī jiā zhī jì
一无所知	yī wú suǒ zhī
言行若一	yán xíng ruò yī
以意为之	yǐ yì wéi zhī
风言风语	fēng yán fēng yǔ
春风风人	chūn fēng fèng rén
成人之善	chéng rén zhī shàn
有文无行	yǒu wén wú xíng
言不顾行	yán bù gù xíng
一心同功	yī xīn tóng gōng
不得而知	bù dé ér zhī
无所不能	wú suǒ bù néng
一面之交	yī miàn zhī jiāo
有心有意	yǒu xīn yǒu yì
无万大千	wú wàn dà qiān
无所不在	wú suǒ bù zài
语不惊人	yǔ bù jīng rèn
成一家言	chěng yī jiān yán
一家一计	yī jiā yī jì
一得之功	yī dé zhī gōng
不世之业	bù shì zhī yè
不知所言	bù zhī suǒ yán
言为心声	yán wéi xīn shēng
不经之说	bù jīng zhī shuō
一长一短	yī cháng yī duǎn
言不尽意	yán bù jìn yì
万众一心	wàn zhòng yī xīn
手不应心	shǒu bù yīng xīn
百无一能	bǎi wú yī néng
不易之论	bù yì zhī lùn
文风不动	wén fēng bù dòng
不言而信	bù yán ér xìn
言而不信	yán ér bù xìn
言之有物	yán zhī yǒu wù
十不当一	shí bù huò yī
风雨不改	fēng yǔ bù gǎi
一无所得	yī wú suǒ dé
心神不定	xīn shén bù dìng
天道人事	tiān dào rén shì
风风雨雨	fēng fēng yǔ yǔ
金石之言	jīn shí zhī yán
可心如意	kě xīn rú yì
日出不穷	rì chū bù qióng
无如之何	wú rú zhī hé
百不一存	bǎi bù yī cún
无所不容	wú suǒ bù róng
同德一心	tóng dé yī xīn
同心一德	tóng xīn yī dé
大天白日	dà tiān bái rì
大而无当	dà ér wú dàng
风马不接	fēng mǎ bù jiē
如日中天	rú rì zhōng tiān
一清如水	yī qīng rú shuǐ
面无人色	miàn wú rén sè
一门心思	yī mén xīn sī
无中生有	wú zhōng shēng yǒu
言不及行	yán bù jí xíng
出人头地	chū rén tóu dì
百无一是	bǎi wú yī shì
有生之年	yǒu shēng zhī nián
长生不老	cháng shēng bù lǎo
风云之志	fēng yún zhī zhì
一目之士	yī mù zhī shì
无所不至	wú suǒ bù zhì
一心同归	yī xīn tóng guī
一身五心	yī shēn wǔ xīn
白首之心	bái shǒu zhī xīn
出其不意	chū qí bù yì
不根之论	bù gēn zhī lùn
天无二日	tiān wú èr rì
自不待言	zì bù dài yán
不经之谈	bù jīng zhī tán
老而不死	lǎo ér bù sǐ
心如金石	xīn rú jīn shí
先天不足	xiān tiān bù zú
有意无意	yǒu yì wú yì
神而明之	shén ér míng zhī
不了不当	bù liǎo bù dàng
如天之福	rú tiān zhī fú
一语中人	yī yǔ zhōng rén
一己之见	yī jǐ zhī jiàn
一席之地	yī xí zhī dì
计无所之	jì wú suǒ zhī
一家之学	yī jiā zhī xué
乐不可言	lè bù kě yán
说一不二	shuō yī bù èr
风云人物	fēng yún rén wù
足不出门	zú bù chū mén
有己无人	yǒu jǐ wú rén
绝口不道	jué kǒu bù dào
一面之辞	yī miàn zhī cí
自成一家	zì chéng yī jiā
故人之意	gù rén zhī yì
深得人心	shēn dé rén xīn
一无可取	yī wú kě qǔ
一家之辞	yī jiā zhī cí
深入人心	shēn rù rén xīn
无所不及	wú suǒ bù jí
一以贯之	yī yǐ guàn zhī
东风人面	dōng fēng rén miàn
不知所以	bù zhī suǒ yǐ
视而不见	shì ér bù jiàn
不义之财	bù yì zhī cái
百死一生	bǎi sǐ yī shēng
有嘴无心	yǒu zuǐ wú xīn
老大无成	lǎo dà wú chéng
分文不名	fēn wén bù míng
苦不可言	kǔ bù kě yán
天高地下	tiān gāo dì xià
有声无气	yǒu shēng wú qì
无头无尾	wú tóu wú wěi
一家无二	yī jiā wú èr
无往不利	wú wǎng bù lì
一生一代	yī shēng yī dài
事不过三	shì bù guò sān
风风火火	fēng fēng huǒ huǒ
以心问心	yǐ xīn wèn xīn
言之有理	yán zhī yǒu lǐ
不得不尔	bù dé bù ěr
万死一生	wàn sǐ yī shēng
百无一用	bǎi wú yī yòng
言之有故	yán zhī yǒu gù
不声不响	bù shēng bù xiǎng
不劳而成	bù láo ér chéng
一无所闻	yī wú suǒ wén
不知所云	bù zhī suǒ yún
如无其事	rú wú qí shì
千金之家	qiān jīn zhī jiā
一无所求	yī wú suǒ qiú
自出一家	zì chū yī jiā
高而不危	gāo ér bù wēi
众口如一	zhòng kǒu rú yī
一面之识	yī miàn zhī shí
天下归心	tiān xià guī xīn
合而为一	hé ér wéi yī
不可胜言	bù kě shèng yán
极而言之	jí ér yán zhī
不根之谈	bù gān zhī tán
不相为谋	bù xiāng wéi móu
可有可无	kě yǒu kě wú
不舞之鹤	bù wǔ zhī hè
落花无言	luò huā wú yán
以一知万	yǐ yī zhī wàn
百不一遇	bǎi bù yī yù
生生不息	shēng shēng bù xī
风流人物	fēng liú rén wù
不拔之志	bù bá zhī zhì
言不达意	yán bù dá yì
好自为之	hào zì wéi zhī
同日而言	tóng rì ér yán
心不由意	xīn bù yóu yì
流水无情	liú shuǐ wú qíng
一面之词	yī miàn zhī cí
天作之合	tiān zuò zhī hé
人一己百	rén yī jǐ bǎi
不知所出	bù zhī suǒ chū
三人成虎	sān rén chéng hǔ
无明无夜	wú míng wú yè
无施不可	wú shī bù kě
有朝一日	yǒu zhāo yī rì
世风日下	shì fēng rì xià
一龙一蛇	yī lóng yī shé
成人之美	chéng rén zhī měi
小小不言	xiǎo xiǎo bù yán
心不两用	xīn bù liǎng yòng
耳食之言	ěr shí zhī yán
文如其人	wén rú qí rén
不以为奇	bù yǐ wéi qí
无方之民	wú fāng zhī mín
千金之子	qiān jīn zhī zǐ
口出大言	kǒu chū dā yán
出有入无	chū yǒu rù wú
下落不明	xià luò bù míng
大而化之	dà ér huà zhī
一无所能	yī wú suǒ néng
百事无成	bǎi shì wú chéng
有气无力	yǒu qì wú lì
贪心不足	tān xīn bù zú
言之成理	yán zhī chéng lǐ
一手一脚	yī shǒu yī jiǎo
不分玉石	bù fēn yù shí
玉石不分	yù shí bù fēn
一日之雅	yī rì zhī yǎ
天外有天	tiān wài yǒu tiān
一日千里	yī rì qiān lǐ
自高自大	zì gāo zì dà
一目五行	yī mù wǔ háng
风俗人情	fēng sú rén qíng
不齿于人	bù chǐ yú rén
高头大马	gāo tóu dà mǎ
无事生事	wú shì shēng shì
见所不见	jiàn suǒ bù jiàn
大有见地	dà yǒu jiàn dì
无风生浪	wú fēng shēng làng
人面狗心	rén miàn gǒu xīn
风行水上	fēng xíng shuǐ shàng
不拔一毛	bù bá yì máo
一毛不拔	yī máo bù bá
不通水火	bù tōng shuǐ huǒ
不谋而同	bù móu ér tóng
无尽无穷	wú jìn wú qióng
无穷无尽	wú qióng wú jìn
以心传心	yǐ xīn chuán xīn
安身之地	ān shēn zhī dì
天不作美	tiān bù zuò měi
大快人心	dà kuài rén xīn
人心大快	rén xīn dà kuài
自知之明	zì zhī zhī míng
和而不同	hé ér bù tóng
不近人情	bù jìn rén qíng
一日万里	yī rì wàn lǐ
有无相通	yǒu wú xiāng tōng
不赏之功	bù shǎng zhī gōng
引而不发	yǐn ér bù fā
贵不可言	guì bù kě yán
人人自危	rén rén zì wēi
水火无情	shuǐ huǒ wú qíng
如不胜衣	rú bù shèng yī
日月不居	rì yuè bù jū
一无所取	yī wú suǒ qǔ
一五一十	yī wú yī shí
一门同气	yī mén tóng qì
不知所可	bù zhī suǒ kě
不名一格	bù míng yī gé
大有人在	dà yǒu rén zài
大方之家	dà fāng zhī jiā
无动为大	wú dòng wéi dà
不同流俗	bù tóng liú sú
有年无月	yǒu nián wú yuè
一世龙门	yī shì lóng mén
水火之中	shuǐ huǒ zhī zhōng
风云不测	fēng yún bù cè
无人之境	wú rén zhī jìng
一体同心	yī tǐ tóng xīn
一心同体	yī xīn tóng tǐ
成事不说	chéng shì bù shuō
无形无影	wú xíng wú yǐng
无影无形	wú yǐng wú xíng
一口同声	yī kǒu tóng shēng
不及之法	bù jí zhī fǎ
大有可为	dà yǒu kě wéi
无为之治	wú wéi zhī zhì
一脚不移	yī jiǎo bù yí
言论风生	yán lùn fēng shēng
有我无人	yǒu wǒ wú rén
一草一木	yī cǎo yī mù
无名之师	wú míng zhī shī
行若无事	xíng ruò wú shì
入地无门	rù dì wú mén
事无大小	shì wú dà xiǎo
道不相谋	dào bù xiāng móu
不白之冤	bù bái zhī yuān
言而无信	yán ér wú xìn
无恶不造	wú è bù zào
人情之常	rén qíng zhī cháng
人之常情	rén zhī cháng qíng
无微不至	wú wēi bù zhì
一文如命	yī wén rú mìng
万人之敌	wàn rén zhī dí
目不知书	mù bù zhī shū
急人之难	jí rén zhī nán
言外之意	yán wài zhī yì
相生相成	xiāng shēng xiāng chéng
重见天日	chóng jiàn tiān rì
不学无识	bù xué wú shí
直口无言	zhí kǒu wú yán
一来一往	yī lái yī wǎng
天行时气	tiān xíng shí qì
不得其死	bù dé qí sǐ
天下为家	tiān xià wéi jiā
是非之心	shì fēi zhī xīn
事不有余	shì bù yǒu yú
心比天高	xīn bǐ tiān gāo
牛之一毛	niú zhī yī máo
一定不易	yī dìng bù yì
前无古人	qián wú gǔ rén
无声无息	wú shēng wú xī
贼心不死	zéi xīn bù sǐ
不存不济	bù cún bù jì
无往不胜	wú wǎng bù shèng
天年不齐	tiān nián bù qí
不丰不杀	bù fēng bù shā
不易一字	bù yì yī zì
一字不易	yī zì bù yì
一箭之地	yī jiàn zhī dì
名高天下	míng gāo tiān xià
一口三舌	yī kǒu sān shé
木人石心	mù rén shí xīn
以言举人	yǐ yán jǔ rén
无名火气	wú míng huǒ qì
食而不化	shí ér bù huà
一步一鬼	yī bù yī guǐ
马如流水	mǎ rú liú shuǐ
不知轻重	bù zhī qīng zhòng
一见如故	yī jiàn rú gù
风门水口	fēng mén shuǐ kǒu
不无小补	bù wú xiǎo bǔ
百世不易	bǎi shì bù yì
风虎云龙	fēng hǔ yún lóng
龙虎风云	lóng hǔ fēng yún
云龙风虎	yún lóng fēng hǔ
一目十行	yī mù shí háng
一败如水	yī bài rú shuǐ
大人先生	dà rén xiān sheng
尽如人意	jìn rú rén yì
无所用之	wú suǒ yòng zhī
暗无天日	àn wú tiān rì
见事风生	jiàn shì fēng shēng
见事生风	jiàn shì shēng fēng
不饥不寒	bù jī bù hán
缺一不可	quē yī bù kě
天理人情	tiān lǐ rén qíng
情同一家	qíng tóng yī jiā
天理不容	tiān lǐ bù róng
相安无事	xiāng ān wú shì
神色不惊	shén sè bù jīng
不可言传	bù kě yán chuán
意气自如	yì qì zì rú
风土人情	fēng tú rén qíng
不管不顾	bù guǎn bù gù
不愧不作	bù kuì bù zuò
一年一度	yī nián yī dù
三夫之言	sān fū zhī yán
无所容心	wú suǒ róng xīn
天人之际	tiān rén zhī jì
一言难尽	yī yán nán jìn
书不尽言	shū bù jìn yán
百无所成	bǎi wú suǒ chéng
不如归去	bù rú guī qù
一以当百	yī yǐ dāng bǎi
无乎不可	wú hū bù kě
万世不易	wàn shì bù yì
不同戴天	bù tóng dài tiān
日月如流	rì yuè rú liú
一定不移	yī dìng bù yí
时不可失	shí bù kě shī
不步人脚	bù bù rén jiǎo
风木之思	fēng mù zhī sī
闭口不言	bì kǒu bù yán
日月无光	rì yuè wú guāng
天生天化	tiān shēng tiān huà
不足轻重	bù zú qīng zhòng
人心所归	rén xīn suǒ guī
一望而知	yī wàng ér zhī
不远千里	bù yuǎn qiān lǐ
天知地知	tiān zhī dì zhī
知地知天	zhī dì zhī tiān
天下无敌	tiān xià wú dí
无敌天下	wú dí tiān xià
不足为法	bù zú wéi fǎ
大有作为	dà yǒu zuò wéi
流言风语	liú yán fēng yǔ
言之有礼	yán zhī yǒu lǐ
风雨不测	fēng yǔ bù cè
无家无室	wú jiā wú shì
天道无亲	tiān dào wú qīn
知情不举	zhī qíng bù jǔ
罗之一目	luó zhī yī mù
食生不化	shí shēng bù huà
无地自容	wú dì zì róng
水火不辞	shuǐ huǒ bù cí
上下同心	shàng xià tóng xīn
万世一时	wàn shì yī shí
一之为甚	yī zhī wéi shèn
战无不胜	zhàn wú bù shèng
手足之情	shǒu zú zhī qíng
死心落地	sǐ xīn luò dì
回天之力	huí tiān zhī lì
表里不一	biǎo lǐ bù yī
阙一不可	què yī bù kě
万里无云	wàn lǐ wú yún
言行抱一	yán xíng bào yī
若有若无	ruò yǒu ruò wú
如手如足	rú shǒu rú zú
行不胜衣	xíng bù shèng yī
不顾一切	bù gù yī qiè
以言取人	yǐ yán qǔ rén
三人为众	sān rén wèi zhòng
大风大浪	dà fēng dà làng
一日三秋	yī rì sān qiū
一世之雄	yī shì zhī xióng
生死之交	shēng sǐ zhī jiāo
不远万里	bù yuǎn wàn lǐ
不甘后人	bù gān hòu rén
大辩不言	dà biàn bù yán
世道人情	shì dào rén qíng
过门不入	guò mén bù rù
天高日远	tiān gāo rì yuǎn
不可终日	bù kě zhōng rì
一举一动	yī jǔ yī dòng
流年不利	liú nián bù lì
一见倾心	yī jiàn qīng xīn
未为不可	wèi wéi bù kě
风情月意	fēng qíng yuè yì
不食马肝	bù shí mǎ gān
方外之人	fāng wài zhī rén
妙不可言	miào bù kě yán
一时之权	yī shí zhī quán
意气风发	yì qì fēng fā
心神不宁	xīn shén bù níng
名重一时	míng zhòng yī shí
半文不白	bàn wén bù bái
天生天杀	tiān shēng tiān shā
青山不老	qīng shān bù lǎo
出以公心	chū yǐ gōng xīn
疾不可为	jí bù kě wéi
望云之情	wàng yún zhī qíng
无私之光	wú sī zhī guāng
金口玉言	jīn kǒu yù yán
一路风清	yī lù fēng qīng
不讳之门	bù huì zhī mén
书生之见	shū shēng zhī jiàn
画虎不成	huà hǔ bù chéng
不可多得	bù kě duō dé
不可胜道	bù kě shèng dào
生生不已	shēng shēng bù yǐ
无事生非	wú shì shēng fēi
同心断金	tóng xīn duàn jīn
言行一致	yán xíng yī zhì
立足之地	lì zú zhī dì
不时之须	bù shí zhī xū
不恤人言	bù xù rén yán
力不自胜	lì bù zì shèng
一言为定	yī yán wéi dìng
不绝如带	bù jué rú dài
言不及义	yán bù jí yì
不足为奇	bù zú wéi qí
两意三心	liǎng yì sān xīn
三心两意	sān xīn liǎng yì
无如之奈	wú rú zhī nài
穷日之力	qióng rì zhī lì
心腹之交	xīn fù zhī jiāo
三天两头	sān tiān liǎng tóu
不得其所	bù dé qí suǒ
以不济可	yǐ fǒu jì kě
无所用心	wú suǒ yòng xīn
相持不下	xiāng chí bù xià
天下大乱	tiān xià dà luàn
心事重重	xīn shì chóng chóng
不声不吭	bù shēng bù kēng
不知头脑	bù zhī tóu nǎo
一鸣惊人	yī míng jīng rén
好恶不同	hǎo è bù tóng
一分一毫	yī fēn yī háo
同日而道	tóng rì ér dào
分文不直	fēn wén bù zhí
百世之利	bǎi shì zhī lì
不成三瓦	bù chéng sān wǎ
不即不离	bù jí bù lí
半三不四	bàn sān bù sì
人生如梦	rén shēng rú mèng
变色之言	biàn sè zhī yán
天不假年	tiān bù jiǎ nián
齐心一力	qí xīn yī lì
得意之作	dé yì zhī zuò
回天无力	huí tiān wú lì
相门有相	xiàng mén yǒu xiàng
百不获一	bǎi bù huò yī
不断如带	bù duàn rú dài
一身两头	yī shēn liǎng tóu
一言两语	yī yán liǎng yǔ
无地自处	wú dì zì chǔ
百花生日	bǎi huā shēng rì
有口难言	yǒu kǒu nán yán
无形之罪	wú xíng zhī zuì
不可告人	bù kě gào rén
牛口之下	niú kǒu zhī xià
无所作为	wú suǒ zuò wéi
而立之年	ér lì zhī nián
日短心长	rì duǎn xīn cháng
一重一掩	yī chóng yī yǎn
一病不起	yī bìng bù qǐ
千里之足	qiān lǐ zhī zú
一见如旧	yī jiàn rú jiù
一时之秀	yī shí zhī xiù
置之不理	zhì zhī bù lǐ
人不聊生	rén bù liáo shēng
人中龙虎	rén zhōng lóng hǔ
大逆不道	dà nì bù dào
得意之色	dé yì zhī sè
一面之雅	yī miàn zhī yǎ
万死不辞	wàn sǐ bù cí
一枝一节	yī zhī yī jié
心知其意	xīn zhī qí yì
无时无刻	wú shí wú kè
从天而下	cóng tiān ér xià
东山之志	dōng shān zhī zhì
不好意思	bù hǎo yì sī
心如木石	xīn rú mù shí
白头不终	bái tóu bù zhōng
身无分文	shēn wú fēn wén
居之不疑	jū zhī bù yí
天长地老	tiān cháng dì lǎo
大人虎变	dà rén hǔ biàn
一往无前	yī wǎng wú qián
流水行云	liú shuǐ xíng yún
行云流水	xíng yún liú shuǐ
出敌不意	chū dí bù yì
独一无二	dú yī wú èr
一代风流	yī dài fēng liú
日复一日	rì fù yī rì
兵出无名	bīng chū wú míng
天公地道	tiān gōng dì dào
日不移影	rì bù yí yǐng
天夺之年	tiān duó zhī nián
分文不取	fēn wén bù qǔ
天下为公	tiān xià wéi gōng
不足为虑	bù zú wéi lǜ
上天入地	shàng tiān rù dì
居心不良	jū xīn bù liáng
百舌之声	bǎi shé zhī shēng
青山一发	qīng shān yī fà
通同一气	tōng tóng yī yì
天马行空	tiān mǎ xíng kōng
千金一笑	qiān jīn yī xiào
一笑千金	yī xiào qiān jīn
心如止水	xīn rú zhǐ shuǐ
计无复之	jì wú fù zhī
水清无鱼	shuǐ qīng wú yú
金石之功	jīn shí zhī gōng
一举成名	yī jǔ chéng míng
不名一钱	bù míng yī qián
一钱不名	yī qián bù míng
足不出户	zú bù chū hù
不阴不阳	bù yīn bù yáng
百计千心	bǎi jì qiān xīn
色胆如天	sè dǎn rú tiān
胆大心小	dǎn dà xīn xiǎo
一日三岁	yī rì sān suì
山高水长	shān gāo shuǐ cháng
孤行一意	gū xíng yī yì
一意孤行	yī yì gū xíng
一面如旧	yī miàn rú jiù
微不足道	wēi bù zú dào
不冷不热	bù lěng bù rè
高人一筹	gāo rén yī chóu
无孔不入	wú kǒng bù rù
不解之仇	bù jiě zhī chóu
不谋而合	bù móu ér hé
过目不忘	guò mù bù wàng
居大不易	jū dà bù yì
清天白日	qīng tiān bái rì
天清日白	tiān qīng rì bái
不露神色	bù lù shén sè
有头无脑	yǒu tóu wú nǎo
千古一时	qiān gǔ yī shí
无往不复	wú wǎng bù fù
十死一生	shí sǐ yī shēng
才大如海	cái dà rú hǎi
高山流水	gāo shān liú shuǐ
流水高山	liú shuǐ gāo shān
要而言之	yào ér yán zhī
兼而有之	jiān ér yǒu zhī
无情无彩	wú qíng wú cǎi
无所不备	wú suǒ bù bèi
置之不顾	zhì zhī bù gù
文人相轻	wén rén xiāng qīng
食不重肉	shí bù zhóng ròu
动之以情	dòng zhī yǐ qíng
横行天下	héng xíng tiān xià
心中无数	xīn zhōng wú shù
言人人殊	yán rén rén shū
不知自量	bù zhī zì liàng
金石之计	jīn shí zhī jì
言笑自如	yán xiào zì rú
有头无尾	yǒu tóu wú wěi
九死一生	jiǔ sǐ yī shēng
一生九死	yī shēng jiǔ sǐ
无风作浪	wú fēng zuò làng
不分青白	bù fēn qīng béi
用之不竭	yòng zhī bù jié
画一之法	huà yī zhī fǎ
世俗之见	shì sú zhī jiàn
死而不朽	sǐ ér bù xiǔ
计上心头	jì shàng xīn tóu
不知自爱	bù zhī zì ài
一言半语	yī yán bàn yǔ
四时之气	sì shí zhī qì
神色不动	shén sè bù dòng
无旧无新	wú jiù wú xīn
无为自化	wú wéi zì huà
不羁之才	bù jī zhī cái
视人如子	shì rén rú zǐ
一顾千金	yī gù qiān jīn
三十三天	sān shí sān tiān
自言自语	zì yán zì yǔ
水火无交	shuǐ huǒ wú jiāo
高下在心	gāo xià zài xīn
面目一新	miàn mù yī xīn
一方之任	yī fāng zhī rèn
两世为人	liǎng shì wéi rén
不牧之地	bù mù zhī dì
一饭之德	yī fàn zhī dé
头面人物	tóu miàn rén wù
无虑无思	wú lǜ wú sī
无思无虑	wú sī wú lǜ
生花之笔	shēng huā zhī bǐ
一卧不起	yī wò bù qǐ
天下无双	tiān xià wú shuāng
无地可容	wú dì kě róng
二心三意	èr xīn sān yì
三心二意	sān xīn èr yì
相与为一	xiāng yǔ wéi yī
一日三复	yī rì sān fù
之死不渝	zhī sǐ bù yú
千山万水	qiān shān wàn shuǐ
千水万山	qiān shuǐ wàn shān
万水千山	wàn shuǐ qiān shān
言者不知	yán zhě bù zhī
心急如火	xīn jí rú huǒ
名不虚得	míng bù xū dé
天年不测	tiān nián bù cè
相对无言	xiāng duì wú yán
不知不觉	bù zhī bù jué
日月经天	rì yuè jīng tiān
如风过耳	rú fēng guò ěr
别有天地	bié yǒu tiān dì
一无是处	yī wú shì chù
风车云马	fēng chē yún mǎ
风马云车	fēng mǎ yún chē
一天星斗	yī tiān xīng dǒu
不因不由	bù yīn bù yóu
语长心重	yǔ cháng xīn zhòng
语重心长	yǔ zhòng xīn cháng
月下老人	yuè xià lǎo rén
生生世世	shēng shēng shì shì
目空一世	mù kōng yī shì
安然无事	ān rán wú shì
自相水火	zì xiāng shuǐ huǒ
金石之交	jīn shí zhī jiāo
横行不法	héng xíng bù fǎ
百世不磨	bǎi shì bù mó
人己一视	rén jǐ yī shì
一己之私	yī jǐ zhī sī
有事之秋	yǒu shì zhī qiū
人百其身	rén bǎi qí shēn
有死无二	yǒu sǐ wú èr
一日万机	yī rì wàn jī
有生以来	yǒu shēng yǐ lái
不管一二	bù guǎn yī èr
有志无时	yǒu zhì wú shí
道不举遗	dào bù jǔ yí
养生之道	yǎng shēng zhī dào
不测之祸	bù cè zhī huò
心如铁石	xīn rú tiě shí
归之若水	guī zhī ruò shuǐ
藏之名山	cáng zhī míng shān
不惑之年	bù huò zhī nián
三思而行	sān sī ér xíng
以日为年	yǐ rì wéi nián
百里之才	bǎi lǐ zhī cái
道在人为	dào zài rén wéi
有名无实	yǒu míng wú shí
言不由中	yán bù yóu zhōng
一隅之地	yī yú zhī dì
一国三公	yī guó sān gōng
一日三覆	yī rì sān fù
一坐一起	yī zuò yī qǐ
功成不居	gōng chéng bù jū
不情之请	bù qíng zhī qǐng
风流千古	fēng liú qiān gǔ
不避水火	bù bì shuǐ huǒ
水火不避	shuǐ huǒ bù bì
好生之德	hào shēng zhī dé
身无长物	shēn wú cháng wù
人来人往	rén lái rén wǎng
不翼而飞	bù yì ér fēi
一飞冲天	yī fēi chōng tiān
义不生财	yì bù shēng cái
听而不闻	tīng ér bú wén
百思不解	bǎi sī bù jiě
同心合意	tóng xīn hé yì
一孔之见	yī kǒng zhī jiàn
目无三尺	mù wú sān chǐ
寸草不生	cùn cǎo bù shēng
生财之道	shēng cái zhī dào
一分为二	yī fēn wéi èr
地平天成	dì píng tiān chéng
天成地平	tiān chéng dì píng
天平地成	tiān píng dì chéng
无私有意	wú sī yǒu yì
无所事事	wú suǒ shì shì
一臂之力	yī bì zhī lì
迷而不反	mí ér bù fǎn
千里同风	qiān lǐ tóng fēng
不露声色	bù lù shēng sè
移有足无	yí yǒu zú wú
书不尽意	shū bù jìn yì
有风有化	yǒu fēng yǒu huà
积不相能	jī bù xiāng néng
百年之好	bǎi nián zhī hǎo
若无其事	ruò wú qí shì
一字一珠	yī zì yī zhū
人间天上	rén jiān tiān shàng
天上人间	tiān shàng rén jiān
不相闻问	bù xiāng wén wèn
不相问闻	bù xiāng wèn wén
心口相应	xīn kǒu xiāng yīng
大失人望	dà shī rén wàng
百年之后	bǎi nián zhī hòu
安心落意	ān xīn luò yì
不约而同	bù yuē ér tóng
无亲无故	wú qīn wú gù
江天一色	jiāng tiān yī sè
击其不意	jī qí bù yì
东风马耳	dōng fēng mǎ ěr
马耳东风	mǎ ěr dōng fēng
无所不包	wú suǒ bù bāo
浮一大白	fú yī dà bái
高不可登	gāo bù kě dēng
一技之长	yī jì zhī cháng
大大落落	dà dà luò luò
心小志大	xīn xiǎo zhì dà
似有如无	sì yǒu rú wú
万口一谈	wàn kǒu yī tán
不动声色	bù dòng shēng sè
生不逢时	shēng bù féng shí
不自量力	bù zì liàng lì
自不量力	zì bù liàng lì
不可开交	bù kě kāi jiāo
惨无天日	cǎn wú tiān rì
偶一为之	ǒu yī wéi zhī
有声无实	yǒu shēng wú shí
心无二用	xīn wú èr yòng
开口见心	kāi kǒu jiàn xīn
六神不安	liù shén bǔ ān
万口一辞	wàn kǒu yī cí
首善之地	shǒu shàn zhī dì
大节不夺	dà jié bù duó
大谋不谋	dà móu bù móu
事无二成	shì wú èr chéng
不羁之民	bù jī zhī mín
无怨无德	wú yuàn wú dé
花天酒地	huā tiān jiǔ dì
酒地花天	jiǔ dì huā tiān
长春不老	cháng chún bù lǎo
自食其言	zì shí qí yán
有天没日	yǒu tiān méi rì
成千成万	chéng qiān chéng wàn
一往而深	yī wǎng ér shēn
口不择言	kǒu bù zé yán
当断不断	dāng duàn bù duàn
以口问心	yǐ kǒu wèn xīn
不以为耻	bù yǐ wéi chǐ
不伦不类	bù lún bù lèi
食为民天	shí wéi mín tiān
面不改色	miàn bù gǎi sè
一夫之用	yī fū zhī yòng
言文行远	yán wén xíng yuǎn
不省人事	bù xǐng rén shì
人事不省	rén shì bù xǐng
心手相忘	xīn shǒu xiāng wàng
同德同心	tóng dé tóng xīn
同心同德	tóng xīn tóng dé
情不自已	qíng bù zì yǐ
无稽之言	wú jī zhī yán
日行千里	rì xíng qiān lǐ
无能为力	wú néng wéi lì
一画开天	yī huà kāi tiān
来日大难	lái rì dà nàn
风靡一时	fēng mǐ yī shí
不识东家	bù shí dōng jiā
死亡无日	sǐ wáng wú rì
满不在意	mǎn bù zài yì
四海一家	sì hǎi yī jiā
自愧不如	zì kuì bù rú
一朝一夕	yī zhāo yī xī
一夕一朝	yī xī yī zhāo
反面无情	fǎn miàn wú qíng
一面之缘	yī miàn zhī yuán
众虎同心	zhòng hǔ tóng xīn
将无作有	jiāng wú zuò yǒu
漫不经心	màn bù jīng xīn
一反其道	yī fǎn qí dào
斗南一人	dǒu nán yī rén
风车雨马	fēng chē yǔ mǎ
不辞而别	bù cí ér bié
目不忍见	mù bù rěn jiàn
急如风火	jí rú fēng huǒ
千载一日	qiān zǎi yī rì
文理不通	wén lǐ bù tōng
自然而然	zì rán ér rán
事在人为	shì zài rén wéi
赤子之心	chì zǐ zhī xīn
心如古井	xīn rú gǔ jǐng
生生死死	shēng shēng sǐ sǐ
度外之人	dù wài zhī rén
有眼无珠	yǒu yǎn wú zhū
天兵天将	tiān bīng tiān jiàng
一目数行	yī mù shù háng
合两为一	hé liǎng wéi yī
如狼如虎	rú láng sì hǔ
名下无虚	míng xià wú xū
有才无命	yǒu cái wú mìng
心开目明	xīn kāi mù míng
口角生风	kǒu jiǎo shēng fēng
一射之地	yī shè zhī dì
闭口无言	bì kǒu wú yán
人众胜天	rén zhòng shèng tiān
无足轻重	wú zú qīng zhòng
无足重轻	wú zú zhòng qīng
一文不值	yī wén bù zhí
风言影语	fēng yán yǐng yǔ
有气无烟	yǒu qì wú yān
人自为战	rén zì wéi zhàn
河山之德	hé shān zhī dé
三头两日	sān tóu liǎng rì
同日而语	tóng rì ér yǔ
疑行无成	yí xíng wú chéng
言之不预	yán zhī bù yù
不绝于耳	bù jué yú ěr
一朝之患	yī zhāo zhī huàn
一知半见	yī zhī bàn jiàn
穷不失义	qióng bù shī yì
山水相连	shān shuǐ xiāng lián
难言之隐	nán yán zhī yǐn
言行相顾	yán xíng xiāng gù
不可言状	bù kě yán zhuàng
一偏之见	yī piān zhī jiàn
风清月白	fēng qīng yuè bái
月白风清	yuè bái fēng qīng
一谷不登	yī gǔ bù dēng
天假之年	tiān jiǎ zhī nián
不解之缘	bù jiě zhī yuán
乘其不意	chéng qí bù yì
风雨时若	fēng yǔ shí ruò
不讳之朝	bù huì zhī cháo
不痛不痒	bù tòng bù yǎng
不经世故	bù jīng shì gù
不知就里	bù zhī jiù lǐ
风尘之变	fēng chén zhī biàn
将心比心	jiāng xīn bǐ xīn
难以为情	nán yǐ wéi qíng
道义之交	dào yì zhī jiāo
不可胜计	bù kě shèng jì
无名之朴	wú míng zhī pǔ
称心如意	chèn xīn rú yì
目无下尘	mù wú xià chén
风前月下	fēng qián yuè xià
闭门不出	bì mén bù chū
文武之道	wén wǔ zhī dào
无可如何	wú kě rú hé
势不可当	shì bù kě dāng
计无所出	jì wú suǒ chū
箕山之风	jī shān zhī fēng
腹心之疾	fù xīn zhī jí
心腹之疾	xīn fù zhī jí
耳目一新	ěr mù yī xīn
不知高低	bù zhī gāo dī
风情月思	fēng qíng yuè sī
出奇不穷	chū qí bù qióng
目不别视	mù bù bié shì
臣心如水	chén xīn rú shuǐ
白日青天	bái rì qīng tiān
青天白日	qīng tiān bái rì
不怀好意	bù huái hào yì
其乐不穷	qí lè bù qióng
存心不良	cún xīn bù liáng
何所不有	hé suǒ bù yǒu
一笑了之	yī xiào liǎo zhī
不蔓不枝	bù màn bù zhī
开云见天	kāi yún jiàn tiān
云开见天	yún kāi jiàn tiān
不能自拔	bù néng zì bá
言而有信	yán ér yǒu xìn
法出一门	fǎ chū yī mén
金风玉露	jīn fēng yù lù
如鱼得水	rú yú dé shuǐ
贪天之功	tān tiān zhī gōng
马马虎虎	mǎ mǎ hǔ hǔ
如出一辙	rú chū yī zhé
无颠无倒	wú diān wú dǎo
无为而治	wú wéi ér zhì
发短心长	fà duǎn xīn cháng
心长发短	xīn cháng fà duǎn
不食烟火	bù shí yān huǒ
不测之罪	bù cè zhī zuì
不遗寸长	bù yí cùn cháng
为德不终	wéi dé bù zhōng
流言飞文	liú yán fēi wén
以小见大	yǐ xiǎo jiàn dà
出人意外	chū rén yì wài
一字千金	yī zì qiān jīn
不干不净	bù gān bù jìng
不敢后人	bù gǎn hòu rén
牛高马大	niú gāo mǎ dà
泣不成声	qǐ bù chéng shēng
无家可归	wú jiā kě guī
鼓舞人心	gǔ wǔ rén xīn
不挠不折	bù náo bù zhé
不折不扣	bù zhé bù kòu
高人一等	gāo rén yī děng
高山仰之	gāo shān yǎng zhī
立人达人	lì rén dá rén
千古不磨	qiān gǔ bù mó
若不胜衣	ruò bù shèng yī
不期而同	bù qī ér tóng
香火不绝	xiāng huǒ bù jué
名不虚立	míng bù xū lì
心满意足	xīn mǎn yì zú
脚心朝天	jiǎo xīn cháo tiān
以人废言	yǐ rén fèi yán
无言可对	wú yán kě duì
心手相应	xīn shǒu xiāng yìng
风行雨散	fēng xíng yǔ sàn
不得开交	bù dé kāi jiāo
以耳为目	yǐ ěr wéi mù
无千待万	wú qiān dài wàn
千生万死	qiān shēng wàn sǐ
风清月明	fēng qīng yuè míng
明月清风	míng yuè qīng fēng
清风明月	qīng fēng míng yuè
不做不休	bù zuò bù xiū
积重不反	jī zhòng bù fǎn
耳后生风	ěr hòu shēng fēng
有声有色	yǒu shēng yǒu sè
一朝千里	yī zhāo qiān lǐ
千里之志	qiān lǐ zhī zhì
见死不救	jiàn sǐ bù jiù
如日方中	rú rì fāng zhōng
存而不论	cún ér bù lùn
有来无回	yǒu lái wú huí
寡人之疾	guǎ rén zhī jí
美中不足	měi zhōng bù zú
何所不为	hé suǒ bù wéi
万口一词	wàn kǒu yī cí
不言而喻	bù yán ér yù
心如死灰	xīn rú sǐ huī
名满天下	míng mǎn tiān xià
一得之愚	yī dé zhī yú
旁若无人	páng ruò wú rén
言行不符	yán xíng bù fú
食古不化	shí gǔ bù huà
脸无人色	liǎn wú rén sè
闻所不闻	wén suǒ bù wén
风云月露	fēng yún yuè lù
月露风云	yuè lù fēng yún
密不通风	mì bù tōng fēng
一命之荣	yī mìng zhī róng
不识大体	bù shí dà tǐ
心如火焚	xīn rú huǒ fén
惨无人道	cǎn wú rén dào
不易之典	bù yì zhī diǎn
一语道破	yī yǔ dào pò
目不识书	mù bù shí shū
举一反三	jǔ yī fǎn sān
一举三反	yī jǔ sān fǎn
经世之才	jīng shì zhī cái
一举千里	yī jǔ qiān lǐ
自作解人	zì zuò jiě rén
一晦一明	yī huì yī míng
风雨如盘	fēng yǔ rú pán
人心丧尽	rén xīn sàng jìn
风中之烛	fēng zhōng zhī zhú
一言半辞	yī yán bàn cí
同声一辞	tóng shēng yī cí
得人死力	dé rén sǐ lì
了不可见	liǎo bù kě jiàn
人心难测	rén xīn nán cè
大公无私	dà gōng wú sī
皮相之见	pí xiàng zhī jiàn
一以当十	yī yǐ dāng shí
以一当十	yǐ yī dāng shí
一饭千金	yī fàn qiān jīn
一笑置之	yī xiào zhì zhī
死而无怨	sǐ ér wú yuàn
门户之见	mén hù zhī jiàn
至高无上	zhì gāo wú shàng
机不可失	jī bù kě shī
动不失时	dòng bù shī shí
人事不醒	rén shì bù xǐng
不了了之	bù liǎo liǎo zhī
百无一堪	bǎi wú yī kān
吉人天相	jí rén tiān xiàng
成名成家	chéng míng chéng jiā
一相情原	yī xiāng qíng yuán
重足一迹	chóng zú yī jì
一鼓作气	yī gǔ zuò qì
极重不反	jí zhòng bù fǎn
风举云飞	fēng jǔ yún fēi
风不鸣条	fēng bù míng tiáo
生不遇时	shēng bù yù shí
心满意得	xīn mǎn yì dé
悔之不及	huǐ zhī bù jí
同日而论	tóng rì ér lùn
言是人非	yán shì rén fēi
应天从人	yìng tiān cóng rén
同然一辞	tóng rán yī cí
方寸之地	fāng cùn zhī dì
春风一度	chūn fēng yī dù
一廉如水	yī lián rú shuǐ
一走了之	yī zǒu liǎo zhī
草头天子	cǎo tóu tiān zǐ
直道而行	zhí dào ér xíng
千言万语	qiān yán wàn yǔ
千语万言	qiān yǔ wàn yán
万语千言	wàn yǔ qiān yán
云情雨意	yún qíng yǔ yì
一人有庆	yī rén yǒu qìng
先见之明	xiān jiàn zhī míng
同心合力	tóng xīn hé lì
惟日不足	wéi rì bù zú
华而不实	huá ér bù shí
不可移易	bù kě yí yì
比众不同	bǐ zhòng bù tóng
才气过人	cái qì guò rén
天经地义	tiān jīng dì yì
无所重轻	wú suǒ zhòng qīng
风流才子	fēng liú cái zǐ
劳而无功	láo ér wú gōng
谈不容口	tán bù róng kǒu
论世知人	lùn shì zhī rén
知人论世	zhī rén lùn shì
立马万言	lì mǎ wàn yán
不可胜举	bù kě shèng jù
一举万里	yī jǔ wàn lǐ
目无余子	mù wú yú zǐ
合二为一	hé èr wéi yī
不知进退	bù zhī jìn tuì
视死如生	shì sǐ rú shēng
听之任之	tīng zhī rèn zhī
马牛其风	mǎ niú qí fēng
云心水性	yún xīn shuǐ xìng
万夫不当	wàn fū bù dāng
以一持万	yǐ yī chí wàn
大逆无道	dà nì wú dào
百折不移	bǎi zhé bù yí
狗心狗行	gǒu xīn gǒu xíng
安心乐意	ān xīn lè yì
相反相成	xiāng fǎn xiāng chéng
不间不界	bù gān bù gà
千金一刻	qiān jīn yī kè
一刻千金	yī kè qiān jīn
一路风尘	yī lù fēng chén
一路顺风	yī lù shùn fēng
日下无双	rì xià wú shuāng
无征不信	wú zhēng bù xìn
不讳之路	bù huì zhī lù
傲不可长	ào bù kě zhǎng
一挥而成	yī huī ér chéng
无声无臭	wú shēng wú xiù
无情无绪	wú qíng wú xù
耳食之论	ěr shí zhī lùn
冰心一片	bīng xīn yī piàn
一片冰心	yī piàn bīng xīn
行步如飞	xíng bù rú fēi
不期而然	bù qī ér rán
好梦不长	hǎo mèng bù cháng
意气相得	yì qì xiāng dé
白头如新	bái tóu rú xīn
美言不信	měi yán bù xìn
信言不美	xìn yán bù měi
半面不忘	bàn miàn bù wàng
三寸之舌	sān cùn zhī shé
一步一趋	yī bù yī qū
人强胜天	rén qiáng shèng tiān
正身清心	zhèng shēn qīng xīn
心细如发	xīn xì rú fā
一隅之见	yī yú zhī jiàn
命世之才	mìng shì zhī cái
千千万万	qiān qiān wàn wàn
万万千千	wàn wàn qiān qiān
人情世故	rén qíng shì gù
心腹之忧	xīn fù zhī yōu
一通百通	yī tōng bǎi tōng
坐树不言	zuò shù bù yán
知命之年	zhī mìng zhī nián
好心好意	hǎo xīn hǎo yì
目交心通	mù jiāo xīn tōng
大行大市	dà háng dà shì
不测之忧	bù cè zhī yōu
风花雪月	fēng huā xuě yuè
雪月风花	xuě yuè fēng huā
不知起倒	bù zhī qǐ dǎo
先入之见	xiān rù zhī jiàn
日甚一日	rì shèn yī rì
不忙不暴	bù máng bù bào
口耳之学	kǒu ěr zhī xué
一表人才	yī biǎo rén cái
不知死活	bù zhī sǐ huó
意气自若	yì qì zì ruò
如有所失	rú yǒu suǒ shī
心术不正	xīn shù bù zhèng
花天锦地	huā tiān jǐn dì
行不履危	xíng bù lǚ wēi
自强不息	zì qiáng bù xī
一家老小	yī jiā lǎo xiǎo
无往不克	wú wǎng bù kè
天年不遂	tiān nián bù suì
一尘不到	yī chén bù dào
一马当先	yī mǎ dāng xiān
一笔不苟	yī bǐ bù gǒu
大言不惭	dà yán bù cán
山长水远	shān cháng shuǐ yuǎn
水远山长	shuǐ yuǎn shān cháng
心腹之病	xīn fù zhī bìng
至人无梦	zhì rén wú mèng
浮而不实	fú ér bù shí
乐不可极	lè bù kě jí
不知所终	bù zhī suǒ zhōng
心长力短	xīn cháng lì duǎn
无风扬波	wú fēng yáng bō
自新之路	zì xīn zhī lù
避而不谈	bì ér bù tán
密云不雨	mì yún bù yǔ
人才难得	rén cái cái dé
云心鹤眼	yún xīn hè yǎn
独得之见	dú dé zhī jiàn
不露形色	bù lù xíng sè
云天雾地	yún tiān wù dì
杜口无言	dù kǒu wú yán
顿口无言	dùn kǒu wú yán
水满金山	shuǐ mǎn jīn shān
不足为据	bù zú wéi jù
旷古一人	kuàng gǔ yī rén
乘人之危	chéng rén zhī wēi
违心之论	wéi xīn zhī lùn
出师不利	chū shī bù lì
一丝不挂	yī sī bù guà
百折不回	bǎi zhé bù huí
不染一尘	bù rǎn yī chén
一尘不染	yī chén bù rǎn
国将不国	guó jiāng bù guó
天之骄子	tiān zhī jiāo zǐ
一成一旅	yī chéng yī lǚ
曲不离口	qǔ bù lí kǒu
神意自若	shén yì zì ruò
全无心肝	quán wú xīn gān
通家之好	tōng jiā zhī hǎo
大马金刀	dà mǎ jīn dāo
一表人物	yī biǎo rén wù
胆大如斗	dǎn dà rú dǒu
不丰不俭	bù fēng bù jiǎn
百不一贷	bǎi bù yī dài
不直一钱	bù zhí yī qián
一马一鞍	yī mǎ yī ān
功高不赏	gōng gāo bù shǎng
风流云散	fēng liú yún sàn
云散风流	yún sàn fēng liú
一民同俗	yī mín tóng sú
发人深思	fā rén shēn sī
人微言轻	rén wēi yán qīng
风烛之年	fēng zhú zhī nián
头上安头	tóu shàng ān tóu
人才出众	rén cái chū zhòng
博而不精	bó ér bù jīng
心贯白日	xīn guàn bái rì
不差上下	bù chā shàng xià
轻薄无行	qīng báo wú xíng
不容分说	bù róng fēn shuō
不教之教	bù jiào zhī jiào
一字之师	yī zì zhī shī
一板一眼	yī bǎn yīn yǎn
后继无人	hòu jì wú rén
平心而论	píng xīn ér lùn
一孔不达	yī kǒng bù dá
人以群分	rén yǐ qún fēn
未知万一	wèi zhī wàn yī
有口难分	yǒu kǒu nán fēn
心同止水	xīn rú zhǐ shuǐ
成千上万	chéng qiān shàng wàn
飞龙在天	fēi lóng zài tiān
不失时机	bù shī shí jī
恶不去善	wù bù qù shàn
千古不朽	qiān gǔ bù xiǔ
情不自禁	qíng bù zì jìn
四战之地	sì zhàn zhī dì
一言九鼎	yī yán jiǔ dǐng
鱼大水小	yú dà shuǐ xiǎo
虎不食儿	hǔ bù shí ér
杜门不出	dù mén bù chū
眼花心乱	yǎn huā xīn luàn
以毛相马	yǐ máo xiàng mǎ
力所不及	lì suǒ bù jí
百世之师	bǎi shì zhī shī
顺天从人	shùn tiān cóng rén
高下任心	gāo xià rèn xīn
一牛鸣地	yī niú míng dì
口角风情	kǒu jiǎo fēng qíng
有进无退	yǒu jìn wú tuì
安之若命	ān zhī ruò mìng
一步登天	yī bù dēng tiān
不安其室	bù ān qí shì
花甲之年	huā jiǎ zhī nián
神情自若	shén qíng zì ruò
马如游龙	mǎ rú yóu lóng
不急之务	bù jí zhī wù
顺水人情	shùn shuǐ rén qíng
无尽无休	wú jìn wú xiū
狗行狼心	gǒu xíng láng xīn
狼心狗行	láng xīn gǒu xíng
高不可攀	gāo bù kě pān
疾恶如风	jí è rú fēng
出言有章	chū yán yǒu zhāng
不恶而严	bù è ér yán
无风起浪	wú fēng qǐ làng
与众不同	yǔ zhòng bù tóng
得意门生	dé yì mén shēng
犬马之力	quǎn mǎ zhī lì
合胆同心	hé dǎn tóng xīn
同心合胆	tóng xīn hé dǎn
见风是雨	jiàn fēng shì yǔ
大手大脚	dà shǒu dà jiǎo
动人心魄	dòng rén xīn pò
计上心来	jì shàng xīn lái
人人皆知	rén rén jiē zhī
不二法门	bù èr fǎ mén
至死不变	zhì sǐ bù biàn
身无长处	shēn wú cháng chù
自以为是	zì yǐ wéi shì
不识马肝	bù shí mǎ gān
白黑不分	bái hēi bù fēn
一长两短	yī cháng liǎng duǎn
天理良心	tiān lǐ liáng xīn
一丝不苟	yī sī bù gǒu
路见不平	lù jiàn bù píng
风月无边	fēng yuè wú biān
无边风月	wú biān fēng yuè
事不师古	shì bù shī gǔ
一谷不升	yī gǔ bù shēng
毛发之功	máo fà zhī gōng
不郎不秀	bù láng bù xiù
视日如年	shì rì rú nián
不遗余力	bù yí yú lì
人心所向	rén xīn suǒ xiàng
天高听下	tiān gāo tīng xià
眼高手生	yǎn gāo shǒu shēng
格不相入	gé bù xiāng rù
风雷之变	fēng léi zhī biàn
无衣之赋	wú yī zhī fù
不禁不由	bù jīn bù yóu
一手托天	yī shǒu tuō tiān
好景不长	hǎo jǐng bù cháng
百口同声	bǎi kǒu tóng shēng
出入生死	chū rù shēng sǐ
出生入死	chū shēng rù sǐ
出死入生	chū sǐ rù shēng
入死出生	rù sǐ chū shēng
情深一往	qíng shēn yī wǎng
一往情深	yī wǎng qíng shēn
战无不克	zhàn wú bù kè
一匡天下	yī kuāng tiān xià
一口同音	yī kǒu tóng yīn
不绝如线	bù jué rú xiàn
形影不离	xíng yǐng bù lí
影形不离	yǐng xíng bù lí
遗风古道	yí fēng gǔ dào
犬马之年	quǎn mǎ zhī nián
风雨不透	fēng yǔ bù tòu
成日成夜	chéng rì chéng yè
出口伤人	chū kǒu shāng rén
心如坚石	xīn rú jiān shí
有所作为	yǒu suǒ zuò wéi
不吐不茹	bù tǔ bù rú
在人耳目	zài rén ěr mù
瓮天之见	wèng tiān zhī jiàn
天与人归	tiān yǔ rén guī
一本万利	yī běn wàn lì
置之死地	zhì zhī sǐ dì
一毫不差	yī háo bù chā
武不善作	wǔ bù shàn zuò
高天厚地	gāo tiān hòu dì
天高地厚	tiān gāo dì hòu
龙言凤语	lóng yán fèng yǔ
大开大合	dà kāi dà hé
大有文章	dà yǒu wén zhāng
何乐不为	hé lè bù wéi
不虚此行	bù xū cǐ xíng
秘而不言	mì ér bù yán
无所不晓	wú suǒ bù xiǎo
心不由主	xīn bù yóu zhǔ
分而治之	fēn ér zhì zhī
白头而新	bái tóu ér xīn
反水不收	fǎn shuǐ bù shōu
风木之悲	fēng mù zhī bēi
神来之笔	shén lái zhī bǐ
白天见鬼	bái tiān jiàn guǐ
阒无一人	qù wú yī rén
辞不达意	cí bù dá yì
日落西山	rì luò xī shān
难如登天	nán rú dēng tiān
置水之情	zhì shuǐ zhī qíng
大起大落	dà qǐ dà luò
以水投水	yǐ shuǐ tóu shuǐ
风行草从	fēng xíng cǎo cóng
龙心凤肝	lóng xīn fèng gān
目下十行	mù xià shí háng
一字不苟	yī zì bù gǒu
无翼而飞	wú yì ér fēi
一时三刻	yī shí sān kè
千言万说	qiān yán wàn shuō
大有可观	dà yǒu kě guān
不改其乐	bù gǎi qí lè
十日之饮	shí rì zhī yǐn
不随以止	bu shui yi zi
人面兽心	rén miàn shòu xīn
兽心人面	shòu xīn rén miàn
不谋同辞	bù móu tóng cí
林下高风	lín xià gāo fēng
食不重味	shí bù chóng wèi
一清二白	yī qīng èr bái
众心如城	zhòng xīn rú chéng
人命关天	rén mìng guān tiān
称家有无	chèn jiā yǒu wú
一剑之任	yī jiàn zhī rèn
口口声声	kǒu kǒu shēng shēng
不矜不伐	bù jīn bù fá
出师无名	chū shī wú míng
师出无名	shī chū wú míng
无端生事	wú duān shēng shì
万不得已	wàn bù dé yǐ
自成一格	zì chéng yī gé
耳食之谈	ěr shí zhī tán
身外之物	shēn wài zhī wù
行之有效	xíng zhī yǒu xiào
道而不径	dào ér bù jìng
面不改容	miàn bù gǎi róng
同声同气	tóng shēng tóng qì
不挠不屈	bù náo bù qū
不屈不挠	bù qū bù náo
不立文字	bù lì wén zì
流言飞语	liú yán fēi yǔ
不自满假	bù zì mǎn jiǎ
千人所指	qiān rén suǒ zhǐ
天夺之魄	tiān duó zhī pò
半面之交	bàn miàn zhī jiāo
为小失大	wèi xiǎo shī dà
后手不接	hòu shǒu bù jiē
粗心大意	cū xīn dà yì
开心见胆	kāi xīn jiàn dǎn
一丝一毫	yī sī yī háo
众口一辞	zhòng kǒu yī cí
千岁一时	qiān suì yī shí
义不反顾	yì bù fǎn gù
不因人热	bù yīn rén rè
闻风而动	wén fēng ér dòng
十死不问	shí sǐ bù wèn
腹心之患	fù xīn zhī huàn
心腹之患	xīn fù zhī huàn
日慎一日	rì shèn yī rì
深文大义	shēn wén dà yì
不胜其苦	bù shèng qí kǔ
无虑无忧	wú lǜ wú yōu
无忧无虑	wú yōu wú lǜ
不见经传	bù jiàn jīng zhuàn
未定之天	wèi dìng zhī tiān
大是大非	dà shì dà fēi
同心合德	tóng xīn hé dé
卑不足道	bēi bù zú dào
楚天云雨	chǔ tiān yún yǔ
出言无状	chū yán wú zhuàng
足不履影	zú bù lǚ yǐng
一手遮天	yī shǒu zhē tiān
无影无踪	wú yǐng wú zōng
无踪无影	wú zōng wú yǐng
心焦如火	xīn jiāo rú huǒ
人极计生	rén jí jì shēng
千虑一得	qiān lǜ yī dé
有头有脑	yǒu tóu yǒu nǎo
天各一方	tiān gè yī fāng
食不知味	shí bù zhī wèi
从一而终	cóng yī ér zhōng
少不经事	shào bù jīng shì
口是心非	kǒu shì xīn fēi
一衣带水	yī yī dài shuǐ
玉成其事	yù chéng qí shì
林下风气	lín xià fēng qì
知人下士	zhī rén xià shì
动地惊天	dòng dì jīng tiān
惊天动地	jīng tiān dòng dì
痛不欲生	tòng bù yù shēng
平安无事	píng ān wú shì
马尘不及	mǎ chén bù jí
寸心千古	cùn xīn qiān gǔ
闻风而起	wén fēng ér qǐ
闻风而至	wén fēng ér zhì
言三语四	yán sān yǔ sì
语四言三	yǔ sì yán sān
理之当然	lǐ zhī dāng rán
有志之士	yǒu zhì zhī shì
不知所错	bù zhī suǒ cuò
出入无间	chū rù wú jiān
地利人和	dì lì rén hé
两头三面	liǎng tóu sān miàn
三头两面	sān tóu liǎng miàn
人地生疏	rén dì shēng shū
无妄之祸	wú wàng zhī huò
一不扭众	yī bù niǔ zhòng
举步生风	jǔ bù shēng fēng
无情少面	wú qíng shǎo miàn
安身之处	ān shēn zhī chù
地上天官	dì shàng tiān guān
出言成章	chū yán chéng zhāng
雨散风流	yǔ sàn fēng liú
闻风而兴	wén fēng ér xīng
高下其手	gāo xià qí shǒu
誉不绝口	yù bù jué kǒu
荆山之玉	jīng shān zhī yù
毁誉不一	huǐ yù bù yī
心乡往之	xīn xiāng wǎng zhī
心中有数	xīn zhōng yǒu shù
一长半短	yī cháng bàn duǎn
一时之选	yī shí zhī xuǎn
重气轻生	zhòng qì qīng shēng
经国之才	jīng guó zhī cái
坐立不安	zuò lì bù ān
势如水火	shì rú shuǐ huǒ
无始无终	wú shǐ wú zhōng
恩重如山	ēn zhòng rú shān
一还一报	yī huán yī bào
不茶不饭	bù chá bù fàn
车水马龙	chē shuǐ mǎ lóng
马龙车水	mǎ lóng chē shuǐ
马水车龙	mǎ shuǐ chē lóng
难于上天	nán yú shàng tiān
千兵万马	qiān bīng wàn mǎ
尽力而为	jìn lì ér wéi
天从人原	tiān cóng rén yuán
流水落花	liú shuǐ luò huā
落花流水	luò huā liú shuǐ
水流花落	shuǐ liú huā luò
令不虚行	lìng bù xū xíng
风尘之会	fēng chén zhī huì
有头有尾	yǒu tóu yǒu wěi
口无择言	kǒu wú zé yán
不悱不发	bù fěi bù fā
面如满月	miàn rú mǎn yuè
桂玉之地	guì yù zhī dì
素不相能	sù bù xiāng néng
开云见日	kāi yún jiàn rì
云开见日	yún kāi jiàn rì
人生朝露	rén shēng cháo lù
三言两语	sān yán liǎng yǔ
马耳春风	mǎ ěr chūn fēng
人急计生	rén jí jì shēng
不攻自破	bù gōng zì pò
乐而不淫	lè ér bù yín
不打自招	bù dǎ zì zhāo
一定之规	yī dìng zhī guī
金声玉色	jīn shēng yù sè
天命有归	tiān mìng yǒu guī
小大由之	xiǎo dà yóu zhī
不分胜负	bù fēn shèng fù
表里如一	biǎo lǐ rú yī
无肠可断	wú cháng kě duàn
正言不讳	zhèng yán bù huì
一目了然	yī mù liǎo rán
无昼无夜	wú zhòu wú yè
高出一筹	gāo chū yī chóu
百发百中	bǎi fā bǎi zhòng
百中百发	bǎi zhòng bǎi fā
计不反顾	jì bù fǎn gù
食不求甘	shí bù qiú gān
一琴一鹤	yī qín yī hè
不绝如缕	bù jué rú lǚ
等而下之	děng ér xià zhī
二心两意	èr xīn liǎng yì
目无尊长	mù wú zūn zhǎng
一切众生	yī qiè zhòng shēng
于飞之乐	yú fēi zhī lè
一迎一和	yī yíng yī hé
大谬不然	dà miù bù rán
高节清风	gāo jié qīng fēng
清风高节	qīng fēng gāo jié
一穷二白	yī qióng èr bái
当立之年	dāng lì zhī nián
以一奉百	yǐ yī fèng bǎi
脚不点地	jiǎo bù diǎn dì
破门而出	pò mén ér chū
深不可测	shēn bù kě cè
闻一知十	wén yī zhī shí
春风得意	chūn fēng dé yì
反眼不识	fǎn yǎn bù shí
日久天长	rì jiǔ tiān cháng
天长日久	tiān cháng rì jiǔ
云过天空	yún guò tiān kōng
没世不忘	mò shì bù wàng
机不容发	jī bù róng fā
不知寝食	bù zhī qǐn shí
一介不取	yī jiè bù qǔ
不偏不倚	bù piān bù yǐ
千载一时	qiān zǎi yī shí
一时千载	yī shí qiān zǎi
行不副言	xíng bù fù yán
在所不辞	zài suǒ bù cí
百年大计	bǎi nián dà jì
微言大义	wēi yán dà yì
头头是道	tóu tóu shì dào
一身是胆	yī shēn shì dǎn
地久天长	dì jiǔ tiān cháng
天长地久	tiān cháng dì jiǔ
天地长久	tiān dì cháng jiǔ
一偏之论	yī piān zhī lùn
鸡不及凤	jī bù jí fèng
穷天极地	qióng tiān jí dì
如石投水	rú shí tóu shuǐ
如水投石	rú shǔ tóu shí
百年之业	bǎi nián zhī yè
无论如何	wú lùn rú hé
理所不容	lǐ suǒ bù róng
不识一丁	bù shí yī dīng
一丁不识	yī dīng bù shí
亡国之声	wáng guó zhī shēng
日以为常	rì yǐ wéi cháng
视人如伤	shì rén rú shāng
心安理得	xīn ān lǐ dé
少气无力	shǎo qì wú lì
目不忍视	mù bù rěn shì
心高气傲	xīn gāo qì ào
不次之迁	bù cì zhī qiān
东风过耳	dōng fēng guò ěr
黄人守日	huáng rén shǒu rì
秀而不实	xiù ér bù shí
一毫不染	yī háo bù rǎn
百年不遇	bǎi nián bù yù
急不可待	jí bù kě dài
不可名状	bù kě míng zhuàng
心惊胆落	xīn jīng dǎn luò
一长二短	yī cháng èr duǎn
敬而远之	jìng ér yuǎn zhī
闻一知二	wén yī zhī èr
一夫之勇	yī fū zhī yǒng
见可而进	jiàn kě ér jìn
喜不自胜	xǐ bù zì shèng
了不长进	liǎo bù zhǎng jǐn
低心下意	dī xīn xià yì
言从计行	yán cóng jì xíng
言行计从	yán xíng jì cóng
大好河山	dà hǎo hé shān
同气相求	tóng qì xiāng qiú
下笔如神	xià bǐ rú shén
一望无边	yī wàng wú biān
谈论风生	tán lùn fēng shēng
云树之思	yún shù zhī sī
手眼通天	shǒu yǎn tōng tiān
逆耳之言	nì ěr zhī yán
势不两立	shì bù liǎng lì
马上功成	mǎ shàng gōng chéng
杀人如草	shā rén rú cǎo
日东月西	rì dōng yuè xī
日月重光	rì yuè chóng guāng
上下同门	shàng xià tóng mén
不学无术	bù xué wú shù
解人难得	jiě rén nán dé
白手成家	bái shǒu chéng jiā
见机而行	jiàn jī ér xíng
谈天论地	tán tiān lùn dì
不得善终	bù dé shàn zhōng
不欢而散	bù huān ér sàn
大打出手	dà dǎ chū shǒu
乐而不厌	lè ér bù yàn
不负众望	bù fù zhòng wàng
五谷不分	wǔ gǔ bù fēn
百口难分	bǎi kǒu nán fēn
薄情无义	báo qíng wú yì
行不逾方	xíng bù yú fāng
言语道断	yán yǔ dào duàn
一龙一猪	yī lóng yī zhū
半低不高	bàn dī bù gāo
别无长物	bié wú cháng wù
人定胜天	rén dìng shèng tiān
金石之坚	jīn shí zhī jiān
间不容发	jiàn bù róng fà
心向往之	xīn xiàng wǎng zhī
不乏其人	bù fá qí rén
名士风流	míng shì fēng liú
一字一句	yī zì yī jù
千里一曲	qiān lǐ yī qǔ
大有起色	dà yǒu qǐ sè
一无所获	yī wú suǒ huò
变生不测	biàn shēng bù cè
不顾前后	bù gù qián hòu
语重心沉	yǔ zhòng xīn chén
言笑自若	yán xiào zì ruò
得马失马	dé mǎ shī mǎ
不能自已	bù néng zì yǐ
一举两得	yī jǔ liǎng dé
济世之才	jì shì zhī cái
无坚不摧	wú jiān bù cuī
无迹可求	wú jì kě qiú
金人之缄	jīn rén zhī jiān
不衫不履	bù shān bù lǚ
知足不辱	zhī zú bù rǔ
诛心之论	zhū xīn zhī lùn
老天拔地	lǎo tiān bá dì
纷纷不一	fēn fēn bù yī
词不达意	cí bù dá yì
高才大德	gāo cái dà dé
百折不屈	bǎi zhé bù qū
面有难色	miàn yǒu nán sè
神色自若	shén sè zì ruò
人心归向	rén xīn guī xiàng
不可言喻	bù kě yán yù
一望无际	yī wàng wú jì
目不邪视	mù bù xié shì
出其不备	chū qí bù bèi
力不能及	lì bù néng jí
成风之斫	chéng fēng zhī zhuó
欺人之谈	qī rén zhī tán
一介之才	yī jiè zhī cái
高情远意	gāo qíng yuǎn yì
行不苟合	xíng bù gǒu hé
八方风雨	bā fāng fēng yǔ
安不忘危	ān bù wàng wēi
一毫不苟	yī háo bù gǒu
顺人应天	shùn rén yìng tiān
顺天应人	shùn tiān yìng rén
应天顺人	yìng tiān shùn rén
文丝不动	wén sī bù dòng
情深意重	qíng shēn yì zhòng
胆大心细	dǎn dà xīn xì
出奇无穷	chū qí wú qióng
专心一意	zhuān xīn yī yì
点头之交	diǎn tóu zhī jiāo
门不夜关	mén bù yè guān
不知利害	bù zhī lì hài
山眉水眼	shān méi shuǐ yǎn
日月交食	rì yuè jiāo shí
义不取容	yì bù qǔ róng
一蛇两头	yī shé liǎng tóu
迷而不返	mí ér bù fǎn
得手应心	dé shǒu yīng xīn
得心应手	dé xīn yìng shǒu
惊心夺目	jīng xīn duó mù
千难万难	qiān nán wàn nán
其乐无穷	qí lè wú qióng
人尽其才	rén jìn qí cái
计无付之	jì wú fǔ zhī
直言无隐	zhí yán wú yǐn
食不充口	shí bù chōng kǒu
一日三省	yī rì sān xǐng
回天倒日	huí tiān dǎo rì
言不二价	yán bù èr jià
指日可下	zhǐ rì kě xià
山穷水绝	shān qióng shuǐ jué
动人心弦	dòng rén xīn xián
河不出图	hé bù chū tú
深明大义	shēn míng dà yì
意气相投	yì qì xiāng tóu
山光水色	shān guāng shuǐ sè
水光山色	shuǐ guāng shān sè
水色山光	shuǐ sè shān guāng
痛心绝气	tòng xīn jué qì
移天易日	yí tiān yì rì
心花怒发	xīn huā nù fā
虎步龙行	hǔ bù lóng xíng
龙行虎步	lóng xíng hǔ bù
日有万机	rì yǒu wàn jī
高门大户	gāo mén dà hù
不法常可	bù fǎ cháng kě
九流人物	jiǔ liú rén wù
行家里手	háng jiā lǐ shǒu
金鼓连天	jīn gǔ lián tiān
说地谈天	shuō dì tán tiān
谈天说地	tán tiān shuō dì
走头无路	zǒu tóu wú lù
多事之秋	duō shì zhī qiū
用武之地	yòng wǔ zhī dì
一纸千金	yī zhǐ qiān jīn
大经大法	dà jīng dà fǎ
来处不易	lái chù bù yì
鱼水深情	yú shuǐ shēn qíng
人生如寄	rén shēng rú jì
天伦之乐	tiān lún zhī lè
众口一词	zhòng kǒu yī cí
群龙无首	qún lóng wú shǒu
风言雾语	fēng yán wù yǔ
百岁之好	bǎi suì zhī hǎo
当之无愧	dāng zhī wú kuì
言听事行	yán tīng shì xíng
烟花风月	yān huā fēng yuè
一寸赤心	yī cùn chì xīn
没而不朽	méi ér bù xiǔ
马面牛头	mǎ miàn niú tóu
牛头马面	niú tóu mǎ miàn
接连不断	jiē lián bù duàn
海不扬波	hǎi bù yáng bō
壮心不已	zhuàng xīn bù yǐ
独当一面	dú dāng yī miàn
名不虚传	míng bù xū chuán
为期不远	wéi qī bù yuǎn
以防万一	yǐ fáng wàn yī
一轨同风	yī guǐ tóng fēng
冰天雪地	bīng tiān xuě dì
以人为镜	yǐ rén wéi jìng
身不遇时	shēn bù yù shí
一面之款	yī miàn zhī kuǎn
不堪一击	bù kān yī jī
骨化风成	gǔ huà fēng chéng
言之有序	yán zhī yǒu xù
缄口不言	jiān kǒu bù yán
千虑一失	qiān lǜ yī shī
下笔千言	xià bǐ qiān yán
半解一知	bàn jiě yī zhī
一知半解	yī zhī bàn jiě
尺寸之地	chǐ cùn zhī dì
百岁之后	bǎi suì zhī hòu
马如游鱼	mǎ rú yóu yú
开合自如	kāi hé zì rú
九天九地	jiǔ tiān jiǔ dì
生死不渝	shēng sǐ bù yú
出人望外	chū rén wàng wài
不苟言笑	bù gǒu yán xiào
言笑不苟	yán xiào bù gǒu
龙行虎变	lóng xíng hǔ biàn
声气相求	shēng qì xiāng qiú
声气相通	shēng qì xiāng tōng
日不我与	rì bù wǒ yǔ
傍若无人	páng ruò wú rén
黑天白日	hēi tiān bái rì
无服之丧	wú fú zhī sàng
在天之灵	zài tiān zhī líng
不安于室	bù ān yú shì
迷人眼目	mí rén yǎn mù
神不守舍	shén bù shǒu shě
别作一眼	bié zuò yī yǎn
如坐春风	rú zuò chūn fēng
胆大心雄	dǎn dà xīn xióng
不共戴天	bù gòng dài tiān
名山胜水	míng shān shèng shuǐ
匪石之心	fěi shí zhī xīn
再不其然	zài bù qí rán
岁月不居	suì yuè bù jú
面是心非	miàn shì xīn fēi
义不容辞	yì bù róng cí
得不补失	dé bù bǔ shī
忘年之好	wàng nián zhī hǎo
财不露白	cái bù lù bái
因人成事	yīn rén chéng shì
同年而语	tóng nián ér yǔ
杀一利百	shā yī lì bǎi
不识泰山	bù shí tài shān
山穷水断	shān qióng shuǐ duàn
千里之任	qiān lǐ zhī rèn
风月无涯	fēng yuè wú yá
知命不忧	zhī mìng bù yōu
目知眼见	mù zhī yǎn jiàn
成千论万	chéng qiān lùn wàn
胸无大志	xiōng wú dà zhì
八斗之才	bā dǒu zhī cái
来历不明	lái lì bù míng
白首一节	bái shǒu yī jié
穷山恶水	qióng shān è shuǐ
自命不凡	zì mìng bù fán
不值一笑	bù zhí yī xiào
有目无睹	yǒu mù wú dǔ
同出一辙	tóng chū yī zhé
相时而动	xiàng shí ér dòng
白头之叹	bái tóu zhī tàn
不服水土	bù fú shuǐ tǔ
水土不服	shuǐ tǔ bù fú
恬不为意	tián bù wéi yì
自信不疑	zì xìn bù yí
寝食不安	qǐn shí bù ān
通天达地	tōng tiān dá dì
无须之祸	wú xū zhī huò
一寸丹心	yī cùn dān xīn
一丝两气	yī sī liǎng qì
高下在口	gāo xià zài kǒu
不知颠倒	bù zhī diān dǎo
道路以目	dào lù yǐ mù
义薄云天	yì bó yún tiān
至当不易	zhì dàng bù yì
明日黄花	míng rì huáng huā
天随人原	tiān suí rén yuán
一接如旧	yī jiē rú jiù
龙断之登	lóng duàn zhī dēng
当行出色	dāng háng chū sè
为富不仁	wéi fù bù rén
为仁不富	wéi rén bù fù
情同手足	qíng tóng shǒu zú
尽心尽力	jìn xīn jìn lì
无名之璞	wú míng zhī pú
同利相死	tóng lì xiāng sǐ
万全之计	wàn quán zhī jì
千秋人物	qiān qiū rén wù
学而不厌	xué ér bù yàn
同心叶力	tóng xīn yè lì
不求闻达	bù qiú wén dá
一窍不通	yī qiào bù tōng
出入人罪	chū rù rén zuì
三星在天	sān xīng zài tiān
一见钟情	yī jiàn zhōng qíng
高山景行	gāo shān jǐng xíng
月黑风高	yuè hēi fēng gāo
一线之路	yī xiàn zhī lù
同功一体	tóng gōng yī tǐ
光天化日	guāng tiān huà rì
化日光天	huà rì guāng tiān
冠绝一时	guàn jué yī shí
余声三日	yú shēng sān rì
千里无烟	qiān lǐ wú yān
别有心肠	bié yǒu xīn cháng
公之于众	gōng zhī yú zhòng
笔头生花	bǐ tóu shēng huā
不计其数	bù jì qí shù
遂心如意	suì xīn rú yì
不知甘苦	bù zhī gān kǔ
语不投机	yǔ bù tóu jī
死而无悔	sǐ ér wú huǐ
一枝之栖	yī zhī zhī qī
东风化雨	dōng fēng huà yǔ
金玉良言	jīn yù liáng yán
雨过天青	yǔ guò tiān qīng
自行其是	zì xíng qí shì
出没不常	chū mò bù cháng
取而代之	qǔ é dài zhī
众多非一	zhòng duō fēi yī
略识之无	lüè shí zhī wú
截然不同	jié rán bù tóng
语言无味	yǔ yán wú wèi
一唱一和	yī chàng yī hè
出自意外	chū zì yì wài
自食其力	zì shí qí lì
独善一身	dú shàn yī shēn
神兵天将	shén bīng tiān jiāng
以终天年	yǐ zhōng tiān nián
知难而进	zhī nán ér jìn
不壹而三	bù yī ér sān
超世之才	chāo shì zhī cái
丝发之功	sī fā zhī gōng
谈笑风生	tán xiào fēng shēng
不僧不俗	bù sēng bù sú
风景不殊	fēng jǐng bù shū
而今而后	ér jīn ér hòu
白玉无瑕	bái yù wú xiá
一乱涂地	yī luàn tú dì
举目无亲	jǔ mù wú qīn
观望不前	guān wàng bù qián
无缘无故	wú yuán wú gù
参差不一	cēn cī bù yī
神不附体	shén bù fù tǐ
度日如年	dù rì rú nián
十风五雨	shí fēng wǔ yǔ
十雨五风	shí yǔ wǔ fēng
五风十雨	wǔ fēng shí yǔ
忘年之交	wàng nián zhī jiāo
悲不自胜	bēi bù zì shèng
一见了然	yī jiàn le rán
不偏不党	bù piān bù dǎng
鱼米之地	yú mǐ zhī dì
果不其然	guǒ bù qí rán
平心易气	píng xīn yì qì
悔之无及	huǐ zhī wú jí
划一不二	huà yī bù èr
重足而立	chóng zú ér lì
水落石出	shuǐ luò shí chū
进退无门	jìn tuì wú mén
风语不透	fēng yǔ bù tòu
虎狼之势	hǔ láng zhī shì
有害无利	yǒu hài wú lì
生财有道	shēng cái yǒu dào
有识之士	yǒu shí zhī shì
无德而称	wú dé ér chēng
星星之火	xīng xīng zhī huǒ
不值一顾	bù zhí yī gù
龙马精神	lóng mǎ jīng shén
竹马之交	zhú mǎ zhī jiāo
攻心为上	gōng xīn wèi shàng
贼人心虚	zéi rén xīn xū
无师自通	wú shī zì tōng
一根一板	yī gēn yī bǎn
一切万物	yī qiē wàn wù
持之有故	chí zhī yǒu gù
以容取人	yǐ róng qǔ rén
强人所难	qiǎng rén suǒ nán
河清三日	hé qīng sān rì
鼎足而三	dǐng zú ér sān
一言半句	yī yán bàn jù
家破人离	jiā pò rén lí
无明业火	wú míng yè huǒ
方寸不乱	fāng cùn bù luàn
事不关己	shì bù guān jǐ
无适无莫	wú shì wú mò
举不胜举	jǔ bù shèng jǔ
不近道理	bù jìn dào lǐ
通共有无	tōng gòng yǒu wú
通无共有	tōng wú gòng yǒu
鸡犬不安	jī quǎn bù ān
默不作声	mò bù zuò shēng
齐心同力	qí xīn tóng lì
不可动摇	bù kě dòng yáo
戮力一心	lù lì yī xīn
口腹之累	kǒu fù zhī lěi
不教而杀	bù jiào ér shā
言扬行举	yán yáng xíng jǔ
一寒如此	yī hán rú cǐ
不入时宜	bù rù shí yí
新人新事	xīn rén xīn shì
执而不化	zhí ér bù huà
不知所措	bù zhī suǒ cuò
分内之事	fèn nèi zhī shì
一介之善	yī jiè zhī shàn
无可讳言	wú kě huì yán
同声相求	tóng shēng xiāng qiú
大仁大义	dà rén dà yì
轻薄无知	qīng báo wú zhī
人心向背	rén xīn xiàng bèi
龙眉凤目	lóng méi fèng mù
言不逮意	yán bù dǎi yì
执意不从	zhí yì bù cóng
相因相生	xiāng yīn xiāng shēng
长目飞耳	cháng mù fēi ěr
以水济水	yǐ shuǐ jǐ shuǐ
以辞取人	yǐ cí qǔ rén
为国为民	wéi guó wéi mín
寸步不离	cùn bù bù lí
普天之下	pǔ tiān zhī xià
开门见山	kāi mén jiàn shān
困而不学	kùn ér bù xué
半死不活	bàn sǐ bù huó
见势不妙	jiàn shì bù miào
素不相识	sù bù xiāng shí
道高望重	dào gāo wàng zhòng
声气相投	shēng qì xiāng tóu
满坐风生	mǎn zuò fēng shēng
不蔓不支	bù màn bù zhī
金石之策	jīn shí zhī cè
直言不讳	zhí yán bù huì
一鼓一板	yī gǔ yī bǎn
一枝一栖	yī zhī yī qī
五心六意	wǔ xīn liù yì
要而论之	yào ér lùn zhī
一室生春	yī shì shēng chūn
长安道上	cháng ān dào shàng
骂不绝口	mà bù jué kǒu
令行如流	lìng xíng rú liú
同心并力	tóng xīn bìng lì
守身如玉	shǒu shēn rú yù
言之过甚	yán zhī guò shèn
怀土之情	huái tǔ zhī qíng
一日万几	yī rì wàn jǐ
逞心如意	chěng xīn rú yì
千古罪人	qiān gǔ zuì rén
不知深浅	bù zhī shēn qiǎn
天渊之别	tiān yuān zhī bié
惊心破胆	jīng xīn pò dǎn
坐树无言	zuò shù wú yán
天外飞来	tiān wài fēi lái
易口以食	yì kǒu yǐ shí
相机行事	xiāng jī xíng shì
落地生根	luò dì shēng gēn
轻身下气	qīng shēn xià qì
乐而不荒	lè ér bù huāng
成败论人	chéng bài lùn rén
大吃一惊	dà chī yī jīng
日长一线	rì cháng yī xiàn
不足为凭	bù zú wéi píng
下不为例	xià bù wéi lì
长夜之饮	cháng yè zhī yǐn
流风遗迹	liú fēng yí jì
高才大学	gāo cái dà xué
不知世务	bù zhī shì wù
指天画地	zhǐ tiān huà dì
行有余力	xíng yǒu yú lì
面如冠玉	miàn rú guān yù
鱼水相投	yú shuǐ xiāng tóu
一隅之说	yī yú zhī shuō
隐忍不言	yǐn rěn bù yán
高门大屋	gāo mén dà wū
人间天堂	rén jiān tiān táng
攻无不克	gōng wú bù kè
得意忘言	dé yì wàng yán
道高德重	dào gāo dé zhòng
翻天作地	fān tiān zuò dì
话不相投	huà bù xiāng tóu
济世安人	jì shì ān rén
并日而食	bìng rì ér shí
头出头没	tóu chū tóu mò
大恩大德	dà ēn dà dé
真相大白	zhēn xiàng dà bái
明心见性	míng xīn jiàn xìng
解衣衣人	jiè yī yī rén
三三四四	sān sān sì sì
开心见肠	kāi xīn jiàn cháng
空腹高心	kōng fù gāo xīn
四方之志	sì fāng zhī zhì
理不忘乱	lǐ bù wàng luàn
付之一笑	fù zhī yī xiào
无伤大体	wú shāng dà tǐ
举手之劳	jǔ shǒu zhī láo
无动于中	wú dòng yú zhōng
横草之功	héng cǎo zhī gōng
重逆无道	zhòng nì wú dào
上下其手	shàng xià qí shǒu
尾生之信	wěi shēng zhī xìn
一日九迁	yī rì jiǔ qiān
无妄之福	wú wàng zhī fú
得失在人	dé shī zài rén
避人眼目	bì rén yǎn mù
道不拾遗	dào bù shí yí
无肠公子	wú cháng gōng zǐ
百年树人	bǎi nián shù rén
衣食不周	yī shí bù zhōu
等而上之	děng ér shàng zhī
金石为开	jīn shí wèi kāi
看人行事	kàn rén xíng shì
出言不逊	chū yán bù xùn
作金石声	zuò jīn shí shēng
神头鬼面	shén tóu guǐ miàn
别有心肝	bié yǒu xīn gān
不留余地	bù liú yú dì
变化不穷	biàn huà bù qióng
辞不达义	cí bù dá yì
与人为善	yǔ rén wéi shàn
风雨如晦	fēng yǔ rú huì
一毫千里	yī háo qiān lǐ
三三五五	sān sān wǔ wǔ
众心成城	zhòng xīn chéng chéng
花前月下	huā qián yuè xià
月下花前	yuè xià huā qián
文采风流	wén cǎi fēng liú
自负不凡	zì fù bù fán
自有公论	zì yǒu gōng lùn
三朝五日	sān cháo wǔ rì
日引月长	rì yǐn yuè cháng
守正不回	shǒu zhèng bù huí
四海为家	sì hǎi wéi jiā
一扫而光	yī sǎo ér guāng
心心相印	xīn xīn xiāng yìn
半生不熟	bàn shēng bù shú
白日见鬼	bái rì jiàn guǐ
时不再来	shí bù zài lái
背水一战	bèi shuǐ yī zhàn
别有用心	bié yǒu yòng xīn
下笔有神	xià bǐ yǒu shén
日旰不食	rì gàn bù shí
天下第一	tiān xià dì yī
山穷水尽	shān qióng shuǐ jìn
水尽山穷	shuǐ jìn shān qióng
水穷山尽	shuǐ qióng shān jìn
一悲一喜	yī bēi yī xǐ
不习地土	bù xí dì tǔ
衣不解带	yī bù jiě dài
神龙见首	shén lóng jiàn shǒu
各不相谋	gè bù xiāng móu
一气浑成	yī qì hún chéng
小人得志	xiǎo rén dé zhì
相习成风	xiāng xí chéng fēng
重望高名	zhòng wàng gāo míng
将天就地	jiāng tiān jiù dì
目光如鼠	mù guāng rú shǔ
神情不属	shén qíng bù shǔ
无关大体	wú guān dà tǐ
卖文为生	mài wén wéi shēn
目牛无全	mù niú wú quán
目无全牛	mù wú quán niú
高傲自大	gāo ào zì dà
一日千丈	yī rì qiān zhàng
大惑不解	dà huò bù jiě
两头白面	liǎng tóu bái miàn
人非木石	rén fēi mù shí
积重不返	jī zhòng bù fǎn
不足与谋	bù zú yǔ móu
岁月如流	suì yuè rú liú
千载一合	qiān zài yī hé
靡然成风	mí rán chéng fēng
东道主人	dōng dào zhǔ rén
鬼神不测	guǐ shén bù cè
神鬼不测	shén guǐ bù cè
不可思议	bù kě sī yì
言行不贰	yán xíng bù èr
一拥而上	yī yōng ér shàng
好为人师	hào wéi rén shī
破门而入	pò mén ér rù
金无足赤	jīn wú zú chì
长年三老	zhǎng nián sān lǎo
母难之日	mǔ nán zhī rì
月明千里	yuè míng qiān lǐ
驰名天下	chí míng tiān xià
群而不党	qún ér bù dǎng
锋不可当	fēng bù kě dāng
退有后言	tuì yǒu hòu yán
寡不胜众	guǎ bù shèng zhòng
惨无人理	cǎn wú rén lǐ
功成行满	gōng chéng xíng mǎn
不时之需	bù shí zhī xū
河目海口	hé mù hǎi kǒu
积小成大	jī xiǎo chéng dà
方面大耳	fāng miàn dà ěr
公明正大	gōng míng zhèng dà
不夷不惠	bù yí bù huì
两两三三	liǎng liǎng sān sān
三三两两	sān sān liǎng liǎng
并为一谈	bìng wéi yī tán
金兰之交	jīn lán zhī jiāo
笔下生花	bǐ xià shēng huā
不识高低	bù shí gāo dī
不可胜数	bù kě shèng shǔ
虎口余生	hǔ kǒu yú shēng
风雨无阻	fēng yǔ wú zǔ
安然如故	ān rán rú gù
目空一切	mù kōng yī qiè
才高气清	cái gāo qì qīng
言必有中	yán bì yǒu zhòng
情不可却	qíng bù kě què
自生自灭	zì shēng zì miè
身无择行	shēn wú zé xíng
去就之分	qù jiù zhī fēn
真龙天子	zhēn lóng tiān zǐ
半面之旧	bàn miàn zhī jiù
百无是处	bǎi wú shì chù
望子成龙	wàng zǐ chéng lóng
连理之木	lián lǐ zhī mù
心如寒灰	xīn rú hán huī
来日方长	lái rì fāng cháng
急人之困	jí rén zhī kùn
以人为鉴	yǐ rén wéi jiàn
心不在焉	xīn bù zài yān
一命归西	yī mìng guī xī
没世无闻	méi shì wú wén
独步一时	dú bù yī shí
一本正经	yī běn zhèng jīng
大名难居	dà míng nán jū
说千道万	shuō qiān dào wàn
道山学海	dào shān xué hǎi
出口入耳	chū kǒu rù ěr
文行出处	wén xíng chū chǔ
无妄之忧	wú wàng zhī yōu
神至之笔	shén zhì zhī bǐ
张大其事	zhāng dà qí shì
计出万死	jì chū wàn sǐ
石破天惊	shí pò tiān jīng
天惊石破	tiān jīng shí pò
非分之财	fēi fèn zhī cái
面如土色	miàn rú tǔ sè
面色如土	miàn sè rú tǔ
超然不群	chāo rán bù qún
行成于思	xíng chéng yú sī
从容自如	cóng róng zì rú
目不苟视	mù bù gǒu shì
不奈之何	bù nai zhī hé
心急如焚	xīn jí rú fén
白头相守	bái tóu xiāng shǒu
百足之虫	bǎi zú zhī chóng
视同路人	shì tóng lù rén
不堪入目	bù kān rù mù
皮相之谈	pí xiàng zhī tán
光明正大	guāng míng zhèng dà
正大光明	zhèng dà guāng míng
百喙如一	bǎi huì rú yī
战天斗地	zhàn tiān dòu dì
居不重席	jū bù chóng xí
风吹马耳	fēng chuī mǎ ěr
如虎生翼	rú hǔ shēng yì
避人耳目	bì rén ěr mù
一壶千金	yī hú qiān jīn
七步之才	qī bù zhī cái
出人意表	chū rén yì biǎo
出口成章	chū kǒu chéng zhāng
食言而肥	shí yán ér féi
大难临头	dà nàn lín tóu
流风余俗	liú fēng yú sú
死而复生	sǐ ér fù shēng
盘石之安	pán shí zhī ān
高下在手	gāo xià zài shǒu
下车之始	xià chē zhī shǐ
遇事生风	yù shì shēng fēng
有头有脸	yǒu tóu yǒu liǎn
人面桃花	rén miàn táo huā
桃花人面	táo huā rén miàn
白首相知	bái shǒu xiāng zhī
主一无适	zhǔ yī wú shì
以石投水	yǐ shí tóu shuǐ
以水投石	yǐ shuǐ tóu shí
克肩一心	kè jiān yī xīn
成千累万	chéng qiān lèi wàn
法无二门	fǎ wú èr mén
智小言大	zhì xiǎo yán dà
指日成功	zhǐ rì chéng gōng
急不择言	jí bù zé yán
半新不旧	bàn xīn bù jiù
龙生九子	lóng shēng jiǔ zǐ
始终如一	shǐ zhōng rú yī
终始如一	zhōng shǐ rú yī
于心无愧	yú jīn wú kuì
言外之味	yán wài zhī wèi
一波三折	yī bō sān zhé
笑不可仰	xiào bù kě yǎng
出头露面	chū tóu lù miàn
耳顺之年	ér shùn zhī nián
风雨同舟	fēng yǔ tóng zhōu
无坚不陷	wú jiān bù xiàn
终天之恨	zhōng tiān zhī hèn
汗马之功	hàn mǎ zhī gōng
周而不比	zhōu ér bù bǐ
林下清风	lín xià qīng fēng
转日回天	zhuǎn rì huí tiān
独步天下	dú bù tiān xià
天下独步	tiān xià dú bù
不顾死活	bù gù sǐ huó
目不见睫	mù bù jiàn jié
其貌不扬	qí mào bù yáng
一拥而入	yī yōng ér rù
平白无故	píng bái wú gù
水流云散	shuǐ liú yún sàn
从善如流	cóng shàn rú liú
药石之言	yào shí zhī yán
赏不当功	shǎng bù dāng gōng
蹇人上天	jiǎn rén shàng tiān
回天转地	huí tiān zhuǎn dì
流落风尘	liú luò fēng chén
忘形之交	wàng xíng zhī jiāo
胆大心粗	dǎn dā xīn cū
心粗胆大	xīn cū dǎn dà
害人不浅	hài rén bù qiǎn
长久之计	cháng jiǔ zhī jì
正正气气	zhèng zhèng qì qì
春山如笑	chūn shān rú xiào
雨露之恩	yǔ lù zhī ēn
余风遗文	yú fēng yí wén
思所逐之	si shuo zhu zi
清静无为	qīng jìng wú wéi
其道无由	qí dào wú yóu
末如之何	mò rú zhī hé
高高在上	gāo gāo zài shàng
意义深长	yì yì shēn cháng
众口同声	zhòng kǒu tóng shēng
民心不壹	mín xīn bù yī
必争之地	bì zhēng zhī dì
行易知难	xíng yì zhī nán
知易行难	zhī yì xíng nán
玉关人老	yù guān rén lǎo
刑余之人	xíng yú zhī rén
一字一泪	yī zì yī lèi
易子而食	yì zǐ ér shí
造言生事	zào yán shēng shì
鸡犬不惊	jī quǎn bù jīng
不登大雅	bù dēng dà yǎ
不言而谕	bù yán ér yù
政令不一	zhèng lìng bù yī
白日升天	bái rì shēng tiān
漫不经意	màn bù jīng yì
三十而立	sān shí ér lì
和而不唱	hé ér bù chàng
计日而待	jì rì ér dài
眉头不伸	méi tóu bù shēn
交口同声	jiāo kǒu tóng shēng
白面书生	bái miàn shū shēng
乐不可支	lè bù kě zhī
月露之体	yuè lù zhī tǐ
足高气扬	zú gāo qì yáng
才气无双	cái qì wú shuāng
中立不倚	zhōng lì bù yǐ
小户人家	xiǎo hù rén jiā
自相鱼肉	zì xiāng yú ròu
轻死重气	qīng sǐ zhòng qì
无幽不烛	wú yōu bù zhú
一叶迷山	yī yè mí shān
不顾大局	bù gù dà jú
无般不识	wú bān bù shí
方头不律	fāng tóu bù lǜ
坐不重席	zuò bù chóng xí
同心竭力	tóng xīn jié lì
一来二去	yī lái èr qù
王公大人	wáng gōng dà rén
不了而了	bù liǎo ér liǎo
备而不用	bèi ér bù yòng
眉目如画	méi mù rú huà
地老天昏	dì lǎo tiān hūn
居无求安	jū wú qiú ān
并世无两	bìng shì wú liǎng
降心下气	jiàng xīn xià qì
胆大于身	dǎn dà yú shēn
以水救水	yǐ shuǐ jiù shuǐ
犬马之劳	quǎn mǎ zhī láo
玉堂人物	yù táng rén wù
分毫不取	fēn háo bù qǔ
家道中落	jiā dào zhōng luò
三头六面	sān tóu liù miàn
哀而不伤	āi ér bù shāng
金口玉牙	jīn kǒu yù yá
动荡不安	dòng dàng bù ān
不在话下	bù zài huà xià
大惊失色	dà jīng shī sè
以力服人	yǐ lì fú rén
金石不渝	jīn shí bù yú
夺门而出	duó mén ér chū
不足齿数	bù zú chǐ shǔ
有言在先	yǒu yán zài xiān
不疾不徐	bù jí bù xú
不徐不疾	bù xú bù jí
不胜其任	bù shèng qí rèn
风花雪夜	fēng huā xuě yè
轻生重义	qīng shēng zhòng yì
重义轻生	zhòng yì qīng shēng
公正不阿	gōng zhèng bù ē
无颜落色	wú yán luò sè
见弃于人	jiàn qì yǔ rén
悬车之年	xuán chē zhī nián
眼穿心死	yǎn chuān xīn sǐ
痛心入骨	tòng xīn rù gǔ
枉道事人	wǎng dào shì rén
爱人以德	ài rén yǐ dé
乐天知命	lè tiān zhī mìng
知命乐天	zhī mìng lè tiān
人自为政	rén zì wéi zhèng
有来有往	yǒu lái yǒu wǎng
明见万里	míng jiàn wàn lǐ
日进斗金	rì jìn dǒu jīn
日薄西山	rì bó xī shān
西山日薄	xī shān rì báo
一干人犯	yī gān rén fàn
质而不野	zhì ér bù yě
心平气和	xīn píng qì hé
心若死灰	xīn ruò sǐ huī
随人作计	suí rén zuò jì
祸不单行	huò bù dān xíng
无济于事	wú jì yú shì
一了百当	yī liǎo bǎi dàng
食不兼肉	shí bù jiān ròu
趁心如意	chèn xīn rú yì
束手无计	shù shǒu wú jì
渔人之利	yú rén zhī lì
流水游龙	liú shuǐ yóu lóng
扫地无遗	sǎo dì wú yí
不由分说	bù yóu fēn shuō
大缪不然	dà miù bù rán
局外之人	jú wài zhī rén
明教不变	míng jiào bù biàn
无家可奔	wú jiā kě bēn
一刀两断	yī dāo liǎng duàn
乐成人美	lè chéng rén měi
一吹一唱	yī chuī yī chàng
恩德如山	ēn dé rú shān
浆水不交	jiāng shuǐ bù jiāo
落落大方	luò luò dà fāng
市道之交	shì dào zhī jiāo
生死关头	shēng sǐ guān tóu
百年之约	bǎi nián zhī yuē
鼎足之势	dǐng zú zhī shì
自命清高	zì mìng qīng gāo
待理不理	dài lǐ bù lǐ
仁同一视	rén tóng yī shì
一视同仁	yī shì tóng rén
望文生义	wàng wén shēng yì
实心实意	shí xīn shí yì
人心惟危	rén xīn wéi wēi
死不足惜	sǐ bù zú xī
计行言听	jì xíng yán tīng
言听计行	yán tīng jì xíng
一佛出世	yī fó chū shì
理不胜辞	lǐ bù shèng cí
鱼贯而行	yú guàn ér xíng
渐不可长	jiàn bù kě zhǎng
总而言之	zǒng ér yán zhī
不习水土	bù xí shuǐ tǔ
人言可畏	rén yán kě wèi
分形同气	fēn xíng tóng qì
举世无敌	jǔ shì wú dí
望风而靡	wàng fēng ér mí
走伏无地	zǒu fú wú dì
金马玉堂	jīn mǎ yù táng
玉堂金马	yù táng jīn mǎ
回心转意	huí xīn zhuǎn yì
心回意转	xīn huí yì zhuǎn
意转心回	yì zhuǎn xīn huí
苦不堪言	kǔ bù kān yán
断发文身	duàn fà wén shēn
文身断发	wén shēn duàn fā
心寒胆落	xīn hán dǎn luò
一败涂地	yī bài tú dì
义无反顾	yì wú fǎn gù
心猿意马	xīn yuán yì mǎ
意马心猿	yì mǎ xīn yuán
师心自是	shī xīn zì shì
千金一掷	qiān jīn yī zhì
一掷千金	yī zhì qiān jīn
年复一年	nián fù yī nián
千古一辙	qiān gǔ yī zhé
钳口不言	qián kǒu bù yán
高谈大论	gāo tán dà lùn
方正不阿	fāng zhèng bù ē
日月丽天	rì yuè lì tiān
人心莫测	rén xīn mò cè
余光分人	yú guāng fēn rén
进退无所	jìn tuì wú suǒ
金石交情	jīn shí jiāo qíng
二三其意	èr sān qí yì
鸡犬不闻	jī quǎn bù wén
绝世无双	jué shì wú shuāng
风流罪过	fēng liú zuì guò
独行其道	dú xíng qí dào
相视而笑	xiāng shì ér xiào
暮夜无知	mù yè wú zhī
见义当为	jiàn yì dāng wéi
哑口无言	yǎ kǒu wú yán
量力而行	liàng lì ér xíng
力不胜任	lì bù shèng rèn
见怪不怪	jiàn guài bù guài
大同小异	dà tóng xiǎo yì
小异大同	xiǎo yì dà tóng
天府之国	tiān fǔ zhī guó
天灾人祸	tiān zāi rén huò
无与为比	wú yǔ wéi bǐ
前言往行	qián yán wǎng xíng
谈笑自如	tán xiào zì rú
一吠百声	yī fèi bǎi shēng
如蹈水火	rú dǎo shuǐ huǒ
时不我待	shí bù wǒ dài
同恶相求	tóng è xiāng qiú
手无寸铁	shǒu wú cùn tiě
河鱼之疾	hé yú zhī jí
明明白白	míng míng bái bái
不合时宜	bù hé shí yí
退如山移	tuì rú shān yí
无毛大虫	wú máo dà chóng
出言吐气	chū yán tǔ qì
知名当世	zhī míng dāng shì
一扫而空	yī sǎo ér kōng
别有人间	bié yǒu rén jiān
酒后无德	jiǔ hòu wú dé
一缘一会	yī yuán yī huì
百尺无枝	bǎi chǐ wú zhī
石沉大海	shí chén dà hǎi
神飞气扬	shén fēi qì yáng
无施不效	wú shī bù xiào
礼无不答	lǐ wú bù dá
不屑一顾	bù xiè yī gù
青黄不接	qīng huáng bù jiē
家累千金	jiā lèi qiān jīn
冲口而出	chōng kǒu ér chū
情深义重	qíng shēn yì zhòng
语重情深	yǔ zhòng qíng shēn
身无寸铁	shēn wú cùn tiě
不知去向	bù zhī qù xiàng
覆亡无日	fù wáng wú rì
口不二价	kǒu bù èr jià
心到神知	xīn dào shén zhī
肥头大面	féi tóu dà miàn
不痴不聋	bù chī bù lóng
不可言宣	bù kě yán xuān
来者不善	lái zhě bù shàn
花花公子	huā huā gōng zǐ
怨天忧人	yuàn tiān yóu rén
神不收舍	shén bù shōu shě
口口相传	kǒu kǒu xiāng chuán
意气飞扬	yì qì fēi yáng
丧家之狗	sàng jiā zhī gǒu
足高气强	zú gāo qì qiáng
视死若生	shì sǐ ruò shēng
因人而异	yīn rén ér yì
归心如箭	guī xīn rú jiàn
遗祸无穷	yí huò wú qióng
四战之国	sì zhàn zhī guó
言多伤行	yán duō shāng xíng
山重水复	shān zhòng shuǐ fù
重山复水	chóng shān fù shuǐ
水宿山行	shuǐ xiǔ shān xíng
决不待时	jué bù dài shí
刻不待时	kè bù dài shí
发扬光大	fā yáng guāng dà
木石心肠	mù shí xīn cháng
石心木肠	shí xīn mù cháng
大头小尾	dà tóu xiǎo wěi
安如泰山	ān rú tài shān
离心离德	lí xīn lí dé
白首如新	bái shǒu rú xīn
春回大地	chūn huí dà dì
大地春回	dà dì chūn huí
大地回春	dà dì huí chūn
气义相投	qì yì xiāng tóu
义气相投	yì qì xiāng tóu
打成一片	dǎ chéng yī piàn
不识起倒	bù shí qǐ dǎo
有说有笑	yǒu shuō yǒu xiào
一花独放	yī huā dú fàng
见神见鬼	jiàn shén jiàn guǐ
不卑不亢	bù bēi bù kàng
不亢不卑	bù kàng bù bēi
倚马千言	yǐ mǎ qiān yán
山高水低	shān gāo shuǐ dī
后继有人	hòu jì yǒu rén
家至人说	jiā zhì rén shuō
人怨天怒	rén yuàn tiān nù
天怒人怨	tiān nù rén yuàn
所作所为	suǒ zuò suǒ wéi
知难而退	zhī nán ér tuì
无孔不钻	wú kǒng bù zuān
负手之歌	fù shǒu zhī gē
头高头低	tóu gāo tóu dī
犬马之疾	quǎn mǎ zhī jí
心旷神飞	xīn kuàng shén fēi
变动不居	biàn dòng bù jū
一旦一夕	yī dàn yī xī
时运不济	shí yùn bù jì
十之八九	shí zhī bā jiǔ
春风满面	chūn fēng mǎn miàn
满面春风	mǎn miàn chūn fēng
死里求生	sǐ lǐ qiú shēng
一路平安	yī lù píng ān
家破人亡	jiā pò rén wáng
人亡家破	rén wáng jiā pò
出将入相	chū jiàng rù xiàng
出入将相	chū rù jiāng xiāng
贵在知心	guì zài zhī xīn
安之若素	ān zhī ruò sù
下笔成文	xià bǐ chéng wén
触目惊心	chù mù jīng xīn
迷天大罪	mí tiān dà zuì
亲如手足	qīn rú shǒu zú
寸地尺天	cùn dì chǐ tiān
民不聊生	mín bù liáo shēng
从风而靡	cóng fēng ér mí
食不二味	shí bù èr wèi
三清四白	sān qīng sì bái
不足介意	bù zú jiè yì
闻风破胆	wén fēng pò dǎn
门户之争	mén hù zhī zhēng
不刊之论	bù kān zhī lùn
顿足不前	dùn zú bù qián
一瞑不视	yī míng bù shì
不足为训	bù zú wéi xùn
同心共胆	tóng xīn gòng dǎn
用兵如神	yòng bīng rú shén
疑事无功	yí shì wú gōng
神气十足	shén qì shí zú
金石良言	jīn shí liáng yán
盖世之才	gài shì zhī cái
公正无私	gōng zhèng wú sī
不赞一词	bù zàn yī cí
有胆有识	yǒu dǎn yǒu shí
犬马之养	quǎn mǎ zhī yǎng
食不下咽	shí bù xià yàn
有嘴没心	yǒu zuǐ méi xīn
一字一板	yī zì yī bǎn
积甲如山	jī jiǎ rú shān
以己度人	yǐ jǐ duó rén
贪而无信	tān ér wú xìn
白头相并	bái tóu xiāng bìng
丹心如故	dān xīn rú gù
口角春风	kǒu jiǎo chūn fēng
语妙天下	yǔ miào tiān xià
无胫而行	wú jìng ér xíng
安分知足	ān fèn zhī zú
有声没气	yǒu shēng méi qì
仁义之兵	rén yì zhī bīng
若有所失	ruò yǒu suǒ shī
人老珠黄	rén lǎo zhū huáng
不出所料	bù chū suǒ liào
春风雨露	chūn fēng yǔ lù
见笑大方	jiàn xiào dà fāng
百折不摧	bǎi zhé bù cuī
心腹大患	xīn fù dà huàn
改行为善	gǎi xíng wéi shàn
流风回雪	liú fēng huí xuě
人非物是	rén fēi wù shì
物是人非	wù shì rén fēi
寂若无人	jì ruò wú rén
日日夜夜	rì rì yè yè
马入华山	mǎ rù huá shān
古井不波	gǔ jǐng bù bō
魂飞天外	hún fēi tiān wài
见机行事	jiàn jī xíng shì
钻天入地	zuān tiān rù dì
乐山乐水	yào shān yào shuǐ
满舌生花	mǎn shé shēng huā
无毁无誉	wú huǐ wú yù
泣下如雨	qǐ xià rú yǔ
无可厚非	wú kě hòu fēi
不忘故旧	bù wàng gù jiù
举目千里	jǔ mù qiān lǐ
耻言人过	chǐ yán rén guò
拖人下水	tuō rén xià shuǐ
一朝之忿	yī zhāo zhī fèn
不拘一格	bù jū yī gé
量力而为	liàng lì ér wéi
足衣足食	zú yī zú shí
谲而不正	jué ér bù zhèng
闳大不经	hóng dà bù jīng
鱼龙百变	yú lóng bǎi biàn
铁面无私	tiě miàn wú sī
江流日下	jiāng liú rì xià
归十归一	guī shí guī yī
经济之才	jīng jì zhī cái
心惊胆寒	xīn jīng dǎn hán
无可名状	wú kě míng zhuàng
顿腹之言	dùn fù zhī yán
悬若日月	xuán ruò rì yuè
言必有物	yán bì yǒu wù
灰心短气	huī xīn duǎn qì
小家子气	xiǎo jiā zi qì
大吹大打	dà chuī dà dǎ
用非其人	yòng fēi qí rén
乐天安命	lè tiān ān mìng
肝心涂地	gān xīn tú dì
大雨如注	dà yǔ rú zhù
谋事在人	móu shì zài rén
舍己为人	shě jǐ wèi rén
视若路人	shì ruò lù rén
同声相应	tóng shēng xiāng yìng
自鸣得意	zì míng dé yì
人情世态	rén qíng shì tai
世态人情	shì tai rén qíng
闻风远扬	wén fēng yuǎn yáng
寡不敌众	guǎ bù dí zhòng
众寡不敌	zhòng guǎ bù dí
无了无休	wú le wú xiū
无休无了	wú xiū wú le
一跌不振	yī diē bù zhèn
不慌不忙	bù huāng bù máng
骇目惊心	hài mù jīng xīn
惊心骇目	jīng xīn hài mù
不辞劳苦	bù cí láo kǔ
十指连心	shí zhǐ lián xīn
计无由出	jì wú yóu chū
河门海口	hé mén hǎi kǒu
渺不足道	miǎo bù zú dào
恶声恶气	è shēng è qì
言行相诡	yán xíng xiāng guǐ
终身大事	zhōng shēn dà shì
巧不可接	qiǎo bù kě jiē
视死如归	shì sǐ rú guī
一坐尽惊	yī zuò jìn jīng
兼人之勇	jiān rén zhī yǒng
年高望重	nián gāo wàng zhòng
计日以待	jì rì yǐ dài
不刊之说	bù kān zhī shuō
言听行从	yán tīng xíng cóng
天差地远	tiān chā dì yuǎn
行不从径	xíng bù cóng jìng
弱不禁风	ruò bù jīn fēng
春风和气	chūn fēng hé qì
一点一滴	yī diǎn yī dī
玉走金飞	yù zǒu jīn fēi
地大物博	dì dà wù bó
狗马声色	gǒu mǎ shēng sè
声色狗马	shēng sè gǒu mǎ
毁不危身	huǐ bù wēi shēn
指日而待	zhǐ rì ér dài
远不间亲	yuǎn bù jiàn qīn
一字千秋	yī zì qiān qiū
应有尽有	yīng yǒu jìn yǒu
独有千古	dú yǒu qiān gǔ
为德不卒	wéi dé bù zú
无出其右	wú chū qí yòu
强作解人	qiǎng zuò jiě rén
革心易行	gé xīn yì xíng
人欲横流	rén yù héng liú
千里神交	qiān lǐ shén jiāo
满而不溢	mǎn ér bù yì
害群之马	hài qún zhī mǎ
天衣无缝	tiān yī wú fèng
无缝天衣	wú féng tiān yī
国难当头	guó nàn dāng tóu
安身为乐	ān shēn wéi lè
壶天日月	hú tiān rì yuè
倒背如流	dào bèi rú liú
不咸不淡	bù xián bù dàn
大失所望	dà shī suǒ wàng
妇人之仁	fù rén zhī rén
片言一字	piàn yán yī zì
无伤无臭	wú shēng wú xiù
正色直言	zhèng sè zhí yán
直言正色	zhí yán zhèng sè
木心石腹	mù xīn shí fù
东流西上	dōng liú xī shàng
异口同声	yì kǒu tóng shēng
一秉大公	yī bǐng dà gōng
时运不齐	shí yùn bù jì
举一废百	jǔ yī fèi bǎi
金石可开	jīn shí kě kāi
使心别气	shǐ xīn bié qì
不壹而足	bù yī ér zú
无根无蒂	wú gēn wú dì
杀身之祸	shā shēn zhī huò
食不累味	shí bù lèi wèi
风和日美	fēng hé rì měi
守节不移	shǒu jié bù yí
金口木舌	jīn kǒu mù shé
一高二低	yī gāo èr dī
草靡风行	cǎo mí fēng xíng
风行草靡	fēng xíng cǎo mí
长风破浪	cháng fēng pò làng
入木三分	rù mù sān fēn
有生力量	yǒu shēng lì liàng
深信不疑	shēn xìn bù yí
坐不安席	zuò bù ān xí
日饮无何	rì yǐn wú hé
托之空言	tuō zhī kōng yán
何罪之有	hé zuì zhī yǒu
点水不漏	diǎn shuǐ bù lòu
一脉同气	yī mài tóng qì
祸福之门	huò fú zhī mén
一片丹心	yī piàn dān xīn
束之高屋	shù zhī gāo wū
从风而服	cóng fēng ér fú
像心如意	xiàng xīn rú yì
千里结言	qiān lǐ jié yán
出鬼入神	chū guǐ rù shén
出入神鬼	chū rù shén guǐ
鬼出神入	guǐ chū shén rù
神出鬼入	shén chū guǐ rù
不由自主	bù yóu zì zhǔ
手足无措	shǒu zú wú cuò
末路之难	mò lù zhī nán
身不由己	shēn bù yóu jǐ
臭不可当	chòu bù kě dāng
千难万苦	qiān nán wàn kǔ
信步而行	xìn bù ér xíng
人非草木	rén fēi cǎo mù
若有所思	ruò yǒu suǒ sī
避世金马	bì shì jīn mǎ
将无做有	jiāng wú zuò yǒu
三夫之对	sān fū zhī duì
见机而作	jiàn jī ér zuò
不逞之徒	bù chěng zhī tú
诚心正意	chéng xīn zhèng yì
正心诚意	zhèng xīn chéng yì
反间之计	fǎn jiàn zhī jì
望风而遁	wàng fēng ér dùn
入骨相思	rù gǔ xiāng sī
国色天香	guó sè tiān xiāng
天香国色	tiān xiāng guó sè
达人知命	dá rén zhī mìng
耳闻目见	ěr wén mù jiàn
目见耳闻	mù jiàn ěr wén
危言高论	wēi yán gāo lùn
丘山之功	qiū shān zhī gōng
日月入怀	rì yuè rù huái
天壤之别	tiān rǎng zhī bié
大中至正	dà zhōng zhì zhèng
口如悬河	kǒu rú xuán hé
说三道四	shuō sān dào sì
不刊之书	bù kān zhī shū
平地风波	píng dì fēng bō
秋月春风	qiū yuè chūn fēng
九流百家	jiǔ liú bǎi jiā
言出祸从	yán chū huò cóng
为非作恶	wéi fēi zuò è
好言好语	hǎo yán hǎo yǔ
易地而处	yì dì ér chǔ
洗手不干	xǐ shǒu bù gàn
重睹天日	chóng dǔ tiān rì
有目共见	yǒu mù gòng jiàn
平心定气	píng xīn dìng qì
心平气定	xīn píng qì dìng
白水鉴心	bái shuǐ jiàn xīn
低首下心	dī shǒu xià xīn
敌不可假	dí bù kě jiǎ
飞短流长	fēi duǎn liú cháng
飞流短长	fēi liú duǎn cháng
不挑之祖	bù tiāo zhī zǔ
用心用意	yòng xīn yòng yì
风举云摇	fēng jǔ yún yáo
一相情愿	yī xiāng qíng yuàn
人急智生	rén jí zhì shēng
出师有名	chū shī yǒu míng
师出有名	shī chū yǒu míng
天之戮民	tiān zhī lù mín
言无二价	yán wú èr jià
心乱如麻	xīn luàn rú má
国无宁日	guó wú níng rì
老之将至	lǎo zhī jiāng zhì
力不能支	lì bù néng zhī
视民如子	shì mín rú zǐ
破家为国	pò jiā wéi guó
于家为国	yú jiā wéi guó
大步流星	dǎ bù liú xīng
意在言外	yì zài yán wài
弦外之意	xián wài zhī yì
终其天年	zhōng qí tiān nián
当世无双	dāng shì wú shuāng
所当无敌	suǒ dāng wú dí
一鳞一爪	yī lín yī zhǎo
刀山火海	dāo shān huǒ hǎi
火海刀山	huǒ hǎi dāo shān
天理难容	tiān lǐ nán róng
血风肉雨	xuè fēng ròu yǔ
少不更事	shào bù gēng shì
不骄不躁	bù jiāo bù zào
忧心如焚	yōu xīn rú fén
斗升之水	dǒu shēng zhī shuǐ
福如东海	fú rú dōng hǎi
触目经心	chù mù jīng xīn
起居无时	qǐ jū wú shí
口出狂言	kǒu chū kuáng yán
思不出位	sī bù chū wèi
一板三眼	yī bǎn sān yǎn
臭不可闻	chòu bù kě wén
马去马归	mǎ qù mǎ guī
一之已甚	yī zhī yǐ shèn
百年大业	bǎi nián dà yè
不可磨灭	bù kě mó miè
一掷百万	yī zhì bǎi wàn
相生相克	xiāng shēng xiāng kè
千秋万世	qiān qiū wàn shì
哭笑不得	kū xiào bù dé
不期而会	bù qī ér huì
百年好事	bǎi nián hǎo shì
无拘无束	wú jū wú shù
无束无拘	wú shù wú jū
自出心裁	zì chū xīn cái
才识过人	cái shí guò rén
国而忘家	guó ér wàng jiā
生死相依	shēng sǐ xiāng yī
书香人家	shū xiāng rén jiā
无拳无勇	wú quán wú yǒng
量才而为	liàng cái ér wéi
掩人耳目	yǎn rén ěr mù
手不释书	shǒu bù shì shū
书不释手	shū bù shì shǒu
一呼百应	yī hū bǎi yìng
天摇地动	tiān yáo dì dòng
油然而生	yóu rán ér shēng
摇身一变	yáo shēn yī biàn
何所不至	hé suǒ bù zhì
恨之入骨	hèn zhī rù gǔ
困而学之	kùn ér xué zhī
万物之灵	wàn wù zhī líng
一言中的	yī yán zhōng dì
无根而固	wú gēn ér gù
轻言轻语	qīng yán qīng yǔ
遗物识心	yí wù shí xīn
白发丹心	bái fà dān xīn
口快心直	kǒu kuài xīn zhǐ
口直心快	kǒu zhí xīn kuài
心直口快	xīn zhí kǒu kuài
云泥之别	yún ní zhī bié
三长四短	sān cháng sì duǎn
缄口无言	jiān kǒu wú yán
适以相成	shì yǐ xiāng chéng
时不我与	shí bù wǒ yǔ
人所共知	rén suǒ gòng zhī
师心自用	shī xīn zì yòng
一介之士	yī jiè zhī shì
中庸之道	zhōng yōng zhī dào
就正有道	jiù zhèng yǒu dào
足足有余	zú zú yǒu yú
道头知尾	dào tóu zhī wěi
强而后可	qiǎng ér hòu kě
望断白云	wàng duàn bái yún
攘人之美	rǎng rén zhī měi
为所欲为	wéi suǒ yù wéi
在家出家	zài jiā chū jiā
足兵足食	zú bīng zú shí
足食足兵	zú shí zú bīng
无补于事	wú bǔ yú shì
于事无补	yú shì wú bǔ
大雅之堂	dà yǎ zhī táng
不绝若线	bù jué ruò xiàn
魂不负体	hún bù fù tǐ
多故之秋	duō gù zhī qiū
连绵不绝	lián mián bù jué
天道好还	tiān dào hǎo huán
下愚不移	xià yú bù yí
后生小子	hòu shēng xiǎo zǐ
小子后生	xiǎo zǐ hòu shēng
混然天成	hùn rán tiān chéng
一表人材	yī biǎo rén cái
绳之以法	shéng zhī yǐ fǎ
天生地设	tiān shēng dì shè
日昃不食	rì zè bù shí
野无遗才	yě wú yí cái
坐怀不乱	zuò huái bù luàn
上雨旁风	shàng yǔ páng fēng
同盘而食	tóng pán ér shí
金相玉振	jīn xiāng yù zhèn
自得其乐	zì dé qí lè
人穷志短	rén qióng zhì duǎn
一叶知秋	yī yè zhī qiū
弱不胜衣	ruò bù shèng yī
浪迹天下	làng jì tiān xià
以退为进	yǐ tuì wéi jìn
比年不登	bǐ nián bù dēng
推而广之	tuī ér guǎng zhī
铁肠石心	tiě cháng shí xīn
铁石心肠	tiě shí xīn cháng
铁心石肠	tiě xīn shí cháng
望尘不及	wàng chén bù jí
以德服人	yǐ dé fú rén
功高望重	gōng gāo wàng zhòng
正直无私	zhèng zhí wú sī
五行八作	wǔ háng bā zuò
闻声相思	wén shēng xiāng sī
妙绝时人	miào jué shí rén
心术不端	xīn shù bù duān
一挥而就	yī huī ér jiù
一般无二	yī bān wú èr
无计可施	wú jì kě shī
大杀风景	dà shā fēng jǐng
百计千方	bǎi jì qiān fāng
千方百计	qiān fāng bǎi jì
如履平地	rú lǚ píng dì
不可胜算	bù kě shèng suàn
快心满意	kuài xīn mǎn yì
百下百全	bǎi xià bǎi quán
一贫如洗	yī pín rú xǐ
无知妄作	wú zhī wàng zuò
秋风过耳	qiū fēng guò ěr
不知肉味	bù zhī ròu wèi
如花似玉	rú huā sì yù
胆破心寒	dǎn pò xīn hán
破胆寒心	pò dǎn hán xīn
无稽之谈	wú jī zhī tán
身心交病	shēn xīng jiāo bìng
三长两短	sān cháng liǎng duǎn
云中白鹤	yún zhōng bái hè
独木不林	dú mù bù lín
金口玉音	jīn kǒu yù yīn
不耻下问	bù chǐ xià wèn
高枕无忧	gāo zhěn wú yōu
人浮于食	rén fú yú shí
无妄之灾	wú wàng zhī zāi
今不如昔	jīn bù rú xī
有伤风化	yǒu shāng fēng huà
自业自得	zì yè zì dé
犬马之报	quǎn mǎ zhī bào
逐日追风	zhú rì zhuī fēng
追风逐日	zhuī fēng zhú rì
言简意深	yán jiǎn yì shēn
有国难投	yǒu guó nán tóu
口出不逊	kǒu chū bù xùn
有始无终	yǒu shǐ wú zhōng
惊心骇神	jīng xīn hài shén
寸有所长	cùn yǒu suǒ cháng
瓦影之鱼	wǎ yǐng huā yú
人满为患	rén mǎn wéi huàn
势不两存	shì bù liǎng cún
兵无常形	bīng wú cháng xíng
打马虎眼	dǎ mǎ hu yǎn
汗如雨下	hàn rú yǔ xià
九九归一	jiǔ jiǔ guī yī
患难之交	huàn nàn zhī jiāo
入井望天	rù jǐng wàng tiān
临难不避	lín nán bù bì
称心满意	chèn xīn mǎn yì
青云万里	qīng yún wàn lǐ
故旧不弃	gù jiù bù qì
问心无愧	wèn xīn wú kuì
一诺无辞	yī nuò wú cí
知小谋大	zhī xiǎo móu dà
半信不信	bàn xìn bù xìn
风雨连床	fēng yǔ lián chuáng
日来月往	rì lái yuè wǎng
日往月来	rì wǎng yuè lái
负俗之累	fù sú zhī lèi
自私自利	zì sī zì lì
情见于色	qíng jiàn yú sè
面如死灰	miàn rú sǐ huī
夏雨雨人	xià yǔ yǔ rén
千门万户	qiān mén wàn hù
万户千门	wàn hù qiān mén
呼之欲出	hū zhī yù chū
矢不虚发	shǐ bù xū fā
文人学士	wén rén xué shì
一弛一张	yī chí yī zhāng
一张一弛	yī zhāng yī chí
日中为市	rì zhōng wéi shì
言方行圆	yán fāng xíng yuán
有以善处	yǒu yǐ shàn chǔ
坐言起行	zuò yán qǐ xíng
人非土木	rén fēi tǔ mù
齐心合力	qí xīn hé lì
胆战心惊	dǎn zhàn xīn jīng
心惊胆战	xīn jīng dǎn zhàn
计不返顾	jì bù fǎn gù
成己成物	chéng jǐ chéng wù
扬长而去	yáng cháng ér qù
九牛一毛	jiǔ niú yī máo
没齿不忘	mò chǐ bù wàng
人死留名	rén sǐ liú míng
云交雨合	yún jiāo yǔ hé
多言多语	duō yán duō yǔ
分寸之末	fēn cùn zhī mò
人浮于事	rén fú yú shì
锐不可当	ruì bù kě dāng
计然之策	jì rán zhī cè
肝胆过人	gān dǎn guò rén
道同义合	dào tóng yì hé
善自为谋	shàn zì wéi móu
言来语去	yán lái yǔ qù
随风而靡	suí fēng ér mǐ
有气没力	yǒu qì méi lì
见景生情	jiàn jǐng shēng qíng
一元大武	yī yuán dà wǔ
逐物不还	zhú wù bù huán
虎头虎脑	hǔ tóu hǔ nǎo
惨然不乐	cǎn rán bù lè
头上末下	tóu shàng mò xià
了然无闻	le rán wú wén
连绵不断	lián mián bù duàn
为恶不悛	wéi è bù quān
可乘之机	kě chéng zhī jī
秀才人情	xiù cái rén qíng
东流西落	dōng liú xī luò
白山黑水	bái shān hēi shuǐ
相知有素	xiāng zhī yǒu sù
危言危行	wēi yán wēi xíng
人多势众	rén duō shì zhòng
出没无常	chū mò wú cháng
无伤大雅	wú shāng dà yǎ
坐卧不安	zuò wò bù ān
才大难用	cái dà nán yòng
成年累月	chéng nián lěi yuè
地北天南	dì běi tiān nán
天南地北	tiān nán dì běi
意气用事	yì qì yòng shì
一岁三迁	yī suì sān qiān
五色无主	wǔ sè wú zhǔ
如牛负重	rú niú fù zhòng
布衣之交	bù yī zhī jiāo
恶语伤人	è yǔ shāng rén
有何面目	yǒu hé miàn mù
雨散云飞	yǔ sàn yún fēi
云飞雨散	yún fēi yǔ sàn
八万四千	bā wàn sì qiān
如花似月	rú huā sì yuè
箭不虚发	jiàn bù xū fā
云行雨施	yún xíng yǔ shī
人材出众	rén cái chū zhòng
千方万计	qiān fāng wàn jì
一石二鸟	yī shí èr niǎo
三五成群	sān wǔ chéng qún
身远心近	shēn yuǎn xīn jìn
祸福无门	huò fú wú mén
犬马之决	quǎn mǎ zhī jué
九死不悔	jiǔ sǐ bù huǐ
鱼贯而出	yú guàn ér chū
不劳而获	bù láo ér huò
浩然之气	hào rán zhī qì
笑而不答	xiào ér bù dá
以言为讳	yǐ yán wéi huì
真心实意	zhēn xīn shí yì
矢石之难	shǐ shí zhī nán
勇而无谋	yǒng ér wú móu
反脸无情	fān liǎn wú qíng
黄天焦日	huáng tiān jiāo rì
不羞当面	bù xiū dāng miàn
千金一诺	qiān jīn yī nuò
一诺千金	yī nuò qiān jīn
名正言顺	míng zhèng yán shùn
文以载道	wén yǐ zài dào
文似其人	wén sì qí rén
脚不沾地	jiǎo bù zhān dì
名山事业	míng shān shì yè
好事之徒	hào shì zhī tú
一身二任	yī shēn èr rèn
以白为黑	yǐ bái wéi hēi
以黑为白	yǐ hēi wéi bái
千家万户	qiān jiā wàn hù
道远日暮	dào yuàn rì mù
日暮道远	rì mù dào yuǎn
倒悬之苦	dào xuán zhī kǔ
不轨之徒	bù guǐ zhī tú
扫地无余	sǎo dì wú yú
无背无侧	wú bèi wú cè
一时半刻	yī shí bàn kè
大红大绿	dà hóng dà lǜ
专心一志	zhuān xīn yī zhì
夺人所好	duó rén suǒ hào
眼中有铁	yǎn zhōng yǒu tiě
一篑之功	yī kuì zhī gōng
生龙活虎	shēng lóng huó hǔ
指不胜屈	zhǐ bù shèng qū
如龙似虎	rú lóng sì hǔ
以貌取人	yǐ mào qǔ rén
耳视目食	ěr shì mù shí
目食耳视	mù shí ěr shì
白屋之士	bái wū zhī shì
顺风而呼	shǔn fēng ér hū
燕雀之见	yàn què zhī jiàn
自作门户	zì zuò mén hù
好语如珠	hǎo yǔ rú zhū
不足挂齿	bù zú guà chǐ
力可拔山	lì kě bá shān
水米无交	shuǐ mǐ wú jiāo
情有可原	qíng yǒu kě yuán
色胆迷天	sè dǎn mí tiān
百忍成金	bǎi rěn chéng jīn
热心苦口	rè xīn kǔ kǒu
西风落叶	xī fēng luò yè
甲冠天下	jiǎ guàn tiān xià
两虎相斗	liǎng hǔ xiāng dòu
百二河山	bǎi èr hé shān
百二山河	bǎi èr shān hé
雄视一世	xióng shì yī shì
邪不胜正	xié bù shèng zhèng
以一警百	yǐ yī jǐng bǎi
好声好气	hǎo shēng hǎo qì
兼善天下	jiān shàn tiān xià
文山会海	wén shān huì hǎi
春风化雨	chūn fēng huà yǔ
日新月异	rì xīn yuè yì
日异月新	rì yì yuè xīn
月异日新	yuè yì rì xīn
人各有志	rén gè yǒu zhì
地上天宫	dì shàng tiān gōng
云锦天章	yún jǐn tiān zhāng
万世无疆	wàn shì wú jiāng
一知片解	yī zhī piàn jiě
以大恶细	yǐ dà wù xì
相形失色	xiāng xíng shī sè
友风子雨	yǒu fēng zǐ yǔ
江山如故	jiāng shān rú gù
放言高论	fàng yán gāo lùn
机变如神	jī biàn rú shén
举世无双	jǔ shì wú shuāng
文不加点	wén bù jiā diǎn
一清二楚	yī qīng èr chǔ
壶中天地	hú zhōng tiān dì
持人长短	chí rén cháng duǎn
用一当十	yòng yī dāng shí
视下如伤	shì xià rú shāng
孤家寡人	gū jiā guǎ rén
身轻言微	shēn qīng yán wēi
身微言轻	shēn wēi yán qīng
未风先雨	wèi fēng xiān yǔ
非分之想	fēi fèn zhī xiǎng
夫子自道	fū zǐ zì dào
多鱼之漏	duō yú zhī lòu
分文不值	fēn wén bù zhí
言语路绝	yán yǔ lù jué
风轻云淡	fēng qīng yún dàn
云淡风轻	yún dàn fēng qīng
一览无遗	yī lǎi wú yí
釜中之鱼	fǔ zhōng zhī yú
不贪为宝	bù tān wé bǎo
出其不虞	chū qí bù yú
谈吐风生	tán tǔ fēng shēng
谈吐生风	tán tǔ shēng fēng
明公正气	míng gōng zhèng qì
肥头大耳	féi tóu dà ěr
从心所欲	cóng xīn suǒ yù
人微望轻	rén wēi wàng qīng
中流一壶	zhōng liú yī hú
杳无人迹	yǎo wú rén jì
生死肉骨	shēng sǐ ròu gǔ
杯中之物	bēi zhōng zhī wù
风急浪高	fēng jí làng gāo
满城风雨	mǎn chéng fēng yǔ
祸从口生	huò cóng kǒu shēng
层出不穷	céng chū bù qióng
水漫金山	shuǐ màn jīn shān
入土为安	rù tú wéi ān
源源不绝	yuán yuán bù jué
兵车之会	bīng chē zhī huì
直言无讳	zhí yán wú huì
无迹可寻	wú jì kě xún
有血有肉	yǒu xuè yǒu ròu
积土成山	jī shuǐ wéi shān
高义薄云	gāo yì bó yún
死得其所	sǐ dé qí suǒ
言中事隐	yán zhōng shì yǐn
知人善任	zhī rén shàn rèn
海水群飞	hǎi shuǐ qún fēi
事出有因	shì chū yǒu yīn
几不欲生	jī bù yù shēng
之死靡二	zhī sǐ mí èr
一年半载	yī nián bàn zǎi
得马折足	dé mǎ shé zú
心满原足	xīn mǎn yuán zú
食不果腹	shí bù guǒ fù
黄泉之下	huáng quán zhī xià
食指大动	shí zhǐ dà dòng
雷动风行	léi dòng fēng xíng
名从主人	míng cóng zhǔ rén
成家立计	chéng jiā lì jì
默而识之	mò ér shí zhī
铁石心肝	tiě shí xīn gān
出尘不染	chū chén bù rǎn
不抗不卑	bù kàng bù bēi
来情去意	lái qíng qù yì
南风不竞	nán fēng bù jìng
反手可得	fǎn shǒu kě dé
无所措手	wú suǒ cuò shǒu
胆大包天	dǎn dà bāo tiān
久而久之	jiǔ ér jiǔ zhī
不次之位	bù cì zhī wèi
言过其实	yán guò qí shí
变化如神	biàn huà rú shén
风行电击	fēng xíng diàn jī
论议风生	lùn yì fēng shēng
议论风生	yì lùn fēng shēng
邪不干正	xié bù gān zhèng
古貌古心	gǔ mào gǔ xīn
遗落世事	yí luò shì shì
赏不逾日	shǎng bù yú rì
抱打不平	bào dǎ bù píng
打抱不平	dǎ bào bù píng
日丽风清	rì lì fēng qīng
知一万毕	zhī yī wàn bì
应变无方	yìng biàn wú fāng
一钱如命	yī qián rú mìng
无价之宝	wú jià zhī bǎo
移天换日	yí tiān huàn rì
与世无争	yú shì wú zhēng
口坠天花	kǒu zhuì tiān huā
如履如临	rú lǚ rú lín
济人利物	jì rén lì wù
魂不守舍	hún bù shǒu shè
无功而禄	wú gōng ér lù
头破血出	tóu pò xuè chū
转眼之间	zhuǎn yǎn zhī jiān
鼎分三足	dǐng fēn sān zú
鼎足三分	dǐng zú sān fēn
三分鼎足	sān fēn dǐng zú
如鱼似水	rú yú sì shuǐ
似水如鱼	sì shuǐ rú yú
敌不可纵	dí bù kě zòng
马上墙头	mǎ shàng qiáng tóu
墙头马上	qiáng tóu mǎ shàng
安心定志	ān xīn dìng zhì
引人入胜	yǐn rén rù shèng
百城之富	bǎi chéng zhī fù
家无二主	jiā wú èr zhǔ
非意相干	fēi yì xiāng gān
先声夺人	xiān shēng duó rén
惨不忍言	cǎn bù rěn yán
以理服人	yǐ lǐ fú rén
无地自厝	wú dì zì cuò
名山大川	míng shān dà chuān
头足异所	tóu zú yì suǒ
山行海宿	shān xíng hǎi xiǔ
安心乐业	ān xīn lè yè
德高望重	dé gāo wàng zhòng
本来面目	běn lái miàn mù
故作高深	gù zuò gāo shēn
长舌之妇	cháng shé zhī fù
民不畏死	mín bù wèi sǐ
众人国士	zhòng rén guó shì
自力更生	zì lì gēng shēng
心照神交	xīn zhào shén jiāo
措手不及	cuò shǒu bù jí
兵不由将	bīng bù yóu jiàng
白云孤飞	bái yún gū fēi
出语成章	chū yǔ chéng zhāng
言出祸随	yán chū huò suí
大车以载	dà chē yǐ zài
神眉鬼道	shén méi guǐ dào
变风易俗	biàn fēng yì sú
平地青云	píng dì qīng yún
不修小节	bù xiū xiǎo jié
开口见胆	kāi kǒu jiàn dǎn
无任之禄	wú rèn zhī lù
大红大紫	dà hóng dà zǐ
百衣百随	bǎi yī bǎi suí
魂飞目断	hún fēi mù duàn
不便水土	bù biàn shuǐ tǔ
后来之秀	hòu lái zhī xiù
一笑了事	yī xiào le shì
乐不极盘	lè bù jí pán
地下修文	dì xià xiū wén
一往直前	yī wǎng zhí qián
东南之美	dōng nán zhī měi
平地风雷	píng dì fēng léi
道无拾遗	dào wú shí yí
同垂不朽	tóng chuí bù xiǔ
血气之勇	xuè qì zhī yǒng
心细于发	xīn xì yú fā
非同小可	fēi tóng xiǎo kě
不费之惠	bù fèi zhī huì
泥古不化	nì gǔ bù huà
断决如流	duàn jué rú liú
决断如流	jué duàn rú liú
狼子野心	láng zǐ yě xīn
明公正道	míng gōng zhèng dào
正明公道	zhèng míng gōng dào
赏心乐事	shǎng xīn lè shì
语短情长	yǔ duǎn qíng cháng
荒无人烟	huāng wú rén yān
渺无人迹	miǎo wú rén jì
有勇无谋	yǒu yǒng wú móu
上情下达	shàng qíng xià dá
下情上达	xià qíng shàng dá
不务空名	bù wù kōng míng
无可非议	wú kě fēi yì
仙风道气	xiān fēng dào qì
相安相受	xiāng ān xiāng shòu
盈盈一水	yíng yíng yī shuǐ
惊心惨目	jīng xīn cǎn mù
变化无穷	biàn huà wú qióng
源源不断	yuán yuán bù duàn
心如刀割	xīn rú dāo gē
利出一孔	lì chū yī kǒng
化外之民	huà wài zhī mín
飞龙乘云	fēi lóng chéng yún
天机云锦	tiān jī yún jǐn
自作自受	zì zuò zì shòu
危言正色	wēi yán zhèng sè
正色危言	zhèng sè wēi yán
好景不常	hǎo jǐng bù cháng
当之有愧	dāng zhī yǒu kuì
转海回天	zhuǎn hǎi huí tiān
树大招风	shù dà zhāo fēng
疏而不漏	shū ér bù lòu
听其自流	tīng qí zì liú
参天两地	cān tiān liǎng dì
功盖天下	gōng gài tiān xià
风言醋语	fēng yán cù yǔ
遗风余思	yí fēng yú sī
遗风余俗	yí fēng yú sú
时无再来	shí wú zài lái
天崩地解	tiān bēng dì jiě
死不改悔	sǐ bù gǎi huǐ
死不悔改	sǐ bù huǐ gǎi
目不交睫	mù bù jiāo jié
举措不当	jǔ cuò bù dàng
白日作梦	bái rì zuò mèng
家散人亡	jiā sàn rén wáng
誓死不二	shì sǐ bù èr
万古长青	wàn gǔ cháng qīng
巴人下里	bā rén xià lǐ
下里巴人	xià lǐ bā rén
隐忍不发	yǐn rěn bù fā
雄文大手	xióng wén dà shǒu
文献之家	wén xiàn zhī jiā
无机可乘	wú jī kě chéng
判然不同	pàn rán bù tóng
汗马之劳	hàn mǎ zhī láo
事出无奈	shì chū wú nài
坐而论道	zuò ér lùn dào
言出法随	yán chū fǎ suí
死心搭地	sǐ xīn dā dì
死心塌地	sǐ xīn tā dì
至理名言	zhì lǐ míng yán
功一美二	gōng yī měi èr
不速之客	bù sù zhī kè
点石为金	diǎn shí wéi jīn
淡而不厌	dàn ér bù yàn
一蹶不兴	yī juě bù xīng
遵而不失	zūn ér bù shī
百虑一致	bǎi lǜ yī zhì
一致百虑	yī zhì bǎi lǜ
人微言贱	rén wēi yán jiàn
一言兴邦	yī yán xīng bāng
功德无量	gōng dé wú liàng
玉成其美	yù chéng qí měi
不避汤火	bù bì tāng huǒ
守正不阿	shǒu zhèng bù ē
无私有弊	wú sī yǒu bì
色如死灰	sè rú sǐ huī
胆小如鼠	dǎn xiǎo rú shǔ
尺寸之功	chǐ cù zhī gōng
三谏之义	sān jiàn zhī yì
进退无路	jìn tuì wú lù
分形连气	fēn xíng lián qì
绳墨之言	shéng mò zhī yán
九世之仇	jiǔ shì zhī chóu
今月古月	jīn yuè gǔ yuè
东山高卧	dōng shān gāo wò
高卧东山	gāo wò dōng shān
论千论万	lùn qiān lùn wàn
百里挑一	bǎi lǐ tiāo yī
一倡一和	yī chàng yī hé
顺水顺风	shùn shuǐ shùn fēng
听风听水	tīng fēng tīng shuǐ
半上落下	bàn shàng luò xià
三十六行	sān shí liù háng
相机而动	xiàng jī ér dòng
奋不顾身	fèn bù gù shēn
奋身不顾	fèn shēn bù gù
举国一致	jǔ guó yī zhì
计日可待	jì rì kě dài
泪如雨下	lèi rú yǔ xià
泪下如雨	lèi xià rú yǔ
得失相半	dé shī xiāng bàn
食不终味	shí bù zhōng wèi
付之东流	fù zhī dōng liú
仰不愧天	yǎng bù kuì tiān
声闻过情	shēng wén guò qíng
直言正论	zhí yán zhèng lùn
深山长谷	shēn shān cháng gǔ
闲言长语	xián yán cháng yǔ
浑然无知	hún rán wú zhī
轻死重义	qīng sǐ zhòng yì
趁人之危	chèn rén zhī wēi
自顾不暇	zì gù bù xiá
浑然天成	hún rán tiān chéng
游云惊龙	yóu yún jīng lóng
用天因地	yòng tiān yīn dì
志高气扬	zhì gāo qì yáng
混为一谈	hùn wéi yī tán
高飞远举	gāo fēi yuǎn jǔ
错落不齐	cuò luò bù qí
大张声势	dà zhāng shēng shì
心照情交	xīn zhào qíng jiāo
玉石同沉	yù shí tóng chén
魂不附体	hún bù fù tǐ
五花八门	wǔ huā bā mén
一举两全	yī jǔ liǎng quán
薄寒中人	bó hán zhòng rén
中道而废	zhōng dào ér fèi
风吹雨打	fēng chuī yǔ dǎ
雨打风吹	yǔ dǎ fēng chuī
一床两好	yī chuáng liǎng hǎo
古调不弹	gǔ diào bù tán
缺食无衣	quē shí wú yī
将相之器	jiàng xiàng zhī qì
容头过身	róng tóu guò shēn
大吉大利	dà jí dà lì
以鹿为马	yǐ lù wéi mǎ
三年之艾	sān nián zhī ài
轻身重义	qīng shēn zhòng yì
白草黄云	bái cǎo huáng yún
鞭长不及	biān cháng bù jí
家败人亡	jiā bài rén wáng
天灾地变	tiān zāi dì biàn
国计民生	guó jì mín shēng
民生国计	mín shēng guó jì
千年一律	qiān nián yī lǜ
量入为出	liàng rù wéi chū
山高水险	shān gāo shuǐ xiǎn
人亡物在	rén wáng wù zài
物在人亡	wù zài rén wáng
风吹云散	fēng chuī yún sàn
急不及待	jí bù jí dài
乐而忘死	lè ér wàng sǐ
游移不定	yóu yí bù dìng
龙胡之痛	lóng hú zhī tòng
止谈风月	zhǐ tán fēng yuè
流血千里	liú xuè qiān lǐ
改天换地	gǎi tiān huàn dì
弹无虚发	dàn wú xū fā
头破血流	tóu pò xuè liú
无父无君	wú fù wú jūn
长夜难明	cháng yè nán míng
出人意料	chū rén yì liào
千载一会	qiān zǎi yī huì
巧言利口	qiǎo yán lì kǒu
马足龙沙	mǎ zú lóng shā
年头月尾	nián tóu yuè wěi
半死半生	bàn sǐ bàn shēng
一字兼金	yī zì jiān jīn
六神无主	liù shén wú zhǔ
无间可乘	wú jiān kě chéng
足不窥户	zú bù kuī hù
足不逾户	zú bù yú hù
移风易俗	yí fēng yì sú
易俗移风	yì sú yí fēng
助人下石	zhù rén xià shí
学如登山	xuá rú dēng shān
愤不欲生	fèn bù yù shēng
难以为继	nán yǐ wéi jì
不愧下学	bù kuì xià xué
毫不讳言	háo bù huì yán
君子之交	jūn zǐ zhī jiāo
爱国如家	ài guó rú jiā
如临大敌	rú lín dà dí
弱不好弄	ruò bù hǎo nòng
望风而降	wàng fēng ér jiàng
立锥之地	lì zhuī zhī dì
同生共死	tóng shēng gòng sǐ
山明水秀	shān míng shuǐ xiù
水明山秀	shuǐ míng shān xiù
水秀山明	shuǐ xiù shān míng
秀水明山	xiù shuǐ míng shān
长年累月	cháng nián lěi yuè
竭尽心力	jié jìn xīn lì
尽心竭力	jìn xīn jié lì
花言巧语	huā yán qiǎo yǔ
巧语花言	qiǎo yǔ huā yán
死心踏地	sǐ xīn tà dì
忘其所以	wàng qí suǒ yǐ
马壮人强	mǎ zhuàng rén qiáng
人强马壮	rén qiáng mǎ zhuàng
劳心苦思	láo xīn kǔ sī
龙神马壮	lóng shén mǎ zhuàng
神龙马壮	shén lóng mǎ zhuàng
堂而皇之	táng ér huáng zhī
二分明月	èr fēn míng yuè
举国上下	jǔ guó shàng xià
毛发不爽	máo fā bù shuǎng
天假其年	tiān jiǎ qí nián
千古一律	qiān gǔ yī lǜ
过时黄花	guò shí huáng huā
人手一册	rén shǒu yī cè
牢不可破	láo bù kě pò
好色之徒	hào sè zhī tú
言高语低	yán gāo yǔ dī
身首异地	shēn shǒu yì dì
气涌如山	qì yǒng rú shān
风雨交加	fēng yǔ jiāo jiā
一统天下	yī tǒng tiān xià
赞不绝口	zàn bù jué kǒu
赞口不绝	zàn kǒu bù jué
劳形苦心	láo xíng kǔ xīn
重气轻命	zhòng qì qīng mìng
故入人罪	gù rù rén zuì
机事不密	jī shì bù mì
金相玉质	jīn xiàng yù zhì
玉质金相	yù zhì jīn xiàng
万赖无声	wàn lài wú shēng
破死忘生	pò sǐ wàng shēng
万古长春	wàn gǔ cháng chūn
如虎得翼	rú hǔ dé yì
生众食寡	shēng zhòng shí guǎ
风兵草甲	fēng bīng cǎo jiǎ
不堪入耳	bù kān rù ěr
一针一线	yī zhēn yī xiàn
杜绝人事	dù jué rén shì
披发入山	pī fā rù shān
土生土长	tǔ shēng tǔ zhǎng
不择生冷	bù zé shēng lěng
出文入武	chū wén rù wǔ
入文出武	rù wén chū wǔ
感天动地	gǎn tiān dòng dì
功成名就	gōng chéng míng jiù
心灰意败	xīn huī yì bài
江河行地	jiāng hé xíng dì
目无王法	mù wú wáng fǎ
身体力行	shēn tǐ lì xíng
善气迎人	shàn qì yíng rén
事半功百	shì bàn gōng bǎi
出神入化	chū shén rù huà
移山倒海	yí shān dǎo hǎi
指日誓心	zhǐ rì shì xīn
年谷不登	nián gǔ bù dēng
矜功不立	jīn gōng bù lì
朝不谋夕	zhāo bù móu xī
动心骇目	dòng xīn hài mù
骇心动目	hài xīn dòng mù
无间是非	wú jiàn shì fēi
不分皂白	bù fēn zào bái
皂白不分	zào bái bù fēn
人财两失	rén cái liǎng shī
降心相从	jiàng xīn xiāng cóng
倒悬之急	dào xuán zhī jí
倒悬之危	dào xuán zhī wēi
家长里短	jiā cháng lǐ duǎn
不忮不求	bù zhì bù qiú
坐视不救	zuò shī bù jiù
自相惊忧	zì xiāng jīng rǎo
一字长城	yī zì cháng chéng
无牵无挂	wú qiān wú guà
避世金门	bì shì jīn mén
成算在心	chéng suàn zài xīn
全心全意	quán xīn quán yì
白华之怨	bái huá zhī yuàn
教一识百	jiāo yī shí bǎi
当行本色	dāng xíng běn sè
凤舞龙飞	fèng wǔ lóng fēi
龙飞凤舞	lóng fēi fèng wǔ
舞凤飞龙	wǔ fèng fēi lóng
不虞之誉	bù yú zhī yù
天工人代	tiān gōng rén dài
一脉相通	yī mài xiāng tōng
正正之旗	zhèng zhèng zhī qí
开心见诚	kāi xīn jiàn chéng
酒后失言	jiǔ hòu shī yán
顾小失大	gù xiǎo shī dà
人生若寄	rén shēng ruò jì
天女散花	tiān nǚ sàn huā
尽其所长	jìn qí suǒ cháng
点石成金	diǎn shí chéng jīn
言归于好	yán guī yú hǎo
势倾天下	shì qīng tiān xià
无尤无怨	wú yóu wú yuàn
度日如岁	dù rì rú suì
言与心违	yán yǔ xīn wéi
八面威风	bā miàn wēi fēng
威风八面	wēi fēng bā miàn
调风弄月	tiáo fēng nòng yuè
大贤虎变	dà xián hǔ biàn
心荡神迷	xīn dàng shén mí
柔而不犯	róu ér bù fàn
苍白无力	āng bái búi lì
五言长城	wǔ yán cháng chéng
登高一呼	dēng gāo yī hū
流水桃花	liú shuǐ táo huā
桃花流水	táo huā liú shuǐ
千秋万古	qiān qiū wàn gǔ
万古千秋	wàn gǔ qiān qiū
上下同欲	shàng xià tóng yù
一木难支	yī mù nán zhī
意出望外	yì chū wàng wài
七言八语	qī yán bā yǔ
草偃风行	cǎo yǎn fēng xíng
风行草偃	fēng xíng cǎo yǎn
鸡犬无惊	jī quǎn wú jīng
一念之差	yī niàn zhī chā
替天行道	tì tiān xíng dào
一针见血	yī zhēn jiàn xiě
狗彘不如	gǒu zhì bù rú
言行相符	yán xíng xiāng fú
一箭之遥	yī jiàn zhī yáo
通天彻地	tōng tiān chè dì
立谈之间	lì tán zhī jiān
三言两句	sān yán liǎng jù
狐听之声	hú tīng zhī shēng
天从人愿	tiān cóng rén yuàn
出言吐语	chū yán tǔ yǔ
爱人利物	ài rén lì wù
苦难深重	kǔ nàn shēn zhòng
出门如宾	chū mén rú bīn
成城断金	chéng chéng duàn jīn
流落失所	liú luò shī suǒ
腹背之毛	fù bèi zhī máo
半身不遂	bàn shēn bù suí
铁心木肠	tiě xīn mù cháng
食不充肠	shí bù chōng cháng
五行并下	wǔ háng bìng xià
不矜细行	bù jīn xì xíng
情投意合	qíng tóu yì hé
意合情投	yì hé qíng tóu
恶衣恶食	è yī è shí
春风野火	chūn fēng yě huǒ
同恶相济	tóng è xiāng jì
神往神来	shén wǎng shén lái
一介不苟	yī jiè bù gǒu
箕山之志	jī shān zhī zhì
弦无虚发	xián wú xū fā
百足不僵	bǎi zú bù jiāng
狗吠不惊	gǒu fèi bù jīng
兵无常势	bīng wú cháng shì
安如盘石	ān rú pán shí
意气扬扬	yì qì yáng yáng
假手于人	jiǎ shǒu yú rén
北风之恋	běi fēng zhī liàn
道东说西	dào dōng shuō xī
道西说东	dào xī shuō dōng
说东道西	shuō dōng dào xī
目不识丁	mù bù shí dīng
奉如神明	fèng rú shén míng
道长论短	dào cháng lùn duǎn
论长道短	lùn cháng dào duǎn
论短道长	lùn duǎn dào cháng
重手累足	chóng shǒu lěi zú
一波万波	yī bō wàn bō
虎啸风生	hǔ xiào fēng shēng
急如星火	jí rú xīng huǒ
后发制人	hòu fā zhì rén
滔天之罪	tāo tiān zhī zuì
杳不可闻	yǎo bù kě wén
不依不饶	bù yī bù ráo
言重九鼎	yán zhòng jiǔ dǐng
间不容息	jiàn bù róng xī
东洋大海	dōng yáng dà hǎi
七大八小	qī dà bā xiǎo
地老天荒	dì lǎo tiān huāng
天荒地老	tiān huāng dì lǎo
天老地荒	tiān lǎo dì huāng
遗风旧俗	yí fēng jiù sú
听其自然	tīng qí zì rán
一力承当	yī lì chéng dāng
鱼水相欢	yú shuǐ xiāng huān
小往大来	xiǎo wǎng dà lái
恶居下流	wù jū xià liú
公平无私	gōng píng wú sī
一落千丈	yī luò qiān zhàng
无有伦比	wú yǒu lún bǐ
人云亦云	rén yún yì yún
出于意外	chū yú yì wài
国之干城	guó zhī gān chéng
腹心相照	fù xīn xiāng zhào
根生土长	gēn shēn tǔ zhǎng
急风暴雨	jí fēng bào yǔ
三迁之教	sān qiān zhī jiào
才高行厚	cái gāo xíng hòu
尾大不掉	wěi dà bù diào
日久月深	rì jiǔ yuè shēn
随心所欲	suí xīn suǒ yù
道合志同	dào hé zhì tóng
道同志合	dào tóng zhì hé
志同道合	zhì tóng dào hé
云天高谊	yún tiān gāo yì
退食自公	tuì shí zì gōng
其味无穷	qí wèi wú qióng
遮人眼目	zhē rén yǎn mù
说千说万	shuō qiān shuō wàn
道学先生	dào xué xiān shēng
食不甘味	shí bù gān wèi
长恶不悛	cháng è bù quān
如日方升	rú rì fāng shēng
变风改俗	biàn fēng yì sú
言发祸随	yán fā huò suí
无所可否	wú suǒ kě fǒu
非常之谋	fēi cháng zhī móu
口耳相传	kǒu ěr xiāng chuán
犬马之诚	quǎn mǎ zhī chéng
明发不寐	míng fā bù mèi
名震一时	míng zhèn yī shí
江山如画	jiāng shān rú huà
天下莫敌	tiān xià mò dí
计无所施	jì wú suǒ shī
可见一斑	kě jiàn yī bān
指矢天日	zhǐ shǐ tiān rì
名德重望	míng dé zhòng wàng
沉重寡言	chén zhòng guǎ yán
横行无忌	héng xíng wú jì
白首不渝	bái shǒu bù yú
恩山义海	ēn shān yì hǎi
义海恩山	yì hǎi ēn shān
妙语惊人	miào yǔ jīng rén
拖人落水	tuō rén luò shuǐ
充耳不闻	chōng ěr bù wén
走投无路	zǒu tóu wú lù
连枝同气	lián zhī tóng qì
同气连枝	tóng qì lián zhī
清净无为	qīng jìng wú wéi
若有所亡	ruò yǒu suǒ wáng
今生今世	jīn shēng jīn shì
无所依归	wú suǒ yī guī
朝不及夕	zhāo bù jí xī
身不由主	shēn bù yóu zhǔ
金人三缄	jīn rén sān jiān
从天而降	cóng tiān ér jiàng
八面见光	bā miàn jiàn guāng
漠不关心	mò bù guān xīn
谋为不轨	móu wéi bù guǐ
骇人闻见	hài rén wén jiàn
满天星斗	mǎn tiān xīng dǒu
后进之秀	hòu jìn zhī xiù
回山倒海	huí shān dǎo hǎi
有财有势	yǒu cái yǒu shì
林下风度	lín xià fēng dù
良莠不一	liáng yǒu bù yī
将门虎子	jiàng mén hǔ zǐ
甘败下风	gān bài xià fēng
伐冰之家	fá bīng zhī jiā
怨天怨地	yuàn tiān yuàn dì
情同骨肉	qíng tóng gǔ ròu
反风灭火	fǎn fēng miè huǒ
难分难解	nán fēn nán jiě
难解难分	nán jiě nán fēn
海阔天高	hǎi kuò tiān gāo
神仙中人	shén xiān zhōng rén
道大莫容	dào dà mò róng
高人逸士	gāo rén yì shì
东道之谊	dōng dào zhī yì
死不瞑目	sǐ bù míng mù
高名大姓	gāo míng dà xìng
高姓大名	gāo xìng dà míng
立身行己	lì shēn xíng jǐ
百下百着	bǎi xià bǎi zháo
施而不费	shī ér bù fèi
月晕而风	yuè yùn ér fēng
豺狐之心	chái hú zhī xīn
肤受之言	fū shòu zhī yán
清心寡欲	qīng xīn guǎ yù
龙举云兴	lóng jǔ yún xīng
九泉之下	jiǔ quán zhī xià
一双两好	yī shuāng liǎng hǎo
笃而论之	dǔ ér lùn zhī
破瓜之年	pò guā zhī nián
久居人下	jiǔ jū rén xià
风霜雨雪	fēng shuāng yǔ xuě
赤心相待	chì xīn xiāng dài
张大其辞	zhāng dà qí cí
文章山斗	wén zhāng shān dòu
有枝有叶	yǒu zhī yǒu yè
二童一马	èr tóng yī mǎ
不愤不启	bù fèn bù qǐ
细水长流	xì shuǐ cháng liú
末大不掉	mò dà bù diào
遗笑大方	yí xiào dà fāng
十生九死	shí shēng jiǔ sǐ
丧明之痛	sàng míng zhī tòng
丧家之犬	sàng jiā zhī quǎn
积日累月	jī rì lěi yuè
日积月累	rì jī yuè lěi
日累月积	rì lèi yuè jī
运用自如	yùn yòng zì rú
鼎足而立	dǐng zú ér lì
先人后己	xiān rén hòu jǐ
扫地出门	sǎo dì chū mén
出山泉水	chū shān quán shuǐ
心驰神往	xīn chí shén wǎng
心往神驰	xīn wǎng shén chí
心焦如焚	xīn jiāo rú fén
处之泰然	chǔ zhī tài rán
泰然处之	tài rán chǔ zhī
心花怒放	xīn huā nù fàng
有教无类	yǒu jiào wú lèi
小德出入	xiǎo dé chū rù
水菜不交	shuǐ cài bù jiāo
说长道短	shuō cháng dào duǎn
说短道长	shuō duǎn dào cháng
方言矩行	fāng yán jǔ xíng
明目张胆	míng mù zhāng dǎn
怀才不遇	huái cái bū yù
家无常礼	jiā wú cháng lǐ
谈议风生	tán yì fēng shēng
邪不敌正	xié bù dí zhèng
先得我心	xiān dé wǒ xīn
卧不安席	wò bù ān xí
断雨残云	duàn yǔ cán yún
神飞色舞	shén fēi sè wǔ
不劣方头	bù liè fāng tóu
方头不劣	fāng tóu bù liè
无以复加	wú yǐ fù jiā
举世闻名	jǔ shì wén míng
白手起家	bái shǒu qǐ jiā
盛水不漏	chéng shuǐ bù lòu
日试万言	rì shì wàn yán
细大不捐	xì dà bù juān
死重泰山	sǐ zhòng tài shān
黑家白日	hēi jiā bái rì
星前月下	xīng qián yuè xià
入情入理	rù qíng rù lǐ
风驰云走	fēng chí yún zǒu
青口白舌	qīng kǒu bái shé
不安于位	bù ān yú wèi
任其自流	rèn qí zì liú
天下为笼	tiān xià wéi lóng
临危不顾	lín wēi bù gù
真心真意	zhēn xīn zhēn yì
独异于人	dú yì yú rén
雷打不动	léi dǎ bù dòng
火烛小心	huǒ zhú xiǎo xīn
有本有源	yǒu běn yǒu yuán
白手兴家	bái shǒu xīng jiā
断无此理	duàn wú cǐ lǐ
汗颜无地	hàn yán wú dì
不教而诛	bù jiào ér zhū
善马熟人	shàn mǎ shú rén
首屈一指	shǒu qū yī zhǐ
愚不可及	yú bù kě jí
令人发指	lìng rén fà zhǐ
百计千谋	bǎi jì qiān móu
百谋千计	bǎi móu qiān jì
莫知所为	mò zhī suǒ wéi
穷大失居	qióng dà shī jū
四脚朝天	sì jiǎo cháo tiān
史不绝书	shǐ bù jué shū
雀马鱼龙	què mǎ yú lóng
一吐为快	yī tǔ wéi kuài
血流成河	xuè liú chéng hé
鸣鹤之应	míng hè zhī yīng
坐卧不离	zuò wò bù lí
聪明一世	cōng míng yī shì
竿头一步	gān tóu yī bù
万年无疆	wàn nián wú jiāng
祸从口出	huò cóng kǒu chū
相顾失色	xiāng gù shī sè
作如是观	zuò rú shì guān
怒目而视	nù mù ér shì
闭门不纳	bì mén bù nà
顶天立地	dǐng tiān lì dì
头重脚轻	tóu zhòng jiǎo qīng
多此一举	duō cǐ yī jǔ
改玉改行	gǎi yù gǎi xíng
惊才风逸	jīng cái fēng yì
以求一逞	yǐ qiú yī chěng
走为上计	zǒu wèi shàng jì
功成身退	gōng chéng shēn tuì
身退功成	shēn tuì gōng chéng
相忍为国	xiāng rěn wèi guó
沉心静气	chén xīn jìng qì
楚楚可人	chǔ chǔ kě rén
胆大妄为	dǎn dà wàng wéi
下马看花	xià mǎ kàn huā
望屋而食	wàng wū ér shí
德容言功	dé róng yán gōng
德言容功	dé yán róng gōng
言若悬河	yán ruò xuán hé
尊无二上	zūn wú èr shàng
事无常师	shì wú cháng shī
后顾之忧	hòu gù zhī yōu
必不得已	bì bù dé yǐ
出神入定	chū shén rù dìng
多如牛毛	duō rú niú máo
以火救火	yǐ huǒ jiù huǒ
百事大吉	bǎi shì dà jí
得马生灾	dé mǎ shēng zāi
夜不闭户	yè bù bì hù
词言义正	cí yán yì zhèng
无远不届	wú yuǎn bù jiè
穷形尽相	qióng xíng jì xiàng
金声玉振	jīn shēng yù zhèn
玉振金声	yù zhèn jīn shēng
钟鼎之家	zhōng dǐng zhī jiā
加人一等	jiā rén yī děng
有征无战	yǒu zhēng wú zhàn
一尘不缁	yī chén bù zī
遗害无穷	yí hài wú qióng
高见远识	gāo jiàn yuǎn shí
高识远见	gāo shí yuǎn jiàn
羞面见人	xiū miàn jiàn rén
移风平俗	yí fēng píng sú
言近意远	yán jìn yì yuǎn
物以群分	wù yǐ qún fēn
二三其德	èr sān qí dé
遮人耳目	zhē rén ěr mù
振奋人心	zhèn fèn rén xīn
山清水秀	shān qīng shuǐ xiù
天覆地载	tiān fù dì zǎi
真命天子	zhēn mìng tiān zǐ
粪土不如	fèn tú bù rú
指日可待	zhǐ rì kě dài
一蹴而成	yī cù ér chéng
可想而知	kě xiǎng ér zhī
论辩风生	lùn biàn fēng shēng
海水难量	hǎi shuǐ nán liáng
楚歌之计	chǔ gē zhī jì
百年好合	bǎi nián hǎo hé
连日连夜	lián rì lián yè
眼内无珠	yǎn nèi wú zhū
容膝之地	róng xī zhī dì
千军万马	qiān jūn wàn mǎ
大名鼎鼎	dà míng dǐng dǐng
鼎鼎大名	dǐng dǐng dà míng
鱼贯而入	yú guàn ér rù
不差毫发	bù chā háo fà
不进则退	bù jìn zé tuì
誉满天下	yù mǎn tiān xià
纵横天下	zòng héng tiān xià
应运而生	yìng yùn ér shēng
以耳代目	yǐ ěr dài mù
迷而知反	mí ér zhī fǎn
箕山之节	jī shān zhī jié
进可替不	jìn kě tì bù
移风改俗	yí fēng gǎi sú
步人后尘	bù rén hòu chén
水米无干	shuǐ mǐ wú gàn
人神同嫉	rén shén tóng jí
日就月将	rì jiù yuè jiāng
千载一弹	qiān zǎi yī dàn
牛角之歌	niú jiǎo zhī gē
助人为乐	zhù rén wéi lè
路不拾遗	lù bù shí yí
善与人交	shàn yǔ rén jiāo
决一死战	jué yī sǐ zhàn
马不解鞍	mǎ bù jiě ān
泣不可仰	qì bù kě yǎng
石赤不夺	shí chì bù duó
一纸空文	yī zhǐ kōng wén
誓不两立	shì bù liǎng lì
金城千里	jīn chéng qiān lǐ
耳目众多	ěr mù zhòng duō
乌合之众	wū hé zhī zhòng
进退为难	jìn tuì wéi nán
平心静气	píng xīn jìng qì
生离死别	shēng lí sǐ bié
死别生离	sǐ bié shēng lí
正人君子	zhèng rén jūn zǐ
胆大泼天	dǎn dà pō tiān
议不反顾	yì bù fǎn gù
倍道而行	bèi dào ér xíng
铁打心肠	tiě dǎ xīn cháng
金人之箴	jīn rén zhī zhēn
众流归海	zhòng liú guī hǎi
情见乎言	qíng jiàn hū yán
飘风苦雨	piāo fēng kǔ yǔ
相去无几	xiāng qù wú jǐ
手泽之遗	shǒu zé zhī yí
头上著头	tóu shàng zhuó tóu
两面三刀	liǎng miàn sān dāo
川流不息	chuān liú bù xī
经久不息	jīng jiǔ bù xī
谩不经意	màn bù jīng yì
却之不恭	què zhī bù gōng
石火风烛	shí huǒ fēng zhú
逸群之才	yì qún zhī cái
不拘细行	bù jū xì xíng
恶言厉色	è yán lì sè
正言厉色	zhèng yán lì sè
靡然从风	mǐ rán cóng fēng
暴露无遗	bào lù wú yí
不寒而栗	bù hán ér lì
儿女之情	ér nǚ zhī qíng
不揪不采	bù jiū bù cǎi
千载一逢	qiān zǎi yī féng
两虎相争	liǎng hǔ xiāng zhēng
别出手眼	bié chū shǒu yǎn
大本大宗	dà běn dà zōng
风云变态	fēng yún biàn tài
如影随形	rú yǐng suí xíng
哑口无声	yǎ kǒu wú shēng
花朝月夜	huā zhāo yuè yè
月夜花朝	yuè yè huā zhāo
诚心实意	chéng xīn shí yì
热火朝天	rè huǒ cháo tiān
亡国之音	wáng guó zhī yīn
山枯石死	shān kū shí sǐ
千钧一发	qiān jūn yī fà
一发千钧	yī fà qiān jūn
后患无穷	hòu huàn wú qióng
名扬四海	míng yáng sì hǎi
扬名四海	yáng míng sì hǎi
乐山爱水	lè shān ài shuǐ
昆山之玉	kūn shān zhī yù
要害之地	yào hài zhī dì
寸步难行	cùn bù nán xíng
以文乱法	yǐ wén luàn fǎ
有本有原	yǒu běn yǒu yuán
日理万机	rì lǐ wàn jī
奋发有为	fèn fā yǒu wéi
楚囊之情	chǔ náng zhī qíng
不为已甚	bù wéi yǐ shèn
七生七死	qī shēng qī sǐ
七死七生	qī sǐ qī shēng
低声下气	dī shēng xià qì
众口相传	zhòng kǒu xiāng chuán
别开生面	bié kāi shēng miàn
不期而遇	bù qī ér yù
倡而不和	chàng ér bù hè
无所回避	wú suǒ huí bì
他山之石	tā shān zhī shí
宝刀不老	bǎo dāo bù lǎo
礼顺人情	lǐ shùn rén qíng
万人空巷	wàn rén kōng xiàng
摸头不着	mō tóu bù zháo
扬扬自得	yáng yáng zì dé
灰心丧气	huī xīn sàng qì
日月其除	rì yuè qí chú
闻风而逃	wén fēng ér táo
神通广大	shén tōng guǎng dà
自立门户	zì lì mén hù
垂手而得	chuí shǒu ér dé
人多口杂	rén duō kǒu zá
一览无余	yī lǎi wú yú
秘而不露	mì ér bù lù
暴风疾雨	bào fēng jí yǔ
疾风暴雨	jí fēng bào yǔ
疾雨暴风	jí yǔ bào fēng
高飞远走	gāo fēi yuǎn zǒu
远走高飞	yuǎn zǒu gāo fēi
声色犬马	shēng sè quǎn mǎ
拔地倚天	bá dì yǐ tiān
倚天拔地	yǐ tiān bá dì
别有风味	bié yǒu fēng wèi
心荡神摇	xīn dàng shén yáo
谈言微中	tán yán wēi zhòng
万事大吉	wàn shì dà jí
不求甚解	bù qiú shèn jiě
敖不可长	ào bù kě zhǎng
必经之路	bì jīng zhī lù
同心共济	tóng xīn gòng jì
无偏无倚	wú piān wú yǐ
口齿生香	kǒu chǐ shēng xiāng
独有千秋	dú yòu qiān qiū
阒无人声	qù wú rén shēng
兴风作浪	xīng fēng zuò làng
作浪兴风	zuò làng xīng fēng
水泄不通	shuǐ xiè bù tōng
吞风饮雨	tūn fēng yǐn yǔ
朝不虑夕	zhāo bù lǜ xī
望风而逃	wàng fēng ér táo
黄河水清	huáng hé shuǐ qīng
超然自得	chāo rán zì dé
所见所闻	suǒ jiàn suǒ wén
日高三丈	rì gāo sān zhàng
美玉无瑕	měi yù wú xiá
金声玉服	jīn shēng yù fú
杜口绝言	dù kǒu jué yán
闻风丧胆	wén fēng sàng dǎn
当家立事	dāng jiā lì shì
五花杀马	wǔ huā shā mǎ
地动山摇	dì dòng shēn yáo
山摇地动	shān yáo dì dòng
惊世绝俗	jīng shì jué sú
有物有则	yǒu wù yǒu zé
赞声不绝	zàn shēng bù jué
鼎成龙去	dǐng chéng lóng qù
有利有弊	yǒu lì yǒu bì
首丘之情	shǒu qiū zhī qíng
古井无波	gǔ jǐng wú bō
动魄惊心	dòng pò jīng xīn
惊心动魄	jīng xīng dòng pò
朝生暮死	zhāo shēng mù sǐ
贫而乐道	pín ér lè dào
百载树人	bǎi zǎi shù rén
不轻然诺	bù qīng rán nuò
触目伤心	chù mù shāng xīn
视为知己	shì wéi zhī jǐ
食不兼味	shí bù jiān wèi
大动肝火	dà dòng gān huǒ
火山汤海	huǒ shān tāng hǎi
高才绝学	gāo cái jué xué
无疆之休	wú jiāng zhī xiū
要言不烦	yào yán bù fán
始终不易	shǐ zhōng bù yì
大计小用	dà jì xiǎo yòng
差强人意	chā qiáng rén yì
一马平川	yī mǎ píng chuān
久闻大名	jiǔ wén dà míng
钟鼓之色	zhōng gǔ zhī sè
积以为常	jī yǐ wéi cháng
假力于人	jiǎ lì yú rén
蝉不知雪	chán bù zhī xuě
老朽无能	lǎo xiǔ wú néng
徒乱人意	tú luàn rén yì
一颦一笑	yī pín yī xiào
一笑一颦	yī xiào yī pín
鬼功神力	guǐ gōng shén lì
风调雨顺	fēng tiáo yǔ shùn
雨顺风调	yǔ shùn fēng tiáo
风行雷厉	fēng xíng léi lì
雷厉风行	léi lì fēng xíng
知己之遇	zhī jǐ zhī yù
百折不挠	bǎi zhé bù náo
同声共气	tóng shēng gòng qì
金戈铁马	jīn gē tiě mǎ
铁马金戈	tiě mǎ jīn gē
云涌风飞	yún yǒng fēng fēi
茶饭无心	chá fàn wú xīn
柔声下气	róu shēng xià qì
四海承风	sì hǎi chéng fēng
贵人多忘	guì rén duō wàng
以古非今	yǐ gǔ fēi jīn
心惊肉战	xīn jīng ròu zhàn
尺山寸水	chǐ shān cùn shuǐ
淡然处之	dàn rán chǔ zhī
将门有将	jiàng mén yǒu jiàng
祸福相生	huò fú xiāng shēng
以为后图	yǐ wéi hòu tú
引风吹火	yǐn fēng chuī huǒ
出死断亡	chū sǐ duàn wáng
舌桥不下	shé qiáo bù xià
石火风灯	shí huǒ fēng dēng
以防不测	yǐ fáng bù cè
一行作吏	yī xíng zuò lì
积金累玉	jī jīn lèi yù
没世无称	méi shì wú chēng
孤行己意	gū xíng jǐ yì
无何有乡	wú hé yǒu xiāng
分三别两	fēn sān bié liǎng
不主故常	bù zhǔ gù cháng
以类相从	yǐ lèi xiāng cóng
笑傲风月	xiào ào fēng yuè
情至意尽	qíng zhì yì jìn
一隅三反	yī yú sān fǎn
交臂失之	jiāo bì shī zhī
失之交臂	shī zhī jiāo bì
巧作名目	qiǎo zuò míng mù
愤不顾身	fèn bù gù shēn
水到鱼行	shuǐ dào yú xíng
胸无成竹	xiōng wú chéng zhú
牙白口清	yá bái kǒu qīng
信而好古	xìn ér hào gǔ
鹤鸣之士	hè míng zhī shì
床头金尽	chuáng tóu jīn jìn
白首同归	bái shǒu tóng guī
仰面朝天	yǎng miàn cháo tiān
日出三竿	rì chū sān gān
无米之炊	wú mǐ zhī chuī
灰心丧意	huī xīn sàng yì
举足轻重	jǔ zú qīng zhòng
霜露之思	shuāng lù zhī sī
戴天履地	dài tiān lǚ dì
毕力同心	bì lì tóng xīn
同心毕力	tóng xīn bì lì
人心皇皇	rén xīn huáng huáng
顺天应时	shùn tiān yīng shí
见义必为	jiàn yì bì wéi
水阔山高	shuǐ kuò shān gāo
神到之笔	shén dào zhī bǐ
操身行世	cāo shēn xíng shì
舍身为国	shě shēn wéi guó
遁天之刑	dùn tiān zhī xíng
轻而易举	qīng ér yì jǔ
七上八下	qī shàng bā xià
令人神往	lìng rén shén wǎng
正中下怀	zhèng zhòng xià huái
落落难合	luò luò nán hé
骨肉相连	gǔ ròu xiāng lián
心劳日拙	xīn láo rì zhuō
天随人愿	tiān suí rén yuàn
在所不惜	zài suǒ bù xī
垂暮之年	chuí mù zhī nián
爱如己出	ài rú jǐ chū
放龙入海	fàng lóng rù hǎi
持正不阿	chí zhèng bù ā
头昏眼花	tóu hūn yǎn huā
不假思索	bù jiǎ sī suǒ
爱生恶死	ài shēng wù sǐ
誓日指天	shì rì zhǐ tiān
誓天指日	shì tiān zhǐ rì
指天誓日	zhǐ tiān shì rì
口多食寡	kǒu duō shí guǎ
朝云暮雨	zhāo yún mù yǔ
暮雨朝云	mù yǔ zhāo yún
云朝雨暮	yún zhāo yǔ mù
骄兵之计	jiāo bīng zhī jì
胆战心寒	dǎn zhàn xīn hán
心寒胆战	xīn hán dǎn zhàn
不胜其烦	bù shèng qí fán
不可收拾	bù kě shōu shí
贵人善忘	guì rén shàn wàng
爱不释手	ài bù shì shǒu
任其自然	rèn qí zì rán
向上一路	xiàng shàng yī lù
法出多门	fǎ chū duō mén
分毫不差	fēn háo bù chā
东西易面	dōng xi yì miàn
精义入神	jing yi ru shen
打死老虎	dǎ sǐ lǎo hǔ
满不在乎	mǎn bù zài hū
轻口轻舌	qīng kǒu qīng shé
人穷智短	rén qióng zhì duǎn
长眠不起	cháng mián bù qǐ
行踪无定	xíng zōng wú dìng
心腹重患	xīn fù zhòng huàn
移山回海	yí shān huí hǎi
阴魂不散	yīn hún bù sàn
脱口而出	tuō kǒu ér chū
正直无邪	zhèng zhí wú xié
适如其分	shì rú qí fèn
反身自问	fǎn shēn zì wèn
提心在口	tí xīn zài kǒu
游谈无根	yóu tán wú gēn
别出新意	bié chū xīn yì
金人缄口	jīn rén jiān kǒu
日月合壁	rì yuè hé bì
杀人如麻	shā rén rú má
心如槁木	xīn rú gǎo mù
直上直下	zhí shàng zhí xià
杀人放火	shā rén fàng huǒ
取信于人	qǔ xìn yú rén
错落高下	cuò luò gāo xià
酒色之徒	jiǔ sè zhī tú
见惯不惊	jiàn guàn bù jīng
变心易虑	biàn xīn yì lǜ
反戈一击	fǎn gē yī jī
悬车之岁	xuán chē zhī suì
一表非俗	yī biǎo fēi sú
胡行乱为	hú xíng luàn wéi
披发文身	pī fà wén shēn
江河日下	jiāng hé rì xià
明月入怀	míng yuè rù huái
竹马之友	zhú mǎ zhī yǒu
片甲不回	piàn jiǎ bù huí
俗不可医	sú bù kě yī
弊绝风清	bì jué fēng qīng
风清弊绝	fēng qīng bì jué
爱民如子	ài mín rú zǐ
一言丧邦	yī yán sàng bāng
青云直上	qīng yún zhí shàng
直上青云	zhí shàng qīng yún
出云入泥	chū yún rù ní
五大三粗	wǔ dà sān cū
转败为成	zhuǎn bài wéi chéng
以古方今	yǐ gǔ fāng jīn
坚不可摧	jiān bù kě cuī
累教不改	lěi jiào bù gǎi
安如太山	ān rú tài shān
气吞山河	qì tūn shān hé
美如冠玉	měi rú guān yù
北道主人	běi dào zhǔ rén
不胫而走	bù jìng ér zǒu
行古志今	xíng gǔ zhì jīn
不知其详	bù zhī qí xiáng
半上半下	bàn shàng bàn xià
遗世绝俗	yí shì jué sú
改恶行善	gǎi è xíng shàn
东南之秀	dōng nán zhī xiù
执法如山	zhí fǎ rú shān
肉山酒海	ròu shān jiǔ hǎi
风雨如磐	fēng yǔ rú pán
绿水青山	lǜ shuǐ qīng shān
青山绿水	qīng shān lǜ shuǐ
相鼠有皮	xiàng shǔ yǒu pí
不知好歹	bù zhī hǎo dǎi
飘风过耳	piāo fēng guò ěr
好好先生	hǎo hǎo xiān shēng
有眼如盲	yǒu yǎn rú máng
神眉鬼眼	shén méi guǐ yǎn
去天尺五	qù tiān chǐ wǔ
从容自若	cóng róng zì ruò
甘心情原	gān xīn qíng yuán
心甘情原	xīn gān qíng yuán
不加思索	bù jiā sī suǒ
三足鼎立	sān zú dǐng lì
触目如故	chù mù rú gù
三从四德	sān cóng sì dé
如坐云雾	rú zuò yún wù
引日成岁	yǐn rì chéng suì
见利思义	jiàn lì sī yì
眉语目笑	méi yǔ mù xiào
杳无人烟	yǎo wú rén yān
弃之度外	qì zhī dù wai
万全之策	wàn quán zhī cè
从令如流	cóng lìng rú liú
别有洞天	bié yǒu dòng tiān
在此一举	zài cǐ yī jǔ
才高八斗	cái gāo bā dǒu
二话不说	èr huà bù shuō
言和意顺	yán hé yì shùn
无遮大会	wú zhē dà huì
济世救人	jì shì jiù rén
国色天姿	guó sè tiān zī
天姿国色	tiān zī guó sè
一暝不视	yī míng bù shì
事以密成	shì yǐ mì chéng
能上能下	néng shàng néng xià
酒入舌出	jiǔ rù shé chū
漫不加意	màn bù jiā yì
林下风致	lín xià fēng zhì
狐虎之威	hú hǔ zhī wēi
言之凿凿	yán zhī záo záo
一索成男	yī suǒ chéng nán
能不称官	néng bù chèn guān
饱经风雨	bǎo jīng fēng yǔ
立身扬名	lì shēn yáng míng
人财两空	rén cái liǎng kōng
平治天下	píng zhì tiān xià
海北天南	hǎi běi tiān nán
天南海北	tiān nán hǎi běi
探口而出	tàn kǒu ér chū
持平之论	chí píng zhī lùn
十日并出	shí rì bìng chū
多文为富	duō wén wéi fù
眉目传情	méi mù chuán qíng
金针度人	jīn zhēn dù rén
情深骨肉	qíng shēn gǔ ròu
风流韵事	fēng liú yùn shì
坐食山空	zuò shí shān kōng
略知一二	lüè zhī yī èr
流离失所	liú lí shī suǒ
惊神破胆	jīng shén pò dǎn
付之一叹	fù zhī yī tàn
昏天暗地	hūn tiān àn dì
天昏地暗	tiān hūn dì àn
放虎归山	fàng hǔ guī shān
计出无奈	jì chū wú nai
尽人皆知	jìn rén jiē zhī
千金市骨	qiān jīn shì gǔ
锦衣玉食	jǐn yī yù shí
玉食锦衣	yù shí jǐn yī
三分鼎立	sān fēn dǐng lì
调虎离山	diào hǔ lí shān
离山调虎	lí shān diào hǔ
正经八百	zhèng jīng bā bǎi
大张其词	dà zhāng qí cí
张大其词	zhāng dà qí cí
善门难开	shàn mén nán kāi
兵不雪刃	bīng bù xuě rèn
用尽心机	yòng jìn xīn jī
一哄而上	yī hǒng ér shàng
迥然不同	jiǒng rán bù tóng
大功告成	dà gōng gào chéng
玉树临风	yù shù lín fēng
始终若一	shǐ zhōng ruò yī
终始若一	zhōng shǐ ruò yī
目成心许	mù chéng xīn xǔ
名公巨人	míng gōng jù rén
九五之尊	jiǔ wǔ zhī zūn
茫然不解	máng rán bù jiě
虫鱼之学	chóng yù zhī xué
上交不谄	shàng jiāo bù chǎn
目指气使	mù zhǐ qì shǐ
乐道好古	lè dào hǎo gǔ
枯木生花	kū mù shēng huā
穿井得人	chuān jǐng dé rén
席地而坐	xí dì ér zuò
心雄万夫	xīn xióng wàn fū
一线生机	yī xiàn shēng jī
怀柔天下	huai rou tian xia
不识局面	bù shí jú miàn
志足意满	zhì zú yì mǎn
孤行己见	gū xíng jǐ jiàn
高明远识	gāo míng yuǎn shí
先行后闻	xiān xíng hòu wén
洗心回面	xǐ xīn huí miàn
名声过实	míng shēng guò shí
一介书生	yī jiè shū shēng
阒其无人	qù qí wú rén
如梦如醉	rú mèng rú zuì
如醉如梦	rú zuì rú mèng
人荒马乱	rén huāng mǎ luàn
远垂不朽	yuǎn chuí bù xiǔ
貌合心离	mào hé xīn lí
沉重少言	chén zhòng shǎo yán
作言造语	zuò yán zào yǔ
从善若流	cóng shàn ruò liú
夜不成寐	yè bù chéng mèi
不知痛痒	bù zhī tòng yǎng
多情多义	duō qíng duō yì
得而复失	dé ér fù shī
无所适从	wú suǒ shì cóng
议论风发	yì lùn fēng fā
高才疾足	gāo cái jí zú
秋风落叶	qiū fēng luò yè
举重若轻	jǔ zhòng ruò qīng
独行其是	dú xíng qí shì
网开一面	wǎng kāi yī miàn
无平不颇	wú píng bù pō
累足成步	lěi zú chéng bù
文人墨士	wén rén mò shì
行不贰过	xíng bù èr guò
执迷不反	zhí mí bù fǎn
一星半点	yī xīng bàn diǎn
出世离群	chū shì lí qún
道骨仙风	dào gǔ xiān fēng
仙风道骨	xiān fēng dào gǔ
来去分明	lái qù fēn míng
一夫当关	yī fū dāng guān
相依为命	xiāng yī wéi mìng
落井下石	luò jǐng xià shí
方寸万重	fāng cùn wàn chóng
杀身成义	shā shēn chéng yì
门生故旧	mén shēng gù jiù
不识时务	bù shí shí wù
神醉心往	shén zuì xīn wǎng
乘其不备	chéng qí bù bèi
画虎成狗	huà hǔ chéng gǒu
所向无前	suǒ xiàng wú qián
矢志不移	shǐ zhì bù yí
乌衣之游	wū yī zhī yóu
破竹之势	pò zhú zhī shì
积时累日	jī shí lěi rì
轻薄无礼	qīng báo wú lǐ
道德文章	dào dé wén zhāng
杀人灭口	shā rén miè kǒu
入不敷出	rù bù fū chū
无胫而来	wú jìng ér lái
调风变俗	tiáo fēng biàn sú
分身无术	fēn shēn wú shù
望屋以食	wàng wū yǐ shí
天生尤物	tiān shēng yóu wù
及时行乐	jí shí xíng lè
地覆天翻	dì fù tiān fān
翻天覆地	fān tiān fù dì
覆地翻天	fù dì fān tiān
天翻地覆	tiān fān dì fù
异地相逢	yì dì xiāng féng
指天为誓	zhǐ tiān wéi shì
亡不待夕	wáng bù dài xī
计将安出	jì jiāng ān chū
深山老林	shēn shān lǎo lín
清心少欲	qīng xīn shǎo yù
气壮如牛	qì zhuàng rú niú
渺无人烟	miǎo wú rén yān
不可理喻	bù kě lǐ yù
发人深省	fā rén shēn xǐng
问牛知马	wèn niú zhī mǎ
平地起家	píng dì qǐ jiā
城下之辱	chéng xià zhī rǔ
离世绝俗	lí shì jué sú
有借无还	yǒu jiè wú huán
气得志满	qì dé zhì mǎn
气满志得	qì mǎn zhì dé
志满气得	zhì mǎn qì dé
野无遗贤	yě wú yí xián
七相五公	qī xiāng wǔ gōng
人怨神怒	rén yuàn shén nù
神怒人怨	shén nù rén yuàn
拔地摇山	bá dì yáo shān
计出无聊	jì chū wú liáo
志盈心满	zhì yíng xīn mǎn
倒打一瓦	dào dǎ yī wǎ
天王老子	tiān wáng lǎo zǐ
半文半白	bàn wén bàn bái
动荡不定	dòng dàng bù dìng
成败得失	chéng bài dé shī
得失成败	dé shī chéng bài
寸草不留	cùn cǎo bù liú
死声活气	sǐ shēng huó qì
有名亡实	yǒu míng wáng shí
水长船高	shuǐ zhǎng chuán gāo
一闻千悟	yī wén qiān wù
安闲自得	ān xián zì dé
有加无已	yǒu jiā wǔ yǐ
无关大局	wú guān dà jú
至死不悟	zhì sǐ bù wù
至死不渝	zhì sǐ bù yú
多方百计	duō fāng bǎi jì
弃情遗世	qì qíng yí shì
贞不绝俗	zhēn bù jué sú
镜花水月	jìng huā shuǐ yuè
水月镜花	shuǐ yuè jìng huā
一唱百和	yī chàng bǎi hé
以一儆百	yǐ yī jǐng bǎi
见所未见	jiàn suǒ wèi jiàn
声求气应	shēng qiú qì yìng
声应气求	shēng yìng qì qiú
心去难留	xīn qù nán liú
兵不血刃	bīng bù xuè rèn
运斤如风	yùn jīn rú fēng
今雨新知	jīn yǔ xīn zhī
明公正义	míng gōng zhèng yì
树高招风	shù gāo zhāo fēng
凌云之志	líng yún zhī zhì
漫天过海	màn tiān guò hǎi
十口相传	shí kǒu xiāng chuán
胡言乱道	hú yán luàn dào
飘风急雨	piāo fēng jí yǔ
若有所丧	ruò yǒu suǒ sàng
读不舍手	dú bù shě shǒu
三盈三虚	sān yíng sān xū
打落水狗	dǎ luò shuǐ gǒu
回生起死	huí shēng qǐ sǐ
起死回生	qǐ sǐ huí shēng
一笑百媚	yī xiào bǎi mèi
五行俱下	wǔ xíng jù xià
得意忘形	dé yì wàng xíng
两相情原	liǎng xiāng qíng yuán
法不徇情	fǎ bù xùn qíng
可乘之隙	kě chéng zhī xì
黑天墨地	hēi tiān mò dì
云泥之差	yún ní zhī chā
先发制人	xiān fā zhì rén
一了百了	yī liǎo bǎi liǎo
有头没脑	yǒu tóu méi nǎo
痛心切骨	tòng xīn qiè gǔ
非分之念	fēi fèn zhī niàn
一柱承天	yī zhù chéng tiān
心灰意冷	xīn huī yì lěng
贪生恶死	tān shēng è sǐ
目不忍睹	mù bù rěn dǔ
无人问津	wú rén wèn jīn
横眉立目	héng méi lì mù
行浊言清	xíng zhuó yán qīng
言清行浊	yán qīng xíng zhuó
生老病死	shēng lǎo bìng sǐ
丰屋之过	fēng wū zhī guò
走马观花	zǒu mǎ guān huā
计无返顾	jì wú fǎn gù
魂不着体	hún bù zhuó tǐ
惊心裂胆	jīng xīn liè dǎn
心惊胆裂	xīn jīng dǎn liè
言行相悖	yán xíng xiāng bèi
自暴自弃	zì bào zì qì
自弃自暴	zì qì zì bào
一气呵成	yī qì hē chéng
随地随时	suí dì suí shí
随时随地	suí shí suí dì
滴水不漏	dī shuǐ bù lòu
心逸日休	xīn yì rì xiū
朽木不雕	xiǔ mù bù diāo
达地知根	dá dì zhī gēn
一命鸣呼	yī mìng míng hū
言归和好	yán guī hé hǎo
束身自好	shù shēn zì hào
誓死不屈	shì sǐ bù qū
视同一律	shì tóng yī lǜ
为人作嫁	wèi rén zuò jià
南山可移	nán shān kě yí
大明法度	dà jíng fǎ dù
北门之管	běi mén zhī guǎn
拔地参天	bá dì cān tiān
百巧成穷	bǎi qiǎo chéng qióng
知遇之恩	zhī yù zhī ēn
深山穷林	shēn shān qióng lín
意想不到	yì xiǎng bù dào
家道从容	jiā dào cōng róng
改恶为善	gǎi è wéi shàn
沉吟不语	chén yīn bù yǔ
明若观火	míng ruò guān huǒ
金石至交	jīn shí zhì jiāo
有根有底	yǒu gēn yǒu dǐ
七事八事	qī shì bā shì
目不暇接	mù bù xiá jiē
黑地昏天	hēi dì hūn tiān
昏天黑地	hūn tiān hēi dì
天昏地黑	tiān hūn dì hēi
无名孽火	wú míng niè huǒ
高人雅士	gāo rén yǎ shì
眉花眼笑	méi huā yǎn xiào
永世无穷	yǒng shì wú qióng
过而能改	guò ér néng gǎi
寝不安席	qǐn bù ān xí
移山拔海	yí shān bá hǎi
待时而动	dài shí ér dòng
大直若屈	dà zhí ruò qū
半路出家	bàn lù chū jiā
高情远致	gāo qíng yuǎn zhì
好梦难成	hǎo mèng nán chéng
大惊小怪	dà jīng xiǎo guài
不拘小节	bù jū xiǎo jié
和风细雨	hé fēng xì yǔ
计出万全	jì chū wàn quán
山长水阔	shān cháng shuǐ kuò
掠人之美	lüè rén zhī měi
吹灰之力	chuī huī zhī lì
不可胜记	bù kě shèng jì
低三下四	dī sān xià sì
马放南山	mǎ fàng nán shān
一路福星	yī lù fú xīng
四分五落	sì fēn wǔ luò
面如灰土	miàn rú huī tǔ
情见力屈	qíng xiàn lì qū
有家难奔	yǒu jiā nán bēn
神安气集	shén ān qì jí
千金一壸	qiān jīn yī kǔn
一壸千金	yī kuì qiān jīn
金光盖地	jīn guāng gài dì
手高手低	shǒu gāo shǒu dī
深情厚意	shēn qíng hòu yì
不拘形迹	bù jū xíng jī
意得志满	yì dé zhì mǎn
意满志得	yì mǎn zhì dé
志得意满	zhì dé yì mǎn
志满意得	zhì mǎn yì dé
冷语冰人	lěng yǔ bīng rén
扫地以尽	sǎo dì yǐ jìn
留连不舍	liú lián bù shě
新学小生	xīn xué xiǎo shēng
看人眉眼	kàn rén méi yǎn
天人共鉴	tiān rén gòng jiàn
河鱼天雁	hé yú tiān yàn
金兰之友	jīn lán zhī yǒu
掷地有声	zhì dì yǒu shēng
吊胆惊心	diào dǎn jīng xīn
惊心吊胆	jīng xīn diào dǎn
鼎鼎有名	dǐng dǐng yǒu míng
仁义之师	rén yì zhī shī
自救不暇	zì jiù bù xiá
不瞽不聋	bù gǔ bù lóng
首身分离	shǒu shēn fēn lí
金玉满堂	jīn yù mǎn táng
千思万虑	qiān sī wàn lǜ
述而不作	shù ér bù zuò
恬不为怪	tián bù wéi guài
回山转海	huí shān zhuǎn hǎi
得意扬扬	dé yì yáng yáng
扬扬得意	yáng yáng dé yì
日角龙颜	rì jiǎo lóng yán
荡然无存	dàng rán wú cún
大江东去	dà jiāng dōng qù
日月合璧	rì yuè hé bì
风信年华	fēng xìn nián huá
拨云见日	bō yún jiàn rì
百折千回	bǎi zhé qiān huí
千回百折	qiān huí bǎi zhé
道听耳食	dào tīng ěr shí
不治之症	bù zhì zhī zhèng
火光烛天	huǒ guāng zhú tiān
卵石不敌	luǎn shí bù dí
一至于此	yī zhì yú cǐ
出于无奈	chū yú wú nài
好天良夜	hǎo tiān liáng yè
天保九如	tiān bǎo jiǔ rú
以身报国	yǐ shēng bào guó
无党无偏	wú dǎng wú piān
无偏无党	wú piān wú dǎng
宁死不屈	nìng sǐ bù qū
后悔不及	hòu huǐ bù jí
鼻头出火	bí tóu chū huǒ
十目所视	shí mù suǒ shì
舌挢不下	shé jiǎo bù xià
优游不断	yōu yóu bù duàn
年深日久	nián shēn rì jiǔ
日久年深	rì jiǔ nián shēn
水中捉月	shui zhong zhuo yue
昭如日星	zhāo rú rì xīng
假眉三道	jiǎ méi sān dào
作贼心虚	zuò zéi xīn xū
齐心并力	qí xīn bìng lì
代马依风	dài mǎ yī fēng
人多手杂	rén duō shǒu zá
池鱼之祸	chí yú zhī huò
问十道百	wèn shí dào bǎi
誓天断发	shì tiān duàn fā
用心竭力	yòng xīn jié lì
后起之秀	hòu qǐ zhī xiù
马中关五	mǎ zhōng guān wǔ
自取其祸	zì qǔ qí huò
名不符实	míng bù fú shí
没没无闻	mò mò wú wén
万里长城	wàn lǐ cháng chéng
从轻发落	cóng qīng fā luò
不平则鸣	bù píng zé míng
万劫不复	wàn jié bù fù
一齐众楚	yī qí zhòng chǔ
目睫之论	mù jié zhī lùn
不知所厝	bù zhī suǒ cuò
十寒一暴	shí hán yī bào
一暴十寒	yī pù shí hán
以利累形	yǐ lì lěi xíng
行远升高	xíng yuǎn shēng gāo
火热水深	huǒ rè shuǐ shēn
水深火热	shuǐ shēn huǒ rè
以古为镜	yǐ gǔ wéi jìng
枕山负海	zhěn shān fù hǎi
春满人间	chūn mǎn rén jiān
中心摇摇	zhōng xīn yáo yáo
有条有理	yǒu tiáo yǒu lǐ
同类相求	tóng lèi xiāng qiú
黄金时间	huáng jīn shí jiān
泰然自若	tài rán zì ruò
作古正经	zuò gǔ zhèng jīng
知足知止	zhī zú zhī zhǐ
绝世佳人	jué shì jiā rén
九鼎一丝	jiǔ dǐng yī sī
徒有其名	tú yǒu qí míng
目光如豆	mù guāng rú dòu
临文不讳	lín wén bù huì
谈笑自若	tán xiào zì ruò
口耳并重	kǒu ěr bìng zhòng
貌是心非	mào shì xīn fēi
面目全非	miàn mù quán fēi
不可造次	bù kě zào cì
道不掇遗	dào bù duō yí
四面出击	sì miàn chū jī
坚定不移	jiān dìng bù yí
美不胜收	měi bù shèng shōu
乐道安命	lè dào ān mìng
树大根深	shù dà gēn shēn
同明相照	tóng míng xiāng zhào
本枝百世	běn zhī bǒi shì
以礼相待	yǐ lǐ xiāng dài
顺风吹火	shǔn fēng chuī huǒ
淡而无味	dàn ér wú wèi
天夺其魄	tiān duó qí pò
身非木石	shēn fēi mù shí
鼎足而居	dǐng zú ér jū
反哺之情	fǎn bǔ zhī qíng
胡天胡地	hú tiān hú dì
里出外进	lǐ chū wài lián
吞舟之鱼	tūn zhōu zhī yú
苦心积虑	kǔ xīn jī lǜ
风趣横生	fēng qù héng shēng
有利可图	yǒu lì kě tú
情投意和	qíng tóu yì hé
以义断恩	yǐ yì duàn ēn
文无加点	wén wú jiā diǎn
无计可奈	wú jì kě nài
水石清华	shuǐ shí qīng huá
昂头天外	áng tóu tiān wài
豁人耳目	huò rén ěr mù
属人耳目	shǔ rén ěr mù
人我是非	rén wǒ shì fēi
心醉神迷	xīn zuì shén mí
盛极一时	shèng jí yī shí
锦天绣地	jǐn tiān xiù dì
不凉不酸	bù liáng bù suān
千山万壑	qiān shān wàn hè
法不阿贵	fǎ bù ē guì
刀下留人	dāo xià liú rén
变化不测	biàn huà bù cè
挥金如土	huī jīn rú tǔ
不迁之庙	bù qiān zhī miào
铁案如山	tiě àn rú shān
名过其实	míng guò qí shí
文过其实	wén guò qí shí
九牛一毫	jiǔ niú yī háo
力学不倦	lì xué bù juàn
视远步高	shì yuǎn bù gāo
秋高气和	qiū gāo qì hé
假人辞色	jiǎ rén cí sè
老成持重	lǎo chéng chí zhòng
如解倒悬	rú jiě dào xuán
经国大业	jīng guó dà yè
一狐之腋	yī hú zhī yè
短中取长	duǎn zhōng qǔ cháng
有负众望	yǒu fù zhòng wàng
学究天人	xué jiū tiān rén
各不相让	gè bù xiāng ràng
用其所长	yòng qí suǒ cháng
人才济济	rén cái jǐ jǐ
自我作古	zì wǒ zuò gǔ
风行电扫	fēng xíng diàn sǎo
大家风范	dà jiā fēng fàn
深山穷谷	shēn shān qióng gǔ
祥风时雨	xiáng fēng shí yǔ
不可胜纪	bù kě shèng jì
风和日丽	fēng hé rì lì
和风丽日	hé fēng lì rì
日丽风和	rì lì fēng hé
方便之门	fāng biàn zhī mén
千载一遇	qiān zǎi yī yù
枝大于本	zhī dà yù běn
怨气冲天	yuàn qì chōng tiān
欢天喜地	huān tiān xǐ dì
胜友如云	shèng yǒu rú yún
寻事生非	xún shì shēng fēi
驷马不追	sì mǎ bù zhuī
老有所终	lǎo yǒu suǒ zhōng
孤傲不群	gū ào bù qún
不废江河	bù fèi jiāng hé
马上看花	mǎ shàng kàn huā
非异人任	fēi yì rén rèn
依然如故	yī rán rú gù
马首欲东	mǎ shǒu yù dōng
待人接物	dài rén jiē wù
无名小卒	wú míng xiǎo zú
正身明法	zhèng shēn míng fǎ
下笔成章	xià bǐ chéng zhāng
白日飞升	bái rì fēi shēng
恶意中伤	è yì zhòng shāng
料事如神	liào shì rú shén
安若泰山	ān ruò tài shān
疾言厉气	jí yán lì qì
意料之外	yì liào zhī wài
雷令风行	léi lìng fēng xíng
材高知深	cái gāo zhì shēn
相辅而行	xiāng fǔ ér xíng
俗下文字	sú xià wén zì
积重难反	jī zhòng nán fǎn
安危相易	ān wēi xiāng yì
变危为安	biàn wēi wéi ān
言行相副	yán xíng xiāng fù
鲁人回日	lǔ rén huí rì
无可比伦	wú kě bǐ lún
计行虑义	jì xíng lǜ yì
九流十家	jiǔ liú shí jiā
各有所长	gè yǒu suǒ chéng
道长争短	dào cháng zhēng duǎn
天之僯民	tiān zhī ruò mín
金汤之固	jīn tāng zhī gù
当耳旁风	dāng ěr páng fēng
和气生财	hé qì shēng cái
逢山开道	féng shān kāi dào
久归道山	jiǔ guī dào shān
朽木生花	xiǔ mù shēng huā
大千世界	dà qiān shì jiè
赤地千里	chì dì qiān lǐ
旧地重游	jiù dì chóng yóu
云起雪飞	yún qǐ xuě fēi
天渊之隔	tiān yuān zhī gé
国无二君	guó wú èr jūn
无耻之尤	wú chǐ zhī yóu
坚强不屈	jiān qiáng bù qū
赏不逾时	shǎng bù yú shí
束之高阁	shù zhī gāo gé
干城之将	gān chéng zhī jiàng
自相残杀	zì xiāng cán shā
才高意广	cái gāo yì guǎng
七足八手	qī zú bā shǒu
电照风行	diàn zhào fēng xíng
风行电照	fēng xíng diàn zhào
掉以轻心	diào yǐ qīng xīn
乌有先生	wū yǒu xiān shēng
眉头眼尾	méi tóu yǎn wěi
气断声吞	qì duàn shēng tūn
东南之宝	dōng nán zhī bǎo
观者如云	guān zhě rú yún
没世不渝	méi shì bù yú
头足异处	tóu zú yì chǔ
安忍无亲	ān rěn wú qīn
择善而行	zé shàn ér xíng
拾金不昧	shí jīn bù mèi
溢美之言	yì měi zhī yán
割股之心	gē gǔ zhī xīn
为人师表	wéi rén shī biǎo
精金美玉	jīng jīn měi yù
气象万千	qì xiàng wàn qiān
一团和气	yī tuán hé qì
残暴不仁	cán bào bù rén
锦心绣口	jǐn xīn xiù kǒu
绣口锦心	xiù kǒu jǐn xīn
流移失所	liú yí shī suǒ
贪墨成风	tān mò chéng fēng
面墙而立	miàn qiáng ér lì
墙面而立	qiáng miàn ér lì
达士通人	dá shì tōng rén
混作一谈	hùn zuò yī tán
戮力同心	lù lì tóng xīn
同心戮力	tóng xīn lù lì
同心协力	tóng xīn xié lì
协力同心	xié lì tóng xīn
协心同力	xié xīn tóng lì
举无遗策	jǔ wú yí cè
白日上升	bái rì shàng shēng
一字连城	yī zì lián chéng
轻如鸿毛	qīng rú hóng máo
神出鬼没	shén chū guǐ mò
遂心满意	suì xīn mǎn yì
计然之术	jì rán zhī shù
云愁海思	yún chóu hǎi sī
雨丝风片	yǔ sī fēng piàn
日以继夜	rì yǐ jì yè
夜以继日	yè yǐ jì rì
以日继夜	yǐ rì jì yè
以夜继日	yǐ yè jì rì
亲如骨肉	qīn rú gǔ ròu
穷年累月	qióng nián lěi yuè
失之东隅	shī zhī dōng yú
一命归阴	yī mìng guī yīn
奋不顾命	fèn bù gù mìng
得天独厚	dé tiān dú hòu
心烦意乱	xīn fán yì luàn
心慌意乱	xīn huāng yì luàn
如之奈何	rú zhī nai hé
平地登云	píng dì dēng yún
快心满志	kuài xīn mǎn zhì
钟鼎人家	zhōng dǐng rén jia
事在必行	shì zài bì xíng
心存目想	xīn cún mù xiǎng
面面相看	miàn miàn xiāng kàn
千变万化	qiān biàn wàn huà
喻之以理	yù zhī yǐ lǐ
思断义绝	ēn duàn yì jué
一丘一壑	yī qiū yī hè
真心诚意	zhēn xīn chéng yì
一潭死水	yī tán sǐ shuǐ
利不亏义	lì bù kuī yì
形形色色	xíng xíng sè sè
时易世变	shí yì shì biàn
应对如流	yìng duì rú liú
反面文章	fǎn miàn wén zhāng
按兵不举	àn bīng bù jǔ
三头八臂	sān tóu bā bì
迫不可待	pò bù kě dài
天旋地转	tiān xuán dì zhuàn
一坐尽倾	yī zuò jìn qīng
才高识远	cái gāo shí yuǎn
高才远识	gāo cái yuǎn shí
天粟马角	tiān sù mǎ jiǎo
通力合作	tōng lì hé zuò
怒气冲天	nù qì chōng tiān
目不斜视	mù bù xié shì
大智大勇	dà zhì dà yǒng
惊心眩目	jīng xīn xuàn mù
眩目惊心	xuàn mù jīng xīn
光可鉴人	guāng kě jiàn rén
有板有眼	yǒu bǎn yǒu yǎn
官官相为	guān guān xiāng wéi
无丝有线	wú sī yǒu xiàn
小脚女人	xiǎo jiǎo nǚ rén
举手投足	jǔ shǒu tóu zú
难分难舍	nán fēn nán shě
难舍难分	nán shě nán fēn
同类相从	tóng lèi xiāng cóng
十二万分	shí èr wàn fēn
自轻自贱	zì qīng zì jiàn
手脚无措	shǒu jiǎo wú cuò
千回百转	qiān huí bǎi zhuǎn
进退无依	jìn tuì wú yī
称心快意	chèn xīn kuài yì
虎斗龙争	hǔ dòu lóng zhēng
龙争虎斗	lóng zhēng hǔ dòu
无隙可乘	wú xì kě chéng
万古长存	wàn gǔ cháng cún
东风入律	dōng fēng rù lǜ
不徇私情	bù xún sī qíng
无独有偶	wú dú yǒu ǒu
三战三北	sān zhān sān běi
源远流长	yuán yuǎn liú cháng
狗吠之惊	gǒu fèi zhī jīng
忠心贯日	zhōng xīn guàn rì
有口难辩	yǒu kǒu nán biàn
无冬无夏	wú dōng wú xià
大兴土木	dà xīng tǔ mù
竿头日上	gān tóu rí shàng
十有八九	shí yǒu bā jiǔ
黄人捧日	huáng rén pěng rì
改过自新	gǎi guò zì xīn
下回分解	xià huí fēn jiě
点金成铁	diǎn jīn chéng tiě
点铁成金	diǎn tiě chéng jīn
东来西去	dōng lái xī qù
言归正传	yán guī zhèng zhuàn
正始之音	zhèng shǐ zhī yīn
信以为真	xìn yǐ wéi zhēn
不可救药	bù kě jiù yào
进道若退	jìn dào ruò tuì
卓然不群	zhuó rán bù qún
百巧千穷	bǎi qiǎo qiān qióng
一帆风顺	yī fán fēng shùn
一帆顺风	yī fān shùn fēng
魂飞胆落	hún fēi dǎn luò
死不旋踵	sǐ bù xuán zhǒng
人心涣散	rén xīn huàn sàn
龙兴凤举	lóng xīng fèng jǔ
铁笔无私	tiě bǐ wú sī
靡靡之声	mǐ mǐ zhī shēng
变化无常	biàn huà wú cháng
一蹶不振	yī jué bù zhèn
大敌当前	dà dí dāng qián
生公说法	shēng gōng shuō fǎ
希世之才	xī shì zhī cái
言从计听	yán cóng jì tīng
言听计从	yán tīng jì cóng
口耳相承	kǒu ěr xiāng chéng
三言讹虎	sān yán é hǔ
意气高昂	yì qì gāo áng
安家落户	ān jiā luò hù
是非口舌	shì fēi kǒu shé
日上三竿	rì shàng sān gān
水调歌头	shuǐ diào gē tóu
得胜头回	dé shèng tóu huí
千灾百难	qiān zāi bǎi nán
鸾凤分飞	luán fèng fēn fēi
不可逾越	bù kě yú yuè
桑中之喜	sāng zhōng zhī xǐ
东方将白	dong fang jiang bai
天高地迥	tiān gāo dì jiǒng
爱才如命	ài cái rú mìng
天道宁论	tiān dào níng lùn
龙断可登	lóng duàn kě dēng
百举百全	bǎi jǔ bǎi quán
是非分明	shì fēi fēn míng
神短气浮	shén duǎn qì fú
万家生佛	wàn jiā shēng fó
春花秋月	chūn huā qiū yuè
秋月春花	qiū yuè chūn huā
才高七步	cái gāo qī bù
金玉其质	jīn yù qí zhì
诟如不闻	gòu rú bù wén
长生久视	cháng shēng jiǔ shì
改行从善	gǎi xíng cóng shàn
天朗气清	tiān lǎng qì qīng
天清气朗	tiān qīng qì lǎng
金枝玉叶	jīn zhī yù yè
玉叶金枝	yù yè jīn zhī
泼天大祸	pō tiān dà huò
夜深人静	yè shēn rén jìng
形影相随	xíng yǐng xiāng suí
言多必失	yán duō bì shī
乌天黑地	wū tiān hēi dì
冰山易倒	bīng shān yì dǎo
千生万劫	qiān shēng wàn jié
精金良玉	jīng jīn liáng yù
天宝当年	tian bao dang nian
耻居人下	chǐ jū rén xià
舌锋如火	shé fēng rú huǒ
因小失大	yīn xiǎo shī dà
操之过急	cāo zhī guò jí
天上石麟	tiān shàng shí lín
浑然自成	hún rán zì chéng
凿空之论	záo kōng zhī lùn
恶有恶报	è yǒu è bào
杯水之敬	bēi shuǐ zhī jìng
车尘马足	chē chén mǎ zú
马足车尘	mǎ zú chē chén
洞天福地	dòng tiān fú dì
福地洞天	fú dì dòng tiān
志在千里	zhì zài qiān lǐ
茫无所知	máng wú suǒ zhī
自由自在	zì yóu zì zài
当头对面	dāng tóu duì miàn
不紧不慢	bù jīn bù màn
舍生忘死	shě shēng wàng sǐ
舍死忘生	shě sǐ wàng shēng
忘生舍死	wàng shēng shě sǐ
反经合道	fǎn jīng hé dào
无精打采	wú jīng dǎ cǎi
伤心疾首	shāng xīn jí shǒu
生不逢辰	shēng bù féng chén
目迷五色	mù mí wǔ sè
前古未有	qián gǔ wèi yǒu
杀一砺百	shā yī lì bǎi
迎风待月	yíng fēng dài yuè
见利忘义	jiàn lì wàng yì
一念之误	yī niàn zhī wù
云行雨洽	yún xíng yǔ qià
硕大无比	shuò dà wú bǐ
华不再扬	huá bù zài yáng
怨天尤人	yuàn tiān yóu rén
六合之内	liù hé zhī nèi
目空余子	mù kōng yú zǐ
血光之灾	xuè guāng zhī zāi
一肢一节	yī zhī yī jié
顺时而动	shùn shí ér dòng
草衣木食	cǎo yī mù shí
行不由径	xíng bù yóu jìng
视民如伤	shì mín rú shāng
不辱使命	bù rǔ shǐ mìng
五谷不升	wǔ gǔ bù shēng
金声掷地	jīn shēng zhì dì
掷地金声	zhì dì jīn shēng
贫贱之知	pín jiàn zhī zhī
极目远望	jí mù yuǎn wàng
视死若归	shì sǐ ruò guī
久假不归	jiǔ jiǎ bù guī
进身之阶	jìn shēn zhī jiē
仁人义士	rén rén yì shì
甘之若素	gān zhī ruò sù
穷年累世	qióng nián lěi shì
难乎为情	nán hū wéi qíng
好大喜功	hào dà xǐ gōng
寂然无声	jì rán wú shēng
贪小失大	tān xiǎo shī dà
无可比象	wú kě bǐ xiàng
疾首痛心	jí shǒu tòng xīn
痛心疾首	tòng xīn jí shǒu
倒山倾海	dǎo shān qīng hǎi
妙处不传	miào chù bù chuán
就事论事	jiù shì lùn shì
舍己从人	shě jǐ cóng rén
观机而作	guān jī ér zuò
落魄不羁	luò pò bù jī
飞鸟依人	fēi niǎo yī rén
情理难容	qíng lǐ nán róng
飞眼传情	fēi yǎn chuán qíng
名同实异	míng tóng shí yì
异名同实	yì míng tóng shí
口说无凭	kǒu shuō wú píng
比岁不登	bǐ suì bù dēng
岁比不登	suì bǐ bù dēng
伤心惨目	shāng xīn cǎn mù
心浮气盛	xīn fú qì shèng
千回万转	qiān huí wàn zhuǎn
顺风行船	shùn fēng xíng chuán
格杀不论	gé shā bù lùn
闻风远遁	wén fēng yuǎn dùn
不可枚举	bù kě méi jǔ
死气沉沉	sǐ qì chén chén
龙化虎变	lóng huà hǔ biàn
不弃草昧	bù qì cǎo mèi
安身立命	ān shēn lì mìng
立命安身	lì mìng ān shēn
废然而反	fèi rán ér fǎn
不分彼此	bù fēn bǐ cǐ
临风对月	lín fēng duì yuè
唾地成文	tuò dì chéng wén
十发十中	shí fā shí zhōng
路人皆知	lù rén jiē zhī
来去无踪	lái qù wú zōng
星飞云散	xīng fēi yún sàn
不知纪极	bù zhī jì jí
自拔来归	zì bá lái guī
少年老成	shào nián lǎo chéng
汗不敢出	hàn bù gǎn chū
亏心短行	kuī xīn duǎn xíng
诗以言志	shī yǐ yán zhì
相亲相爱	xiāng qīn xiāng ài
惊弦之鸟	jīng xián zhī niǎo
四方八面	sì fāng bā miàn
四面八方	sì miàn bā fāng
季路一言	jì lù yī yán
摸门不着	mō mén bù zháo
目若悬珠	mù ruò xuán zhū
胆战心摇	dǎn zhàn xīn yáo
前所未有	qián suǒ wèi yǒu
极天际地	jí tiān jì dì
独出己见	dú chū jǐ jiàn
玉石同碎	yù shí tóng suì
有始有终	yǒu shǐ yǒu zhōng
独断独行	dú duàn dú xíng
独行独断	dú xíng dú duàn
危如朝露	wēi rú zhāo lù
诗酒风流	shī jiǔ fēng liú
势不可遏	shì bù kě è
飘风暴雨	piāo fēng bào yǔ
眼空四海	yǎn kōng sì hǎi
梦笔生花	mèng bǐ shēng huā
名垂千古	míng chuí qiān gǔ
马翻人仰	mǎ fān rén yǎng
马仰人翻	mǎ yǎng rén fān
人仰马翻	rén yǎng mǎ fān
长安少年	cháng ān shào nián
风云突变	fēng yún tū biàn
互通有无	hù tōng yǒu wú
魂不著体	hún bù zhuó tǐ
民不堪命	mín bù kān mìng
罪当万死	zuì dāng wàn sǐ
山寒水冷	shān hán shuǐ lěng
乱作一团	luàn zuò yī tuán
春雨如油	chūn yǔ rú yóu
含笑入地	hán xiào rù dì
重于泰山	zhòng yú tài shān
月地云阶	yuè dì yún jiē
云阶月地	yún jiē yuè dì
换日偷天	huàn rì tōu tiān
偷天换日	tōu tiān huàn rì
苦海无边	kǔ hǎi wú biān
甘居人后	gān jū rén hòu
直言取祸	zhí yán qǔ huò
权倾天下	quán qīng tiān xià
十行俱下	shí háng jù xià
成家立业	chéng jiā lì yiè
狗眼看人	gǒu yǎn kàn rén
大显身手	dà xiǎn shēn shǒu
羊落虎口	yáng luò hǔ kǒu
以眼还眼	yǐ yǎn huán yǎn
话不投机	huà bù tóu jī
马到成功	mǎ dào chéng gōng
马到功成	mǎ dào gōng chéng
计日以期	jì rì yǐ qī
手下留情	shǒu xià liú qíng
阳关大道	yáng guān dà dào
布天盖地	bù tiān gài dì
当家立计	dāng jiā lì jì
弥天大祸	mí tiān dà huò
裹足不前	guǒ zú bù qián
反复无常	fǎn fù wú cháng
乐善不倦	lè shàn bù juàn
青丝白马	qīng sī bái mǎ
时移世变	shí yí shì biàn
时移世易	shí yí shì yì
俭不中礼	jiǎn bù zhòng lǐ
游戏人世	yóu xì rén shì
一枕黄梁	yī zhěn huáng liáng
惊心丧魄	jīng xīn sàng pò
死而后已	sǐ ér hòu yǐ
举止不凡	jǔ zhǐ bù fán
六尺之孤	liù chǐ zhī gū
明堂正道	míng táng zhèng dào
目不转睛	mù bù zhuǎn jīng
出敌意外	chū dí yì wài
饥不择食	jī bù zé shí
风清月朗	fēng qīng yuè lǎng
朗月清风	lǎng yuè qīng fēng
清风朗月	qīng fēng lǎng yuè
月朗风清	yuè lǎng fēng qīng
家藏户有	jiā cáng hù yǒu
麟凤一毛	lín fèng yī máo
画地而趋	huà dì ér qū
任重道远	rèn zhòng dào yuǎn
口若悬河	kǒu ruò xuán hé
日异月更	rì yì yuè gèng
束手无策	shù shǒu wú cè
公道合理	gōng dào hé lǐ
心照不宣	xīn zhào bù xuān
说古道今	shuō gǔ dào jīn
说今道古	shuō jīn dào gǔ
空洞无物	kōng dòng wú wù
数见不鲜	shuò jiàn bù xiān
誓同生死	shì tóng shēng sǐ
无边无际	wú biān wú jì
博大精深	bó dà jīng shēn
冷心冷面	lěng xīn lěng miàn
巧立名目	qiǎo lì míng mù
花好月圆	huā hǎo yuè yuán
月圆花好	yuè yuán huā hǎo
轻言肆口	qīng yán sì kǒu
迁风移俗	qiān fēng yí sú
宽以待人	kuān yǐ dài rén
眉飞眼笑	méi fēi yǎn xiào
眼笑眉飞	yǎn xiào méi fēi
败俗伤风	bài sú shāng fēng
伤风败俗	shāng fēng bài sú
龙鬼蛇神	lóng guǐ shé shén
恩深义重	ēn shēn yì zhòng
义重恩深	yì zhòng ēn shēn
时隐时见	shí yǐn shí jiàn
风轻云净	fēng qīng yún jìng
尺有所短	chǐ yǒu suǒ duǎn
车在马前	chē zài mǎ qián
放鱼入海	fàng yú rù hǎi
面面相窥	miàn miàn xiāng kuī
古稀之年	gǔ xī zhī nián
经年累月	jīng nián lěi yuè
累月经年	lěi yuè jīng nián
旧雨新知	jiù yǔ xīn zhī
人声鼎沸	rén shēng dǐng fèi
好为事端	hào wéi shì duān
东声西击	dōng shēng xī jī
声东击西	shēng dōng jī xī
当着不着	dāng zhuó bù zhuó
拿下马来	ná xià mǎ lái
不吝珠玉	bù lìn zhū yù
众口难调	zhòng kǒu nán tiáo
冤天屈地	yuān tiān qū dì
国耳忘家	guó ěr wàng jiā
虎口逃生	hǔ kǒu táo shēng
裘马声色	qiú mǎ shēng sè
家见户说	jiā jiàn hù shuō
以老卖老	yǐ lǎo mài lǎo
遗名去利	yí míng qù lì
千古绝调	qiān gǔ jué diào
千头万绪	qiān tóu wàn xù
万绪千头	wàn xù qiān tóu
气壮河山	qì zhuàng hé shān
气壮山河	qì zhuàng shān hé
引人注目	yǐn rén zhù mù
以身作则	yǐ shēn zuò zé
后福无量	hòu fú wú liàng
无可置疑	wú kě zhì yí
众毛飞骨	zhòng máo fēi gǔ
立身处世	lì shēn chǔ shì
大发议论	dà fā yì lùn
才高行洁	cái gāo xíng jié
国士无双	guó shì wú shuāng
善善从长	shàn shàn cóng cháng
高举深藏	gāo jǔ shēn cáng
长命百岁	cháng mìng bǎi suì
死有余罪	sǐ yǒu yú zuì
车马盈门	chē mǎ yíng mén
累累如珠	lěi lěi rú zhū
扣人心弦	kòu rén xīn xián
笔下超生	bǐ xià chāo shēng
胸中无数	xiōng zhōng wú shù
拈花一笑	niān huā yī xiào
背道而驰	bèi dào ér chí
不值一钱	bù zhí yī qián
一钱不值	yī qián bù zhí
应天顺民	yìng tiān shùn mín
不堪言状	bù kān yán zhuàng
不置可否	bù zhì kě fǒu
威风扫地	wēi fēng sǎo dì
罪恶深重	zuì è shēn zhòng
论心定罪	lùn xīn dìng zuì
不敢高攀	bù gǎn gāo pān
一蹴而得	yī cù ér dé
手高眼低	shǒu gāo yǎn dī
眼高手低	yǎn gāo shǒu dī
铁板不易	tiě bǎn bù yì
理所当然	lǐ suǒ dāng rán
重厚寡言	zhòng hòu guǎ yán
斗筲之人	dǒu shāo zhī rén
抱成一团	bào chéng yī tuán
紫气东来	zǐ qì dōng lái
善为说辞	shàn wéi shuō cí
就地正法	jiù dì zhèng fǎ
信口胡言	xìn kǒu hú yán
心忙意乱	xīn máng yì luàn
意乱心忙	yì luàn xīn máng
不念旧恶	bù niàn jiù è
虚室生白	xū shì shēng bái
一鳞半甲	yī lín bàn jiǎ
积善成德	jī shàn chéng dé
家无担石	jiā wú dàn shí
三位一体	sān wèi yī tǐ
罪大恶极	zuì dà è jí
乐在其中	lè zài qí zhōng
俗不可耐	sú bù kě nài
大喜过望	dà xǐ guò wàng
朝生夕死	zhāo shēng xī sǐ
决一胜负	jué yī shèng fù
一决胜负	yī jué shèng fù
身经百战	shēn jīng bǎi zhàn
明赏不费	míng shǎng bù fèi
视若无睹	shì ruò wú dǔ
弃之可惜	qì zhī kě xī
无咎无誉	wú jiù wú yù
山遥水远	shān yáo shuǐ yuǎn
水远山遥	shuǐ yuǎn shān yáo
名垂万古	míng chuí wàn gǔ
无以塞责	wú yǐ sè zé
天高听卑	tiān gāo tīng bēi
致之度外	zhì zhī dù wài
上行下效	shàng xíng xià xiào
运之掌上	yùn zhī zhǎng shàng
星行夜归	xīng xíng yè guī
安生乐业	ān shēng lè yè
风和日暖	fēng hé rì nuǎn
日和风暖	rì hé fēng nuǎn
日暖风和	rì nuǎn fēng hé
正名定分	zhèng míng dìng fēn
流年似水	liú nián sì shuǐ
似水流年	sì shuǐ liú nián
高唱入云	gāo chàng rù yún
靡衣玉食	mí yī yù shí
威武不屈	wēi wǔ bù qū
百了千当	bǎi liǎo qiān dāng
千了百当	qiān liǎo bǎi dàng
凤毛龙甲	fèng máo lóng jiǎ
目达耳通	mù dá ěr tōng
行合趋同	xíng hé qū tóng
骇目振心	hài mù zhèn xīn
河清人寿	hé qīng rén shòu
三命而俯	sān mìng ér fǔ
十万火急	shí wàn huǒ jí
未足轻重	wèi zú qīng zhòng
寡情薄意	guǎ qíng báo yì
以恶报恶	yǐ è bào è
无如奈何	wú rú nài hé
未形之患	wèi xíng zhī huàn
如此而已	rú cǐ ér yǐ
黄尘清水	huáng chén qīng shuǐ
粗心浮气	cū xīn fú qì
心粗气浮	xīn cū qì fú
心浮气粗	xīn fú qì cū
会家不忙	huì jiā bù máng
七行俱下	qī háng jù xià
靡然顺风	mí rán shùn fēng
一语双关	yī yǔ shuāng guān
白龙鱼服	bái lóng yú fú
救民水火	jiù mín shuǐ huǒ
掩口而笑	yǎn kǒu ér xiào
高枕而卧	gāo zhěn ér wò
精贯白日	jīng guàn bái rì
别无二致	bié wú èr zhì
包打天下	bāo dǎ tiān xià
好学不倦	hào xué bù juàn
置之脑后	zhì zhī nǎo hòu
反目成仇	fǎn mù chéng chóu
自寻短见	zì xún duǎn jiàn
焦金流石	jiāo jīn liú shí
一脉相传	yī mài xiāng chuán
苦心经营	kǔ xīn jīng yíng
风卷残云	fēng juǎn cán yún
引首以望	yǐn shǒu yǐ wàng
人来客去	rén lái kè qù
狐不二雄	hú bù èr xióng
金舌弊口	jīn shé bì kǒu
眉飞色舞	méi fēi sè wǔ
顾名思义	gù míng sī yì
功成骨枯	gōng chéng gǔ kū
情急智生	qíng jí shēng zhì
连城之璧	lián chéng zhī bì
空口无凭	kōng kǒu wú píng
自食其果	zì shí qí guǒ
时望所归	shí wàng suǒ guī
冠盖如云	guān gài rú yún
过眼烟云	guò yǎn yān yún
过眼云烟	guò yǎn yún yān
烟云过眼	yān yún guò yǎn
云烟过眼	yún yān guò yǎn
以法为教	yǐ fǎ wéi jiào
百战百胜	bǎi zhàn bǎi shèng
同门异户	tóng mén yì hù
白日绣衣	bái rì xiù yī
白日衣绣	bái rì yì xiù
投其所好	tóu qí suǒ hào
分心挂腹	fēn xīn guà fù
对床风雨	duì chuáng fēng yǔ
风雨对床	fēng yǔ duì chuáng
久久不忘	jiǔ jiǔ bù wàng
身无立锥	sheng wu li zhui
融为一体	róng wéi yī tǐ
阑风长雨	lán fēng zhàng yǔ
百顺千随	bǎi shùn qiān suí
千随百顺	qiān suí bǎi shùn
并行不悖	bìng xíng bù bèi
举止大方	jǔ zhǐ dà fāng
美人香草	měi rén xiāng cǎo
香草美人	xiāng cǎo měi rén
三年五载	sān nián wǔ zài
切骨之仇	qiè gǔ zhī chóu
朝三暮四	zhāo sān mù sì
暮四朝三	mù sì cháo sān
乐天任命	lè tiān rèn mìng
不可摸捉	bù kě mō zhuō
不可捉摸	bù kě zhuō mō
大声疾呼	dà shēng jí hū
三老四少	sān lǎo sì shǎo
无其伦比	wú qí lún bǐ
岁不我与	suì bù wǒ yǔ
兵不厌权	bīng bù yàn quán
亡国大夫	wáng guó dà fū
耳听心受	ěr tīng xīn shòu
时移世异	shí yí shì yì
世异时移	shì yì shí yí
春风夏雨	chūn fēng xià yǔ
步月登云	bù yuè dēng yún
见义勇为	jiàn yì yǒng wéi
反覆无常	fǎn fù wú cháng
察言观行	chá yán guān xíng
大功毕成	dà gōng bì chéng
赏罚不明	shǎng fá bù míng
言信行果	yán xìn xíng guǒ
言行信果	yán xíng xìn guǒ
井中求火	jǐng zhōng qiú huǒ
通功易事	tōng gōng yì shì
在色之戒	zài sè zhī jiè
心领神会	xīn lǐng shén huì
顾复之恩	gù fù zhī ēn
同归于尽	tóng guī yú jìn
束手无措	shù shǒu wú cuò
有备无患	yǒu bèi wú huàn
衣锦夜行	yì jǐn yè xíng
八拜之交	bā bài zhī jiāo
旧雨今雨	jiù yǔ jīn yǔ
边尘不惊	biān chén bù jīng
天悬地隔	tiān xuán dì gé
土牛木马	tǔ niú mù mǎ
日中必移	rì zhōng bì yí
成年古代	chéng nián gǔ dài
情天孽海	qíng tiān niè hǎi
用心良苦	yòng xīn liáng kǔ
千古奇闻	qiān gǔ qí wén
言简意少	yán jiǎn yì shǎo
意味深长	yì wèi shēn cháng
乘虚而入	chéng xū ér rù
嗟来之食	jiē lái zhī shí
不爽毫发	bù shuǎng háo fā
毫发不爽	háo fà bù shuǎng
三日新妇	sān rì xīn fù
处心积虑	chǔ xīn jī lǜ
披露腹心	pī lù fù xīn
杜门自绝	dù mén zì jué
知情达理	zhī qíng dá lǐ
邪不伐正	xié bù fá zhèng
千古独步	qiān gǔ dú bù
家破身亡	jiā pò shēn wáng
独善其身	dú shàn qí shēn
爱人好士	ài rén hào shì
朝野上下	cháo yě shàng xià
桑土之谋	sāng tǔ zhī móu
忍无可忍	rěn wú kě rěn
混然一体	hún rán yī tǐ
寒心消志	hán xīn xiāo zhì
人微权轻	rén wēi quán qīng
老于世故	lǎo yú shì gù
画地成图	huà dì chéng tú
千载一圣	qiān zǎi yī shèng
呼天号地	hū tiān hào dì
见溺不救	jiàn nì bù jiù
深见远虑	shēn jiàn yuǎn lǜ
进退无途	jìn tuì wú tú
海内无双	hǎi nèi wú shuāng
坐不垂堂	zuò bù chuí táng
屈高就下	qū gāo jiù xià
壶中日月	hú zhōng rì yuè
心领意会	xīn lǐng yì huì
白首穷经	bái shǒu qióng jīng
横行直走	héng xíng zhí zǒu
金口御言	jīn kǒu yù yán
以古为鉴	yǐ gǔ wéi jiàn
以人择官	yǐ rén zé guān
罚不当罪	fá bù dāng zuì
天愁地惨	tiān chóu dì cǎn
弹指之间	tán zhǐ zhī jiān
义形于色	yì xíng yú sè
不舍昼夜	bù shě zhòu yè
苦中作乐	kǔ zhōng zuò lè
一语中的	yī yǔ zhōng dì
日暮路远	rì mù lù yuǎn
拒人千里	jù rén qiān lǐ
数不胜数	shǔ bù shèng shǔ
公而忘私	gōng ér wàng sī
体大思精	tǐ dà sī jīng
风雨飘摇	fēng yǔ piāo yáo
开天辟地	kāi tiān pì dì
天开地辟	tiān kāi dì pì
枉己正人	wǎng jǐ zhèng rén
不可偏废	bù kě piān fèi
出言吐词	chū yán tǔ cí
好善恶恶	hǎo shàn wù è
绝世独立	jué shì dú lì
低首下气	dī shǒu xià qì
百岁之盟	bǎi suì zhī méng
寿满天年	shòu mǎn tiān nián
轻言细语	qīng yán xì yǔ
乱坠天花	luàn zhuì tiān huā
天花乱坠	tiān huā luàn zhuì
事与心违	shì yù xīn wéi
千了万当	qiān le wàn dàng
相待如宾	xiāng dài rú bīn
流连忘反	liú lián wàng fǎn
雨断云销	yǔ duàn yún xiāo
视财如命	shì cái rú mìng
震天动地	zhèn tiān dòng dì
心劳意攘	xīn láo yì rǎng
失时落势	shī shí luò shì
才秀人微	cái xiù rén wēi
月下老儿	yuè xià lǎo ér
言颠语倒	yán diān yǔ dǎo
耳闻目击	ěr wén mù jī
目击耳闻	mù jī ěr wén
面若死灰	miàn ruò sǐ huī
家给人足	jiā jǐ rén zú
人给家足	rén jǐ jiā zú
人足家给	rén zú jiā jǐ
寂然不动	jì rán bù dòng
改俗迁风	gǎi sú qiān fēng
投井下石	tóu jǐng xià shí
投石下井	tóu shí xià jǐng
下井投石	xià jǐng tóu shí
强食自爱	qiǎng shí zì ài
绝色佳人	jué sè jiā rén
甘心首疾	gān xīn shǒu jí
望而生畏	wàng ér shēng wèi
白璧无瑕	bái bì wú xiá
古为今用	gǔ wéi jīn yòng
流口常谈	liú kǒu cháng tán
长篇大论	cháng piān dà lùn
因风吹火	yīn fēng chuī huǒ
日不移晷	rì bù yí guǐ
触目崩心	chù mù bēng xīn
合情合理	hé qíng hé lǐ
形影自守	xíng yǐng zì shǒu
鸡犬不留	jī quǎn bù liú
计尽力穷	jì jìn lì qióng
计穷力尽	jì qióng lì jìn
沸反连天	fèi fǎn lián tiān
食不充饥	shí bù chōng jī
索然无味	suǒ rán wú wèi
放心解体	fàng xīn jiě tǐ
鱼目间珠	yú mù jiān zhū
按兵不动	àn bīng bù dòng
确然不群	què rán bù qún
祸中有福	huò zhōng yǒu fú
破口大骂	pò kǒu dà mà
年事已高	nián shì yǐ gāo
空穴来风	kōng xué lái fēng
艰难玉成	jiān nán yù chéng
回味无穷	huí wèi wú qióng
败鼓之皮	bài gǔ zhī pí
惠然之顾	huì rán zhī gù
心坚石穿	xīn jiān shí chuān
轻言寡信	qīng yán guǎ xìn
猛虎出山	měng hǔ chū shān
举止自若	jǔ zhǐ zì ruò
覆海移山	fù hǎi yí shān
流天澈地	liú tiān chè dì
指日高升	zhǐ rì gāo shēng
仁心仁闻	rén xīn rén wén
金相玉映	jīn xiāng yù yìng
坚执不从	jiān zhí bù cóng
词无枝叶	cí wú zhī yè
立时三刻	lì shí sān kè
法海无边	fǎ hǎi wú biān
远年近日	yuǎn nián jìn rì
不得要领	bù dé yào lǐng
时殊风异	shí shū fēng yì
步调一致	bù diào yī zhì
肝心若裂	gān xīn ruò liè
黄金时代	huáng jīn shí dài
地动山摧	dì dòng shān cuī
口服心服	kǒu fú xīn fú
心服口服	xīn fú kǒu fú
文弱书生	wén ruò shū shēng
转危为安	zhuǎn wēi wéi ān
不同凡响	bù tóng fán xiǎng
寸步不让	cùn bù bù ràng
伏地圣人	fú dì shèng rén
久悬不决	jiǔ xuán bù jué
垂手可得	chuí shǒu kě dé
千磨百折	qiān mó bǎi shé
书香世家	shū xiāng shì jiā
无可争辩	wú kě zhēng biàn
城下之盟	chéng xià zhī méng
狂风暴雨	kuáng fēng bào yǔ
遗风余采	yí fēng yú cǎi
胡作非为	hú zuò fēi wéi
多言数穷	duō yán shuò qióng
东家西舍	dōng jiā xī shě
如狼似虎	rú láng sì hǔ
片甲不还	piàn jiǎ bù huán
官止神行	guān zhǐ shén xíng
口轻舌薄	kǒu qīng shé bó
轻口薄舌	qīng kǒu báo shé
东横西倒	dōng héng xī dǎo
众口销金	zhòng kǒu xiāo jīn
诗礼之家	shī lǐ zhī jiā
未达一间	wèi dá yī jiān
风吹草动	fēng chuī cǎo dòng
流落天涯	liú luò tiān yá
七十二行	qī shí èr háng
鼠雀之牙	shǔ què zhī yá
池鱼之虑	chí yú zhī lǜ
钓游之地	diào yóu zhī dì
七上八落	qī shàng bā luò
浑金白玉	hún jīn bái yù
事过情迁	shì guò qíng qiān
余味无穷	yú wèi wú qióng
三生有幸	sān shēng yǒu xìng
回天运斗	huí tiān yùn dǒu
喜行于色	xǐ xíng yú sè
攻其不备	gōng qí bù bèi
下学上达	xià xué shàng dá
寸步千里	cùn bù qiān lǐ
引鬼上门	yǐn guǐ shàng mén
刻骨相思	kè gǔ xiāng sī
大做文章	dà zuò wén zhāng
高遏行云	gāo è xíng yún
刮目相见	guā mù xiāng jiàn
接三连四	jiē sān lián sì
连三接四	lián sān jiē sì
才子佳人	cái zǐ jiā rén
佳人才子	jiā rén cái zǐ
夜郎自大	yè láng zì dà
别有风趣	bié yǒu fēng qù
四至八道	sì zhì bā dào
遮天迷地	zhē tiān mí dì
黄梁一梦	huáng liáng yī mèng
燕雀之居	yàn què zhī jū
有勇有谋	yǒu yǒng yǒu móu
论高寡合	lùn gāo guǎ hé
食方于前	shí fāng yú qián
游心骇耳	yóu xīn hài ěr
察己知人	chá jǐ zhī rén
留有余地	liú yǒu yú dì
见几而作	jiàn jī ér zuò
一饮一啄	yī yǐn yī zhuó
不务正业	bù wù zhèng yè
谈空说有	tán kōng shuō yǒu
即兴之作	jí xìng zhī zuò
持久之计	chí jiǔ zhī jì
庆吊不行	qìng diào bù xíng
少言寡语	shǎo yán guǎ yǔ
白眼相看	bái yǎn xiāng kàn
一支半节	yī zhī bàn jié
百依百从	bǎi yī bǎi cóng
星落云散	xīng luò yún sàn
鱼龙变化	yú lóng biàn huà
丰衣足食	fēng yī zú shí
足食丰衣	zú shí fēng yī
谋臣如雨	móu chén rú yǔ
说是道非	shuō shì dào fēi
永志不忘	yǒng zhì bù wàng
手无寸刃	shǒu wú cùn rèn
求全之毁	qiú quán zhī huǐ
生齿日繁	shēng chǐ rì fán
连三接五	lián sān jiē wǔ
交头接耳	jiāo tóu jiē ěr
蔚成风气	wèi chéng fēng qì
风华绝代	fēng huá jué dài
连三并四	lián sān bìng sì
日积月聚	rì jī yuè jù
神头鬼脸	shén tóu guǐ liǎn
寸铁杀人	cùn tiě shā rén
两袖清风	liǎng xiù qīng fēng
清风两袖	qīng fēng liǎng xiù
自始自终	zì shǐ zì zhōng
引手投足	yǐn shǒu tóu zú
风雨共舟	fēng yǔ gòng zhōu
马角乌头	mǎ jiǎo wū tóu
乌头马角	wū tóu mǎ jiǎo
不可奈何	bù kě mài hé
卧床不起	wò chuáng bù qǐ
兵不接刃	bīng bù jiē rèn
眉来眼去	méi lái yǎn qù
追风逐影	zhuī fēng zhú yǐng
百万雄兵	bǎi wàn xióng bīng
首尾相连	shǒu wěi xiāng lián
有机可乘	yǒu jī kě chéng
掩其不备	yǎn qí bù bèi
积非成是	jī fēi chéng shì
河出伏流	hé chū fú liú
心慌意急	xīn huāng yì jí
片甲不存	piàn jiǎ bù cún
鱼质龙文	yú zhì lóng wén
遗臭无穷	yí chòu wú qióng
默默无言	mò mò wú yán
强加于人	qiáng jiā yú rén
狼子兽心	láng zǐ shòu xīn
百鸟朝凤	bǎi niǎo cháo fèng
怒火冲天	nù huǒ chōng tiān
进退有节	jìn tuì yǒu jié
雀鼠之争	què shǔ zhī zhēng
急于求成	jí yú qiú chéng
谈虎色变	tán hǔ sè biàn
水木清华	shuǐ mù qīng huá
呼牛作马	hū niú zuò mǎ
如痴如梦	rú chī rú mèng
缓兵之计	huǎn bīng zhī jì
忿不顾身	fèn bù gù shēn
古木参天	gǔ mù cān tiān
引以为荣	yǐn yǐ wéi róng
血肉相连	xuè ròu xiāng lián
一代文宗	yī dài wén zōng
无挂无碍	wú guà wú ài
目不给赏	mù bù gěi shǎng
抱头大哭	bào tóu dà kū
高飞远集	gāo fēi yuǎn jí
从善如登	cóng shàn rú dēng
胡越一家	hú yuè yī jiā
富家大室	fù jiā dà shì
富室大家	fù shì dà jiā
坐上琴心	zuò shàng qín xīn
移风振俗	yí fēng zhèn sú
量入计出	liàng rù jì chū
惠而不费	huì ér bù fèi
风雪交加	fēng xuě jiāo jiā
滔天大罪	tāo tiān dà zuì
日食万钱	rì shí wàn qián
食日万钱	shí rì wàn qián
论长说短	lùn cháng shuō duǎn
说长论短	shuō cháng lùn duǎn
说短论长	shuō duǎn lùn cháng
顺水行舟	shùn shuǐ xíng zhōu
规天矩地	guī tiān jǔ dì
两面二舌	liǎng miàn èr shé
连明连夜	lián míng lián yè
市井小人	shì jǐng xiǎo rén
从井救人	cóng jǐng jiù rén
千金买笑	qiān jīn mǎi xiào
犬马之恋	quǎn mǎ zhī liàn
居不重茵	jū bù chóng yīn
转斗千里	zhuǎn dòu qiān lǐ
为法自弊	wéi fǎ zì bì
白面儒生	bái miàn rú shēng
淡水交情	dàn shuǐ jiāo qíng
急不择路	jí bù zé lù
灰头土面	huī tóu tǔ miàn
东山复起	dōng shān fù qǐ
背城一战	bèi chéng yī zhàn
经天纬地	jīng tiān wěi dì
天地经纬	tiān dì jīng wěi
天经地纬	tiān jīng dì wěi
善善恶恶	shàn shàn wù è
君命无二	jūn mìng wú èr
一索得男	yī suǒ dé nán
信而有征	xìn ér yǒu zhēng
计功行赏	jì gōng xíng shǎng
路无拾遗	lù wú shí yí
化为乌有	huà wéi wū yǒu
移天徙日	yí tiān xǐ rì
同恶相党	tóng è xiāng dǎng
一丝不紊	yī sī bù wěn
徒劳无功	tú láo wú gōng
万箭穿心	wàn jiàn chuān xīn
不容置疑	bù róng zhì yí
狗彘不食	gǒu zhì bù shí
惊世骇目	jīng shì hài mù
日新月著	rì xīn yuè zhù
巧不可阶	qiǎo bù kě jiē
谋无遗策	móu wú yí cè
神领意得	shén lǐng yì dé
飞蓬随风	fēi péng suí fēng
披头散发	pī tóu sàn fà
贫贱不移	pín jiàn bù yí
丰屋之祸	fēng wū zhī huò
百岁千秋	bǎi suì qiān qiū
杞天之虑	qǐ tiān zhī lǜ
色胆包天	sè dǎn bāo tiān
老气横秋	lǎo qì héng qiū
魂飞胆破	hún fēi dǎn pò
难能可贵	nán néng kě guì
敬若神明	jìng ruò shén míng
分毫不爽	fēn háo bù shuǎng
居高临下	jū gāo lín xià
形影相附	xíng yǐng xiāng fù
死于非命	sǐ yú fēi mìng
名落孙山	míng luò sūn shān
奉公不阿	fèng gōng bù ē
使心用腹	shǐ xīn yòng fù
柳户花门	liǔ hù huā mén
日转千街	rì zhuǎn qiān jiē
遭家不造	zāo jiā bù zào
二姓之好	èr xìng zhī hǎo
采风问俗	cǎi fēng wèn sú
无计所奈	wú jì suǒ nài
自相残害	zì xiāng cán hài
功高盖世	gōng gāo gài shì
九转功成	jiǔ zhuàn gōng chéng
不堪回首	bù kān huí shǒu
抱负不凡	bào fù bù fán
悬悬而望	xuán xuán ér wàng
移山竭海	yí shān jié hǎi
移山造海	yí shān zào hǎi
习以成俗	xí yǐ chéng sú
淡然置之	dàn rán zhì zhī
同心协德	tóng xīn xié dé
以水洗血	yǐ shuǐ xǐ xuè
操之过切	cāo zhī guò qiè
白黑分明	bái hēi fēn míng
黑白分明	hēi bái fēn míng
痛心病首	tòng xīn bìng shǒu
端人正士	duān rén zhèng shì
鱼升龙门	yú shēng lóng mén
东张西望	dōng zhāng xī wàng
牛角书生	niú jiǎo shū shēng
清耳悦心	qīng ěr yuè xīn
月落星沉	yuè luò xīng chén
不问皂白	bù wèn zào bái
百家争鸣	bǎi jiā zhēng míng
千难万险	qiān nán wàn xiǎn
革风易俗	gé fēng yì sú
年深月久	nián shēn yuè jiǔ
五体投地	wǔ tǐ tóu dì
一发破的	yī fā pò dì
自圆其说	zì yuán qí shuō
百读不厌	bǎi dú bù yàn
刚正不阿	gāng zhèng bù ē
亡国之器	wáng guó zhī qì
贼人胆虚	zéi rén dǎn xū
广文先生	guǎng wén xiān sheng
三步两脚	sān bù liǎng jiǎo
三脚两步	sān jiǎo liǎng bù
金鸡独立	jīn jī dú lì
指东说西	zhǐ dōng shuō xī
生花妙笔	shēng huā miào bǐ
雷厉风飞	léi lì fēng fēi
罪有应得	zuì yǒu yīng dé
立地成佛	lì dì chéng fó
能言快语	néng yán kuài yǔ
日新月盛	rì xīn yuè shèng
神乎其神	shén hū qí shén
麻木不仁	má mù bù rén
规求无度	guī qiú wú dù
莫逆之交	mò nì zhī jiāo
水流花谢	shuǐ liú huā xiè
行将就木	xíng jiāng jiù mù
改是成非	gǎi shì chéng fēi
此事体大	cǐ shì tǐ dà
龙头蛇尾	lóng tóu shé wěi
毫不介意	háo bù jiè yì
山南海北	shān nán hǎi běi
经明行修	jīng míng xíng xiū
浪子回头	làng zǐ huí tóu
安闲自在	ān xián zì zài
快人快事	kuài rén kuài shì
衣不蔽体	yī bù bì tǐ
盖世无双	gài shì wú shuāng
离世异俗	lí shì yì sú
化民成俗	huà mín chéng sú
大智如愚	dà zhì rú yú
忧心如捣	yōu xīn rú dǎo
花朝月夕	huā zhāo yuè xī
月夕花朝	yuè xī huā zhāo
过犹不及	guò yóu bù jí
善眉善眼	shàn méi shàn yǎn
安于一隅	ān yù yī yù
釜中生鱼	fǔ zhōng shēng yú
寸土不让	cùn tǔ bù ràng
盘石之固	pán shí zhī gù
鸡鸣而起	jī míng ér qǐ
气味相投	qì wèi xiāng tóu
大显神通	dà xiǎn shén tōng
雅雀无声	yǎ què wú shēng
一如既往	yī rú jì wǎng
为人说项	wèi rén shuō xiàng
佛口蛇心	fó kǒu shé xīn
佛心蛇口	fó xīn shé kǒu
蛇心佛口	shé xīn fó kǒu
通风报信	tōng fēng bào xìn
黄道吉日	huáng dào jí rì
海不波溢	hǎi bù bō yì
海立云垂	hǎi lì yún chuí
风情月债	fēng qíng yuè zhài
吹气如兰	chuī qì rú lán
树上开花	shù shàng kāi huā
如是我闻	rú shì wǒ wén
众口熏天	zhòng kǒu xūn tiān
进退无措	jìn tuì wú cuò
言无伦次	yán wú lún cì
魂惊胆落	hún jīng dǎn luò
百战百败	bǎi zhàn bǎi bài
有勇知方	yǒu yǒng zhī fāng
一望无垠	yī wàng wú yín
虎口拔牙	hǔ kǒu bá yá
明如指掌	míng rú zhǐ zhǎng
恬不知怪	tián bù zhī guài
以辞害意	yǐ cí hài yì
没世穷年	méi shì qióng nián
运斤成风	yùn jīn chéng fēng
横生枝节	héng shēng zhī jié
枝节横生	zhī jié héng shēng
祸福无常	huò fú wú cháng
满座风生	mǎn zuò fēng shēng
众好众恶	zhòng hào zhòng wù
养虎自残	yǎng hǔ zì cán
从恶如崩	cóng è rú bēng
乘兴而来	chéng xìng ér lái
不堪其忧	bù kān qí yōu
不落俗套	bù luò sú tào
鹰犬之才	yīng quǎn zhī cái
舍生取义	shě shēng qǔ yì
膝行而前	xī xíng ér qián
坐无虚席	zuò wú xū xí
说长说短	shuō cháng shuō duǎn
公才公望	gōng cái gōng wàng
切切在心	qiè qiè zài xīn
秋高马肥	qiū gāo mǎ féi
舍己就人	shě jǐ jiù rén
如醉如狂	rú zuì rú kuáng
杞人之忧	qǐ rén zhī yōu
间不容砺	jiān bù róng lì
所向无敌	suǒ xiàng wú dí
心无挂碍	xīn wú guài ài
神丧胆落	shén sàng dǎn luò
惊弓之鸟	jīng gōng zhī niǎo
急中生智	jí zhōng shēng zhì
千秋万岁	qiān qiū wàn suì
万岁千秋	wàn suì qiān qiū
面面相睹	miàn miàn xiāng dǔ
不敢苟同	bù gǎn gǒu tóng
结不解缘	jié bù jiě yuán
以功补过	yǐ gōng bǔ guò
恶语相加	è yǔ xiāng jiā
手不释卷	shǒu bù shì juàn
九流三教	jiǔ liú sān jiào
三教九流	sān jiào jiǔ liú
守正不挠	shǒu zhèng bù náo
文不对题	wén bù duì tí
济世安民	jì shì ān mín
积年累月	jī nián lěi yuè
胡言乱语	hú yán luàn yǔ
乱语胡言	luàn yǔ hú yán
七日来复	qī rì lái fù
白首北面	bái shǒu běi miàn
桑中之约	sāng zhōng zhī yuē
道头会尾	dào tóu huì wěi
异口同音	yì kǒu tóng yīn
横三顺四	héng sān shùn sì
格高意远	gé gāo yì yuǎn
七长八短	qī cháng bā duǎn
行己有耻	xíng jǐ yǒu chǐ
分形共气	fēn xíng gòng qì
重三迭四	chóng sān dié sì
量如江海	liàng rú jiāng hǎi
开诚相见	kāi chéng xiāng jiàn
名垂后世	míng chuí hòu shì
一坐皆惊	yī zuò jiē jīng
苦大仇深	kǔ dà chóu shēn
水月观音	shuǐ yuè guān yīn
极天罔地	jí tiān wǎng dì
兴云致雨	xīng yún zhì yǔ
正正经经	zhèng zhèng jīng jīng
百虑攒心	bǎi lǜ zǎn xīn
骑虎难下	qí hǔ nán xià
不食周粟	bù shí zhōu sù
八荒之外	bā huāng zhī wài
相辅相成	xiāng fǔ xiāng chéng
冰炭不投	bīng tàn bù tóu
魂不赴体	hún bù fù tǐ
黑天半夜	hēi tiān bàn yè
置之高阁	zhì zhī gāo gé
纵虎归山	zòng hǔ guī shān
即小见大	jí xiǎo jiàn dà
数黄道白	shù huáng dào bái
超然自引	chāo rán zì yǐn
一岁九迁	yī suì jiǔ qiān
易子而教	yì zǐ ér jiào
拔山超海	bá shān chāo hǎi
蹈厉之志	dǎo lì zhī zhì
高风峻节	gāo fēng jùn jié
一点半点	yī diǎn bàn diǎn
实与有力	shí yù yǒu lì
下气怡声	xià qì yí shēng
怡声下气	yí shēng xià qì
无精打彩	wú jīng dǎ cǎi
毫无疑义	háo wú yí yì
仁人志士	rén rén zhì shì
志士仁人	zhì shì rén rén
后来居上	hòu lái jū shàng
辞不获命	cí bù huò mìng
名胜古迹	míng shèng gǔ jī
是非得失	shì fēi dé shī
太平无事	tài píng wú shì
教学相长	jiào xué xiāng zhǎng
古色古香	gǔ sè gǔ xiāng
家长礼短	jiā cháng lǐ duǎn
正色厉声	zhèng sè lì shēng
东门黄犬	dōng mén huáng quǎn
自我作故	zì wǒ zuò gù
一改故辙	yī gǎi gù zhé
饮马长江	yǐn mǎ cháng jiāng
目无法纪	mù wú fǎ jì
以意逆志	yǐ yì nì zhì
一辞同轨	yī cí tóng guǐ
学无常师	xué wú cháng shī
披心相付	pī xīn xiāng fù
源清流清	yuán qīng liú qīng
耳视目听	ěr shì mù tīng
北斗之尊	běi dǒu zhī zūn
劳苦功高	láo kǔ gōng gāo
直权无华	zhí quán wú huá
没齿无怨	mò chǐ wú yuàn
山公倒载	shān gōng dǎo zǎi
枯形灰心	kū xíng huī xīn
久要不忘	jiǔ yāo bù wàng
枯树生花	kū shù shēng huā
据为己有	jù wéi jǐ yǒu
斗鸡走马	dòu jī zǒu mǎ
一模一样	yī mó yī yàng
目动言肆	mù dòng yán sì
狼前虎后	láng qián hǔ hòu
夷然自若	yí rán zì ruò
见财起意	jiàn cái qǐ yì
以攻为守	yǐ gōng wéi shǒu
以守为攻	yǐ shǒu wéi gōng
寸丝不挂	cùn sī bù guà
叶公好龙	yè gōng hào lóng
词不逮意	cí bù dài yì
二满三平	èr mǎn sān píng
三平二满	sān píng èr mǎn
文子同升	wén zǐ tóng shēng
骨肉相残	gǔ ròu xiāng cán
当仁不让	dāng rén bù ràng
后车之戒	hòu chē zhī jiè
竖子成名	shù zǐ chéng míng
同恶相助	tóng wù xiāng zhù
野人献日	yě rén xiàn rì
独出心裁	dú chū xīn cái
材大难用	cái dà nán yòng
当世才度	dāng shì cái dù
弥天大罪	mí tiān dà zuì
格格不入	gé gé bù rù
短兵相接	duǎn bīng xiāng jiē
枕善而居	zhěn shàn ér jū
盈千累万	yíng qiān lěi wàn
不期修古	bù qī xiū gǔ
说白道绿	shuō bái dào lǜ
白雪难和	bái xuě nán hé
从流忘反	cóng liú wàng fǎn
光前绝后	guāng qián jué hòu
绝后光前	jué hòu guāng qián
坐井观天	zuò jǐng guān tiān
德胜头回	dé shèng tóu huí
悬心吊胆	xuán xīn diào dǎn
乘风破浪	chéng fēng pò làng
破浪乘风	pò làng chéng fēng
无依无靠	wú yī wú kào
碧海青天	bì hǎi qīng tiān
色若死灰	sè ruò sǐ huī
竿头日进	gān tóu rì jìn
雨卧风餐	yǔ wò fēng cān
情深似海	qíng shēn sì hǎi
亡命之徒	wáng mìng zhī tú
易于反手	yì yú fǎn shǒu
众少成多	zhòng shǎo chéng duō
火上弄冰	huǒ shàng nòng bīng
暗昧之事	àn mèi zhī shì
问罪之师	wèn zuì zhī shī
鹤行鸡群	hè xíng jī qún
泛泛之人	fàn fàn zhī rén
分风劈流	fēn fēng pǐ liú
荡海拔山	dàng hǎi bá shān
雕风镂月	diāo fēng lòu yuè
屋如七星	wū rú qī xīng
名不副实	míng bù fù shí
铜心铁胆	tóng xīn tiě dǎn
疾言厉色	jí yán lì sè
良金美玉	liáng jīn měi yù
与世长辞	yǔ shì cháng cí
面无惭色	miàn wú cán sè
雪操冰心	xuě cāo bīng xīn
餐风宿水	cān fēng sù shuǐ
水宿风餐	shuǐ xiǔ fēng cān
宿水餐风	xiǔ shuǐ cān fēng
金屋之选	jīn wū zhī xuǎn
凭白无故	píng bái wú gù
事往日迁	shì wǎng rì qiān
志在四海	zhì zài sì hǎi
出圣入神	chū shèng rù shén
高世骇俗	gāo shì hài sú
飞来横祸	fēi lái hèng huò
疑神见鬼	yí shén jiàn guǐ
心忙意急	xīn máng yì jí
抚心自问	fǔ xīn zì wèn
扪心自问	mén xīn zì wèn
发上指冠	fā shàng zhǐ guàn
楚梦云雨	chǔ mèng yún yǔ
暗弱无断	àn ruò wú duàn
孑然一身	jié rán yī shēn
无胫而至	wú jìng ér zhì
切理会心	qiē lǐ huì xīn
鞍马之劳	ān mǎ zhī láo
功行圆满	gōng xíng yuán mǎn
正色敢言	zhèng sè gǎn yán
云容月貌	yún róng yuè mào
河落海干	hé luò hǎi gān
轻举绝俗	qīng jǔ jué sú
云净天空	yún jìng tiān kōng
小鸟依人	xiǎo niǎo yī rén
肥鱼大肉	féi yú dà ròu
计不旋踵	jì bù xuán zhǒng
论功行赏	lùn gōng xíng shǎng
中流一壸	zhōng liú yī kǔn
法力无边	fǎ lì wú biān
移风革俗	yí fēng gé sú
明知故问	míng zhī gù wèn
安土重居	ān tǔ zhòng jū
老生常谈	lǎo shēng cháng tán
拒之门外	jù zhī mén wài
死败涂地	sǐ bài tú dì
自求多福	zì qiú duō fú
威凤一羽	wēi fèng yī yǔ
诚心诚意	chéng xīn chéng yì
魂飞神丧	hún fēi shén sàng
同源异流	tóng yuán yì liú
驰名当世	chí míng dāng shì
挂一漏万	guà yī lòu wàn
诲人不倦	huì rén bù juàn
不厌其繁	bù yàn qí fán
易如破竹	yì rú pò zhú
鼠目寸光	shǔ mù cùn guāng
重三叠四	chóng sān dié sì
家成业就	jiā chéng yè jiù
素车白马	sù chē bái mǎ
头足倒置	tóu zú dào zhì
平步登天	píng bù dēng tiān
削铁无声	xuē tiě wú shēng
木头木脑	mù tóu mù nǎo
极天蟠地	jí tiān pán dì
一网打尽	yī wǎng dǎ jìn
智小谋大	zhì xiǎo móu dà
连日带夜	lián rì dài yè
恩有重报	ēn yǒu zhòng bào
兵行诡道	bīng xíng guǐ dào
千金一瓠	qiān jīn yī hù
一泻千里	yī xiè qiān lǐ
大胆包身	dà dǎn bāo shēn
五月飞霜	wǔ yuè fēi shuāng
前车之鉴	qián chē zhī jiàn
众人广坐	zhòng rén guǎng zuò
瞒天过海	mán tiān guò hǎi
神迷意夺	shén mí yì duó
通时合变	tōng shí hé biàn
言听计用	yán tīng jì yòng
遗风余教	yí fēng yú jiào
分情破爱	fēn qíng pò ài
进退无据	jìn tuì wú jù
缘文生义	yuán wén shēng yì
切齿痛心	qiè chǐ tòng xīn
疾风甚雨	jí fēng shèn yǔ
汤去三面	tāng qù sān miàn
百年之柄	bǎi nián zhī bǐng
天壤之隔	tiān rǎng zhī gé
临难不恐	lín nàn bù kǒng
顶天踵地	dǐng tiān zhǒng dì
断章取意	duàn zhāng qǔ yì
优游自如	yōu yóu zì rú
乘云行泥	chéng yún xíng ní
长此以往	cháng cǐ yǐ wǎng
长计远虑	cháng jì yuǎn lǜ
哀感天地	āi gǎn tiān dì
行远自迩	xíng yuǎn zì ěr
儿女成行	ér nǚ chéng háng
一泻百里	yī xiè bǎi lǐ
无名小辈	wú míng xiǎo bèi
云悲海思	yún bēi hǎi sī
无胫而走	wú jìng ér zǒu
置之度外	zhì zhī dù wài
落魄不偶	luo tuo bu ou
登山临水	dēng shān lín shuǐ
临水登山	lín shuǐ dēng shān
定于一尊	dìng yú yī zūn
睹物思人	dǔ wù sī rén
以文害辞	yǐ wén hài cí
地角天涯	dì jiǎo tiān yá
天涯地角	tiān yá dì jiǎo
随风逐浪	suí fēng zhú làng
肺石风清	fèi shí fēng qīng
车无退表	chē wú tuì biǎo
高情逸兴	gāo qíng yì xīng
突如其来	tū rú qí lái
白头到老	bái tóu dào lǎo
老成见到	lǎo chéng jiàn dào
原封不动	yuán fēng bù dòng
人弃我取	rén qì wǒ qǔ
浑然一体	hún rán yī tǐ
人才辈出	rén cái bèi chū
百怪千奇	bǎi guài qiān qí
千奇百怪	qiān qí bǎi guài
洞心骇目	dòng xīn hài mù
苟且之心	gǒu qiě zhī xīn
言提其耳	yán tí qí ěr
话不虚传	huà bù xū chuán
表里一致	biǎo lǐ yī zhì
薄唇轻言	báo chún qīng yán
漠不相关	mò bù xiāng guān
烟断火绝	yān duàn huǒ jué
略高一筹	lüè gāo yī chóu
忘情负义	wàng qíng fù yì
人来客往	rén lái kè wǎng
井蛙之见	jǐng wā zhī jiàn
神工天巧	shén gōng tiān qiǎo
遗世独立	yí shì dú lì
缚鸡之力	fù jī zhī lì
言近指远	yán jìn zhǐ yuǎn
见义敢为	jiàn yì gǎn wéi
千思万想	qiān sī wàn xiǎng
计日可期	jì rì kě qī
不知凡几	bù zhī fán jǐ
善有善报	shàn yǒu shàn bào
知足常乐	zhī zú cháng lè
风起水涌	fēng qǐ shuǐ yǒng
溃不成军	kuì bù chéng jūn
生死存亡	shēng sǐ cún wáng
死生存亡	sǐ shēng cún wáng
清闲自在	qīng xián zì zài
白鱼入舟	bái yú rù zhōu
黑天摸地	hēi tiān mō dì
天崩地裂	tiān bēng dì liè
分文未取	fēn wén wèi qǔ
侯门如海	hóu mén rú hǎi
凤骨龙姿	fèng gǔ lóng zī
不祥之兆	bù xiáng zhī zhào
手足异处	shǒu zú yì chǔ
贫而无谄	pín ér wú chǎn
自视甚高	zì shì shèn gāo
真情实意	zhēn qíng shí yì
地主之仪	dì zhǔ zhī yí
地主之谊	dì zhǔ zhī yì
宁死不辱	níng sǐ bù rǔ
衣马轻肥	yì mǎ qīng féi
捧心西子	pěng xīn xī zǐ
西子捧心	xī zǐ pěng xīn
礼先一饭	lǐ xiān yī fàn
以言徇物	yǐ yán xùn wù
有色眼镜	yǒu sè yǎn jìng
迟疑不断	chí yí bù duàn
无拘无缚	wú jū wú fù
面壁功深	miàn bì gōng shēn
一叶报秋	yī yè bào qiū
小枉大直	xiǎo wǎng dà zhí
节外生枝	jié wài shēng zhī
灯火万家	dēng huǒ wàn jiā
万家灯火	wàn jiā dēng huǒ
神摇目夺	shén yáo mù duó
雨消云散	yǔ xiāo yún sàn
云消雨散	yún xiāo yǔ sàn
高飞远遁	gāo fēi yuǎn dùn
自作主张	zì zuò zhǔ zhāng
四时八节	sì shí bā jié
积水成渊	jī shuǐ chéng yuān
胡作乱为	hú zuò luàn wéi
乱作胡为	luàn zuò hú wéi
十光五色	shí guāng wǔ sè
五光十色	wǔ guāng shí sè
掩口失声	yǎn kǒu shī shēng
若明若暗	ruò míng ruò àn
顾虑重重	gù lǜ chóng chóng
败兴而归	bài xìng ér guī
朝三暮二	zhāo sān mù èr
四体不勤	sì tǐ bù qín
日落千丈	rì luò qiān zhàng
授人口实	shòu rén kǒu shí
深恶痛绝	shēn wù tòng jué
痛深恶绝	tòng shēn wù jué
贵而贱目	guì ér jiàn mù
置锥之地	zhì zhuī zhī dì
古今中外	gǔ jīn zhōng wài
千夫所指	qiān fū suǒ zhǐ
万载千秋	wàn zài qiān qiū
弹丸之地	dàn wán zhī dì
较若画一	jiào ruò huà yī
蹇人升天	jiǎn rén shēng tiān
五黄六月	wǔ huáng liù yuè
冰寒于水	bīng hán yú shuǐ
三老五更	sān lǎo wǔ gēng
心直嘴快	xīn zhí zuǐ kuài
嘴直心快	zuǐ zhí xīn kuài
邪不犯正	xié bù fàn zhèng
一树百获	yī shù bǎi huò
心如刀锯	xīn rú dāo jù
天下太平	tiān xià tài píng
艺高胆大	yì gāo dǎn dà
如释重负	rú shì zhòng fù
指鹿为马	zhǐ lù wéi mǎ
灭绝人性	miè jué rén xìng
横眉立眼	héng méi lì yǎn
别出心裁	bié chū xīn cái
如饥如渴	rú jī rú kě
如渴如饥	rú kě rú jī
枯鱼之肆	kū yú zhī sì
投桃之报	tóu táo zhī bào
遗风逸尘	yí fēng yì chén
焦心劳思	jiāo xīn láo sī
劳心焦思	láo xīn jiāo sī
以绝后患	yǐ jué hòu huàn
风起云涌	fēng qǐ yún yǒng
蛇头鼠眼	shé tóu shǔ yǎn
大处落墨	dà chù luò mò
情见势屈	qíng xiàn shì qū
恶恶从短	wù wù cóng duǎn
万里长征	wàn lǐ cháng zhēng
百世流芳	bǎi shì liú fāng
流芳百世	liú fāng bǎi shì
东观西望	dōng guāng xī wàng
东望西观	dōng wàng xī guān
欺人自欺	qī rén zì qī
自欺欺人	zì qī qī rén
心明眼亮	xīn míng yǎn liàng
眼明心亮	yǎn míng xīn liàng
不露圭角	bù lù guī jiǎo
圭角不露	guī jiǎo bù lù
粗风暴雨	cū fēng bào yǔ
心心念念	xīn xīn niàn niàn
没世难忘	mò shì nán wàng
东谈西说	dōng tán xī shuō
说东谈西	shuō dōng tán xī
转败为功	zhuǎn bài wéi gōng
满载而归	mǎn zài ér guī
恶语中伤	è yǔ zhòng shāng
平易近人	píng yì jìn rén
鸟声兽心	niǎo shēng shòu xīn
不可乡迩	bù kě xiāng ěr
楚楚不凡	chǔ chǔ bù fán
惊心悲魄	jīng xīn bēi pò
东海扬尘	dōng hǎi yáng chén
人去楼空	rén qù lóu kōng
八难三灾	bā nàn sān zāi
三灾八难	sān zāi bā nàn
斗绝一隅	dǒu jué yī yú
如花似锦	rú huā sì jǐn
遁天妄行	dùn tiān wàng xíng
鞭不及腹	biān bù jí fù
当耳边风	dāng ěr biān fēng
妖不胜德	yāo bù shèng dé
酒色财气	jiǔ sè cái qì
国破家亡	guó pò jiā wáng
家亡国破	jiā wáng guó pò
破国亡家	pò guó wáng jiā
破家亡国	pò jiā wáng guó
亡国破家	wáng guó pò jiā
盘游无度	pán yóu wú dù
为蛇画足	wéi shé huà zú
背前面后	bèi qián miàn hòu
居心险恶	jū xīn xiǎn è
言必有据	yán bì yǒu jù
齿剑如归	chǐ jiàn rú guī
井井有方	jǐng jǐng yǒu fāng
独步当世	dú bù dāng shì
龙战虎争	lóng zhàn hǔ zhēng
龙争虎战	lóng zhēng hǔ zhàn
楚楚动人	chǔ chǔ dòng rén
一笑倾城	yī xiào qīng chéng
一泻万里	yī xiè wàn lǐ
言不由衷	yán bù yóu zhōng
高谈虚论	gāo tán xū lùn
军令如山	jūn lìng rú shān
迟暮之年	chí mù zhī nián
宽大为怀	kuān dà wéi huái
急于事功	jí yú shì gōng
眼明手快	yǎn míng shǒu kuài
弄月吟风	nòng yuè yín fēng
吟风弄月	yín fēng nòng yuè
出于意表	chū yú yì biǎo
源头活水	yuán tóu huó shuǐ
寒泉之思	hán quán zhī sī
坚忍不拔	jiān rěn bù bá
晓以大义	xiǎo yǐ dà yì
略迹论心	lüè jì lùn xīn
各有千秋	gè yǒu qiān qiū
痛心拔脑	tòng xīn bá nǎo
别开一格	bié kāi yí gé
百依百随	bǎi yī bǎi suí
交浅言深	jiāo qiǎn yán shēn
以养伤身	yǐ yǎng shāng shēn
安贫乐道	ān pín lè dào
乐道安贫	lè dào ān pín
恶尘无染	è chén wú rǎn
宾入如归	bīn rù rú guī
平步青云	píng bù qīng yún
青云独步	qīng yún dú bù
灾难深重	zāi nán shēn zhòng
水火兵虫	shuǐ huǒ bīng chóng
疾言怒色	jí yán nù sè
身无寸缕	shēn wú cùn lǚ
旁门小道	páng mén xiǎo dào
小己得失	xiǎo jǐ dé shī
嘴清舌白	zuǐ qīng shé bái
驷马高门	sì mǎ gāo mén
善刀而藏	shàn dāo ér cáng
金声玉润	jīn shēng yù rùn
补天柱地	bǔ tiān zhù dì
狗彘不若	gǒu zhì bù ruò
两头三绪	liǎng tóu sān xù
三头两绪	sān tóu liǎng xù
心灵手巧	xīn líng shǒu qiǎo
眉高眼低	méi gāo yǎn dī
风雨飘零	fēng yǔ piāo líng
肆意横行	sì yì héng xíng
养生丧死	yǎng shēng sàng sǐ
指事类情	zhǐ shì lèi qíng
三反四覆	sān fǎn sì fù
志得气盈	zhì dé qì yíng
九行八业	jiǔ háng bā yè
吃着不尽	chī zhuó bù jìn
充天塞地	chōng tiān sāi dì
如临深谷	rú lín shēn gǔ
心满愿足	xīn mǎn yuàn zú
轻财重义	qīng cái zhòng yì
重财轻义	zhòng cái qīng yì
重义轻财	zhòng yì qīng cái
时来运来	shí lái yùn lái
里通外国	lǐ tōng wài guó
从容不迫	cóng róng bù pò
千头万序	qiān tóu wàn xù
鸡犬不宁	jī quǎn bù níng
丧尽天良	sàng jìn tiān liáng
一概而论	yī gài ér lùn
凤毛鸡胆	fèng máo jī dǎn
神采飞扬	shén cǎi fēi yáng
遗世拔俗	yí shì bá sú
渺无人踪	miǎo wú rén zōng
半筹不纳	bàn chóu bù nà
百年难遇	bǎi nián nán yù
安土重旧	ān tǔ zhòng jiù
饮水知源	yǐn shuǐ zhī yuán
衣不完采	yī bù wán cǎi
信口开合	xìn kǒu kāi hé
淫心匿行	yín xīn nì xíng
弱水之隔	ruò shuǐ zhī gé
如履薄冰	rú lǚ bó bīng
牛蹄之鱼	niú tí zhī yú
意前笔后	yì qián bǐ hòu
病从口入	bìng cóng kǒu rù
鸾分凤离	luán fēn fèng lí
点金作铁	diǎn jīn zuò tiě
迷而知返	mí ér zhī fǎn
逆耳利行	nì ěr lì xíng
知过能改	zhī guò néng gǎi
得其三昧	dé qí sān mèi
文人墨客	wén rén mò kè
逢君之恶	féng jūn zhī è
三星在户	sān xīng zài hù
毁风败俗	huǐ fēng bài sú
故步自画	gù bù zì huà
富贵不淫	fù guì bù yín
自给自足	zì jǐ zì zú
倾心吐胆	qīng xīn tǔ dǎn
吐胆倾心	tǔ dǎn qīng xīn
一班一辈	yī bān yī bèi
累土至山	lěi tǔ zhì shān
枝外生枝	zhī wài shēng zhī
曳兵之计	yè bīng zhī jì
腹饱万言	fù bǎo wàn yán
赢金一经	yíng jīn yī jīng
风行革偃	fēng xíng gé yǎn
低回不已	dī huí bù yǐ
高凤自秽	gāo fèng zì huì
滔天罪行	tāo tiān zuì xíng
后海先河	hòu hǎi xiān hé
先河后海	xiān hé hòu hǎi
廉而不刿	lián ér bù guì
枯骨生肉	kū gǔ shēng ròu
箕山之操	jī shān zhī cāo
事不宜迟	shì bù yí chí
比目连枝	bǐ mù lián zhī
遂心应手	suì xīn yīng shǒu
求名夺利	qiú míng duó lì
昂然自得	áng rán zì dé
角户分门	jiǎo hù fēn mén
先入为主	xiān rù wéi zhǔ
报效万一	bào xiào wàn yī
贯鱼之次	guàn yú zhī cì
奉若神明	fèng ruò shén míng
兵无血刃	bīng wú xuè rèn
日异月殊	rì yì yuè shū
甘处下流	gān chǔ xià liú
东野巴人	dōng yě bā rén
费力劳心	fèi lì láo xīn
人贫智短	rén pín zhì duǎn
百紫千红	bǎi zǐ qiān hóng
家家户户	jiā jiā hù hù
超世绝俗	chāo shì jué sú
超俗绝世	chāo sú jué shì
亲上成亲	qīn shàng chéng qīn
白首空归	bái shǒu kōng guī
刻骨崩心	kè gǔ bēng xīn
见风使船	jiàn fēng shǐ chuán
济济一堂	jǐ jǐ yī táng
各有所好	gè yǒu suǒ hào
有损无益	yǒu sǔn wú yì
反败为胜	fǎn bài wéi shèng
虎头蛇尾	hǔ tóu shé wěi
谋听计行	móu tīng jì xíng
昂然自若	áng rán zì ruò
依依不舍	yī yī bù shě
安步当车	ān bù dàng chē
小手小脚	xiǎo shǒu xiǎo jiǎo
落落寡合	luò luò guǎ hé
家殷人足	jiā yīn rén zú
一唱三叹	yī chàng sān tàn
利时及物	lì shí jí wù
万世流芳	wàn shì liú fāng
玉貌花容	yù mào huā róng
接二连三	jiē èr lián sān
连三接二	lián sān jiē èr
束上起下	shù shàng qǐ xià
北门之寄	běi mén zhī jì
金章玉句	jīn zhāng yù jù
点头会意	diǎn tóu huì yì
乘高决水	chéng gāo jué shuǐ
众望所归	zhòng wàng suǒ guī
诸子百家	zhū zǐ bǎi jiā
仁人君子	rén rén jūn zǐ
做人做世	zuò rén zuò shì
红情绿意	hóng qíng lǜ yì
蔚然成风	wèi rán chéng fēng
说白道黑	shuō bái dào hēi
说黑道白	shuō hēi dào bái
皇天后土	huáng tiān hòu tǔ
疏不间亲	shū bù jiàn qīn
相惊伯有	xiāng jīng bó yǒu
不遗巨细	bù yí jù xì
白云亲舍	bái yún qīn shè
朝不保暮	zhāo bù bǎo mù
强自取折	qiáng zì qǔ shé
高足弟子	gāo zú dì zǐ
怪力乱神	guài lì luàn shén
机难轻失	jī nán qīng shī
苗而不秀	miáo ér bù xiù
学海无涯	xué hǎi wú yá
无名英雄	wú míng yīng xióng
乐善好义	lè shàn hǎo yì
神清骨秀	shén qīng gǔ xiù
鬼出电入	guǐ chū diàn rù
祸福同门	huò fú tóng mén
饥不暇食	jī bù xiá shí
洞如观火	dòng rú guān huǒ
负薪之忧	fù xīn zhī yōu
举止言谈	jǔ zhǐ yán tán
言谈举止	yán tán jǔ zhǐ
惨不忍闻	cǎn bù rěn wén
各自为战	gè zì wéi zhàn
流言惑众	liú yán huò zhòng
虚己受人	xū jǐ shòu rén
连二并三	lián èr bìng sān
力小任重	lì xiǎo rèn zhòng
满脸春风	mǎn liǎn chūn fēng
进退两难	jǐn tuì liǎng nán
一哄而起	yī hōng ér qǐ
鸡犬相闻	jī quǎn xiāng wén
触手生春	chù shǒu shēng chūn
走马上任	zǒu mǎ shàng rèn
投传而去	tóu zhuàn ér qù
不栉进士	bù zhì jìn shì
席卷天下	xí juǎn tiān xià
得步进步	dé bù jìn bù
指山说磨	zhǐ shān shuō mò
一鼻子灰	yī bí zǐ huī
道存目击	dào cún mù jī
目击道存	mù jī dào cún
触地号天	chù dì hào tiān
音容如在	yīn róng rú zài
分别门户	fēn bié mén hù
分门别户	fēn mén bié hù
放任自流	fàng rèn zì liú
一反常态	yī fǎn cháng tài
作作有芒	zuò zuò yǒu máng
目挑心招	mù tiǎo xīn zhāo
怀恨在心	huái hèn zài xīn
各行其志	gè xíng qí zhì
肝胆照人	gān dǎn zhào rén
照人肝胆	zhào rén gān dǎn
九天揽月	jiǔ tiān lǎn yuè
反经合义	fǎn jīng hé yì
折而族之	zhe er zu zi
龙蛇飞动	lóng shé fēi dòng
势如破竹	shì rú pò zhú
雅人深致	yǎ rén shēn zhì
日久岁长	rì jiǔ suì cháng
如丘而止	rú qiū ér zhǐ
胡说白道	hú shuō bái dào
牛衣岁月	niú yī suì yuè
避世绝俗	bì shì jué sú
贫贱之交	pín jiàn zhī jiāo
东张西张	dōng zhāng xī zhāng
仁义道德	rén yì dào dé
辞金蹈海	cí jīn dǎo hǎi
冲风破浪	chōng fēng pò làng
唇不离腮	chún bù lí sāi
秋毫之末	qiū háo zhī mò
绝其本根	jué qí běn gēn
进退有度	jìn tuì yǒu dù
日月如梭	rì yuè rú suō
得不偿失	dé bù cháng shī
得不酬失	dé bù chóu shī
身名两泰	shēn míng liǎng tai
千秋万代	qiān qiū wàn dài
万代千秋	wàn dài qiān qiū
一顾倾城	yī gù qīng chéng
奉行故事	fèng xíng gù shì
眉清目秀	méi qīng mù xiù
海阔天空	hǎi kuò tiān kōng
天空海阔	tiān kōng hǎi kuò
六尘不染	liù chén bù rǎn
暴虐无道	bào nüè wú dào
漫天掩地	màn tiān yǎn dì
水碧山青	shuǐ bì shān qīng
两手空空	liǎng shǒu kōng kōng
大动干戈	dà dòng gān gē
欺天罔人	qī tiān wǎng rén
猛虎深山	měng hǔ shēn shān
小受大走	xiǎo shòu dà zǒu
遇人不淑	yù rén bù shū
推己及人	tuī jǐ jí rén
扫除天下	sǎo chú tiān xià
白齿青眉	bái chǐ qīng méi
罪应万死	zuì yīng wàn sǐ
两道三科	liǎng dào sān kē
富在知足	fù zài zhī zú
六臂三头	liù bì sān tóu
三头六臂	sān tóu liù bì
言从计纳	yán cóng jì nà
轻手轻脚	qīng shǒu qīng jiǎo
驷不及舌	sì bù jí shé
山容海纳	shān róng hǎi nà
下气怡色	xià qì yí sè
霜露之病	shuāng lù zhī bìng
未明求衣	wèi míng qiú yī
敬事不暇	jìng shì bù xiá
微言大谊	wēi yán dà yì
云梦闲情	yún mèng xián qíng
肩背相望	jiān bèi xiāng wàng
罪不容诛	zuì bù róng zhū
无涯之戚	wú yá zhī qī
席上之珍	xí shàng zhī zhēn
十年生聚	shí nián shēng jù
刻骨镂心	kè gǔ lòu xīn
镂心刻骨	lòu xīn kè gǔ
败军之将	bài jūn zhī jiàng
异想天开	yì xiǎng tiān kāi
绝无仅有	jué wú jǐn yǒu
引以为耻	yǐn yǐ wéi chǐ
龙蛇飞舞	lóng shé fēi wǔ
饭来开口	fàn lái kāi kǒu
反经行权	fǎn jīng xíng quán
达官贵人	dá guān guì rén
六畜不安	liù chù bù ān
重足累息	chóng zú lèi xī
炮火连天	pào huǒ lián tiān
骥子龙文	jì zǐ lóng wén
徒有虚名	tú yǒu xū míng
经纬天下	jīng wěi tiān xià
寒心销志	hán xīn xiāo zhì
冠上履下	guān shàng lǚ xià
澄清天下	chéng qīng tiān xià
千红万紫	qiān hóng wàn zǐ
万紫千红	wàn zǐ qiān hóng
以词害意	yǐ cí hài yì
七步成章	qī bù chéng zhāng
执法不阿	zhí fǎ bù ā
出门合辙	chū mén hé zhé
后悔无及	hòu huǐ wú jí
鬼头鬼脑	guǐ tóu guǐ nǎo
无拘无碍	wú jū wú ài
雨散云收	yǔ sàn yún shōu
雨收云散	yǔ shōu yún sàn
云收雨散	yún shōu yǔ sàn
相帅成风	xiāng shuài chéng fēng
花容月貌	huā róng yuè mào
月貌花容	yuè mào huā róng
入国问俗	rù guó wèn sú
名目繁多	míng mù fán duō
计穷力极	jì qióng lì jí
忘年之契	wàng nián zhī qì
交淡若水	jiāo dàn ruò shuǐ
眼花耳热	yǎn huā ěr rè
存心积虑	cún xīn jī lǜ
天末凉风	tiān mò liáng fēng
委过于人	wěi guò yú rén
迷惑不解	mí huò bù jiě
有目共赏	yǒu mù gòng shǎng
高山仰止	gāo shān yǎng zhǐ
观化听风	guān huà tīng fēng
狐疑不决	hú yí bù jué
漫天盖地	màn tiān gài dì
宾来如归	bīn lái rú guī
绝路逢生	jué lù féng shēng
改过作新	gǎi guò zuò xīn
交能易作	jiāo néng yì zuò
闭门自守	bì mén zì shǒu
百花齐放	bǎi huā qí fàng
恩断义绝	ēn duàn yì jué
义断恩绝	yì duàn ēn jué
旷日引月	kuàng rì yǐn yuè
貌合行离	mào hé xíng lí
焦心热中	jiāo xīn rè zhōng
巴山夜雨	bā shān yè yǔ
风驰云卷	fēng chí yún juǎn
大放悲声	dà fàng bēi shēng
三山五岳	sān shān wǔ yuè
放牛归马	fàng niú guī mǎ
归马放牛	guī mǎ fàng niú
弦外之音	xián wài zhī yīn
无所顾忌	wú suǒ gù jì
登高望远	dēng gāo wàng yuǎn
埋天怨地	mán tiān yuàn dì
弄口鸣舌	nòng kǒu míng shé
名流巨子	míng liú jù zǐ
怒不可遏	nù bù kě è
不可向迩	bù kě xiàng ěr
形影相对	xíng yǐng xiāng duì
正言厉颜	zhèng yán lì yán
成仁取义	chéng rén qǔ yì
取义成仁	qǔ yì chéng rén
学老于年	xué lǎo yú nián
劳燕分飞	láo yàn fēn fēi
鱼跃龙门	yú yuè lóng mén
龙肝凤脑	lóng gān fèng nǎo
愁眉不展	chóu méi bù zhān
穷而后工	qióng ér hòu gōng
下车作威	xià chē zuò wēi
众口交传	zhòng kǒu jiāo chuán
以德报德	yǐ dé bào yu
相差无几	xiāng chā wú jǐ
士死知己	shì sǐ zhī jǐ
入理切情	rù lǐ qiē qíng
风云际会	fēng yún jì huì
际会风云	jì huì fēng yún
进退有常	jìn tuì yǒu cháng
逸兴云飞	yì xìng yún fēi
渔人得利	yú rén dé lì
能言快说	néng yán kuài shuō
急不可耐	jí bù kě nài
心荡神怡	xīn dàng shén yí
名公钜人	míng gōng jù rén
莫逆于心	mò nì yú xīn
意兴索然	yì xīng suǒ rán
连中三元	lián zhòng sān yuán
浮生若梦	fú shēng ruò mèng
罪不胜诛	zuì bù shèng zhū
内顾之忧	nèi gù zhī yōu
柔心弱骨	róu xīn ruò gǔ
不擒二毛	bù qín èr máo
求志达道	qiú zhì dá dào
吐心吐胆	tǔ xīn tǔ dǎn
施施而行	shī shī ér xíng
傍人门户	bàng rén mén hù
驴年马月	lǘ nián mǎ yuè
改换头面	gǎi huàn tóu miàn
改头换面	gǎi tóu huàn miàn
当头一棒	dāng tóu yī bàng
胆小如豆	dǎn xiǎo rú dòu
代人受过	dài rén shòu guò
革面革心	gé miàn gé xīn
革面洗心	gé miàn xǐ xīn
洗心革面	xǐ xīn gé miàn
流水朝宗	liú shuǐ cháo zōng
岁暮天寒	suì mù tiān hán
敬事后食	jìng shì hòu shí
血流如注	xuè liú rú zhù
比肩而立	bǐ jiān ér lì
恩重泰山	ēn zhòng tài shān
酒有别肠	jiǔ yǒu bié cháng
倒三颠四	dǎo sān diān sì
颠三倒四	diān sān dǎo sì
遗世忘累	yí shì wàng lěi
胸有成竹	xiōng yǒu chéng zhú
神摇意夺	shén yáo yì duó
虚情假意	xū qíng jiǎ yì
如火如荼	rú huǒ rú tú
手不停挥	shǒu bù tíng huī
狂风恶浪	kuáng fēng è làng
天地诛灭	tiān dì zhū miè
天诛地灭	tiān zhū dì miè
当家作主	dāng jiā zuò zhǔ
无置锥地	wú zhì zhuī dì
心急火燎	xīn jí huǒ liǎo
贪得无厌	tān dé wú yàn
没法没天	méi fǎ méi tiān
惹事生非	rě shì shēng fēi
一吟一咏	yī yīn yī yǒng
狗屁不通	gǒu pì bù tōng
金针见血	jīn zhēn jiàn xuè
相形见拙	xiāng xíng jiàn zhuō
日中则移	rì zhōng zé yí
点金无术	diǎn jīn wú shù
门闾之望	mén lǚ zhī wàng
大含细入	dà hán xì rù
安家立业	ān jiā lì yè
龙飞虎跳	lóng fēi hǔ tiào
不可揆度	bù kě kuí duó
穆如清风	mù rú qīng fēng
大势所趋	dà shì suǒ qū
出公忘私	chū gōng wàng sī
当务之急	dāng wù zhī jí
刺心切骨	cì xīn qiè gǔ
人间地狱	rén jiān dì yù
诗礼人家	shī lǐ rén jiā
乌集之众	wū jí zhī zhòng
计功行封	jì gōng xíng fēng
流星飞电	liú xīng fēi diàn
口传心授	kǒu chuán xīn shòu
德配天地	dé pèi tiān dì
横眉怒目	héng méi nù mù
怒目横眉	nù mù héng méi
草偃风从	cǎo yǎn fēng cóng
以骨去蚁	yǐ gǔ qù yǐ
无倚无靠	wú yǐ wú kào
面是背非	miàn shì bèi fēi
呼天叫地	hū tiān jiào dì
不勤而获	bù qín ér huò
风吹浪打	fēng chuī làng dǎ
信口开河	xìn kǒu kāi hé
分甘同苦	fēn gān tóng kǔ
狗头鼠脑	gǒu tóu shǔ nǎo
空前绝后	kōng qián jué hòu
坐不窥堂	zùo bù kuī táng
天冠地屦	tiān guān dì jù
靡然乡风	mí rán xiāng fēng
枯朽之余	kū xiǔ zhī yú
形影相依	xíng yǐng xiāng yī
开眉笑眼	kāi méi xiào yǎn
眉开眼笑	méi kāi yǎn xiào
挺身而出	tǐng shēn ér chū
人头畜鸣	rén tóu chù míng
一哄而散	yī hōng ér sàn
纯一不杂	chún yī bù zá
惟日为岁	wéi rì wéi suì
负才使气	fù cái shǐ qì
刚直不阿	gāng zhí bù ē
敌力角气	dí lì jiǎo qì
大处着眼	dà chù zhuó yǎn
七开八得	qī kāi bā dé
正己守道	zhèng jǐ shǒu dào
市不二价	shì bù èr jià
逆风恶浪	nì fēng è làng
安枕而卧	ān zhěn ér wò
学富才高	xué fù cái gāo
同舟遇风	tóng zhōu yù fēng
花说柳说	huā shuō liǔ shuō
昼日三接	zhòu rì sān jiē
重足屏气	chóng zú bǐng qì
善文能武	shàn wén néng wǔ
乌集之交	wū jí zhī jiāo
怡然自得	yí rán zì dé
各行其是	gè xíng qí shì
盲风怪云	máng fēng guài yún
昏庸无道	hūn yōng wú dào
黯然无色	àn rán wú sè
深文曲折	shēn wén qǔ shé
见经识经	jiàn jīng shí jīng
赤口白舌	chì kǒu bái shé
星星落落	xīng xīng luò luò
直眉怒目	zhí méi nù mù
满面红光	mǎn miàn hóng guāng
靡靡之乐	mǐ mǐ zhī yuè
超然绝俗	chāo rán jué sú
拔山举鼎	bá shān jǔ dǐng
举鼎拔山	jǔ dǐng bá shān
不刊之典	bù kān zhī diǎn
问羊知马	wèn yáng zhī mǎ
冰解云散	bīng jiě yún sàn
风起云蒸	fēng qǐ yún zhēng
文江学海	wén jiāng xué hǎi
财大气粗	cái dà qì cù
神完气足	shén wán qì zú
一男半女	yī nán bàn nǚ
行间字里	háng jiān zì lǐ
字里行间	zì lǐ háng jiān
百喙一词	bǎi huì yī cí
四百四病	sì bǎi sì bìng
巧立名色	qiǎo lì míng sè
时移俗易	shí yí sú yì
死中求活	sǐ zhōng qiú huó
文子文孙	wén zǐ wén sūn
随声是非	suí shēng shì fēi
怡然自若	yí rán zì ruò
连枝并头	lián zhī bìng tóu
彩笔生花	cǎi bǐ shēng huā
流风余韵	liú fēng yú yùn
余韵流风	yú yùn liú fēng
马齿徒长	mǎ chǐ tú zhǎng
餐风宿雨	cān fēng sù yǔ
宿雨餐风	xiǔ yǔ cān fēng
雨宿风餐	yǔ sù fēng cān
钜人长德	jù rén cháng dé
故剑情深	gù jiàn qíng shēn
深情故剑	shēn qíng gù jiàn
吞声饮气	tūn shēng yǐn qì
饮气吞声	yǐn qì tūn shēng
云愁雨怨	yún chóu yǔ yuàn
认影为头	rèn yǐng wéi tóu
正视绳行	zhèng shì shéng xíng
甘言美语	gān yán měi yǔ
滴水成河	dī shuǐ chéng hé
破愁为笑	pò chóu wéi xiào
迁怒于人	qiān nù yú rén
息事宁人	xī shì níng rén
别生枝节	bié shēng zhī jié
物尽其用	wù jìn qí yòng
权宜之计	quán yí zhī jì
花花世界	huā huā shì jiè
惊心吊魄	jīng xīn diào pò
三对六面	sān duì liù miàn
纲目不疏	gāng mù bù shū
半间不界	bàn gān bù gà
一脉相承	yī mài xiāng chéng
脆而不坚	cuì ér bù jiān
举十知九	jǔ shí zhī jiǔ
舍己为公	shě jǐ wèi gōng
心如悬旌	xīn rú xuán jīng
欢若平生	huān ruò píng shēng
恻隐之心	cè yǐn zhī xīn
名正理顺	míng zhèng lǐ shùn
异路同归	yì lù tóng guī
张口结舌	zhāng kǒu jié shé
应付自如	yìng fù zì rú
风云变幻	fēng yún bià huàn
半壁河山	bàn bì hé shān
半壁山河	bàn bì shān hé
快人快语	kuài rén kuài yǔ
遗风余烈	yí fēng yú liè
以微知着	yǐ wēi zhī zhù
西风残照	xī fēng cán zhào
何足为奇	hé zú wéi qí
磐石之安	pán shí zhī ān
子虚乌有	zǐ xū wū yǒu
垂头丧气	chuí tóu sàng qì
日角龙庭	rì jiǎo lóng tíng
常年累月	cháng nián lèi yuè
龙盘凤舞	lóng pán fèng wǔ
旷日经年	kuàng rì jīng nián
渊源有自	yuān yuán yǒu zì
电光石火	diàn guāng shí huǒ
石火电光	shí huǒ diàn guāng
连理分枝	lián lǐ fēn zhī
暗淡无光	àn dàn wú guāng
平淡无奇	píng dàn wú qí
变态百出	biàn tài běi chū
行师动众	xíng shī dòng zhòng
一语破的	yī yǔ pò dì
任重才轻	rèn zhòng cái qīng
先断后闻	xiān duàn hòu wén
人取我与	rén qǔ wǒ yǔ
九合一匡	jiǔ hé yī kuāng
一匡九合	yī kuāng jiǔ hé
毫无二致	háo wú èr zhì
砥行立名	dǐ xíng lì míng
飞蓬乘风	fēi péng chéng fēng
五尺之童	wǔ chǐ zhī tóng
着手成春	zhuó shǒu chéng chūn
游心寓目	yóu xīn yù mù
倍道而进	bèi dào ér jìn
指东画西	zhǐ dōng huà xī
云合景从	yún hé jǐng cóng
才疏志大	cái shū zhì dà
志大才疏	zhì dà cái shū
神会心融	shén huì xīn róng
众志成城	zhòng zhì chéng chéng
孤立无助	gū lì wú zhù
云飞泥沉	yún fēi ní chén
神闲气定	shén xián qì dìng
笔墨之林	bǐ mò zhī lín
汗青头白	hàn qīng tóu bái
败化伤风	bài huà shāng fēng
伤风败化	shāng fēng bài huà
尺寸千里	chǐ cùn qiān lǐ
游光扬声	yóu guāng yáng shēng
谋道作舍	móu dào zuò shě
身家性命	shēn jiā xìng mìng
风烛残年	fēng zhú cán nián
不得违误	bù dé wéi wù
以紫为朱	yǐ zǐ wéi zhū
散言碎语	sàn yán suì yǔ
独步当时	dú bù dāng shí
明白了当	míng bái liǎo dàng
占风望气	zhān fēng wàng qì
长驱深入	cháng qū shēn rù
一口咬定	yī kǒu yǎo dìng
争长论短	zhēng cháng lùn duǎn
争短论长	zhēng duǎn lùn cháng
从谏如流	cóng jiàn rú liú
号令如山	hào lìng rú shān
一倡百和	yī chàng bǎi hè
榜上无名	bǎng shàng wú míng
闻名丧胆	wén míng sàng dǎn
平分秋色	píng fēn qiū sè
秋色平分	qiū sè píng fēn
性命关天	xìng mìng guān tiān
白屋寒门	bái wū hán mén
鱼米之乡	yú mǐ zhī xiāng
杜绝言路	dù jué yán lù
安眉带眼	ān méi dài yǎn
冰清水冷	bīng qīng shuǐ lěng
神清气茂	shén qīng qì mào
销神流志	xiāo shén liú zhì
无可救药	wú kě jiù yào
望风披靡	wàng fēng pī mǐ
言传身教	yán chuán shēn jiào
魂不守宅	hún bù shǒu zhái
游骑无归	yóu jì wú guī
东窗事发	dōng chuāng shì fā
图作不轨	tú zuò bù guǐ
生死与共	shēng sǐ yǔ gòng
如振落叶	rú zhèn luò yè
停云落月	tíng yún luò yuè
百思莫解	bǎi sī mò jiě
所见略同	suǒ jiàn lüè tóng
计深虑远	jì shēng lǜ yuǎn
深计远虑	shēn jì yuǎn lǜ
情随事迁	qíng suí shì qiān
河同水密	hé tóng shuǐ mì
拔山盖世	bá shān gài shì
移东就西	yí dōng jiù xī
一呵而就	yī hē ér jiù
毫毛不犯	háo máo bù fàn
甘拜下风	gān bài xià fēng
家贫如洗	jiā pín rú xǐ
故土难离	gù tǔ nán lí
家常里短	jiā cháng lǐ duǎn
救过不暇	jiù guò bù xiá
得婿如龙	dé xù rú lóng
饱学之士	bǎo xué zhī shì
出浅入深	chū qiǎn rù shēn
深入浅出	shēn rù qiǎn chū
东观之殃	dōng guān zhī yāng
安家乐业	ān jiā lè yè
目注心营	mù zhù xīn yíng
三回九转	sān huí jiǔ zhuǎn
车尘马迹	chē zhén mǎ jì
通情达理	tōng qíng dá lǐ
杀身成仁	shā shēn chéng rén
出词吐气	chū cí tǔ qì
同忧相救	tóng yōu xiāng jiù
小康之家	xiǎo kāng zhī jiā
和衣而卧	hé yī ér wò
白发红颜	bái fà hóng yán
道尽涂穷	dào jìn tú qióng
大义灭亲	dà yì miè qīn
盖不由己	gài bù yóu jǐ
百密一疏	bǎi mì yī shū
悬兵束马	xuán bīng shù mǎ
数一数二	shǔ yī shǔ èr
绵绵不绝	mián mián bù jué
心绪如麻	xīn xù rú má
心如刀搅	xīn rú dāo jiǎo
赤心报国	chì xīn bào guó
不过尔尔	bù guò ěr ěr
刑于之化	xíng yú zhī huà
公是公非	gōng shì gōng fēi
执迷不返	zhí mí bù fǎn
洁身自好	jié shēn zì hào
生灵涂地	shēng líng tú dì
低头丧气	dī tóu sàng qì
一秉至公	yī bǐng zhì gōng
显山露水	xiǎn shān lù shuǐ
长往远引	cháng wǎng yuǎn yǐn
独到之处	dú dào zhī chù
片甲不留	piàn jiǎ bù liú
饮血崩心	yǐn xuè bēng xīn
一曲阳关	yī qǔ yáng guān
束身自爱	shù shēn zì ài
旰食之劳	gàn shí zhī láo
含糊不明	hán hú bù míng
变古易俗	biàn gǔ yì sú
进退失所	jìn tuì shī suǒ
安身乐业	ān shēn lè yè
金吾不禁	jīn wú bù jìn
积少成多	jī shǎo chéng duō
一盘散沙	yī pán sǎn shā
膏火之费	gāo huǒ zhī fèi
文星高照	wén xīng gāo zhào
门不停宾	mén bù tíng bīn
负固不服	fù gù bù fú
横眉冷目	héng méi lěng mù
被发文身	pī fà wén shēn
形具神生	xíng jù shén shēng
死里逃生	sǐ lǐ táo shēng
鱼烂而亡	yú làn ér wáng
倾巢而出	qīng cháo ér chū
一路货色	yī lù huò sè
后生可畏	hòu shēng kě wèi
不龟手药	bù guī shǒu yào
好事多磨	hǎo shì duō mó
洗心换骨	xǐ xīn huàn gǔ
染丝之变	rǎn sī zhī biàn
必由之路	bì yóu zhī lù
来回来去	lái huí lái qù
正经八本	zhèng jīng bā běn
身微力薄	shēn wēi lì báo
一至于斯	yī zhì yú sī
啼天哭地	tí tiān kū dì
三徙成国	sān xǐ chéng guó
一狐之掖	yī hú zhī yè
井然有条	jǐng rán yǒu tiáo
乘风兴浪	chéng fēng xīng làng
骇人听闻	hài rén tīng wén
骇人闻听	hài rén wén tīng
大才盘盘	dà cái pán pán
各有所短	gè yǒu suǒ duǎn
雅人清致	yǎ rén qīng zhì
惊风骇浪	jīng fēng hài làng
马角乌白	mǎ jiǎo wū bái
乌白马角	wū bái mǎ jiǎo
意在笔前	yì zài bǐ qián
昂首望天	áng shǒu wàng tiān
遗物忘形	yí wù wàng xíng
涤地无类	dí dì wú lèi
假以辞色	jiǎ yǐ cí sè
事无巨细	shì wú jù xì
落井投石	luò jǐng tóu shí
嚎天动地	háo tiān dòng dì
更深人静	gēng shēn rén jìng
斗方名士	dǒu fāng míng shì
喜见于色	xǐ jiàn yú sè
无边无沿	wú biān wú yán
防意如城	fáng yì rú chéng
相克相济	xiāng kè xiāng jì
饭来张口	fàn lái zhāng kǒu
日角偃月	rì jiǎo yǎn yuè
通文达理	tōng wén dá lǐ
表里山河	biǎo lǐ shān hé
山河表里	shān hé biǎo lǐ
血口喷人	xuè kǒu pēn rén
顺口开河	shùn kǒu kāi hé
贵贱无二	guì jiàn wú èer
神清气爽	shén qīng qì shuǎng
凤子龙孙	fèng zǐ lóng sūn
妙言要道	miào yán yào dào
要言妙道	yào yán miào dào
千形万状	qiān xíng wàn zhuàng
意往神驰	yì wǎng shén chí
风平波息	fēng píng bō xī
笃论高言	dǔ lùn gāo yán
走为上着	zǒu wèi shàng zhaō
走马看花	zǒu mǎ kàn huā
百二山川	bǎi èr shān chuān
谊不容辞	yì bù róng cí
上根大器	shàng gēn dà qì
无际可寻	wú jì kě xún
云程万里	yún chéng wàn lǐ
处高临深	chǔ gāo lín shēn
赏心悦目	shǎng xīn yuè mù
悦目赏心	yuè mù shǎng xīn
惊耳骇目	jīng ěr hài mù
难进易退	nan jin yi tui
隐天蔽日	yǐn tiān bì rì
投鼠之忌	tóu shǔ zhī jì
滴水成冰	dī shuǐ chéng bīng
格杀无论	gé shā wú lùn
四书五经	sì shū wǔ jīng
放达不羁	fàng dá bù jī
残缺不全	cán quē bù quán
回天挽日	huí tiān wǎn rì
深思远虑	shēn sī yuǎn lǜ
事败垂成	shì bài chuí chéng
巢林一枝	cháo lín yī zhī
水泄不漏	shuǐ xiè bù lòu
假人假义	jiǎ rén jiǎ yì
以众暴寡	yǐ zhòng bào guǎ
东走西顾	dōng zǒu xī gù
河倾月落	hé qīng yuè luò
流脍人口	liú kuài rén kǒu
昧死以闻	mèi sǐ yǐ wén
以点带面	yǐ diǎn dài miàn
金兰之契	jīn lán zhī qì
操纵自如	cāo zòng zì rú
观机而动	guān jī ér dòng
不识好歹	bù shí hǎo dǎi
论功行封	lùn gōng xíng fēng
不厌其烦	bù yàn qí fán
杂乱无章	zá luàn wú zhāng
以管窥天	yǐ guǎn kuī tiān
原来如此	yuán lái rú cǐ
千章万句	qiān zhāng wàn jù
礼为情貌	lǐ wéi qíng mào
忠不避危	zhōng bù bì wēi
人琴两亡	rén qín liǎng wáng
七口八嘴	qī kǒu bā zuǐ
丹书白马	dān shū bái mǎ
楚越之急	chǔ yuè zhī jí
情非得已	qíng fēi dé yǐ
令人注目	lìng rén zhù mù
靡然向风	mí rán xiàng fēng
白发千丈	bái fà qiān zhàng
贪求无已	tān qiú wú yǐ
引水入墙	yǐn shuǐ rù qiáng
桂折一枝	guì shé yī zhī
烧眉之急	shāo méi zhī jí
小心翼翼	xiǎo xīn yì yì
翼翼小心	yì yì xiǎo xīn
过路财神	guò lù cái shén
坚如盘石	jiān rú pán shí
招是生非	zhāo shì shēng fēi
极往知来	jí wǎng zhī lái
朱陈之好	zhū chén zhī hǎo
学如穿井	xué rú chuān jǐng
大材小用	dà cái xiǎo yòng
绝长补短	jué cháng bǔ duǎn
言类悬河	yán lèi xuán hé
计功谋利	jì gōng móu lì
间不容缕	jiān bù róng lǚ
疾足先得	jí zú xiān dé
高蹈远举	gāo dǎo yuǎn jǔ
高举远蹈	gāo jǔ yuǎn dǎo
风烛草露	fēng zhú cǎo lù
先声后实	xiān shēng hòu shí
倚马可待	yǐ mǎ kě dài
见德思齐	jiàn dé sī qí
垂耳下首	chuí ěr xià shǒu
有钱有势	yǒu qián yǒu shì
胸无宿物	xiōng wú sù wù
如意算盘	rú yì suàn pán
身做身当	shēn zuò shēn dāng
从头至尾	cóng tóu zhì wěi
日居月诸	rì jī yuè zh
三魂七魄	sān hún qī pò
九原可作	jiǔ yuán kě zuò
缩地补天	suō dì bǔ tiān
易如反掌	yì rú fǎn zhǎng
暗箭中人	àn jiàn zhòng rén
转战千里	zhuǎn zhàn qiān lǐ
随遇而安	suí yù ér ān
锥刀之利	zhuī dāo zhī lì
千依百顺	qiān yī bǎi shùn
虚有其表	xū yǒu qí biǎo
绵绵不断	mián mián bù duàn
一般见识	yī bān jiàn shí
屋下作屋	wū xià zuò wū
实事求是	shí shì qiú shì
鼎成龙升	dǐng chéng lóng shēng
居利思义	jū lì sī yì
有嘴没舌	yǒu zuǐ méi shé
餐风饮露	cān fēng yǐn lù
饮露餐风	yǐn lù cān fēng
百纵千随	bǎi zòng qiān suí
急功好利	jí gōng hào lì
推心致腹	tuī xīn zhì fù
待时守分	dài shí shǒu fèn
出处进退	chū chǔ jìn tuì
进退出处	jìn tuì chū chǔ
显而易见	xiǎn ér yì jiàn
于安思危	yú ān sī wēi
刺心刻骨	cì xīn kè gǔ
绝处逢生	jué chù féng shēng
肉跳心惊	ròu tiào xīn jīng
心惊肉跳	xīn jīng ròu tiào
逆天暴物	nì tiān bào wù
鸿鹄之志	hóng hú zhī zhì
心胆俱碎	xīn dǎn jù suì
肝胆涂地	gān dǎn tú dì
蝇头小利	yíng tóu xiǎo lì
能文能武	néng wén néng wǔ
百顺百依	bǎi shùn bǎi yī
百依百顺	bǎi yī bǎi shùn
南面百城	nán miàn bǎi chéng
无病自炙	wú bìng zì jiǔ
穷途之哭	qióng tú zhī kū
寸土尺地	cùn tǔ chǐ dì
精神满腹	jīng shén mǎn fù
星离雨散	xīng lí yǔ sàn
斗折蛇行	dǒu zhé shé xíng
狼顾虎视	láng gù hǔ shì
于心何忍	yú xīn hé rěn
鹤知夜半	hè zhī yè bàn
铁证如山	tiě zhèng rú shān
源源而来	yuán yuán ér lái
异木奇花	yì mù qí huā
分进合击	fēn jìn hé jī
齿牙为祸	chǐ yá wéi huò
五里雾中	wǔ lǐ wù zhōng
情真意切	qíng zhēn yì qiè
急公好义	jí gōng hào yì
鬼怕恶人	guǐ pà èr én
鸾飞凤舞	luán fēi fèng wǔ
安分守己	ān fèn shǒu jǐ
刻不容松	kè bù róng sōng
心醉魂迷	xīn zuì hún mí
东食西宿	dōng shí xī sù
安适如常	ān shì rú cháng
龙江虎浪	lóng jiāng hǔ làng
如蹈汤火	rú dǎo tāng huǒ
妄自尊大	wàng zì zūn dà
八百孤寒	bā bǎi gū hán
众目共视	zhòng mù gòng shì
轻言软语	qīng yán ruǎn yǔ
深藏若虚	shēn cáng ruò xū
自身难保	zì shēn nán bǎo
广开言路	guǎng kāi yán lù
观往知来	guān wǎng zhī lái
改步改玉	gǎi bù gǎi yù
改玉改步	gǎi yù gǎi bù
识微见远	shí wēi jiàn yuǎn
解衣推食	jiě yī tuī shí
推食解衣	tuī shí jiě yī
舍己救人	shě jǐ jiù rén
食不暇饱	shí bù xiá bǎo
臼头深目	jiù tóu shēn mù
弃易求难	qì yì qiú nán
四海他人	sì hǎi tā rén
食不餬口	shí bù hú kǒu
秋水伊人	qiū shuǐ yī rén
冷眼相待	lěng yǎn xiāng dài
人寿年丰	rén shòu nián fēng
势在必行	shì zài bì xíng
东山再起	dōng shān zài qǐ
深居简出	shēn jū jiǎn chū
就汤下面	jiù tāng xià miàn
白日做梦	bái rì zuò mèng
杯水之谢	bēi shuǐ zhī xiè
本支百世	běn zhī bǒi shì
祸不旋踵	huò bù xuán zhǒng
小国寡民	xiǎo guó guǎ mín
秉正无私	bǐng zhèng wú sī
改行迁善	gǎi xíng qiān shàn
二三君子	èr sān jūn zǐ
五经扫地	wǔ jīng sǎo dì
旁门外道	páng mén wài dào
取长弃短	qǔ cháng qì duǎn
祸福有命	huò fú yǒu mìng
无可置辩	wú kě zhì biàn
首尾相应	shǒu wěi xiāng yìng
绣花枕头	xiù huā zhěn tóu
白骨露野	bái gǔ lù yě
连日继夜	lián rì jì yè
乐而忘返	lè ér wàng fǎn
累卵之危	lěi luǎn zhī wēi
木落归本	mù luò guī běn
白首齐眉	bái shǒu qí méi
半痴不颠	bàn chī bù diān
塞翁之马	sài wēng zhī mǎ
旷日累时	kuàng rì lěi shí
有三有俩	yǒu sān yǒu liǎng
盲风暴雨	máng fēng bào yǔ
闲言闲语	xián yán xián yǔ
分毫不值	fēn háo bù zhí
口吻生花	kǒu wěn shēng huā
不切实际	bù qiē shí jì
长枕大被	cháng zhěn dà bèi
张眉张眼	zhāng méi zhāng yǎn
灵机一动	líng jī yī dòng
贫不学俭	pín bù xué jiǎn
以德追祸	yǐ dé zhuī huò
好谋善断	hào móu shàn duàn
迥然不群	jiǒng rán bù qún
触类而长	chù lèi ér cháng
力所能及	lì suǒ néng jí
不复堪命	bù fù kān mìng
游必有方	yōu bì yǒu fāng
心活面软	xīn huó miàn ruǎn
轰动一时	hōng dòng yī shí
漫地漫天	màn dì màn tiān
立木南门	lì mù nán mén
间不容缓	jiān bù róng huǎn
心无旁骛	xīn wú páng wù
高风亮节	gāo fēng liàng jié
柴天改玉	chái tiān gǎi yù
甘之如饴	gān zhī rú yí
福无双至	fú wú shuāng zhì
遗风余象	yí fēng yú xiàng
众所共知	zhòng suǒ gòng zhī
风木含悲	fēng mù hán bēi
死且不朽	sǐ qiě bù xiǔ
杀一警百	shā yī jǐng bǎi
奇想天开	qí xiǎng tiān kāi
水楔不通	shuǐ xiē bù tōng
水洩不通	shuǐ xiè bù tōng
艳色绝世	yàn sè jué shì
巴高望上	bā gāo wàng shàng
忘形之契	wàng xíng zhī qì
怵目惊心	chù mù jīng xīn
惊心怵目	jīng xīn chù mù
安故重迁	ān gù zhòng qiān
偃武行文	yǎn wǔ xíng wén
狼眼鼠眉	láng yǎn shǔ méi
舟水之喻	zhōu shuǐ zhī yù
奇花异草	qí huā yì cǎo
异草奇花	yì cǎo qí huā
洋为中用	yáng wéi zhōng yòng
万贯家私	wàn guàn ji sī
扪心无愧	mén xīn wú kuì
诛求不已	zhū qiú bù yǐ
解衣抱火	jiě yī bào huǒ
断长补短	duàn chāng bǔ duǎn
东鸣西应	dōng míng xī yīng
快心遂意	kuài xīn suí yì
遂心快意	suí xīn kuài yì
掀天动地	xiān tiān dòng dì
神魂飞越	shén hún fēi yuè
束手待死	shù shǒu dài sǐ
日久岁深	rì jiǔ suì shēn
暗室不欺	àn shì bù qī
不欺暗室	bù qī àn shì
养虎为患	yǎng hǔ wéi huàn
雕龙画凤	diāo lóng huà fèng
千依万顺	qiān yī wàn shùn
不可教训	bù kě jiào xùn
夜长梦多	yè cháng mèng duō
素口骂人	sù kǒu mà rén
贻人口实	yí rén kǒu shí
在官言官	zài guān yán guān
弄瓦之喜	nòng wǎ zhī xǐ
笔底春风	bǐ dǐ chūn fēng
打人骂狗	dǎ rén mà gǒu
如痴如狂	rú chī rú kuáng
情逐事迁	qíng zhú shì qiān
论今说古	lùn jīn shuō gǔ
红日三竿	hóng rì sān gān
山崩水竭	shān bēng shuǐ jié
深情底理	shēn qíng dǐ lǐ
泣数行下	qì shù háng xià
说来说去	shuō lái shuō qù
目乱精迷	mù luàn jīng mí
雨迹云踪	yǔ jì yún zōng
雨踪云迹	yǔ zōng yún jì
有求必应	yǒu qiú bì yìng
流芳千古	liú fāng qiān gǔ
遮天盖日	zhē tiān gài rì
七老八倒	qī lǎo bā dǎo
道微德薄	dào wēi dé báo
失张失志	sh zhng sh zhì
观眉说眼	guān méi shuō yǎn
文章星斗	wén zhāng xīng dòu
四大皆空	sì dà jiē kōng
女大难留	nǚ dà nán liú
一差半错	yī chà bàn cuò
一应俱全	yī yīng jù quán
儿女心肠	ér nǘ xīn cháng
物华天宝	wù huá tiān bǎo
身先朝露	shēn xiān cháo lù
遮地盖天	zhē dì gài tiān
遮天盖地	zhē tiān gài dì
相敬如宾	xiāng jìng rú bīn
毁不灭性	huǐ bù miè xìng
倾耳而听	qīng ěr ér tīng
井井有法	jǐng jǐng yǒu fǎ
心孤意怯	xīn gū yì qiè
交臂相失	jiāo bì xiāng shī
相失交臂	xiāng shī jiāo bì
采薪之疾	cǎi xīn zhī jí
放心托胆	fàng xīn tuō dǎn
鸡飞狗走	jī fēi gǒu zǒu
只骑不反	zhī qí bù fǎn
难乎其难	nán hū qí nán
兵贵先声	bīng guì xiān shēng
上好下甚	shàng hǎo xià shèn
功若丘山	gōng ruò qiū shān
木本水源	mù běn shuǐ yuán
风行电掣	fēng xíng diàn chè
柱石之坚	zhù shí zhī jiān
功成名遂	gōng chéng míng suì
无庸讳言	wú yōng huì yán
长戟高门	cháng jǐ gāo mén
驰名中外	chí míng zhōng wài
才望高雅	cái wàng gāo yǎ
进善退恶	jìn shàn tuì è
观风察俗	guān fēng chá sú
东劳西燕	dōng láo xī yàn
安土重迁	ān tǔ zhòng qiān
林下风韵	lín xià fēng yùn
灵蛇之珠	líng shé zhī zhū
人语马嘶	rén yǔ mǎ sī
老牛破车	lǎo niú pò chē
一蹴而就	yī cù ér jiù
日长似岁	rì cháng sì suì
骇人视听	hài rén shì tīng
遗风余习	yí fēng yú xí
习以为常	xí yǐ wéi cháng
遗恨终天	yí hèn zhōng tiān
不亦善夫	bù yi shàn fū
犁牛之子	lí niú zhī zǐ
谈过其实	tán guò qí shí
成双成对	chéng shuāng chéng duì
霜露之感	shuāng lù zhī gǎn
一呼百诺	yī hū bǎi nuò
怪声怪气	guài shēng guài qì
游荡不羁	yóu dàng bù jī
古是今非	gǔ shì jīng fēi
是古非今	shì gǔ fēi jīn
仰之弥高	yǎng zhī mí gāo
自树一帜	zì shù yī zhì
五马分尸	wǔ mǎ fēn shī
暗室私心	àn shì sī xīn
枉用心机	wǎng yòng xīn jī
安贫守道	ān pín shǒu dào
守道安贫	shǒu dào ān pín
改过不吝	gǎi guò bù lìn
计斗负才	jì dòu fù cái
眼花雀乱	yǎn huā què luàn
走为上策	zǒu wéi shàng cè
超然自逸	chāo rán zì yì
遗恨千古	yí hèn qiān gǔ
隔世之感	gé shì zhī gǎn
谬以千里	miù yǐ qiān lǐ
过目成诵	guò mù chéng sòng
花信年华	huā xìn nián huá
巫山云雨	wū shān yún yǔ
云雨巫山	yún yǔ wū shān
与民同乐	yǔ mín tóng lè
伤天害理	shāng tiān hài lǐ
踵足相接	zhǒng zú xiāng jiē
逆水行舟	nì shuǐ xíng zhōu
附耳低言	fù ěr dī yán
姑妄言之	gū wàng yán zhī
杞人忧天	qǐ rén yōu tiān
分烟析生	fēn yān xī shēng
三旨相公	sān zhǐ xiàng gōng
引虎入室	yǐn hǔ rù shì
漏网之鱼	lòu wǎng zhī yú
众难群移	zhòng nán qún yí
见时知几	jiàn shí zhī jǐ
正中己怀	zhèng zhòng jǐ huái
白玉微瑕	bái yù wēi xiá
苦雨凄风	kǔ yǔ qī fēng
凄风苦雨	qī fēng kǔ yǔ
积重难返	jī zhòng nán fǎn
爱财如命	ài cái rú mìng
庐山面目	lú shān miàn mù
惜字如金	xī zì rú jīn
无可奉告	wú kě fèng gào
多谋善断	duō móu shàn duàn
堆积如山	duī jī rú shān
距人千里	jù rén qiān lǐ
疾恶如仇	jí è rú chóu
怪雨盲风	guài yǔ máng fēng
盲风怪雨	máng fēng guài yǔ
同心僯力	tóng xīn jié lì
适可而止	shì kě ér zhǐ
神鬼难测	shén guǐ nán cè
接踵而来	jiē zhǒng ér lái
后会无期	hòu huì wú qī
魂飞胆战	hún fēi dǎn zhàn
一字千钧	yī zì qiān jūn
费尽心机	fèi jìn xīn jī
积日累岁	jī rì lěi suì
浮云朝露	fú yún zhāo lù
沉迷不悟	chén mí bù wù
山止川行	shān zhǐ chuān xíng
面红面绿	miàn hóng miàn lǜ
奉公如法	fèng gōng rú fǎ
通同作弊	tōng tóng zuò bì
爽然自失	shuǎng rán zì shī
心弛神往	xīn chí shén wǎng
连明达夜	lián míng dá yè
猴年马月	hóu nián mǎ yuè
一丝半粟	yī sī bàn sù
深中笃行	shēn zhōng dǔ xíng
急转直下	jí zhuǎn zhí xià
白首为郎	bái shǒu wéi láng
同心协济	tóng xīn xié jì
霜露之悲	shuāng lù zhī bēi
宿弊一清	sù bì yī qīng
情深友于	qíng shēn yǒu yú
言简义丰	yán jiǎn yì fēng
举棋不定	jǔ qí bù dìng
只轮不反	zhī lún bù fǎn
龙生九种	lóng shēng jiǔ zhǒng
避世离俗	bì shì lí sú
千差万别	qiān chā wàn bié
万别千差	wàn bié qiān chā
情长纸短	qíng cháng zhǐ duǎn
纸短情长	zhǐ duǎn qíng cháng
养虎伤身	yǎng hǔ shāng shēn
闳言高论	hóng yán gāo lùn
一片散沙	yī piàn sàn shā
衣绣夜行	yī xiù yè xíng
横眉吐气	héng méi tǔ qì
胸怀大志	xiōng huái dà zhì
公平正直	gōng píng zhèng zhí
钩心斗角	gōu xīn dòu jiǎo
空心汤圆	kōng xīn tāng yuán
天生丽质	tiān shēng lì zhì
狂妄自大	kuáng wàng zì dà
危言逆耳	wēi yán nì ěr
天堂地狱	tiān táng dì yù
横金拖玉	héng jīn tuō yù
临难不惧	lín nàn bù jǔ
十字路头	shí zì lù tóu
口是心苗	kǒu shì xīn miáo
难以置信	nán yǐ zhì xìn
魂亡胆落	hún wáng dǎn luò
贵贱高下	guì jiàn gāo xià
退食从容	tuì shí cóng róng
当面错过	dāng miàn cuò guò
放浪不羁	fàng làng bù jī
一嚬一笑	yī pín yī xiào
玉燕投怀	yù yàn tóu huái
网开三面	wǎng kāi sān miàn
急风骤雨	jí fēng zhòu yǔ
骤风急雨	zhòu fēng jí yǔ
花明柳暗	huā míng liǔ àn
柳暗花明	liǔ àn huā míng
黄口小儿	huáng kǒu xiǎo ér
实至名归	shí zhì míng guī
六出奇计	liù chū qí jì
才轻德薄	cái qīng dé bó
救过不给	jiù guò bù gěi
剑胆琴心	jiàn dǎn qín xīn
琴心剑胆	qín xīn jiàn dǎn
伯乐相马	bó lè xiàng mǎ
作法自弊	zuò fǎ zì bì
志在四方	zhì zài sì fāng
一劳久逸	yī láo jiǔ yì
触景生情	chù jǐng shēng qíng
寝不成寐	qǐn bù chéng mèi
长虑顾后	cháng lǜ gù hòu
长虑后顾	cháng lǜ hòu gù
志坚行苦	zhì jiān xíng kǔ
以微知著	yǐ wēi zhī zhù
闭门思过	bì mén sī guò
观山玩水	guān shān wán shuǐ
抉目东门	jué mù dōng mén
安于盘石	ān yú pán shí
前尘影事	qián chén yǐng shì
以古制今	yǐ gǔ zhì jīn
锦衣肉食	jǐn yī ròu shí
衣锦食肉	yì jǐn shí ròu
手足失措	shǒu zú shī cuò
坐视成败	zuò shì chéng bài
狐鼠之徒	hú shǔ zhī tú
率土归心	shuài tǔ guī xīn
地网天罗	dì wǎng tiān luó
天罗地网	tiān luó dì wǎng
仁言利博	rén yán lì bó
沉吟不决	chén yīn bù jué
急于星火	jí yú xīng huǒ
鸡头鱼刺	jī tóu yú cì
一喷一醒	yī pēn yī xǐng
敢不承命	gǎn bù chéng mìng
万古流芳	wàn gǔ liú fāng
马瘦毛长	mǎ shòu máo cháng
安国富民	ān guó fù mín
富国安民	fù guó ān mín
国富民安	guó fù mín ān
负才任气	fù cái rèn qì
自作聪明	zì zuò cōng míng
连山排海	lián shān pái hǎi
当家立业	dāng jiā lì yè
磊落不凡	lěi luò bù fán
幕天席地	mù tiān xí dì
天崩地陷	tiān bēng dì xiàn
席地幕天	xí dì mù tiān
一瓣心香	yī bàn xīn xiāng
力争上游	lì zhēng shàng yóu
感人心脾	gǎn rén xīn pí
阒然无声	qù rán wú shēng
降心顺俗	jiàng xīn shùn sú
折冲之臣	zhé chōng zhī chén
笔大如椽	bǐ dà rú chuán
大笔如椽	dà bǐ rú chuán
如椽大笔	rú chuán dà bǐ
大发谬论	dà fā miù lùn
游山玩水	yóu shān wán shuǐ
荒淫无道	huāng yín wú dào
出乎意外	chū hū yì wài
吐气扬眉	tǔ qì yáng méi
扬眉吐气	yáng méi tǔ qì
识涂老马	shí tú lǎo mǎ
离世遁上	lí shì dùn shàng
擂天倒地	léi tiān dǎo dì
拖天扫地	tuō tiān sǎo dì
束手无术	shù shǒu wú shù
日炙风吹	rì zhì fēng chuī
秋豪之末	qiū háo zhī mò
金舌蔽口	jīn shé bì kǒu
颠扑不破	diān pū bù pò
满袖春风	mǎn xiù chūn fēng
胆壮心雄	dǎn zhuàng xīn xióng
三复斯言	sān fù sī yán
东零西落	dōng líng xī luò
以誉为赏	yǐ yù wéi shǎng
决胜千里	jué shèng qiān lǐ
矫若惊龙	jiǎo ruò jīng lóng
中冓之言	zhōng gòu zhī yán
臣门如市	chén mén rú shì
识时通变	shí shí tōng biàn
通时达变	tōng shí dá biàn
藏龙卧虎	cáng lóng wò hǔ
卧虎藏龙	wò hǔ cáng lóng
乐以忘忧	lè yǐ wàng yōu
霞光万道	xiá guāng wàn dào
愁多夜长	chóu duō yè cháng
门无杂客	mén wú zá kè
利己损人	lì jǐ sǔn rén
损己利人	sǔn jǐ lì rén
损人利己	sǔn rén lì jǐ
慎重其事	shèn zhòng qí shì
大事铺张	dà shì pū zhāng
道高魔重	dào gāo mó zhòng
梧凤之鸣	wú fèng zhī míng
思深忧远	sī shēn yōu yuǎn
忧深思远	yōu shēn sī yuǎn
不敢自专	bù gǎn zì zhuān
息息相通	xī xī xiāng tōng
似是而非	sì shì ér fēi
汗流满面	hàn liú mǎn miàn
古往今来	gǔ wǎng jīn lái
今来古往	jīn lái gǔ wǎng
超然远举	chāo rán yuǎn jǔ
因公行私	yīn gōng xíng sī
鱼尾雁行	yú wěi yàn xíng
秋毫不犯	qiū háo bù fàn
一触即发	yī chù jí fā
两小无猜	liǎng xiǎo wú cāi
富面百城	fù miàn bǎi chéng
疑误天下	yí wù tiān xià
肆行无忌	sì xíng wú jì
高文大册	gāo wén dà cè
百战不殆	bǎi zhàn bù dài
清夜扪心	qīng yè mén xīn
上下交困	shàng xià jiāo kùn
改恶从善	gǎi è cóng shàn
临财不苟	lín cái bù gǒu
问鼎轻重	wèn dǐng qīng zhòng
枝末生根	zhī mò shēng gēn
高耸入云	gāo sǒng rù yún
三纸无驴	sān zhǐ wú lǘ
势不可挡	shì bù kě dǎng
恬然自足	tián rán zì zú
引以为戒	yǐn yǐ wéi jiè
花香鸟语	huā xiāng niǎo yǔ
鸟语花香	niǎo yǔ huā xiāng
泥金万点	ní jīn wàn diǎn
有隙可乘	yǒu xì kě chèng
敬天爱民	jìng tiān ài mín
十十五五	shí shí wǔ wǔ
一差二错	yī chà èr cuò
攻其无备	gōng qí wú bèi
落叶知秋	luò yè zhī qiū
叶落知秋	yè luò zhī qiū
知来藏往	zhī lái cáng wǎng
亡国之社	wáng guó zhī shè
得尺得寸	dé chǐ dé cùn
得寸得尺	dé cùn dé chǐ
千变万状	qiān biàn wàn zhuàng
七脚八手	qī jiǎo bā shǒu
七手八脚	qī shǒu bā jiǎo
同流合污	tóng liú hé wū
千古绝唱	qiān gǔ jué chàng
雁影分飞	yàn yǐng fēn fēi
桑间之音	sāng jiān zhī yīn
飞遁鸣高	fēi dùn míng kāo
超度众生	chāo dù zhòng shēng
放浪不拘	fàng làng bù jū
眉睫之祸	méi jié zhī huò
性烈如火	xìng liè rú huǒ
花花绿绿	huā huā lǜ lǜ
深入显出	shēn rù xiǎn chū
相得益章	xiāng dé yì zhāng
良工苦心	liáng gōng kǔ xīn
良工心苦	liáng gōng xīn kǔ
转败为胜	zhuǎn bài wéi shèng
亡不旋踵	wáng bù xuán zhǒng
向平之原	xiàng píng zhī yuán
兼爱无私	jiān ài wú sī
殆无虚日	dài wú xū rì
久经风霜	jiǔ jīng fēng shuāng
旧雨重逢	jiù yǔ chóng féng
如痴如醉	rú chī rú zuì
如醉如痴	rú zuì rú chī
暮夜怀金	mù yè huái jīn
神清气朗	shén qīng qì lǎng
闲言冷语	xián yán lěng yǔ
迫不得已	pò bù dé yǐ
杜门自守	dù mén zì shòu
听天由命	tīng tiān yóu mìng
人欢马叫	rén huān mǎ jiào
鸣金收兵	míng jīn shōu bīng
择地而蹈	zé dì ér dǎo
棋高一着	qí gāo yī zhāo
诛求无度	zhū qiú wú dù
同恶相恤	tóng wù xiāng xù
意在笔先	yì zài bǐ xiān
渭阳之情	wèi yáng zhī qíng
厚生利用	hòu shēng lì yòng
利用厚生	lì yòng hòu shēng
万籁无声	wàn lài wú shēng
龙飞凤翔	lóng fēi fèng xiáng
少成若性	shào chéng ruò xìng
弃短就长	qì duǎn jiù cháng
秉公无私	bǐng gōng wú sī
不愧不怍	bù kuì bù zuò
世济其美	shì jì qí měi
地广人稀	dì guǎng rén xī
道远知骥	dào yuǎn zhī jì
败国亡家	bài guó wáng jiā
矩步方行	jǔ bù fāng xíng
逢山开路	féng shān kāi lù
侧目而视	cè mù ér shì
老调重谈	lǎo diào chóng tán
水中捞月	shuǐ zhōng lāo yuè
名山胜川	míng shān shèng chuān
如雷贯耳	rú léi guàn ěr
传为笑谈	chuán wéi xiào tán
晚节不终	wǎn jié bù zhōng
各得其所	gè dé qí suǒ
拔十得五	bá shí dé wǔ
夙夜不解	sù yè bù jiě
事齐事楚	shì qí shì chǔ
无可奈何	wú kě nài hé
其应如响	qí yìng rú xiǎng
穷极无聊	qióng jí wú liáo
信守不渝	xìn shǒu bù yú
大题小作	dà tí xiǎo zuò
小题大作	xiǎo tí dà zuò
水来土掩	shuǐ lái tǔ yǎn
望穿秋水	wàng chuān qiū shuǐ
掩其无备	yǎn qí wú bèi
剑气箫心	jiàn qì xiāo xīn
一鳞片甲	yī lín piàn jiǎ
极重难返	jí zhòng nán fǎn
见仁见智	jiàn rén jiàn zhì
见智见仁	jiàn zhì jiàn rén
海角天隅	hǎi jiǎo tiān yú
计穷力屈	jì qióng lì qū
力屈计穷	lì qū jì qióng
飞鹰走马	fēi yīng zǒu mǎ
关门大吉	guān mén dà jí
马前泼水	mǎ qián pō shuǐ
气吞牛斗	qì tūn niú dǒu
昂首天外	áng shǒu tiān wài
片甲无存	piàn jiǎ wú cún
招风惹雨	zhāo fēng rě yǔ
击玉敲金	jī yù qiāo jīn
敲金击玉	qiāo jīn jī yù
无间可伺	wú jiān kě sì
断章取义	duàn zhāng qǔ yì
会道能说	huì dào néng shuō
能说会道	néng shuō huì dào
察言观色	chá yán guān sè
弄鬼弄神	nòng guǐ nòng shén
弄神弄鬼	nòng shén nòng guǐ
忙中有失	máng zhōng yǒu shī
求贤下士	qiú xián xià shì
遗俗绝尘	yí sú jué chén
不胜枚举	bù shèng méi jǔ
不可企及	bù kě qǐ jí
高情远韵	gāo qíng yuǎn yùn
传风扇火	chuán fēng shān huǒ
百二关河	bǎi èr guān hé
绵延不断	mián yán bù duàn
快意当前	kuài yì dāng qián
不成体统	bù chéng tǐ tǒng
养家活口	yǎng jiā huó kǒu
理所必然	lǐ suǒ bì rán
浮名虚利	fú míng xū lì
七老八十	qī lǎo bā shí
遗风余泽	yí fēng yú zé
阴山背后	yīn shān bèi hòu
不祧之宗	bù tiāo zhī zōng
清浊同流	qīng zhuó tóng liú
令人切齿	lìng rén qiè chǐ
不饮盗泉	bù yǐn dào quán
乐此不倦	lè cǐ bù juàn
身首异处	shēn shǒu yì chù
如临深渊	rú lín shēn yuān
白云苍狗	bái yún cāng gǒu
苍狗白云	cāng gǒu bái yún
当机立断	dāng jī lì duàn
青眼相看	qīng yǎn xiāng kàn
沉声静气	chén shēng jìng qì
通上彻下	tōng shàng chè xià
藏诸名山	cáng zhū míng shān
遁世绝俗	dùn shì jué sú
人情冷暖	rén qíng lěng nuǎn
动心忍性	dòng xīn rěn xìng
束马悬车	shù mǎ xuán chē
悬车束马	xuán chē shù mǎ
人神共愤	rén shén gòng fèn
变色易容	biàn sè yì róng
巧言令色	qiǎo yán lìng sè
威重令行	wēi zhòng lìng xíng
德言工容	dé yán gōng róng
自郐而下	zì kuài ér xià
绝长继短	jué cháng jì duǎn
情面难却	qíng miàn nán què
魂销目断	hún xiāo mù duàn
目断魂销	mù duàn hún xiāo
寸土尺金	cùn tǔ chǐ jīn
大势已去	dà shì yǐ qù
断手续玉	duān shóu xù yù
乐不思蜀	lè bù sī shǔ
公私两利	gōng sī liǎng lì
腹中兵甲	fù zhōng bīng jiǎ
花颜月貌	huā yán yuè mào
万贯家财	wàn guàn jiā cái
饥不遑食	jī bù huáng shí
绿衣黄里	lǜ yī huáng lǐ
顾而言他	gù ér yán tā
贪求无厌	tān qiú wú yàn
独立自主	dú lì zì zhǔ
愧悔无地	kuì huǐ wú dì
傲世轻物	ào shì qīng wù
轻世傲物	qīng shì ào wù
训格之言	xùn gé zhī yán
书囊无底	shū náng wú dǐ
废然而返	fèi rán ér fǎn
政清人和	zhèng qīng rén hé
春生秋杀	chūn shēng qiū shā
苦口婆心	kǔ kǒu pó xīn
千岁鹤归	qiān suì hè guī
平头正脸	píng tóu zhèng liǎn
貌合神离	mào hé shén lí
貌离神合	mào lí shén hé
困心横虑	kùn xīn héng lǜ
地狱变相	dì yù biàn xiàng
八珍玉食	bā zhēn yù shí
德厚流光	dé hòu liú guāng
邪不压正	xié bù yā zhèng
夜长梦短	yè cháng mèng duǎn
甘分随时	gān fèn suí shí
怪诞不经	guài dàn bù jīng
光华夺目	guāng huá duó mù
洁身累行	jié shēn lèi xíng
罪人不孥	zuì rén bù nú
清贫如洗	qīng pín rú xǐ
遗闻逸事	yí wén yì shì
三蛇七鼠	sān shé qī shǔ
泥牛入海	ní niú rù hǎi
碎心裂胆	suì xīn liè dǎn
寸步难移	cùn bù nán yí
东方千骑	dōng fāng qiān jì
不欺屋漏	bù qī wū lòu
清汤寡水	qīng tāng guǎ shuǐ
二八佳人	èr bā jiā rén
雨泣云愁	yǔ qì yún chóu
颜面扫地	yán miàn sǎo dì
别类分门	bié lèi fān mén
分门别类	fēn mén bié lèi
金城石室	jīn chéng shí shì
势合形离	shì hé xíng lí
改过从善	gǎi guò cóng shàn
出奇取胜	chū qí qǔ shèng
清风峻节	qīng fēng jùn jié
笼中之鸟	lóng zhōng zhī niǎo
尽欢而散	jìn huān ér sàn
机杼一家	jī zhù yī jiā
不关痛痒	bù guān tòng yǎng
措心积虑	cuò xīn jī lǜ
文武全才	wén wǔ quán cái
分毫无爽	fēn háo wú shuǎng
高枕安卧	gāo zhěn ān wò
一牛九锁	yī niú jiǔ suǒ
鱼生空釜	yú shēng kōng fǔ
东扬西荡	dōng yáng xī dàng
时移势易	shí yí shì yì
不容置辩	bù róng zhì biàn
弃恶从善	qì è cóng shàn
有增无已	yǒu zēng wú yǐ
甘心情愿	gān xīn qíng yuàn
心甘情愿	xīn gān qíng yuàn
极古穷今	jí gǔ qióng jīn
安神定魄	ān shén dìng pò
虎落平阳	hǔ luò píng yáng
金门绣户	jīn mén xiù hù
胡越之祸	hú yuè zhī huò
不拘细节	bù jū xì jié
黄龙痛饮	huáng lóng tòng yǐn
痛饮黄龙	tòng yǐn huáng lóng
一饥两饱	yī jī liǎng bǎo
柳眉星眼	liǔ méi xīng yǎn
目量意营	mù liàng yì yíng
目目相觑	mù mù xiāng qù
红白喜事	hóng bái xǐ shì
败不旋踵	bài bù xuán zhǒng
步步登高	bù bù dēng gāo
判若两人	pàn ruò liǎng rén
鸿断鱼沉	hóng duàn yú chén
鱼沉鸿断	yú chén hóng duàn
缓不济急	huǎn bù jì jí
尸山血海	shī shān xuè hǎi
首足异处	shǒu zú yì chǔ
恬淡无为	tián dàn wú wéi
饮水思源	yǐn shuǐ sī yuán
坏人心术	huài rén xīn shù
低情曲意	dī qíng qū yì
闻所未闻	wén suǒ wèi wén
同业相仇	tóng yè xiāng chóu
说黄道黑	shuō huáng dào hēi
珠零玉落	zhū líng yù luò
祸从天降	huò cóng tiān jiàng
忍心害理	rěn xīn hài lǐ
轻举远游	qīng jǔ yuǎn yóu
丧天害理	sàng tiān hài lǐ
画地刻木	huà dì kè mù
急痛攻心	jí tòng gōng xīn
借水行舟	jiè shuǐ xíng zhōu
寸铁在手	cùn tiě zāi shǒu
传诵一时	chuán sòng yī shí
本同末离	běn tóng mò lí
言气卑弱	yan qi bei ruo
反治其身	fǎn zhì qí shēn
背惠食言	bèi huì shí yán
聊胜于无	liáo shèng yú wú
祝发文身	zhù fā wén shēn
轻财好义	qīng cái hào yì
虚张声势	xū zhāng shēng shì
负险不臣	fù xiǎn bù chén
深文附会	shēn wén fù huì
置身事外	zhì shēn shì wài
高材疾足	gāo cái jí zú
人多嘴杂	rén duō zuǐ zá
任达不拘	rèn láo bù jū
机不旋踵	jī bù xuán zhǒng
有女怀春	yǒu nǚ huái chūn
食马留肝	shí mǎ liú gān
八面圆通	bā miàn yuán tōng
暮气沉沉	mù qì chén chén
抱冰公事	bào bīng gōng shì
石火光阴	shí huǒ guāng yīn
背城借一	bèi chéng jiè yī
急景流年	jí jǐng liú nián
以羊易牛	yǐ yáng yì niú
望风扑影	wàng fēng pū yǐng
牛鬼蛇神	niú guǐ shé shén
人命危浅	rén mìng wēi qiǎn
报应不爽	bào yìng bù shuǎng
尤物移人	yóu wù yí rén
台阁生风	tái gé shēng fēng
泥足巨人	ní zú jù rén
贵极人臣	guì jí rén chén
山崩地裂	shān bēng dì liè
是是非非	shì shì fēi fēi
半夜三更	bàn yè sān gēng
三更半夜	sān gēng bàn yè
击鼓鸣金	jī gǔ míng jīn
刀头剑首	dāo tóu jiàn shǒu
误作非为	wù zuò fēi wéi
玩世不恭	wán shì bù gōng
井中视星	jǐng zhōng shì xīng
义无旋踵	yì wú xuán zhǒng
孤履危行	gū lǚ wēi xíng
小家碧玉	xiǎo jiā bì yù
殊言别语	shū yán bié yǔ
望门投止	wàng mén tóu zhǐ
海角天涯	hǎi jiǎo tiān yá
海涯天角	hǎi yá tiān jiǎo
天涯海角	tiān yá hǎi jiǎo
卖国求利	mài guó qiú lì
将功折过	jiāng gōng shé guò
应弦而倒	yìng xián ér dǎo
狗肺狼心	gǒu fèi láng xīn
狼心狗肺	láng xīn gǒu fèi
无下箸处	wú xià zhù chǔ
青霄白日	qīng xiāo bái rì
别树一旗	bié shù yī qí
推诚相见	tuī chéng xiāng jiàn
兵强马壮	bīng qiáng mǎ zhuàng
十恶不赦	shí è bù shè
逐电追风	zhú diàn zhuī fēng
逐风追电	zhú fēng zhuī diàn
追风逐电	zhuī fēng zhú diàn
怨声载道	yuàn shēng zài dào
顺理成章	shùn lǐ chéng zhāng
白手空拳	bái shǒu kōng quán
无適无莫	wú dí wú mò
河清海竭	hé qīng hǎi jié
朝不保夕	zhāo bù bǎo xī
安常守分	ān cháng shǒu fèn
守分安常	shǒu fēn ān cháng
一表非凡	yī biǎo fēi fán
举世皆知	jǔ shì jiē zhī
由衷之言	yóu zhōng zhī yán
投山窜海	tóu shān cuàn hǎi
醉生梦死	zuì shēng mèng sǐ
醉死梦生	zuì sǐ mèng shēng
正身率下	zhèng shēn shuài xià
三缄其口	sān jiān qí kǒu
九年之蓄	jiǔ nián zhī xù
铺天盖地	pū tiān gài dì
声势浩大	shēng shì hào dà
翻云覆雨	fān yún fù yǔ
覆雨翻云	fù yǔ fān yún
雨覆云翻	yǔ fù yún fān
云翻雨覆	yún fān yǔ fù
魂飞胆丧	hún fēi dǎn sàng
路绝人稀	lù jué rén xī
金玉锦绣	jīn yù jǐn xiù
下笔成篇	xià bǐ chéng piān
杀人盈野	shā rén yíng yě
道尽途穷	dào jìn tú qióng
三不拗六	sān bù niù liù
虚己以听	xū jǐ yǐ tīng
沉厚寡言	chén hòu guǎ yán
中西合璧	zhōng xī hé bì
朝发暮至	zhāo fā mù zhì
安时处顺	ān shí chǔ shùn
势成骑虎	shì chéng qí hǔ
死有余责	sǐ yǒu yú zé
名噪一时	míng zào yī shí
轻若鸿毛	qīng ruò hóng máo
四通五达	sì tōng wǔ dá
何患无辞	hé huàn wú cí
星离月会	xīng lí yuè huì
饱食终日	bǎo shí zhōng rì
首善之区	shǒu shàn zhī qū
短刀直入	duǎn dāo zhí rù
福为祸先	fú wéi huò xiān
祸为福先	huò wéi fú xiān
出门应辙	chū mén yīng zhé
恭而有礼	gōng ér yǒu lǐ
责有所归	zé yǒu suǒ guī
血肉横飞	xuè ròu héng fēi
感激不尽	gǎn jī bù jìn
满腹文章	mǎn fù wén zhāng
英声欺人	yīng shēng qī rén
胆战心慌	dǎn zhàn xīn huāng
买铁思金	mǎi tiě sī jīn
积露为波	jī lù wéi bō
积甲山齐	jī jiǎ shān qí
日暮途远	rì mù tú yuǎn
金戈铁甲	jīn gē tiě jiǎ
移花接木	yí huā jiē mù
谈古论今	tán gǔ lùn jīn
谈今论古	tán jīn lùn gǔ
鬼计百端	guǐ jì bǎi duān
射鱼指天	shè yú zhǐ tiān
指天射鱼	zhǐ tiān shè yú
身先士众	shēn xiān shì zhòng
进退可度	jìn tuì kě dù
形影相吊	xíng yǐng xiāng diào
闻风响应	wén fēng xiǎng yīng
闲言碎语	xián yán suì yǔ
知尽能索	zhī jìn néng suǒ
六亲不认	liù qīn bù rèn
朝衣东市	zhāo yī dōng shì
东市朝衣	dōng shì cháo yī
十手争指	shí shǒu zhēng zhǐ
巧发奇中	qiǎo fā qí zhòng
开花结实	kāi huā jié shí
床下牛斗	chuáng xià niú dòu
万头攒动	wàn tóu cuán dòng
胡说八道	hú shuō bā dào
舍短取长	shě duǎn qǔ cháng
枯体灰心	kū tǐ huī xīn
反劳为逸	fǎn láo wéi yì
剖决如流	pōu jué rú liú
超然物外	chāo rán wù wài
酒虎诗龙	jiǔ hǔ shī lóng
酒龙诗虎	jiǔ lóng shī hǔ
天寒地冻	tiān hán dì dòng
疾风骤雨	jí fēng zhòu yǔ
飞霜六月	fēi shuāng liù yuè
六月飞霜	liù yuè fēi shuāng
走漏天机	zǒu lòu tiān jī
铁树花开	tiě shù huā kāi
铁树开花	tiě shù kāi huā
坐失事机	zuò shī shì jī
屋乌之爱	wū wū zhī ài
争名夺利	zhēng míng duó lì
能谋善断	néng móu shàn duàn
切理厌心	qiē lǐ yàn xīn
断头将军	duàn tóu jiāng jūn
违世绝俗	wéi shì jué sú
手舞足蹈	shǒu wǔ zú dǎo
足蹈手舞	zú dǎo shǒu wǔ
画地为牢	huà dì wéi láo
束身自修	shù shēn zì xiū
打得火热	dǎ dé huǒ rè
风前残烛	fēng qián cán zhú
三亲六故	sān qīn liù gù
没日没夜	méi rì méi yè
改而更张	gǎi ér gèng zhāng
折节下士	zhé jié xià shì
胸中有数	xiōng zhōng yǒu shù
死去活来	sǐ qù huó lái
以文会友	yǐ wén huì yǒu
敬时爱日	jìng shí ài rì
貌合情离	mào hé qíng lí
思绪万千	sī xù wàn qiān
望风响应	wàng fēng xiǎng yīng
罪业深重	zuì yè shēn zhòng
叫苦连天	jiào kǔ lián tiān
杨花心性	yáng huā xīn xìng
果然如此	guǒ rán rú cǐ
大慈大悲	dà cí dà bēi
见世生苗	jiàn shì shēng miáo
残年余力	cán nián yú lì
春色撩人	chūn sè liáo rén
见始知终	jiàn shǐ zhī zhōng
年登花甲	nián dēng huā jiǎ
前功尽弃	qián gōng jìn qì
通前至后	tōng qián zhì hòu
识文断字	shí wén duàn zì
神工鬼力	shén gōng guǐ lì
向天而唾	xiàng tiān ér tuò
家骥人璧	jiā jì rén bì
精明能干	jīng míng néng gàn
问长问短	wèn cháng wèn duǎn
雨恨云愁	yǔ hèn yún chóu
蔽日干云	bì rì gān yún
干云蔽日	gān yún bì rì
扇风点火	shàn fēng diǎn huǒ
自出新裁	zì chū xīn cái
乘隙而入	chéng xì ér rù
弃短用长	qì duǎn yòng cháng
形影自吊	xíng yǐng zì diào
良弓无改	liáng gōng wú gǎi
受制于人	shòu zhì yù rén
重金兼紫	chóng jīn jiān zǐ
放荡不羁	fàng dàng bù jī
气冲斗牛	qì chōng dǒu niú
气冲牛斗	qì chōng niú dǒu
三头对案	sān tóu duì àn
伯乐一顾	bō lè yī gù
寄颜无所	jì yán wú suǒ
遗大投艰	yí dà tóu jiān
遗艰投大	yí jiān tóu dà
串通一气	chuàn tōng yī qì
遗臭万世	yí chòu wàn shì
得胜回朝	dé shèng huí cháo
冷言冷语	lěng yán lěng yǔ
目瞪心骇	mù dèng xīn hài
山中宰相	shān zhōng zǎi xiàng
承上起下	chéng shàng qǐ xià
引玉之砖	yǐn yù zhī zhuān
鱼目混珠	yú mù hùn zhū
扬长避短	yáng cháng bì duǎn
班马文章	bān mǎ wén zhāng
无能为役	wú néng wéi yì
热心快肠	rè xīn kuài cháng
烁玉流金	shuò yù liú jīn
翻复无常	fān fù wú cháng
移国动众	yí guó dòng zhòng
四通八达	sì tōng bā dá
改换家门	gǎi huàn jiā mén
三灾六难	sān zāi liù nán
誓死不渝	shì sǐ bù yú
称赏不已	chēng shǎng bù yǐ
五内如焚	wǔ nèi rú fén
回肠百转	huí cháng bǎi zhuǎn
深入骨髓	shēn rù gǔ suǐ
遮地漫天	zhē dì màn tiān
地崩山摧	dì bēng shān cuī
径情直行	jìng qíng zhí xíng
直情径行	zhí qíng jìng xíng
心胆俱裂	xīn dǎn jù liè
恬不知耻	tián bù zhī chǐ
兵不污刃	bīng bù wū rèn
七青八黄	qī qīng bā huáng
推心置腹	tuī xīn zhì fù
溢美之语	yì měi zhī yǔ
步步为营	bù bù wéi yíng
重厚少文	zhòng hòu shǎo wén
采薪之忧	cǎi xīn zhī yōu
锦心绣肠	jǐn xīn xiù cháng
锦绣心肠	jǐn xiù xīn cháng
喜怒无常	xǐ nù wú cháng
指山卖磨	zhǐ shān mài mò
忧国忘家	yōu guó wàng jiā
风掣雷行	fēng chè léi xíng
心头鹿撞	xīn tóu lù zhuàng
心头撞鹿	xīn tóu zhuàng lù
适当其时	shì dāng qí shí
文章盖世	wén zhāng gài shì
天震地骇	tiān zhèn dì hài
毛手毛脚	máo shǒu máo jiǎo
马不停蹄	mǎ bù tíng tí
阿其所好	ē qí suǒ hào
看景生情	kàn jǐng shēng qíng
栋梁之才	dòng liáng zhī cái
胸有成算	xiōng yǒu chéng suàn
输心服意	shū xīn fú yì
山包海容	shān bāo hǎi róng
避迹违心	bì jì wéi xīn
排山倒海	pái shān dǎo hǎi
惜墨如金	xī mò rú jīn
春花秋实	chūn huā qiū shí
负固不宾	fù gù bù bīn
心浮气躁	xīn fú qì zào
尤而效之	yóu ér xiào zhī
送眼流眉	sòng yǎn liú méi
炳如日星	bǐng rú rì xīng
反哺之私	fǎn bǔ zhī sī
神魂颠倒	shén hún diān dǎo
前古未闻	qián gǔ wèi wén
如见肺肝	rú jiàn fèi gān
同源共流	tóng yuán gòng liú
以誉进能	yǐ yù jìn néng
神经错乱	shén jīng cuò luàn
逼不得已	bī bù dé yǐ
古道热肠	gǔ dào rè cháng
热肠古道	rè cháng gǔ dào
外强中干	wài qiáng zhōng gān
指鹿作马	zhǐ lù zuò mǎ
拨万论千	bō wàn lùn qiān
顿足失色	dùn zú shī sè
云飞烟灭	yún fēi yān miè
再作道理	zài zuò dào lǐ
想望风采	xiǎng wàng fēng cǎi
硕大无朋	shuò dà wú péng
一片焦土	yī piàn jiāo tǔ
前目后凡	qián mù hòu fán
词穷理绝	cí qióng lǐ jué
和光同尘	hé guāng tóng chén
通古达变	tōng gǔ dá biàn
年富力强	nián fù lì qiáng
迫不及待	pò bù jí dài
一班半点	yī bān bàn diǎn
焕然一新	huàn rán yī xīn
两相情愿	liǎng xiāng qíng yuàn
软弱无力	ruǎn ruò wú lì
云窗月户	yún chuāng yuè hù
三吐三握	sān tǔ sān wò
兵不厌诈	bīng bù yàn zhà
路断人稀	lù duàn rén xī
径一周三	jìng yī zhōu sān
寡见少闻	guǎ jiàn shǎo wén
寡闻少见	guǎ wén shǎo jiàn
遁世长往	dùn shì cháng wǎng
安然无恙	ān rán wú yàng
鱼贯雁行	yú guàn yàn xíng
苦乐不均	kǔ lè bù jūn
金石丝竹	jīn shí sī zhú
尺短寸长	chǐ duǎn cù cháng
寸长尺短	cùn cháng chǐ duǎn
随踵而至	suí zhǒng ér zhì
超群出众	chāo qún chū zhòng
本小利微	běn xiǎo lì wēi
大法小廉	dà fǎ xiǎo lián
小廉大法	xiǎo lián dà fǎ
七高八低	qī gāo bā dī
知白守黑	zhī bái shǒu hēi
来者不拒	lái zhě bù jù
将本求利	jiāng běn qiú lì
聚米为山	jù mǐ wéi shān
计合谋从	jì hé móu cóng
人言藉藉	rén yán jí jí
利害得失	lì hài dé shī
我心如秤	wǒ xīn rú chèng
粗衣恶食	cū yī è shí
作恶多端	zuò è duō duān
造恶不悛	zào è bù quān
登高自卑	dēng gāo zì bēi
破烂不堪	pò làn bù kān
喜出望外	xǐ chū wàng wài
伤弓之鸟	shāng gōng zhī niǎo
不祧之祖	bù tiāo zhī zǔ
虚应故事	xū yìng gù shì
玉尺量才	yù chǐ liáng cái
存心养性	cún xīn yǎng xìng
三求四告	sān qiú sì gào
黄金世界	huáng jīn shì jiè
永无宁日	yǒng wú níng rì
草芥人命	cǎo jiè rén mìng
分身减口	fēn shēn jiǎn kǒu
自崖而反	zì yá ér fǎn
凄风寒雨	qī fēng hán yǔ
迥不犹人	jiǒng bù yóu rén
多情多感	duō qíng duō gǎn
鬼哭天愁	guǐ kū tiān chóu
门无杂宾	mén wú zá bīn
北鄙之声	bēi bǐ zhī shēng
马捉老鼠	mǎ zhuō lǎo shǔ
见精识精	jiàn jīng shí jīng
大璞不完	tài bú bù wán
遁形远世	dùn xíng yuǎn shì
除狼得虎	chú láng dé hǔ
负重致远	fù zhòng zhì yuǎn
惊神泣鬼	jīng shén qì guǐ
错落有致	cuò luò yǒu zhì
日暮途穷	rì mù tú qióng
途穷日暮	tú qióng rì mù
惊蛇入草	jīng shé rù cǎo
祸福由人	huò fú yóu rén
志美行厉	zhì měi xíng lì
打情卖笑	dǎ qíng mài xiào
穷极思变	qióng jí sī biàn
开山老祖	kāi shān lǎo zǔ
龙飞凤翥	lóng fēi fèng zhù
肩背难望	jiān bèi nán wàng
有眼无瞳	yǒu yǎn wú tóng
借景生情	jiè jǐng shēng qíng
悔过自新	huǐ guò zì xīn
半路修行	bàn lù xiū xíng
画中有诗	huà zhōng yǒu shī
诗中有画	shī zhōng yǒu huà
末大必折	mò dà bì zhé
论黄数白	lùn huáng shù bái
数白论黄	shǔ bái lùn huáng
儿女情长	ér nǚ qíng cháng
人约黄昏	rén yuē huáng hūn
刀头燕尾	dāo tóu yàn wěi
赏一劝百	shǎng yī quàn bǎi
报冰公事	bào bīng gōng shì
行同能偶	xíng tóng néng ǒu
说古谈今	shuō gǔ tán jīn
谈古说今	tán gǔ shuō jīn
前所未闻	qián suǒ wèi wén
东床之选	dōng chuáng zhī xuǎn
十字路口	shí zì lù kǒu
防不胜防	fáng bù shèng fáng
耳听八方	ěr tīng bā fāng
齐头并进	qí tóu bìng jìn
草长莺飞	cǎo zhǎng yīng fēi
莺飞草长	yīng fēi cǎo zhǎng
关门打狗	guān mén dǎ gǒu
一代鼎臣	yī dài dǐng chén
居功自傲	jū gōng zì ào
数短论长	shǔ duǎn lùn cháng
天造地设	tiān zào dì shè
大喜若狂	dā xǐ ruò kuáng
时至运来	shí zhì yùn lái
马上房子	mǎ shàng fáng zi
半青半黄	bàn qīng bàn huáng
一麾出守	yī huī chū shǒu
刻不容缓	kè bù róng huǎn
连枝分叶	lián zhī fēn yè
三朝元老	sān cháo yuán lǎo
公平交易	gōng píng jiāo yì
等闲视之	děng xián shì zhī
战不旋踵	zhàn bù xuán zhǒng
伯道无儿	bó dào wú ér
高飞远翔	gāo fēi yuǎn xiáng
浓眉大眼	nóng méi dà yǎn
浮名薄利	fú míng bó lì
料敌如神	liào dí rū shén
满纸空言	mǎn zhǐ kōng yán
里应外合	lǐ yìng wài hé
外合里应	wài hé lǐ yìng
毁于一旦	huǐ yú yī dàn
发言盈庭	fā yán yíng tíng
沸反盈天	fèi fǎn yíng tiān
违天悖人	wéi tiān bèi rén
直入公堂	zhí rù gōng táng
流连忘返	liú lián wàng fǎn
失魂落魄	shī hún luò pò
燎如观火	liǎo rú guān huǒ
作壁上观	zuò bì shàng guān
敝盖不弃	bǐ gài bù qì
释生取义	shì shēng qǔ yì
旷心怡神	kuàng xīn yí shén
神怡心旷	shén yí xīn kuàng
心旷神怡	xīn kuàng shén yí
心怡神旷	xīn yí shén kuàng
云罗天网	yún luó tiān wǎng
孤立无援	gū lì wú yuán
危若朝露	wēi ruò zhāo lù
文章经济	wén zhāng jīng jì
安生服业	ān shēng fú yè
门不夜扃	mén bù yè jiōng
白眉赤眼	bái méi chì yǎn
若明若昧	ruò míng ruò mèi
剖心析胆	pōu xīn xī dǎn
怡然自乐	yí rán zì lè
丧身失节	sàng shēn shī jié
雾暗云深	wù àn yún shēn
唇齿之邦	chún chǐ zhī bāng
得道多助	dé dào duō zhù
魂惊魄落	hún jīng pò luò
惊魂落魄	jīng hún luò pò
喜闻乐见	xǐ wén lè jiàn
惊世骇俗	jīng shì hài sú
头晕眼花	tóu yūn yǎn huā
现钟不打	xiàn zhōng bù dǎ
沸天震地	fèi tiān zhèn dì
威震天下	wēi zhèn tiān xià
分床同梦	fēn chuáng tóng mèng
正法眼藏	zhèng fǎ yǎn cáng
暴风骤雨	bào fēng zhòu yǔ
骤风暴雨	zhòu fēng bào yǔ
骤雨暴风	zhòu yǔ bào fēng
悄然无声	qiǎo rán wú shēng
生寄死归	shēng jì sǐ guī
百花争艳	bǎi huā zhēng yàn
扑天盖地	pū tiān gài dì
万夫莫当	wàn fū mò dāng
变幻无穷	biàn huàn wú qióng
倍日并行	bèi rì bìng xíng
主情造意	zhǔ qíng zào yì
急不择途	jí bù zé tú
三病四痛	sān bìng sì tòng
短见薄识	duǎn jiàn bó shí
人神共嫉	rén shén gòng jí
流芳后世	liú fāng hòu shì
歪心邪意	wāi xīn xié yì
龙章秀骨	lóng zhāng xiù gǔ
心非巷议	xīn fēi xiàng yì
狗傍人势	gǒu bàng rén shì
七七八八	qī qī bā bā
分工合作	fēn gōng hé zuò
横蛮无理	hèng mán wú lǐ
蛮横无理	mán hèng wú lǐ
畏敌如虎	wèi dí rú hǔ
恩若再生	ēn ruò zài shēng
谏争如流	jiàn zhēng rú liú
学贯中西	xué guàn zhōng xī
日不暇给	rì bù xiá jǐ
推三推四	tuī sān tuī sì
功败垂成	gōng bài chuí chéng
以卵投石	yǐ luǎn tóu shí
以石投卵	yǐ shí tóu luǎn
泪流满面	lèi liú mǎn miàn
相沿成俗	xiāng yán chéng sú
目断鳞鸿	mù duàn lín hóng
贵贱无常	guì jiàn wú cháng
瑜百瑕一	yú bǎi xiá yī
覆水难收	fù shuǐ nán shōu
鼠入牛角	shǔ rù niú jiǎo
多情善感	duō qíng shàn gǎn
感情用事	gǎn qíng yòng shì
门可张罗	mén kě zhāng luó
有凤来仪	yǒu fèng lái yí
千篇一律	qiān piān yī lǜ
以夜继朝	yǐ yè jì zhāo
铸成大错	zhù chéng dà cuò
口血未干	kǒu xuè wèi gān
食古如鲠	shí gǔ rú gěng
大请大受	dà qǐng dà shòu
养生送死	yǎng shēng sòng sǐ
胸有成略	xiōng yǒu chéng lüè
犯而不校	fàn ér bù jiào
大开眼界	dà kāi yǎn jiè
罚不责众	fá bù zé zhòng
束手束足	shù shǒu shù zú
发上冲冠	fā shàng chōng guàn
万寿无疆	wàn shòu wú jiāng
风驰草靡	fēng chí cǎo mǐ
圆首方足	yuán shǒu fāng zú
冷言热语	lěng yán rè yǔ
餐风沐雨	cān fēng mù yǔ
雨沐风餐	yǔ mù fēng cān
朱唇玉面	zhū chún yù miàn
言十妄九	yán shí wàng jiǔ
矢忠不二	shǐ zhōng bù èr
不落边际	bù luò biān jì
贵人贱己	guì rén jiàn jǐ
积劳成疾	jī láo chéng jí
纪群之交	jì qún zhī jiāo
市井之臣	shì jǐng zhī chén
食不遑味	shí bù huáng wèi
以计代战	yǐ jì dài zhàn
蛮来生作	mán lái shēng zuò
见异思迁	jiàn yì sī qiān
东量西折	dōng liàng xī shé
能言善辩	néng yán shàn biàn
以战去战	yǐ zhàn qù zhàn
表里相应	biǎo lǐ xiāng yìng
燕额虎头	yàn é hǔ tóu
公平合理	gōng píng hé lǐ
龙章凤彩	lóng zhāng fèng cǎi
龙章凤姿	lóng zhāng fèng zī
泰山盘石	tai shān pán shí
计穷力竭	jì qióng lì jié
鼓脑争头	gǔ nǎo zhēng tóu
地广人希	dì guǎng rén xī
枉费心力	wǎng fèi xīn lì
画地成牢	huà dì chéng láo
旦暮入地	dàn mù rù dì
暮去朝来	mù qù cháo lái
吾自有处	wu zi you chu
智穷才尽	zhì qióng cái jìn
人事代谢	rén shì dài xiè
指名道姓	zhǐ míng dào xìng
可歌可泣	kě gē kě qì
可泣可歌	kě qì kě gē
惊见骇闻	jīng jiàn hài wén
逆耳良言	nì ěr liáng yán
雀目鼠步	què mù shǔ bù
坐卧不宁	zuò wò bù níng
孤云野鹤	gū yún yě hè
野鹤孤云	yě hè gū yún
择善而从	zé shàn ér cóng
知过必改	zhī guò bì gǎi
计穷虑尽	jì qióng lǜ jìn
宠辱不惊	chǒng rǔ bù jīng
际遇风云	jì yù fēng yún
金鼓齐鸣	jīn gǔ qí míng
不护细行	bù hù xì xíng
藏头露尾	cáng tóu lù wěi
露尾藏头	lù wěi cáng tóu
文武差事	wén wǔ chà shì
莫名其妙	mò míng qí miào
以公灭私	yǐ gōng miè sī
桑土之防	sāng tǔ zhī fáng
任重至远	rèn zhòng zhì yuǎn
洞心骇耳	dòng xīn hài ěr
弄影团风	nòng yǐng tuán fēng
人多阙少	rén duō què shǎo
千愁万恨	qiān chóu wàn hèn
万恨千愁	wàn hèn qiān chóu
山木自寇	shān mù zì kòu
众寡悬绝	zhòng guǎ xuán jué
海沸山摇	hǎi fèi shān yáo
多嘴多舌	duō zuǐ duō shè
同敝相济	tóng bì xiāng jì
百川朝海	bǎi chuān cháo hǎi
观过知仁	guān guò zhī rén
桂林一枝	guì lín yī zhī
转祸为福	zhuǎn huò wéi fú
功名富贵	gōng míng fù guì
教无常师	jiào wú cháng shī
斯事体大	ī shì tǐ dà
遗老遗少	yí lǎo yí shào
风华正茂	fēng huá zhèng mào
宾客如云	bīn kè rú yún
连车平斗	lián chē píng dǒu
积日累久	jī rì lěi jiǔ
骂天扯地	mà tiān chě dì
无其奈何	wú qí nài hé
风口浪尖	fēng kǒu làng jiān
正冠李下	zhèng guàn lǐ xià
良莠不分	liáng yǒu bù fēn
疾声厉色	jí shēng lì sè
谈若悬河	tán ruò xuán hé
望表知里	wàng biǎo zhī lǐ
贯鱼之序	guàn yú zhī xù
枕戈以待	zhěn gē yǐ dài
盘龙卧虎	pán lóng wò hǔ
负德背义	fù dé bèi yì
椎心顿足	chuí xīn dùn zú
大工告成	dà gōng gào chéng
应接不暇	yìng jiē bù xiá
令人齿冷	lìng rén chǐ lěng
风风韵韵	fēng fēng yùn yùn
居安思危	jū ān sī wēi
通文调武	tōng wén diào wǔ
载一抱素	zài yī bào sù
身心交瘁	shēn xīn jiāo cuì
高车驷马	gāo chē sì mǎ
驷马高车	sì mǎ gāo chē
强奸民意	qiáng jiān mín yì
称奇道绝	chēng qí dào jué
求同存异	qiú tóng cún yì
山鸣谷应	shān míng gǔ yìng
呼天叩地	hū tiān kòu dì
进退中度	jìn tuì zhòng dù
闲言淡语	xián yán dàn yǔ
政出多门	zhèng chū duō mén
出凡入胜	chū fán rù shèng
脱口成章	tuō kǒu chéng zhāng
率以为常	shuài yǐ wéi cháng
计日程功	jì rì chéng gōng
大权旁落	dà quán páng luò
龙举云属	lóng jǔ yún shǔ
朝夕相处	zhāo xī xiāng chǔ
朽骨重肉	xiǔ gǔ zhòng ròu
日莫途远	rì mò tú yuǎn
学非所用	xué fēi suǒ yòng
用非所学	yòng fēi suǒ xué
通今达古	tōng jīn dá gǔ
精明强干	jīng míng qiáng gàn
开源节流	kāi yuán jié liú
耳软心活	ěr ruǎn xīn huó
以私害公	yǐ sī hài gōng
虎入羊群	hǔ rù yáng qún
羊入虎群	yáng rù hǔ qún
貌是情非	mào shì qíng fēi
时来运转	shí lái yùn zhuǎn
运转时来	yùn zhuǎn shí lái
横戈盘马	héng gē pán mǎ
车马填门	chē mǎ tián mén
发家致富	fā jiā zhì fù
朝闻夕死	zhāo wén xī sǐ
雄心壮志	xióng xīn zhuàng zhì
千了百了	qiān le bǎi le
未成一篑	wèi chéng yī kuì
死有余诛	sǐ yǒu yú zhū
计日指期	jì rì zhǐ qī
覆车之鉴	fù chē zhī jiàn
智圆行方	zhì yuán xíng fāng
苦口逆耳	kǔ kǒu nì ěr
顺时随俗	shùn shí suí sú
忧形于色	yōu xíng yú sè
拔十失五	bá shí shī wǔ
首当其冲	shǒu dāng qí chōng
锦心绣腹	jǐn xīn xiù fù
百川归海	bǎi chuān guī hǎi
超今绝古	chāo jīn jué gǔ
积德累功	jī dé lěi gōng
鼠心狼肺	shǔ xīn láng fèi
狂瞽之言	kuáng gǔ zhī yán
超然远引	chāo rán yuǎn yǐn
千里犹面	qiān lǐ yóu miàn
将计就计	jiāng jì jiù jì
云开雾散	yún kāi wù sàn
朝章国故	cháo zhāng guó gù
弄法舞文	nòng fǎ wǔ wén
舞文弄法	wǔ wén nòng fǎ
堂皇正大	táng huáng zhèng dà
正大堂皇	zhèng dà táng huáng
刁天决地	diāo tiān jué dì
身名俱败	shēn míng jù bài
奉扬仁风	fèng yáng rén fēng
政通人和	zhèng tōng rén hé
载笑载言	zài xiào zài yán
轻重失宜	qīng zhòng shī yí
百万雄师	bǎi wàn xióng shī
一褱而论	yī huái ér lùn
超前绝后	chāo qián jué hòu
遗世越俗	yí shì yuè sú
龙盘凤逸	lóng pán fèng yì
本同末异	běn tóng mò yì
茫然自失	máng rán zì shī
跌荡风流	diē dàng fēng liú
海外奇谈	hǎi wài qí tán
书香门户	shū xiāng mén hù
轻重倒置	qīng zhòng dào zhì
异涂同归	yì tú tóng guī
回春之术	huí chūn zhī shù
形迹可疑	xíng jì kě yí
表面文章	biǎo miàn wén zhāng
鬼哭神惊	guǐ kū shén jīng
以私废公	yǐ sī fèi gōng
旷日长久	kuàng rì cháng jiǔ
年轻力壮	nián qīng lì zhuàng
宾至如归	bīn zhì rú guī
风刀霜剑	fēng dāo shuāng jiàn
气喘如牛	qì chuǎn rú niú
目挑眉语	mù tiāo méi yǔ
烽火连天	fēng huǒ lián tiān
连天烽火	lián tiān fēng huǒ
祖龙之虐	zǔ lóng zhī nüè
晓风残月	xiǎo fēng cán yuè
怒形于色	nù xíng yú sè
山阴夜雪	shān yīn yè xuě
一代谈宗	yī dài tán zōng
寻风捉影	xún fēng zhuō yǐng
阿党相为	ē dǎng xiāng wéi
门庭如市	mén tíng rú shì
达观知命	dá guān zhī mìng
自郐以下	zì kuài yǐ xià
气消胆夺	qì xiāo dǎn duó
适得其反	shì dé qí fǎn
飞沙走石	fēi shā zǒu shí
走石飞沙	zǒu shí fēi shā
长驱直入	cháng qū zhí rù
妙想天开	miào xiǎng tiān kāi
德尊望重	dé zūn wàng zhòng
看家本事	kān jiā běn shì
忘恩失义	wàng ēn shī yì
云布雨施	yún bù yǔ shī
避重就轻	bì zhòng jiù qīng
金刚怒目	jīn gāng nù mù
舍身求法	shě shēn qiú fǎ
黄台之瓜	huáng tái zhī guā
国泰民安	guó tài mín ān
民安国泰	mín ān guó tài
坐观成败	zuò guān chéng bài
鸦雀无声	yā què wú shēng
情见乎辞	qíng xiàn hū cí
唾手可得	tuò shǒu kě dé
悔不当初	huǐ bù dāng chū
万箭攒心	wàn jiàn cuán xīn
恩怨分明	ēn yuàn fēn míng
哀天叫地	āi tiān jiào dì
羊肠小道	yáng cháng xiǎo dào
衣裳之会	yī shāng zhī huì
托于空言	tuō yú kōng yán
肤寸而合	fū cùn ér hé
法无可贷	fǎ wú kě dài
一搭两用	yī dā liǎng yòng
骑马寻马	qí mǎ xún mǎ
无与比伦	wú yǔ bǐ lún
无与伦比	wú yǔ lún bǐ
计日而俟	jì rì ér sì
深思苦索	shēn sī kǔ suǒ
遁入空门	dùn rù kōng mén
燃眉之急	rán méi zhī jí
大义凛然	dà yì lǐn rán
气忍声吞	qì rěn shēng tūn
忍气吞声	rěn qì tūn shēng
吞声忍气	tūn shēng rěn qì
龙血凤髓	lóng xuè fèng suǐ
深谋远虑	shēn móu yuǎn lǜ
远虑深谋	yuǎn lǜ shēn móu
放诞风流	fàng dàn fēng liú
计功补过	jì gōng bǔ guò
嘲风弄月	cháo fēng nòng yuè
弄月嘲风	nòng yuè cháo fēng
云期雨信	yún qī yǔ xìn
耳聪目明	ěr cōng mù míng
极恶不赦	jí è bù shè
各安生业	gè ān shēng yè
竿头直上	gān tóu zhí shàng
光采夺目	guāng cǎi duó mù
气谊相投	qì yì xiāng tóu
军不血刃	jūn bù xuè rèn
进退消长	jìn tuì xiāo cháng
讳莫如深	huì mò rú shēn
公耳忘私	gōng ěr wàng sī
一干二净	yī gān èr jìng
阳春有脚	yáng chūn yǒu jiǎo
有脚阳春	yǒu jiǎo yáng chūn
兴兵动众	xīng bīng dòng zhòng
义结金兰	yì jié jīn lán
悲从中来	bēi cóng zhōng lái
胡说乱道	hú shuō luàn dào
移东补西	yí dōng bǔ xī
高才捷足	gāo cái jié zú
极情尽致	jí qíng jìn zhì
及宾有鱼	jí bīn yoǔ yú
上南落北	shàng nán luò běi
凤皇于飞	fèng huáng yú fēi
大煞风景	dà shā fēng jǐng
移山填海	yí shān tián hǎi
千载难逢	qiān zǎi nán féng
切肤之痛	qiè fū zhī tòng
不堪造就	bù kān zào jiù
谈情说爱	tán qíng shuō ài
若敖之鬼	ruò áo zhī guǐ
以指测河	yǐ zhǐ cè hé
福至心灵	fú zhì xīn líng
应答如流	yìng dá rú liú
鸡犬升天	jī quǎn shēng tiān
老马识途	lǎo mǎ shí tú
识途老马	shí tú lǎo mǎ
贪声逐色	tān shēng zhú sè
以火止沸	yǐ huǒ zhǐ fèi
神色张皇	shén sè zhāng huáng
回肠伤气	huí cháng shāng qì
目逆而送	mù nì ér sòng
愁眉苦眼	chóu méi kǔ yǎn
桃李春风	táo lǐ chūn fēng
流金铄石	liú jīn shuò shí
铄石流金	shuò shí liú jīn
以杀去杀	yǐ shā qù shā
片瓦不留	piàn wǎ bù liú
大张旗鼓	dà zhāng qí gǔ
夺其谈经	duó qí tán jīng
乐道遗荣	lè dào yí róng
付之度外	fù zhī dù wài
家传人诵	jiā chuán rén sòng
信而有证	xìn ér yǒu zhèng
巨细无遗	jù xì wú yí
以暴易暴	yǐ bào yì bào
地旷人稀	dì kuàng rén xī
欺天罔地	qī tiān wǎng dì
忘乎所以	wàng hū suǒ yǐ
慈明无双	cí míng wú shuāng
达官要人	dá guān yào rén
柳圣花神	liǔ shèng huā shén
失惊倒怪	shī jīng dǎo guài
触手可及	chù shǒu kě jí
挥汗如雨	huī hàn rú yǔ
行思坐筹	xíng sī zuò chóu
行思坐想	xíng sī zuò xiǎng
据高临下	jù gāo lín xià
凤叹虎视	fèng tàn hǔ shì
神闲气静	shén xián qì jìng
兵戎相见	bīng róng xiāng jiàn
见微知著	jiàn wēi zhī zhù
盗名暗世	dào míng àn shì
陶然自得	táo rán zì dé
悠然自得	yōu rán zì dé
知止不殆	zhī zhǐ bù dài
忠贯日月	zhōng guàn rì yuè
面有菜色	miàn yǒu cài sè
柴立不阿	chái lì bù ē
逐臭之夫	zhú chòu zhī fū
草行露宿	cǎo xíng lù sù
爱不忍释	ài bù rěn shì
明镜高悬	míng jìng gāo xuán
轻财重士	qīng cái zhòng shì
不惜工本	bù xī gōng běn
春树暮云	chūn shù mù yún
暮云春树	mù yún chūn shù
楚歌四面	chǔ gē sì miàn
四面楚歌	sì miàn chǔ gē
扫眉才子	sǎo méi cái zǐ
就地取材	jiù dì qǔ cái
市井之徒	shì jǐng zhī tú
风平浪静	fēng píng làng jìng
平风静浪	píng fēng jìng làng
运掉自如	yùn diào zì rú
春冰虎尾	chūn bīng hǔ wěi
虎尾春冰	hǔ wěi chūn bīng
蹈节死义	dǎo jié sǐ yì
秋高气爽	qiū gāo qì shuǎng
死骨更肉	sǐ gǔ gèng ròu
过化存神	guò huà cún shén
怨气满腹	yuàn qì mǎn fù
恨如头醋	hèn rú tóu cù
积厚流光	jī hòu liú guāng
枕山襟海	zhěn shān jīn hǎi
违时绝俗	wéi shí jué sú
推天抢地	tuī tiān qiǎng dì
蝇头微利	yíng tóu wēi lì
拳拳之枕	quán quán zhī zhěn
见贤思齐	jiàn xián sī qí
旷世无匹	kuàng shì wú pǐ
思贤如渴	sī xián rú kě
钻心刺骨	zuàn xīn cì gǔ
利害相关	lì hài xiāng guān
管中窥天	guǎn zhōng kuī tiān
枝干相持	zhī gàn xiāng xhí
品头论足	pǐn tóu lùn zú
师老兵破	shī lǎo bīng pò
遁名改作	dùn míng gǎi zuò
稳如泰山	wěn rú tài shān
确切不移	què qiè bù yí
引短推长	yǐn duǎn tuī cháng
患至呼天	huàn zhì hū tiān
慧业文人	huì yè wén rén
旷古未有	kuàng gǔ wèi yǒu
六出纷飞	liù chū fēn fēi
锦衣行昼	jǐn yī xíng zhòu
衣锦昼行	yì jǐn zhòu xíng
从容就义	cóng róng jiù yì
器满意得	qì mǎn yì dé
泥而不滓	niè ér bù zǐ
收回成命	shōu huí chéng mìng
万流景仰	wàn liú jǐng yǎng
头昏眼暗	tóu hūn yǎn àn
人单势孤	rén dān shì gū
画意诗情	huà yì shī qíng
诗情画意	shī qíng huà yì
进退路穷	jìn tuì lù qióng
斗而铸兵	dòu ér zhù bīng
没轻没重	méi qīng méi zhòng
灭门绝户	miè mén jué hù
望风捕影	wàng fēng bǔ yǐng
清源正本	qīng yuán zhèng běn
正本清源	zhèng běn qīng yuán
月落参横	yuè luò shēn héng
惊魂失魄	jīng hún shī pò
一叶障目	yī yè zhàng mù
疑似之间	yí sì zhī jiān
得寸进尺	dé cùn jìn chǐ
多历年所	duō lì nián suǒ
三节两寿	sān jié liǎng shòu
目瞪口张	mù dèng kǒu zhāng
风流儒雅	fēng liú rú yǎ
儒雅风流	rú yǎ fēng liú
才短气粗	cái duǎn qì cū
自相惊扰	zì xiāng jīng rǎo
悍然不顾	hàn rán bù gù
文籍先生	wén jí xiān shēng
说是谈非	shuō shì tán fēi
好行小惠	hào xíng xiǎo huì
文通残锦	wén tōng cán jǐn
身当矢石	shēn dāng shǐ shí
代马望北	dài mǎ wàng běi
不露锋芒	bù lù fēng máng
锋芒不露	fēng máng bù lù
才兼文武	cái jiān wén wǔ
各取所长	gè qǔ suǒ cháng
河汉无极	hé hàn wú jí
心长绠短	xīn cháng gěng duǎn
亲密无间	qīn mì wú jiàn
策无遗算	cè wú yí suàn
算无遗策	suàn wú yí cè
呼天抢地	hū tiān qiāng dì
呼天吁地	hū tiān yù dì
抢地呼天	qiāng dì hū tiān
吁天呼地	yù tiān hū dì
一鳞半爪	yī lín bàn zhǎo
引领而望	yǐn lǐng ér wàng
动心怵目	dòng xīn chù mù
破壁飞去	pò bì fēi qù
落荒而走	luò huāng ér zǒu
负地矜才	fù dì jīn cái
游戏人间	yóu xì rén jiān
三瓦两舍	sān wǎ liǎng shě
皓月千里	hào yuè qiān lǐ
遗风余韵	yí fēng yú yùn
败国丧家	bài guó sàng jiā
三风十愆	sān fēng shí qiān
堂堂一表	táng táng yī biǎo
一表堂堂	yī biǎo táng táng
参差不齐	cēn cī bù qí
面北眉南	miàn běi méi nán
大块文章	dà kuài wén zhāng
尊师重道	zūn shī zhòng dào
凄风楚雨	qī fēng chǔ yǔ
东风浩荡	dōng fēng hào dàng
风激电飞	fēng jī diàn fēi
色仁行违	sè rén xíng wéi
民穷财尽	mín qióng cái jìn
偕生之疾	xié shēng zhī jí
秋风扫叶	qiū fēng sǎo yè
东扶西倒	dōng fú xī dǎo
富可敌国	fù kě dí guó
敬上接下	jìng shàng jiē xià
超尘出俗	chāo chén chū sú
露才扬己	lù cái yáng jǐ
露己扬才	lù jǐ yáng cái
扬己露才	yáng jǐ lù cái
高自标树	gāo zì biāo shù
鸟惊鱼散	niǎo jīng yú sàn
鱼惊鸟散	yú jīng niǎo sàn
通文达礼	tōng wén dá lǐ
欲罢不能	yù bà bù néng
行尸走骨	xíng shī zǒu gǔ
五短身材	wǔ duǎn shēn cái
乐极悲生	lè jí bēi shēng
乐极生悲	lè jí shēng bēi
登木求鱼	déng mù qiú yú
钱可通神	qián kě tōng shén
行藏用舍	xíng cáng yòng shě
用舍行藏	yòng shě xíng cáng
用行舍藏	yòng xíng cáng shě
胡作胡为	hú zuò hú wéi
东西南北	dōng xī nán běi
冲风冒雨	chōng fēng mào yǔ
股掌之上	gǔ zhǎng zhī shàng
休牛归马	xiū niú guī mǎ
华星秋月	huá xīng qiū yuè
野马无缰	yě mǎ wú jiāng
刮目相待	guā mù xiāng dài
湖光山色	hú guāng shān sè
地棘天荆	dì jí tiān jīng
棘地荆天	jí dì jīng tiān
荆天棘地	jīng tiān jí dì
天崩地塌	tiān bēng dì tā
天荆地棘	tiān jīng dì jí
如堕烟海	rú duò yān hǎi
血海深仇	xuè hǎi shēn chóu
进贤进能	jìn xián jìn néng
慕名而来	mù míng ér lái
遍地开花	biàn dì kāi huā
金风送爽	jīn fēng sòng shuǎng
鼓旗相当	gǔ qí xiāng dāng
旗鼓相当	qí gǔ xiāng dāng
正言直谏	zhèng yán zhí jiàn
直言正谏	zhí yán zhèng jiàn
寓意深长	yù yì shēn cháng
诈奸不及	zhà jiān bù jí
乐此不疲	lè cǐ bù pí
避重逐轻	bì zhòng zhú qīng
东游西荡	dōng yóu xī dàng
取长补短	qǔ cháng bǔ duǎn
惊群动众	jīng qún dòng zhòng
草木知威	cǎo mù zhī wēi
极武穷兵	jí wǔ qióng bīng
随行就市	suí háng jiù shì
求贤如渴	qiú xián rú kě
洁身自守	jié shēn zì shǒu
心怀鬼胎	xīn huái guǐ tāi
章句之徒	zhāng jù zhī tú
连天匝地	lián tiān zā dì
高深莫测	gāo shēn mò cè
莫测高深	mò cè gāo shēn
踔绝之能	chuō jué zhī néng
于今为烈	yú jīn wéi liè
略迹原心	lüè jì yuán xīn
负险不宾	fù xiǎn bù bīn
词不逮理	cí bù dài lǐ
谭天说地	tán tiān shuō dì
鱼肠雁足	yú cháng yàn zú
遁世离俗	dùn shì lí sú
磊落不羁	lěi luò bù jī
分花约柳	fēn huā yuē liǔ
欲速不达	yù sù bù dá
时和年丰	shí hé nián fēng
甘雨随车	gān yǔ suí chē
随车甘雨	suí chē gān yǔ
扬清厉俗	yáng qīng lì sú
画地为狱	huà dì wéi yù
朱衣点头	zhū yī diǎn tóu
东墙处子	dōng qiáng chǔ zǐ
一挥九制	yī huī jiǔ zhì
哄动一时	hōng dòng yī shí
积岁累月	jī suì lěi yuè
车辙马迹	chē zhé mǎ jì
超世拔俗	chāo shì bá sú
笑比河清	xiào bǐ hé qīng
从长计议	cóng cháng jì yì
冰消云散	bīng xiāo yún sàn
躬体力行	gōng tǐ lì xíng
尺寸可取	chǐ cùn kě qǔ
打家截道	dǎ jiā jié dào
防不及防	fáng bù jí fáng
日转千阶	rì zhuǎn qiān jiē
投石问路	tóu shí wèn lù
骨肉离散	gǔ ròu lí sàn
尽多尽少	jǐn duō jǐn shǎo
求知若渴	qiú zhī ruò kě
包藏祸心	bāo cáng huò xīn
颐养天年	yí yǎng tiān nián
如臂使指	rú bì shǐ zhǐ
言听谋决	yán tīng móu jué
圣神文武	shèng shén wén wǔ
戮力齐心	lù lì qí xīn
齐心戮力	qí xīn lù lì
齐心协力	qí xīn xié lì
协力齐心	xié lì qí xīn
潜龙伏虎	qián lóng fú hǔ
千村万落	qiān cūn wàn luò
闲云孤鹤	xián yún gū hè
侧足而立	cè zú ér lì
依流平进	yī liú píng jìn
弃文就武	qì wén jiù wǔ
随车致雨	suí chē zhì yǔ
喜形于色	xǐ xíng yú sè
才多识寡	cái duō shí guǎ
高枕安寝	gāo zhěn ān qǐn
债多不愁	zhài duō bù chóu
败于垂成	bài yú chuí chéng
横三竖四	héng sān shù sì
触目警心	chù mù jǐng xīn
身强力壮	shēn qiáng lì zhuàng
非亲非故	fēi qīn fēi gù
表里相济	biǎo lǐ xiāng jì
量时度力	liàng shí dù lì
稀世之宝	xī shì zhī bǎo
握手言欢	wò shǒu yán huān
钻山塞海	zuàn shān sāi hǎi
釜中生尘	fǔ zhōng shēng chén
覆车之戒	fù chē zhī jiè
说来话长	shuō lái huà cháng
目不窥园	mù bù kuī yuán
安国宁家	ān guó níng jiā
无寇暴死	wu kou bào shi
一身两役	yī shēn liǎng yì
山遥路远	shān yáo lù yuǎn
兵连祸结	bīng lián huò jié
祸结兵连	huò jié bīng lián
瞻云就日	zhān yún jiù rì
以权达变	yǐ quán dá biàn
奔走之友	bēn zǒu zhī yǒu
饱经风霜	bǎo jīng fēng shuāng
歪风邪气	wāi fēng xié qì
若存若亡	ruò cún ruò wáng
粲花之论	càn huā zhī lùn
一笔抹杀	yī bǐ mǒ shā
孔武有力	kǒng wǔ yǒu lì
简能而任	jiǎn néng ér rèn
游手好闲	yóu shǒu hào xián
修心养性	xiū xīn yǎng xìng
研桑心计	yán sāng xīn jì
月坠花折	yuè zhuì huā zhé
深恶痛疾	shēn wù tòng jí
耳闻目睹	ěr wén mù dǔ
目睹耳闻	mù dǔ ěr wén
以肉去蚁	yǐ ròu qù yǐ
肝胆相照	gān dǎn xiāng zhào
靡坚不摧	mí jiān bù cuī
俟河之清	sì hé zhī qīng
东南雀飞	dōng nán què fēi
溜之大吉	liū zhī dà jí
学以致用	xué yǐ zhì yòng
鸣鼓而攻	míng gǔ ér gōng
重迹屏气	chóng jì bǐng qì
遗形藏志	yí xíng cáng zhì
床下安床	chuáng xià ān chuáng
数往知来	shǔ wǎng zhī lái
泥名失实	nì míng shī shí
五步成诗	wǔ bù chéng shī
触景伤心	chù jǐng shāng xīn
春去秋来	chūn qù qiū lái
柳折花残	liǔ zhé huā cán
曲高和寡	qǔ gāo hè guǎ
再造之恩	zài zào zhī ēn
举手相庆	jǔ shǒu xiāng qìng
尽美尽善	jìn měi jìn shàn
尽善尽美	jìn shàn jìn měi
故步自封	gù bù zì fēng
当今无辈	dāng jīn wú bèi
经史百子	jīng shǐ bǎi zǐ
临危不挠	lín wēi bù náo
怀珠抱玉	huái zhū bào yù
三拳两脚	sān quán liǎng jiǎo
砥行磨名	dǐ xíng mó míng
碌碌无为	lù lù wú wéi
平地起雷	píng dì qǐ léi
公诸同好	gōng zhū tóng hào
眼穿肠断	yǎn chuān cháng duàn
金童玉女	jīn tóng yù nǚ
墙花路草	qiáng huā lù cǎo
深仇大恨	shēn chóu dà hèn
指手画脚	zhǐ shǒu huà jiǎo
龙首豕足	lóng shǒu shǐ zú
飞土逐肉	fēi tǔ zhú ròu
得意忘象	dé yì wàng xiàng
忘象得意	wàng xiàng dé yì
如虎添翼	rú hǔ tiān yì
积德累善	jī dé lěi shàn
愚昧无知	yú mèi wú zhī
贪名逐利	tān míng zhú lì
开国承家	kāi guó chéng jiā
悬而未决	xuán ér wèi jué
手急眼快	shǒu jí yǎn kuài
眼急手快	yǎn jí shǒu kuài
矫矫不群	jiǎo jiǎo bù qùn
有目共睹	yǒu mù gòng dǔ
利欲熏心	lì yù xūn xīn
闭口藏舌	bì kǒu cáng shé
辩口利舌	biàn kǒu lì cí
心烦虑乱	xīn fán lǜ luàn
七死八活	qī sǐ bā huó
兴家立业	xīng jiā lì yè
死灰复然	sǐ huī fù rán
如数家珍	rú shǔ jiā zhēn
炫石为玉	xuàn shí wéi yù
玉石相揉	yù shí xiāng róu
旦夕之危	dàn xī zhī wěi
安老怀少	ān lǎo huái shào
祸绝福连	huò jué fú lián
明刑不戮	míng xíng bù lù
兵临城下	bīng lín chéng xià
小道消息	xiǎo dào xiāo xī
遗臭千年	yí chòu qiān nián
市无二价	shì wú èr jià
更进一竿	gèng jìn yī gān
祸福惟人	huò fú wéi rén
尸居龙见	shī jū lóng xiàn
晏然自若	yàn rán zì ruò
狗仗人势	gǒu zhàng rén shì
雁去鱼来	yàn qù yú lái
断香零玉	duàn xiāng líng yù
海中捞月	hǎi zhōng lāo yuè
栖风宿雨	qī fēng xiǔ yǔ
十年窗下	shí nián chuāng xià
敬上爱下	jìng shàng ài xià
治国安民	zhì guó ān mín
庸耳俗目	yōng ěr sú mù
势穷力屈	shì qióng lì qū
水洁冰清	shuǐ jié bīng qīng
东箭南金	dōng jiàn nán jīn
南金东箭	nán jīn dōng jiàn
汗马功劳	hàn mǎ gōng láo
云泥异路	yún ní yì lù
迷天大谎	mí tiān dà huǎng
亡羊之叹	wáng yáng zhī tàn
沉静寡言	chén jìng guǎ yán
孤文断句	gū wén duàn jù
嘉言善行	jiā yán shàn xíng
霜气横秋	shuāng qì héng qiū
心力交瘁	xīn lì jiāo cuì
田父之功	tián fǔ zhī gōng
春深似海	chūn shēn sì hǎi
采薪之患	cǎi xīn zhī huàn
富国强兵	fù guó qiáng bīng
国富兵强	guó fù bīng qiáng
强兵富国	qiáng bīng fù guó
横眉冷眼	héng méi lěng yǎn
委罪于人	wěi zuì yú rén
一彻万融	yī chè wàn róng
昏迷不省	hūn mí bù xǐng
白发朱颜	bái fà zhū yán
去危就安	qù wēi jiù ān
天凝地闭	tiān níng dì bì
解民倒悬	jiě mín dào xuán
云蒸龙变	yún zhēng lóng biàn
求生害仁	qiú shēng hài rén
破旧立新	pò jiù lì xīn
列鼎而食	liè dǐng ér shí
先公后私	xiān gōng hòu sī
人中狮子	rén zhōng shī zǐ
超凡出世	chāo fán chū shì
出世超凡	chū shì chāo fán
例行公事	lì xíng gōng shì
绝子绝孙	jué zǐ jué sūn
文治武力	wén zhì wǔ lì
众所周知	zhòng suǒ zhōu zhī
奇才异能	qí cái yì néng
高风劲节	gāo fēng jìn jié
有约在先	yǒu yuē zài xiān
烈火真金	liè huǒ zhēn jīn
真金烈火	zhēn jīn liè huǒ
草草了事	cǎo cǎo liǎo shì
失魂丧胆	shī hún sàng dǎn
同恶共济	tóng è gòng jì
弃智遗身	qì zhì yí shēn
以书为御	yǐ shū wéi yù
词穷理尽	cí qióng lǐ jìn
变颜变色	biàn yán biàn sè
穷鸟入怀	qióng niǎo rù huái
趾高气扬	zhǐ gāo qì yáng
目不暇给	mù bù xiá jǐ
以直抱怨	yǐ zhí bào yuàn
百举百捷	bǎi jǔ bǎi jié
超然独立	chāo rán dú lì
风光月霁	fēng guāng yuè jì
光风霁月	guāng fēng jì yuè
霁月光风	jī yuè guāng fēng
东门逐兔	dōng mén zhú tù
以德报怨	yǐ dé bào yuàn
以怨报德	yǐ yuàn bào dé
折长补短	zhé cháng bǔ duǎn
白藋同心	bái diào tóng xīn
自用则小	zì yòng zé xiǎo
海枯见底	hǎi kū jiàn dǐ
词正理直	cí zhèng lǐ zhí
理正词直	lǐ zhèng cí zhí
泣涕如雨	qì tì rú yǔ
涕零如雨	tì líng rú yǔ
拔毛济世	bá máo jì shì
黄耳传书	huáng ěr chuán shū
靡靡之音	mǐ mǐ zhī yīn
胆丧魂惊	dǎn sàng hún jīng
天灾地妖	tiān zāi dì yāo
静言令色	jìng yán lìng sè
借公行私	jiè gōng xíng sī
进退首鼠	jìn tuì shǒu shǔ
言犹在耳	yán yóu zài ěr
百尺竿头	bǎi chǐ gān tóu
愀然不乐	qiǎo rán bù lè
闭口结舌	bì kǒu jié shé
家无儋石	jiā wú dàn shí
望文生训	wàng wén shēng xùn
依心像意	yī xīn xiàng yì
市民文学	shì mín wén xué
舞笔弄文	wǔ bǐ nòng wén
青蝇之吊	qīng yíng zhī diào
手足重茧	shǒu zú chóng jiǎn
时异事殊	shí yì shì shū
众口铄金	zhòng kǒu shuò jīn
传为美谈	chuán wéi měi tán
胸无点墨	xiōng wú diǎn mò
离鸾别凤	lí luán bié fèng
金玉良缘	jīn yù liáng yuán
七满八平	qī mǎn bā píng
龙战鱼骇	lóng zhàn yú hài
聪明绝世	cōng míng jué shì
掌上明珠	zhǎng shàng míng zhū
爱才如渴	ài cái rú kě
白往黑来	bái wǎng hēi lái
避世墙东	bì shì qiáng dōng
同年而校	tóng nián ér xiào
迟疑不定	chí yí bù dìng
大江南北	dà jiāng nán běi
快步流星	kuài bù liú xīng
寸长片善	cùn cháng piàn shàn
寸善片长	cùn shàn piàn cháng
深山密林	shēn shān mì lín
朝成暮毁	zhāo chéng mù huǐ
枉费心计	wǎng fèi xīn jì
傥来之物	tǎng lái zhī wù
成双作对	chéng shuāng zuò duì
家贫亲老	jiā pín qīn lǎo
半壁江山	bàn bì jiāng shān
化民易俗	huà mín yì sú
呼天钥地	hū tiān yào dì
掌上观文	zhǎng shàng guān wén
残山剩水	cán shān shèng shuǐ
剩山残水	shèng shān cán shuǐ
剩水残山	shèng shuǐ cán shān
水剩山残	shuǐ shèng shān cán
死求百赖	sǐ qiú bǎi lài
贻笑后人	yí xiào hòu rén
少安无躁	shǎo ān wú zào
蒙昧无知	méng mèi wú zhī
月中折桂	yuè zhōng shé guì
莫明其妙	mò míng qí miào
弦外之响	xián wài zhī xiǎng
金鸡消息	jīn jī xiāo xī
张皇其事	zhāng huáng qí shì
如左右手	rú zuǒ yòu shǒu
精兵强将	jīng bīng qiáng jiàng
伯玉知非	bó yù zhī fēi
高情逸态	gāo qíng yì tai
以强胜弱	yǐ qiáng shèng ruò
以弱胜强	yǐ ruò shèng qiáng
明来暗往	míng lái àn wǎng
有始有卒	yǒu shǐ yǒu zú
意气洋洋	yì qì yáng yáng
贫无立锥	pín wú lì zhuī
变古乱常	biàn gǔ làun cháng
变古易常	biàn gǔ yì cháng
面红面赤	miàn hóng miàn chì
愧不敢当	kuì bù gǎn dāng
借刀杀人	jiè dāo shā rén
百无禁忌	bǎi wú jìn jì
上篇上论	shàng piān shàng lùn
恬不知羞	tián bù zhī xiū
寸利必得	cùn lì bì dé
做贼心虚	zuò zéi xīn xū
刑措不用	xíng cuò bù yòng
杜门绝迹	dù mén jué jì
博物多闻	bó wù duō wén
披古通今	pī gǔ tōng jīn
钻火得冰	zuān huǒ dé bīng
计穷智短	jì qióng zhì duǎn
连类比事	lián lèi bǐ shì
足智多谋	zú zhì duō móu
千差万错	qiān chà wàn cuò
斗唇合舌	dòu chún hé shé
见风转舵	jiàn fēng zhuǎn duò
说是弄非	shuō shì nòng fēi
亘古不灭	gèn gǔ bù miè
大智若愚	dà zhì ruò yú
死无对证	sǐ wú duì zhèng
破甑不顾	pò zèng bù gù
九回肠断	jiǔ huí cháng duàn
文奸济恶	wén jiān jì è
腾空而起	téng kōng ér qǐ
没齿难忘	mò chǐ nán wàng
通风讨信	tōng fēng tǎo xìn
吉日良时	jí rì liáng shí
良时吉日	liáng shí jí rì
沥血披心	lì xuè pī xīn
披心沥血	pī xīn lì xuè
自取灭亡	zì qǔ miè wáng
一场春梦	yī chǎng chūn mèng
食宿相兼	shí sù xiāng jiān
挂席为门	guà xí wéi mén
备多力分	bèi duō lì fēn
桑间之约	sāng jiān zhī yuē
理直气壮	lǐ zhí qì zhuàng
气壮理直	qì zhuàng lǐ zhí
珠光宝气	zhū guāng bǎo qì
云霓之望	yún ní zhī wàng
因难见巧	yīn nán jiàn qiǎo
纠合之众	jiū hé zhī zhòng
惹是生非	rě shì shēng fēi
东壁余光	dōng bì yú guāng
鸿毛泰山	hóng máo tài shān
泰山鸿毛	tài shān hóng máo
出内之吝	chū nèi zhī lìn
薄命佳人	bó mìng jiā rén
佳人薄命	jiā rén bó mìng
愤风惊浪	fèn fēng jīng làng
绝仁弃义	jué rén qì yì
花残月缺	huā cán yuè quē
月缺花残	yuè quē huā cán
东趋西步	dōng qū xī bù
失惊打怪	shī jīng dǎ guài
各为其主	gè wèi qí zhǔ
辱身败名	rǔ shēn bài míng
身败名裂	shēn bài míng liè
切中时病	qiè zhòng shí bìng
垂头塞耳	chuí tóu sāi ěr
风驰电击	fēng chí diàn jī
别具心肠	bié jù xīn cháng
门当户对	mén dāng hù duì
以渴服马	yǐ kě fú mǎ
不晓世务	bù xiǎo shì wù
悲声载道	bēi shēng zài dào
令人起敬	lìng rén qǐ jìng
抱柱之信	bào zhù zhī xìn
百口莫辩	bǎi kǒu mò biàn
泰山北斗	tài shān běi dǒu
狼贪虎视	láng tān hǔ shì
赌物思人	dǔ wù sī rén
同文共规	tóng wén gòng guī
鹤发鸡皮	hè fà jī pí
鸡皮鹤发	jī pí hè fà
进贤兴功	jìn xián xīng gōng
荡气回肠	dàng qì huí cháng
回肠荡气	huí cháng dàng qì
从恶若崩	cóng è ruò bēng
遇事生端	yù shì shēng duān
无功受禄	wú gōng shòu lù
人离乡贱	rén lí xiāng jiàn
问一答十	wèn yī dá shí
饮食起居	yǐn shí qǐ jū
云中仙鹤	yún zhōng xiān hè
附影附声	fù yǐng fù shēng
像心称意	xiàng xīn chēng yì
止戈为武	zhǐ gē wéi wǔ
一倡三叹	yī chàng sān tàn
想入非非	xiǎng rù fēi fēi
三翻四复	sān fān sì fù
齐东野语	qí dōng yě yǔ
判若水火	pàn ruò shuǐ huǒ
急功近名	jí gōng jìn míng
绝代佳人	jué dài jiā rén
遗臭万年	yí chòu wàn nián
坚守不渝	jiān shǒu bù yú
三尸五鬼	sān shī wǔ guǐ
还我河山	huán wǒ hé shān
餐风宿草	cān fēng sù xuě
直扑无华	zhí pǔ wú huá
铜山金穴	tóng shān jīn xué
非驴非马	fēi lǘ fēi mǎ
兵荒马乱	bīng huāng mǎ luàn
浮云蔽日	fú yún bì rì
步步高升	bù bù gāo shēng
龙颜凤姿	lóng yán fèng zī
积劳成病	jī láo chéng bìng
精锐之师	jīng ruì zhī shī
心领神悟	xīn lǐng shén wù
识时达变	shí shí dá biàn
飞声腾实	fēi shēng téng shí
腾声飞实	téng shēng fēi shí
敲金击石	qiāo jīn jī shí
衣食住行	yī shí zhù xíng
柴天改物	chái tiān gǎi wù
择主而事	zé zhǔ ér shì
长命富贵	cháng mìng fù guì
轻于鸿毛	qīng yú hóng máo
牛毛细雨	niú máo xì yǔ
忠贯白日	zhōng guàn bái rì
精神百倍	jīng shén bǎi bèi
坐井窥天	zuò jǐng kuī tiān
欢聚一堂	huān jù yī táng
视如草芥	shì rú cǎo jiè
咫尺之功	zhǐ chǐ zhī gōng
记问之学	jì wèn zhī xué
楚水吴山	chǔ shuǐ wú shān
变炫无穷	biàn xuán wú qióng
运移时易	yùn yí shí yì
败德辱行	bài dé rǔ xíng
凤髓龙肝	fèng suǐ lóng gān
龙肝凤髓	lóng gān fèng suǐ
截断众流	jié duàn zhòng liú
名高难副	míng gāo nán fù
断子绝孙	duàn zǐ jué sūn
多灾多难	duō zāi duō nàn
如芒在背	rú máng zài bèi
敬如上宾	jìng rú shàng bīn
饰非文过	shì fēi wén guò
文过饰非	wén guò shì fēi
杀人如蒿	shā rén rú hāo
不甚了了	bù shèn liǎo liǎo
移气养体	yí qì yǎng tǐ
大雅君子	dà yǎ jūn zǐ
诚至金开	chéng zhì jīn kāi
深山幽谷	shēn shān yōu gǔ
鬻鸡为凤	yù jī wéi fèng
枉费心思	wǎng fèi xīn sī
灿然一新	càn rán yī xīn
万死犹轻	wàn sǐ yóu qīng
枯脑焦心	kū nǎo jiāo xīn
作舍道旁	zuò shě dào páng
斗鸡走狗	dòu jī zǒu gǒu
长才广度	cháng cái guǎng dù
痴人说梦	chī rén shuō mèng
道同契合	dào tóng qì hé
授受不亲	shòu shòu bù qīn
无可置喙	wú kě zhì huì
安室利处	ān shì lì chù
中外合璧	zhōng wài hé bì
朴实无华	pǔ shí wú huá
乱首垢面	luàn shǒu gòu miàn
罪恶滔天	zuì è tāo tiān
背山起楼	bèi shān qǐ lóu
面红耳热	miàn hóng ěr rè
欣然自得	xīn rán zì dé
心力衰竭	xīn lì shuāi jié
昊天不吊	hào tiān bù diào
别无他物	bié wú tā wù
瓦合之卒	wǎ hé zhī zú
大街小巷	dà jiē xiǎo xiàng
刀光血影	dāo guāng xuè yǐng
夸大其辞	kuā dà qí cí
无懈可击	wú xiè kě jī
行动坐卧	xíng dòng zuò wò
大巧若拙	dà qiǎo ruò zhuō
平白无辜	píng bái wú gū
腥风血雨	xīng fēng xuè yǔ
血雨腥风	xuè yǔ xīng fēng
浩如烟海	hào rú yān hǎi
叫苦不迭	jiào kǔ bù dié
辞严气正	cí yán qì zhèng
敲山振虎	qiāo shān zhèn hǔ
蛟龙得水	jiāo lóng dé shuǐ
粉面油头	fěn miàn yóu tóu
油头粉面	yóu tóu fěn miàn
枉口拔舌	wǎng kǒu bá shé
应天承运	yìng tiān chéng yùn
天台路迷	tiān tái lù mí
以毁为罚	yǐ huǐ wéi fá
不值一驳	bù zhí yī bó
安土乐业	ān tǔ lè yè
沧海一鳞	cāng hǎi yī lín
旷达不羁	kuàng dá bù jī
达官知命	dá guān zhī mìng
马鹿易形	mǎ lù yì xíng
冠盖相望	guān gài xiāng wàng
安如磐石	ān rú pán shí
胆颤心惊	dǎn chàn xīn jīng
心惊胆颤	xīn jīng dǎn chàn
万世师表	wàn shì shī biǎo
贱入贵出	jiàn rù guì chū
不记前仇	bù jì qián chóu
龙阳泣鱼	lóng yáng qì yú
杀一儆百	shā yī jǐng bǎi
连汤带水	lián tāng dài shuǐ
无所顾惮	wú suǒ gù dàn
色厉胆薄	sè lì dǎn bó
闭合思过	bì gé sī guò
量小力微	liàng xiǎo lì wēi
情投意洽	qíng tóu yì qià
四分五裂	sì fēn wǔ liè
魂丧神夺	hún sàng shén duó
少见多怪	shǎo jiàn duō guài
蛇蝎为心	shé xiē wéi xīn
乐道忘饥	lè dào wàng jī
失张失智	shī zhāng shī zhì
人心惶惶	rén xīn huáng huáng
惊才绝艳	jīng cái jué yàn
随世沉浮	suí shì chén fú
龙兴云属	lóng xīng yún shǔ
身显名扬	shēn xiǎn míng yáng
束修自好	shù xiū zì hǎo
爱莫之助	ài mò zhī zhù
轻才好施	qīng cái hào shī
异口同韵	yì kǒu tóng yùn
昏头打脑	hūn tóu dǎ nǎo
一网尽扫	yī wǎng jìn sǎo
阿世盗名	ē shì dào míng
分甘绝少	fēn gān jué shǎo
绝甘分少	jué gān fēn shǎo
绝少分甘	jué shǎo fēn gān
息交绝游	xī jiāo jué yóu
清风亮节	qīng fēng liàng jié
夕阳西下	xī yáng xī xià
愚公移山	yú gōng yí shān
心殒胆落	xīn yǔn dǎn luò
恭行天罚	gōng xíng tiān fá
燕昭好马	yān zhāo hǎo mǎ
尊姓大名	zūn xìng dà míng
七情六欲	qī qíng liù yù
语无伦次	yǔ wú lún cì
落叶归根	luò yè guī gēn
叶落归根	yè luò huī gēn
出陈易新	chū chén yì xīn
苦尽甘来	kǔ jìn gān lái
贵不期骄	guì bù qī jiāo
望风希指	wàng fēng xī zhǐ
落月屋梁	luò yuè wū liáng
改政移风	gǎi zhèng yí fēng
水枯石烂	shuǐ kū shí làn
非池中物	fēi chí zhōng wù
齿牙春色	chǐ yá chūn sè
计日以俟	jì rì yǐ sì
不敢告劳	bù gǎn gào láo
举国若狂	jǔ guó ruò kuáng
隐恶扬善	yǐn è yáng shàn
秀出班行	xiù chū bān háng
仙风道格	xiān fēng dào gé
见风使帆	jiàn fēng shǐ fān
大彻大悟	dà chè dà wù
七舌八嘴	qī shé bā zuǐ
七嘴八舌	qī zuǐ bā shé
龙楼凤城	lóng lóu fèng chéng
半生半熟	bàn shēng bàn shú
变容改俗	biàn róng gǎi sú
妙语连珠	miào yǔ lián zhū
得不偿丧	dé bù cháng sàng
如拾地芥	rú shí dì jiè
了了可见	liǎo liǎo kě jiàn
骑龙弄凤	qí lóng nòng fèng
飞遁离俗	fēi dùn lí sú
以直报怨	yǐ zhí bào yuàn
空谈快意	kōng tán kuài yì
情见乎词	qíng jiàn hū cí
无计奈何	wú jì nài hé
刺上化下	cì shàng huà xià
日饮亡何	rì yǐn wáng hé
口诵心惟	kǒu sòng xīn wéi
千条万端	qiān tiáo wàn duān
高睨大谈	gāo nì dà tán
短衣匹马	duǎn yī pǐ mǎ
衣被群生	yì bèi qún shēng
挥戈反日	huī gē fǎn rì
捉摸不定	zhuō mō bù dìng
惟所欲为	wéi suǒ yù wéi
不習水土	bù xí shuǐ tǔ
止戈散马	zhǐ gē sàn mǎ
呆如木鸡	dāi rú mù jī
盖头换面	gài tóu huàn miàn
腹有鳞甲	fù yǒu lín jiǎ
心血来潮	xīn xuè lái cháo
鱼死网破	yú sǐ wǎng pò
矫若游龙	jiǎo ruò yóu lóng
身无完肤	shēn wú wán fū
习非成是	xí fēi chéng shì
兵连祸接	bīng lián huò jiē
树同拔异	shù tóng bá yì
龙跃凤鸣	lóng yuè fèng míng
见鞍思马	jiàn ān sī mǎ
沉鱼落雁	chén yú luò yàn
落雁沉鱼	luò yàn chén yú
鱼沉雁落	yú chén yàn luò
不可救疗	bù kě jiù liáo
丢三落四	diū sān là sì
胸中甲兵	xiōng zhōng jiǎ bīng
闭目塞耳	bì mù sè ěr
耳目闭塞	ěr mù bì sāi
虚论高议	xū lùn gāo yì
乐极生哀	lè jí shēng āi
鹤骨龙筋	hè gǔ lóng jīn
杜口吞声	dù kǒu tūn shēng
割据一方	gē jù yī fāng
迁延日月	qiān yán rì yuè
始终不渝	shǐ zhōng bù yú
终始不渝	zhōng shǐ bù yú
应机立断	yìng jī lì duàn
白面书郎	bái miàn shū láng
如兄如弟	rú xiōng rú dì
室迩人远	shì ěr rén yuǎn
燕燕于归	yàn yàn yú guī
聚少成多	jù shǎo chéng duō
招风揽火	zhāo fēng lǎn huǒ
河鱼腹疾	hé yú fù jí
心灰意懒	xīn huī yì lǎn
意懒心灰	yì lǎn xīn huī
正色直绳	zhèng sè zhí shéng
木公金母	mù gōng jīn mǔ
半涂而废	bàn tú ér fèi
福过灾生	fú guò zāi shēng
劳民动众	láo mín dòng zhòng
浮文巧语	fú wén qiǎo yǔ
心焦火燎	xīn jiāo huǒ liáo
洪水横流	hóng shuǐ héng liú
依山傍水	yī shān bàng shuǐ
见怪非怪	jiàn guài fēi guài
山崩地陷	shān bēng dì xiàn
白衣卿相	bái yī qīng xiàng
优游自得	yōu yóu zì dé
开物成务	kāi wù chéng wù
片瓦无存	piàn wǎ wú cún
天摧地塌	tiān cuī dì tā
遭时不偶	zāo shí bù ǒu
元元之民	yuán yuán zhī mín
旦夕之间	dàn xī zhī jiān
不可端倪	bù kě duān ní
持之以恒	chí zhī yǐ héng
黑价白日	hēi jià bái rì
庞然大物	páng rán dà wù
论德使能	lùn dé shǐ néng
没毛大虫	méi máo dà chóng
妙手空空	miào shǒu kōng kōng
朝阳鸣凤	zhāo yáng míng fèng
凤鸣朝阳	fèng míng zhāo yáng
鸣凤朝阳	míng fèng zhāo yáng
一枕黄粱	yī zhěn huáng liáng
祸乱滔天	huò luàn tāo tiān
风驰雨骤	fēng chí yǔ zhòu
飘风骤雨	piāo fēng zhòu yǔ
文从字顺	wén cóng zì shùn
字顺文从	zì shùn wén cóng
引过自责	yǐn guò zì zé
不宁唯是	bù níng wéi shì
强得易贫	qiǎng dé yì pín
触类而通	chù lèi ér tōng
去暗投明	qù àn tóu míng
不失毫厘	bù shī háo lí
反戈相向	fǎn gē xiāng xiàng
见危致命	jiàn wēi zhì mìng
救经引足	jiù jīng yǐn zú
引足救经	yǐn zú jiù jīng
七首八脚	qī shǒu bā jiǎo
接踵而至	jiē zhǒng ér zhì
卖头卖脚	mài tóu mài jiǎo
宝山空回	bǎo shān kōng huí
形势逼人	xíng shì bī rén
六问三推	liù wèn sān tuī
三推六问	sān tuī liù wèn
月盈则食	yuè yíng zé shí
优游自若	yōu yóu zì ruò
手疾眼快	shǒu jí yǎn kuài
眼疾手快	yǎn jí shǒu kuài
首尾相继	shǒu wěi xiāng jì
沉谋重虑	chén móu chóng lǜ
形孤影寡	xíng gū yǐng guǎ
肝脑涂地	gān nǎo tú dì
物以类聚	wù yǐ lèi jù
之死靡他	zhī sǐ mí tā
坐地分赃	zuò dì fēn zāng
白雪阳春	bái xuě yáng chūn
阳春白雪	yáng chūn bái xuě
酒食地狱	jiǔ shí dì yù
游闲公子	yóu xián gōng zǐ
三翻四覆	sān fān sì fù
辨如悬河	biàn rú xuán hé
玉碎珠沉	yù suì zhū chén
珠沉玉碎	zhū chén yù suì
辞严意正	cí yán yì zhèng
明珠暗投	míng zhū àn tóu
明珠投暗	míng zhū tóu àn
目挑心悦	mù tiāo xīn yuè
喜眉笑眼	xǐ méi xiào yǎn
以血洗血	yǐ xuè xǐ xuè
即景生情	jí jǐng shēng qíng
初生之犊	chū shēng zhī dú
贵耳贱目	guì ěr jiàn mù
贱目贵耳	jiàn mù guì ěr
遁身远迹	dùn shēn yuǎn jì
雨过天晴	yǔ guò tiān qíng
千乘万骑	qiān chéng wàn qí
束手坐视	shù shǒu zuò shì
文身剪发	wén shēn jiǎn fā
利齿能牙	lì chǐ néng yá
能牙利齿	néng yá lì chǐ
移情遣意	yí qíng qiǎn yì
望眼将穿	wàng yǎn jiāng chuān
坐地自划	zuò dì zì huá
代人捉刀	dài rén zhuō dāo
刻骨铭心	kè gǔ míng xīn
铭心刻骨	míng xīn kè gǔ
赤胆忠心	chì dǎn zhōng xīn
忠心赤胆	zhōng xīn chì dǎn
遗迹谈虚	yí jì tán xū
放纵不羁	fàng zòng bù jī
隐然敌国	yǐn rán dí guó
勃然大怒	bó rán dà nù
众怨之的	zhòng yuàn zhī dì
同舟敌国	tóng zhōu dí guó
杀身报国	shā shēn bào guó
取信于民	qǔ xìn yú mín
四山五岳	sì shān wǔ yuè
魂飞魄散	hún fēi pò sàn
魄散魂飞	pò sàn hún fēi
积忧成疾	jī yōu chéng jí
四纷五落	sì fēn wǔ luò
心旷神恬	xīn kuàng shén tián
盗怨主人	dào yuàn zhǔ rén
齐人攫金	qí rén jué jīn
必不挠北	bì bù náo běi
山鸡舞镜	shān jī wǔ jìng
岁在龙蛇	suì zài lóng shé
玉惨花愁	yù cǎn huā chóu
偷声细气	tōu shēng xì qì
以逸待劳	yǐ yì dài láo
逸以待劳	yì yǐ dài láo
五鼎万钟	wǔ dǐng wàn zhōng
助天为虐	zhù tiān wéi nüè
各色人等	gè sè rén děng
富国强民	fù guó qiáng mín
国富民强	guó fù mín qiáng
民富国强	mín fù guó qiáng
口干舌焦	kǒu gàn shé jiāo
地丑力敌	dì chǒu lì dí
谋图不轨	móu tú bù guǐ
图谋不轨	tú móu bù guǐ
补天浴日	bǔ tiān yù rì
黄发儿齿	huáng fà ér chǐ
爽然若失	shuǎng rán ruò shī
号天扣地	hào tiān kòu dì
三阳交泰	sān yáng jiāo tai
操之过激	cāo zhī guò jī
比物假事	bǐ wù jiǎ shì
龙潜凤采	lóng qián fèng cǎi
失张失致	sh zhng sh zhì
神藏鬼伏	shén cáng guǐ fú
败柳残花	bài liǔ cán huā
残花败柳	cán huā bài liǔ
罔极之恩	wǎng jí zhī ēn
公正廉明	gōng zhèng lián míng
廉明公正	lián míng gōng zhèng
先礼后兵	xiān lǐ hòu bīng
有根有苗	yǒu gēn yǒu miáo
尽付东流	jìn fù dōng liú
浮石沉木	fú shí chén mù
矢志不渝	shǐ zhì bù yú
绝妙好辞	jué miào hǎo cí
血盆大口	xuè pén dà kǒu
逆天违众	nì tiān wéi zhòng
朝发夕至	zhāo fā xī zhì
冰洁玉清	bīng jié yù qīng
冰清玉洁	bīng qīng yù jié
玉洁冰清	yù jié bīng qīng
玉清冰洁	yù qīng bīng jié
对头冤家	duì tóu yuān jiā
冤家对头	yuān jia duì tóu
雁断鱼沉	yàn duàn yú chén
黄钟长弃	huáng zhōng cháng qì
遁天倍情	dùn tiān bèi qíng
瞒天昧地	mán tiān mèi dì
昧地瞒天	mèi dì mán tiān
枝叶相持	zhī yè xīng chí
桃李之教	táo lǐ zhī jiào
卷土重来	juǎn tǔ chóng lái
一班一级	yī bān yī jí
大旱望云	dà hàn wàng yún
