大败亏输	dà bài kuī shū
醉舞狂歌	zuì wǔ kuáng gē
借交报仇	jiè jiāo bào chóu
捐身徇义	juān shēn xùn yì
东扯西拽	dōng chě xī zhuāi
孺子可教	rú zǐ kě jiào
望梅阁老	wàng méi gé lǎo
驾肩接迹	jià jiān jiē jì
暴敛横征	bào liǎn héng zhēng
横征暴敛	héng zhēng bào liǎn
红绳系足	hóng shéng jì zú
引狗入寨	yǐn gǒu rù zhai
弄管调弦	nòng guǎn diào xián
洞察其奸	dòng chá qí jiān
鸡飞蛋打	jī fēi dàn dǎ
囚首丧面	qiú shǒu sàng miàn
待字闺中	dài zì guī zhōng
金镳玉辔	jīn biāo yù pèi
谢家宝树	xiè jiā bǎo shù
肥头胖耳	féi tóu pàng ěr
选兵秣马	xuǎn bīng mò mǎ
推亡固存	tuī wáng gù cún
负乘斯夺	fù chéng sī duó
简截了当	jiǎn jié liǎo dàng
穿凿附会	chuān záo fù huì
附会穿凿	fù huì chuān záo
屡试不爽	lǚ shì bù shuǎng
否极泰回	pǐ jí tài huí
揭竿而起	jiē gān ér qǐ
剥极将复	bō jí jiāng fù
郢书燕说	yǐng shū yān shuō
披裘带索	pī qiú dài suǒ
褎如充耳	yòu rú chōng ěr
掩瑕藏疾	yǎn xiá cáng jí
矫情饰貌	jiǎo qíng shì mào
虎体熊腰	hǔ tǐ xióng yāo
左书右息	zuǒ shū yòu xī
极深研几	jí shēn yán jī
既得利益	jì dé lì yì
褒衣危冠	bāo yī wēi guān
高文典册	gāo wén diǎn cè
矫世励俗	jiǎo shì lì sú
语笑喧呼	yǔ xiào xuān hū
昼想夜梦	zhòu xiǎng yè mèng
分我杯羹	fēn wǒ bēi gēng
刻肌刻骨	kè jī kè gǔ
屠所牛羊	tú suǒ niú yáng
红杏出墙	hóng xìng chū qiáng
酒酣耳热	jiǔ hān ěr rè
旧瓶新酒	jiù píng xīn jiǔ
日中必湲	rì zhōng bì tóng
心慵意懒	xīn yōng yì lǎn
意懒心慵	yì lǎn xīn yōng
沥胆抽肠	lì dǎn chōu cháng
唇焦舌敝	chún jiāo shé bì
焦唇敝舌	jiāo chún bì shé
舌敝唇焦	shé bì chún jiāo
持危扶颠	chí wēi fú diān
扶颠持危	fú diān chí wēi
扶危持颠	fú wēi chí diān
话里带刺	huà lǐ dài cì
大展经纶	dà zhǎn jīng lún
再生父母	zài shēng fù mǔ
兼葭秋水	jiān jiā qiū shuǐ
辱国殃民	rǔ guó yāng mín
刳形去皮	kū xíng qù pí
太仓一粟	tài cāng yī sù
持禄养交	chí lù yǎng jiāo
楚才晋用	chǔ cái jìn yòng
遵而勿失	zūn ér wù shī
床笫之私	chuáng dì zhī sī
虫臂鼠肝	chóng bì shǔ gān
鼠肝虫臂	shǔ gān chóng bì
安安稳稳	ān ān wěn wěn
片鳞碎甲	piàn lín suì jiǎ
狗续金貂	gǒu xù jīn diāo
民怨沸腾	mín yuàn fèi téng
众喣飘山	zhòng xǔ piāo shān
闭明塞聪	bì míng sè cōng
瞋目切齿	chēn mù qiè chǐ
坐于涂炭	zuò yú tú tàn
寂天寞地	jì tiān mò dì
酒肉朋友	jiǔ ròu péng yǒu
迟眉钝眼	chí méi dùn yǎn
苍黄翻覆	cāng huáng fān fù
枪林刀树	qiāng lín dāo shù
如持左券	rú chí zuǒ quàn
靠天吃饭	kào tiān chī fàn
按堵如故	àn dǔ rú gù
拜赐之师	bài cì zhī shī
鸮鸟生翼	qīng niǎo shēng yì
鸿泥雪爪	hóng ní xuě zhǎo
鸿爪雪泥	hóng zhǎo xuě ní
雪泥鸿爪	xuě ní hóng zhǎo
朝成暮徧	cháo chéng mù shí
潜移默夺	qián yí mò duó
倩人捉刀	qiàn rén zhuō dāo
因势利导	yīn shì lì dǎo
黄旗紫盖	huáng qí zǐ gài
颠倒干坤	diān dǎo gàn kūn
四衢八街	sì qú bā jiē
青蝇点素	qīng yíng diǎn sù
自讨没趣	zì tǎo méi qù
九洲四海	jiǔ zhōu sì hǎi
敬老怜贫	jìng lǎo lián pín
怜贫敬老	lián pín jìng lǎo
砺戈秣马	lì gē mò mǎ
硬语盘空	yìng yǔ pán kōng
东观续史	dōng guān xù shǐ
弓影浮杯	gōng yǐng fú bēi
骏波虎浪	jùn bō hǔ làng
马迹蛛丝	mǎ jì zhū sī
蛛丝马迹	zhū sī mǎ jì
分鞋破镜	fēn xié pò jìng
村夫野老	cūn fū yě lǎo
面折廷争	miàn zhé tíng zhēng
廷争面折	tíng zhēng miàn zhé
兰艾同焚	lán ài tóng fén
翻黄倒皂	fān huáng dǎo zào
爱礼存羊	ài lǐ cún yáng
别具只眼	bié jù zhī yǎn
粗衣粝食	cū yī lì shí
粝食粗衣	lì shí cū yī
取精用宏	qǔ jīng yòng hóng
颠沛流离	diān pèi liú lí
流离颠沛	liú lí diān pèi
流离颠痜	liú lí diān shǔ
兼权熟计	jiān quán shú jì
头会箕赋	tóu kuài jī fù
狗追耗子	gǒu zhuī hào zǐ
没计奈何	méi jì nài hé
抱残守阙	bào cán shǒu quē
守阙抱残	shǒu què bào cán
和睦相处	hé mù xiāng chǔ
轻赋薄敛	qīng fù báo liǎn
猿猴取月	yuán hóu qǔ yuè
丰年稔岁	fēng nián rěn suì
岁丰年稔	suì fēng nián rěn
岁稔年丰	suì rěn nián fēng
发纵指示	fā zòng zhǐ shì
远亲近邻	yuǎn qīn jìn lín
亲痛仇快	qīn tòng chóu kuài
垂饵虎口	chuí ěr hǔ kǒu
户枢不蝼	hù shū bù lóu
长亭短亭	cháng tíng duǎn tíng
鸿翔鸾起	hóng xiáng luán qǐ
举善荐贤	jǔ shàn jiàn xián
更难仆数	gēng nán pú shù
更仆难数	gēng pú nán shǔ
难更仆数	nán gēng pú shǔ
元元本本	yuán yuán běn běn
疾风迅雷	jí fēng xùn léi
高抬明镜	gāo tái míng jìng
秋扇见捐	qiū shàn jiàn juān
展翅高飞	zhǎn chì gāo fēi
回干就湿	huí gān jiù shī
黄麻紫泥	huáng má zǐ ní
名公巨卿	míng gōng jù qīng
语简意赅	yǔ jiǎn yì gāi
势焰熏天	shì yàn xūn tiān
毫分缕析	háo fēn lǚ xī
大错特错	dà cuò tè cuò
鼠穴寻羊	shǔ xué xún yáng
折槁振落	zhé gǎo zhèn luò
鳏鱼渴凤	guān yú kě fèng
干卿底事	gān qīng dǐ shì
所向皆靡	suǒ xiàng jiē mí
纤悉无遗	xiān xī wú yí
击钟陈鼎	jī zhōng chén dǐng
汗流夹背	hàn liú jiā bèi
超轶绝尘	chāo yì jué chén
高官显爵	gāo guān xiǎn jué
笑面夜叉	xiào miàn yè chā
坐薪尝胆	zuò xīn cháng dǎn
时日曷丧	shí rì hé sàng
分烟析产	fēn yān xī chǎn
目语额瞬	mù yǔ é shùn
运筹制胜	yùn chóu zhì shèng
哑子寻梦	yǎ zǐ xún mèng
应名点卯	yìng míng diǎn mǎo
长吁短叹	cháng xū duǎn tàn
短叹长吁	duǎn tàn cháng xū
踨地籥天	jú dì yuè tiān
烈士徇名	liè shì xùn míng
鼓腹含哺	gǔ fù hán bǔ
含哺鼓腹	hán bǔ gǔ fù
砥节励行	dǐ jié lì xíng
力敌势均	lì dí shì jūn
力均势敌	lì jūn shì dí
势均力敌	shì jūn lì dí
死皮赖脸	sǐ pí lài liǎn
怀黄佩紫	huái huáng pèi zǐ
佩紫怀黄	pèi zǐ huái huáng
九宗七祖	jiǔ zōng qī zǔ
脱白挂绿	tuō bái guà lǜ
骄生惯养	jiāo shēng guàn yǎng
众啄同音	zhòng zhòu tóng yīn
日昃旰食	rì zè gàn shí
似曾相识	sì céng xiāng shí
孤儿寡妇	gū ér guǎ fù
闭门思愆	bì gé sī qiān
尊年尚齿	zūn nián shàng chǐ
反璞归真	fǎn pǔ guī zhēn
归真反璞	guī zhēn fǎn pú
绿林豪士	lù lín háo shì
罢黜百家	bā chù bǎi jiā
窥豹一斑	kuī bào yī bān
一斑窥豹	yī bān kuī bào
点纸画字	diǎn zhǐ huà zì
沁入心脾	qìn rù xīn pí
鸡犬桑麻	jī quǎn sāng má
污泥浊水	wū ní zhuó shuǐ
盲人把烛	máng rén bǎ zhú
驷马轩车	sì mǎ xuān chē
发蒙解缚	fā méng jiě fu
不揣冒昧	bù chuǎi mào mèi
攀今揽古	pān jīn lǎn gǔ
援古刺今	yuán gǔ cì jīn
生聚教训	shēng jù jiào xùn
活眼活现	huó yǎn huó xiàn
全军覆没	quán jūn fù mò
七返还丹	qī fǎn huán dān
诽谤之木	fěi bàng zhī mù
齐大非耦	qí dà fēi ǒu
倚门卖俏	yǐ mén mài qiào
戴玄履黄	dài xuán lǚ huáng
残编断简	cán biān duàn jiǎn
断编残简	duàn biān cán jiǎn
断简残编	duàn jiǎn cán biān
对症之药	duì zhèng zhī yào
坎井之蛙	kǎn jǐng zhī wā
优贤扬历	yōu xián yáng lì
称功颂德	chēng gōng sòng dé
猜拳行令	cāi quán xíng lìng
稔恶藏奸	rěn è cáng jiān
魂飞魄飏	hún fēi pò shān
雪窗萤火	xuě chuāng yíng huǒ
精进勇猛	jīng jìn yǒng měng
勇猛精进	yǒng měng jīng jìn
披毛求疵	pī máo qiú cī
衔胆栖冰	xián dǎn qī bīng
剖肝泣血	pōu gān qì xuè
聊以塞责	liáo yǐ sè zé
蓬户柴门	péng hù chái mén
右军习气	yòu jūn xí qì
振穷恤寡	zhèn qióng xù guǎ
禁鼎一脔	jìn dǐng yī luán
对牛弹琴	duì niú tán qín
倒戢干戈	dǎo jí gān gē
酌金馔玉	zhuó jīn zhuàn yù
挥毫落纸	huī háo luò zhǐ
蓬头跣足	péng tóu xiǎn zú
夸夸而谈	kuā kuā ér tán
遣将征兵	qiǎn jiāng zhēng bīng
仙山楼阁	xiān shān lóu gé
顾盼自豪	gù pàn zì háo
崭露头角	zhǎn lù tóu jiǎo
忿火中烧	fèn huǒ zhōng shāo
抱恨黄泉	bào hèn huáng quán
烜赫一时	xuǎn hè yī shí
刮骨去毒	guā gǔ qù dú
贫嘴滑舌	pín zuǐ huá shé
唱沙作米	chàng shā zuò mǐ
弃如敝屣	qì rú bì xǐ
如弃敝屣	rú qì bì xǐ
积讹成蠹	jī é chéng dù
一呼再喏	yī hū zài nuò
明廉暗察	míng lián àn chá
杯弓蛇影	bēi gōng shé yǐng
杯影蛇弓	bēi yǐng shé gōng
弓影杯蛇	gōng yǐng bēi shé
蛇影杯弓	shé yǐng bēi gōng
参商之虞	shēn shāng zhī yú
吊古寻幽	diào gǔ xún yōu
贿货公行	huì huò gōng xíng
货贿公行	huò huì gōng xíng
待贾而沽	dài jiǎ ér gū
断蛟刺虎	duàn jiāo cì hǔ
迈古超今	mài gǔ chāo jīn
暗箭明枪	àn jiàn míng qiāng
明枪暗箭	míng qiāng àn jiàn
养虎贻患	yǎng hǔ yí huàn
鸾吟凤唱	luán yín fèng chàng
金科玉臬	jīn kē yù niè
植党自私	zhí dǎng zì sī
涸思干虑	hé sī qián lǜ
米已成炊	mǐ yǐ chéng chuī
遗芳余烈	yí fāng yú liè
青紫被体	qīng zǐ pī tǐ
油头滑脸	yóu tóu huá liǎn
衡阳雁断	héng yáng yàn duàn
代拆代行	dài chāi dài xíng
放情丘壑	fàng qíng qiū hè
助桀为暴	zhù jié wéi bào
报仇雪恨	bào chóu xuě hèn
琼楼金阙	qióng lóu jīn què
呆似木鸡	dāi sì mù jī
面引廷争	miàn yǐn tíng zhēng
赶尽杀绝	gǎn jìn shā jué
隐介藏形	yǐn jiè cáng xíng
一塌糊涂	yī tā hú tú
标新领异	biāo xīn lǐng yì
领异标新	lǐng yì biāo xīn
价廉物美	jià lián wù měi
物美价廉	jià lián wù měi
缩头缩脑	suō tóu suō nǎo
如蚁附膻	rú yǐ fù shān
急杵捣心	jí chǔ dǎo xīn
焚舟破釜	fén zhōu pò fǔ
破釜焚舟	pò fǔ fén zhōu
阴疑阳战	yīn yí yáng zhàn
品头评足	pǐn tóu píng zú
评头品足	píng tóu pǐn zú
隐占身体	yin zhan shen qi
腹热肠荒	fù rè cháng huāng
肉食者鄙	ròu shí zhě bǐ
保家卫国	bǎo jiā wèi guó
敲牛宰马	qiāo niú zǎi mǎ
七拉八扯	qī lā bā chě
心痒难挝	xīn yǎng nán zhuā
以勤补拙	yǐ qín bǔ zhuō
暗送秋波	àn sòng qiū bō
率土同庆	shuài tǔ tóng qìng
砥志研思	dǐ zhì yán sī
都中纸贵	dū zhōng zhǐ guì
漂泊无定	piāo bó wú dìng
云窗月帐	yún chuāng yuè zhàng
光彩陆离	guāng cǎi lù lí
番来覆去	fān lái fù qù
体贴入微	tǐ tiē rù wēi
雪里送炭	xuě lǐ sòng tàn
鸱张鼠伏	chī zhāng shǔ fú
甜言蜜语	tián yán mì yǔ
攧扑不破	diān pū bù pò
鱼龙曼延	yú lóng màn yán
操刀制锦	cāo dāo zhì jǐn
躬行实践	gōng xíng shí jiàn
支吾其词	zhī wū qí cí
黄发骀背	huáng fā dài bèi
鸿爪春泥	hóng zhǎo chūn ní
怯声怯气	qiè shēng qiè qì
江郎才掩	jiāng láng cái yǎn
发凡起例	fā fán qǐ lì
贯通融会	guàn tōng róng huì
融会贯通	róng huì guàn tōng
泾渭自分	jīng wèi zì fēn
昂首伸眉	áng shǒu shēn méi
压雪求油	yā xuě qiú yóu
搔头抓耳	sāo tóu zhuā ěr
雪兆丰年	xuě zhào fēng nián
栉风酾雨	zhì fēng shī yǔ
拔宅飞升	bá zhái fēi shēng
物力维艰	wù lì wéi jiān
穷愁潦倒	qióng chóu liáo dǎo
藏怒宿怨	cáng nù sù yuàn
引商刻角	yǐn shāng kè jiǎo
敝衣粝食	bì yī lì shí
披发缨冠	pī fā yīng guàn
忠孝节义	zhōng xiào jié yì
捏一把汗	niē yī bǎ hàn
议论纷错	yì lùn fēn cuò
掩旗息鼓	yǎn qí xī gǔ
淫辞秽语	yín cí huì yǔ
飞沙扬砾	fēi shā yáng lì
扬铃打鼓	yáng líng dǎ gǔ
棋逢对手	qí féng duì shǒu
赏立诛必	shǎng lì zhū bì
瓮尽杯干	wèng jìn bēi gān
将胸比肚	jiāng xiōng bǐ dù
柔情媚态	róu qíng mèi tài
厕身其间	cè shēn qí jiān
隐晦曲折	yǐn huì qū zhé
碎骨粉尸	suì gǔ fěn shī
榆枋之见	yú fāng zhī jiàn
空谷幽兰	kōng gǔ yōu lán
惨绿愁红	cǎn lü chóu hóng
愁红惨绿	chóu hóng cǎn lü
红愁绿惨	hóng chóu lǜ cǎn
绿惨红愁	lǜ cǎn hóng chóu
拂袖而归	fú xiù ér guī
进退维谷	jìn tuì wéi gǔ
避毁就誉	bì fuǐ jiù yù
涕泗交下	tì sì jiāo xià
乘龙快婿	chéng lóng kuài xù
社燕秋鸿	shè yàn qiū hóng
急竹繁丝	jí zhú fán sī
刀耕火种	dāo gēng huǒ zhòng
散阵投巢	sàn zhèn tóu cháo
咏月嘲花	yǒng yuè cháo huā
因敌为资	yīn dí wéi zī
他山攻错	tā shān gōng cuò
季常之惧	jì cháng zhī jù
推涛作浪	tuī tāo zuò làng
昼阴夜阳	zhòu yīn yè yáng
遂迷不寤	suí mí bù wù
责无旁贷	zé wú páng dài
喜上眉梢	xǐ shàng méi shāo
分茅列土	fēn máo liè tǔ
列土分茅	liè tǔ fēn máo
一差二悮	yī chà èr wù
责有攸归	zé yǒu yōu guī
临河羡鱼	lín hé xiàn yú
衡情酌理	héng qíng zhuó lǐ
洗耳拱听	xǐ ěr gǒng tīng
敛手待毙	liǎn shǒu dài bì
削草除根	xuē cǎo chú gēn
闭关锁国	bì guān suǒ guó
弛声走誉	chí shēng zǒu yù
洛阳才子	luò yáng cái zǐ
人烟稠密	rén yān chóu mì
宾客迎门	bīn kè yíng mén
口吐珠玑	kǒu tǔ zhū jī
贪贿无艺	tān huì wú yì
锣鼓喧天	luó gǔ xuān tiān
驹光过隙	jū guāng guò xì
张灯结彩	zhāng dēng jié cǎi
苦思冥想	kǔ sī míng xiǎng
冥思苦想	míng sī kǔ xiǎng
水乳交融	shuǐ rǔ jiāo róng
砲凤烹龙	pào fèng pēng lóng
砲龙烹凤	pào lóng pēng fèng
烹龙砲凤	pēng lóng pào fèng
泾渭自明	jīng wèi zì míng
孤悬浮寄	gū xuán fú jì
量能授官	liàng néng shòu guān
百般刁难	bǎi bān diāo nàn
谓予不信	wèi yú bù xìn
药笼中物	yào lóng zhōng wù
衡石程书	héng shí chéng shū
汤烧火热	tāng shāo huǒ rè
敲冰玉屑	qiāo bīng yù xiè
草蛇灰线	cǎo shé huī xiàn
岂有此理	qǐ yǒu cǐ lǐ
老僧入定	lǎo sēng rù dìng
贱买贵卖	jiàn mǎi guì mài
买贱卖贵	mǎi jiàn mài guì
宽宏大量	kuān hóng dà liàng
响彻云表	xiǎng chè yún biǎo
众口纷纭	zhòng kǒu fēn yún
法家拂士	fǎ jiā bì shì
积谗磨骨	jī chán mó gǔ
乘鸾跨凤	chéng luán kuà fèng
跨凤乘鸾	kuà fèng chéng luán
上楼去梯	shàng lóu qù tī
民淳俗厚	mín chún sú hòu
惮赫千里	dàn hè qiān lǐ
研精殚力	yán jīng dān lì
鸿案相庄	hóng àn xiāng zhuāng
张袂成帷	zhāng mèi chéng wéi
蹙金结绣	cù jīn jié xiù
选贤与能	xuǎn xián yǔ néng
天涯咫尺	tiān yá zhǐ chǐ
咫尺天涯	zhǐ chǐ tiān yá
金章紫绶	jīn zhāng zǐ shòu
紫绶金章	zǐ shòu jīn zhāng
夫负妻戴	fū fù qī dài
谗口铄金	chán kǒu shuò jīn
履险蹈危	lǚ xiǎn dǎo wēi
艰苦奋斗	jiān kǔ fèn dòu
沉吟未决	chén yīn wèi jué
成群打伙	chéng qún dǎ huǒ
传经送宝	chuán jīng sòng bǎo
徒费唇舌	tú fèi chún shé
妄自菲薄	wàng zì fěi bó
乍毛变色	zhà máo biàn sè
因利乘便	yīn lì chéng biàn
半半拉拉	bàn bàn lā lā
材德兼备	cái dé jiān bèi
拔宅上升	bá zhái shàng shēng
虚骄恃气	xiù jiāo shì qì
逋慢之罪	bū màn zhī zuì
池鱼幕燕	chí yú mù yàn
名闻遐迩	míng wén xiá ěr
闻名遐迩	wén míng xiá ěr
遐迩闻名	xiá ěr wén míng
染翰成章	rǎn hàn chéng zhāng
布衣黔首	bù yī qián shǒu
秤平斗满	chèng píng dǒu mǎn
何必当初	hé bì dāng chū
枉口诳舌	wǎng kǒu kuáng shé
班衣戏采	bān yī xì cǎi
朱盘玉敦	zhū pán yù duì
分别部居	fēn bié bù jū
鱼与熊掌	yú yǔ xióng zhǎng
形输色授	xíng shū sè shòu
倾家竭产	qīng jiā jié chǎn
真刀真枪	zhēn dāo zhēn qiāng
凿坏以遁	záo pī yǐ dùn
功标青史	gōng biāo qīng shǐ
挫骨扬灰	cuò gǔ yáng huī
温文尔雅	wēn wén ěr yǎ
谄词令色	chǎn cí lìng sè
廉可寄财	lián kě jì cái
烛照数计	zhú zhào shù jì
掩目捕雀	yǎn mù bǔ què
狼奔鼠窜	láng bēn shǔ cuàn
鼠窜狼奔	shǔ cuàn láng bēn
碍足碍手	ài zú ài shǒu
躬蹈矢石	gōng dǎo shǐ shí
效死勿去	xiào sǐ wù qù
倚玉偎香	yǐ yù wēi xiāng
胡诌乱道	hú zhōu luàn dào
清新俊逸	qīng xīn jùn yì
厕足其间	cè zú qí jiān
寒蝉仗马	hán chán zhàng mǎ
仗马寒蝉	zhàng mǎ hán chán
返本还元	fǎn běn huán yuán
还元返本	huán yuán fǎn běn
兼程并进	jiān chéng bìng jìn
歪八竖八	wāi bā shù bā
运拙时艰	yùn zhuō shí jiān
始末原由	shǐ mò yuán yóu
虚晃一枪	xiù huàng yī qiāng
杀敌致果	shā dí zhì guǒ
卓荦不羁	zhuó luò bù jī
拜恩私室	bài ēn sī shì
借篷使风	jiè péng shǐ fēng
亡猿灾木	wáng yuán zāi mù
兔起凫举	tǔ qǐ fú jǔ
舐犊之爱	shì dú zhī ài
徇私作弊	xùn sī zuò bì
装潢门面	zhuāng huáng mén miàn
汗流浃体	hàn liú jiā tǐ
推诚置腹	tuī chéng zhì fù
焚尸扬灰	fén shī yáng huī
十室九匮	shí shì jiǔ kuì
当局者迷	dāng jú zhě mí
伯仲之间	bó zhòng zhī jiān
欺贫爱富	qī pín ài fù
坐收渔利	zuò shōu yú lì
进贤黜奸	jìn xián chù jiān
悬崖绝壁	xuán yá jué bì
丁公凿井	dīng gōng záo jǐng
搀前落后	chān qián luò hòu
恪守不渝	kè shǒu bù yú
极目远眺	jí mù yuǎn tiào
德胜头迴	dé shèng tóu huí
还年驻色	huán nián zhù sè
舞文巧诋	wǔ wén qiǎo dǐ
泼油救火	pō yóu jiù huǒ
通宵彻夜	tōng xiāo chè yè
刳心雕肾	kū xīn diāo shèn
冥行盲索	míng xíng máng suǒ
茫无边际	máng wú biān jì
横拖倒扯	héng tuō dào chě
熊罴之士	xióng pí zhī shì
锦片前程	jǐn piàn qián chéng
恣肆无忌	zì sì wú jì
研精竭虑	yán jīng jié lǜ
涤故更新	dí gù gēng xīn
饭牛屠狗	fàn niú tú gǒu
眠花藉柳	mián huā jiè liǔ
遗黎故老	yí lí gù lǎo
应付裕如	yìng fù yù rú
松柏之茂	sōng bǎi zhī mào
鼠腹蜗肠	shǔ fù wō cháng
罪责难逃	zuì zé nán táo
拖金委紫	tuō jīn wěi zǐ
投刃皆虚	tóu rèn jiē xū
力能扛鼎	lì néng gāng dǐng
旭日东升	xù rì dōng shēng
涂歌里咏	tú gē lǐ yǒng
询事考言	xún shì kǎo yán
山肤水豢	shān fū shuǐ huàn
宏材大略	hóng cái dà lüè
头疼脑热	tóu téng nǎo rè
骈肩接迹	pián jiān jiē jì
谬托知己	miù tuō zhī jǐ
四海昻平	sì hǎi shēng píng
死灰复燃	sǐ huī fù rán
虚与委蛇	xū yǔ wēi yí
邪魔怪道	xié mó guài dào
古肥今瘠	gǔ féi jīn shòu
洗耳恭听	xǐ ěr gōng tīng
鼻孔撩天	bí kǒng liáo tiān
返朴归真	fǎn pǔ guī zhēn
戎马生郊	róng mǎ shēng jiāo
兴如嚼蜡	xìng rú jiáo là
整军经武	zhěng jūn jīng wǔ
铁壁铜墙	tiě bì tóng qiáng
铜墙铁壁	tóng qiáng tiě bì
东瞧西望	dōng qiáo xī wàng
挢枉过正	jiǎo wǎng guò zhèng
吹毛求疵	chuī máo qiú cī
竭泽而渔	jié zé ér yú
鲁卫之政	lǔ wèi zhī zhèng
联翩而至	lián piān ér zhì
择肥而噬	zé féi ér shì
明火执械	míng huǒ zhí xiè
偶变投隙	ǒu biàn tóu xì
瓜连蔓引	guā lián màn yǐn
不辩菽麦	bù biàn shū mài
渊图远算	yuān tú yuǎn suàn
伏首贴耳	fú shǒu tiē ěr
标情夺趣	biāo qíng duó qù
江淹才尽	jiāng yān cái jìn
雕玉双联	diāo yǔ shuāng lián
历精图治	lì jīng tú zhì
翩翩公子	piān piān gōng zǐ
吹大法螺	chuī dà fǎ luó
大吹法螺	dà chuī fǎ luó
沾沾自喜	zhān zhān zì xǐ
季布一诺	jì bù yī nuò
霞友云朋	xiá yǒu yún péng
血性男儿	xuè xìng nán ér
蕙心兰质	huì xīn lán zhì
兰质蕙心	lán zhì huì xīn
进退狼狈	jìn tuì láng bèi
事与愿违	shì yǔ yuàn wéi
临渴穿井	lín kě chuān jǐng
自我陶醉	zì wǒ táo zuì
礼义廉耻	lǐ yì lián chǐ
鼠首偾事	shǔ shǒu fèn shì
家烦宅乱	jiā fán zhái luàn
因循守旧	yīn xún shǒu jiù
呼朋引类	hū péng yǐn lèi
引类呼朋	yǐn lèi hū péng
潜移默运	qián yí mò yùn
牛骥同皂	niú jì tóng zào
鸦飞鹊乱	yā fēi què luàn
傲雪欺霜	ào xuě qī shuāng
欺霜傲雪	qī shuāng ào xuě
热情洋溢	rè qíng yáng yì
原始要终	yuán shǐ yào zhōng
身寄虎吻	shēn jì hǔ wěn
离经畔道	lí jīng pàn dào
燕燕莺莺	yàn yàn yīng yīng
焦熬投石	jiāo áo tóu shí
兼收并采	jiān shōu bìng cǎi
扶危翼倾	fú wēi yì qīng
默契神会	mò qì shén huì
直谅多闻	zhí liàng duō wén
涓滴成河	juān dī chéng hé
郑卫之音	zhèng wèi zhī yīn
感恩图报	gǎn ēn tú bào
买上嘱下	mǎi shàng zhǔ xià
燎发摧枯	liǎo fà cuī kū
寸阴是惜	cùn yīn shì xī
硕望宿德	shuò wàng xiǔ dé
火耕水耨	huǒ gēng shuǐ nòu
盗玉窃钩	dào yù qiè gōu
道貌俨然	dào mào yǎn rán
沉吟章句	chén yīn zhāng jù
吞吞吐吐	tūn tūn tǔ tǔ
时乖运拙	shí guāi yùn zhuō
运拙时乖	yùn zhuō shí guāi
银屏金屋	yín píng jīn wū
以噎废餐	yǐ yē fèi cān
加官进爵	jiā guān jìn jué
枝叶扶疏	zhī yè fú shū
使乖弄巧	shǐ guāi nòng qiǎo
纳履决踵	nà lǚ jué zhǒng
纳履踵决	nà lǚ zhǒng jué
十亲九眷	shí qīn jiǔ juàn
丰肌弱骨	fēng jī ruò gǔ
嚼铁咀金	jiáo tiě jǔ jīn
因果报应	yīn guǒ bào yìng
妒贤疾能	dù xián jí néng
官官相护	guān guān xiāng hù
析肝刿胆	xī gān guì dǎn
绿林好汉	lù lín hǎo hàn
汤池铁城	tāng chí tiě chéng
欲益反损	yù yì fǎn sǔn
花枝招颤	huā zhī zhāo chàn
改换门闾	gǎi huàn mén lǘ
一阶半级	yī jiē bàn jí
锋芒逼人	fēng máng bī rén
人丁兴旺	rén dīng xīng wàng
凛若秋霜	lǐn ruò qiū shuāng
桀傲不驯	jié ào bù xùn
更弦改辙	gēng xián gǎi zhé
襟裾马牛	jīn jú mǎ niú
裾马襟牛	jū mǎ jīn niú
马牛襟裾	mǎ niú jīn jū
牛马襟裾	niú mǎ jīn jú
屈尊就卑	qū zūn jiù bēi
身操井臼	shēn cāo jǐng jiù
长绳系景	cháng shéng xì jǐng
激贪厉俗	jī tān lì sú
璧合珠联	bì hé zhū lián
珠联璧合	zhū lián bì hé
奉辞伐罪	fèng cí fá zuì
土穰细流	tǔ rǎng xì liú
东跑西颠	dōng pǎo xī diān
敬老慈少	jìng lǎo cí shǎo
善游者溺	shàn yóu zhě nì
盲人扪烛	máng rén mén zhú
买笑迎欢	mǎi xiào yíng huān
盘马弯弓	pán mǎ wān gōng
投石超距	tóu shí chāo jù
水涨船高	shuǐ zhǎng chuán gāo
闻雷失箸	wén léi shī zhù
躬自菲薄	gōng zì fěi bó
燕巢于幕	yàn cháo yú mù
文房四艺	wén fáng sì yì
斜行横阵	xié xíng héng zhèn
纷至踏来	fēn zhì tà lái
黄钟瓦釜	huáng zhōng wǎ fǔ
用智铺谋	yòng zhì pù móu
必躬必亲	bì gōng bì qīn
巢倾卵破	cháo qīng luǎn pò
破卵倾巢	pò luǎn qīng cháo
呆头呆脑	dāi tóu dāi nǎo
贯盈恶稔	guàn yíng è rěn
稔恶盈贯	rěn è yíng guàn
孝子贤孙	xiào zǐ xián sūn
闭门却扫	bì mén què sǎo
事缓则圆	shì huǎn zé yuán
富轹万古	fù lì wàn gǔ
措置裕如	cuò zhì yù rú
孤臣孽子	gū chén niè zǐ
孽子孤臣	niè zǐ gū chén
辩才无阂	biàn cái wú hé
锱铢不爽	zī zhū bù shuǎng
腊尽春回	là jìn chūn huí
批逆龙鳞	pī nì lóng lín
抟心揖志	tuán xīn yī zhì
雕章镂句	diāo zhāng lòu jù
朱云折槛	zhū yún shé jiàn
肥甘轻暖	féi gān qīng nuǎn
砺世磨钝	lì shì mó dùn
景入桑榆	jǐng rù sāng yú
郢人运斧	yǐng rén yùn fǔ
神情恍惚	shén qíng huǎng hū
束缊举火	shù yūn jǔ huǒ
对景挂画	duì jǐng guà huà
瞠呼其后	chēng hū qí hòu
博览古今	bó lǎn gǔ jīn
内峻外和	nèi jùn wai hé
昌亭之客	cháng tíng zhī kè
肘腋之患	zhǒu yè zhī huàn
杏雨梨云	xìng yǔ lí yún
筋疲力尽	jīn pí lì jìn
力尽筋疲	lì jìn jīn pí
剖肝沥胆	pōu gān lì dǎn
隐鳞藏彩	yǐn lín cáng cǎi
嘘枯吹生	xū kū chuī shēng
拂袖而去	fú xiù ér qù
金浆玉醴	jīn jiāng yù lǐ
投间抵隙	tóu jiān dǐ xì
丰肌秀骨	fēng jī xiù gǔ
乌七八糟	wū qī bā zāo
崭露头脚	zhǎn lù tóu jiǎo
克敌制胜	kè dí zhì shèng
朝前夕惕	zhāo qiáng xī tì
水底捞针	shuǐ dǐ lāo zhēn
同休共戚	tóng xiū gòng qī
难以预料	nán yǐ yù liào
长驾远驭	cháng jià yuǎn yù
营私罔利	yíng sī wǎng lì
拔树搜根	bá shù sōu gēn
以汤沃雪	yǐ tāng wò xuě
乐昌分镜	lè chāng fēn jìng
髀肉复生	bì ròu fù shēng
曲突移薪	qǔ tū yí xīn
引经据典	yǐn jīng jù diǎn
逸闻琐事	yì wén suǒ shì
摇嘴掉舌	yáo zuǐ diào shé
群雄逐鹿	qún xióng zhú lù
胡枝扯叶	hú zhī chě yè
傲睨得志	ào nì dé zhì
问天买卦	wèn tiān mǎi guà
蒿目时艰	hàng mù shí jiān
馈贫之粮	zuò pín zhī liáng
桃之夭夭	táo zhī yāo yāo
张嘴挢舌	zhāng zuǐ jiǎo shé
悬驼就石	xuán tuó jiù shí
搬唇弄舌	bān chún nòng shé
系风捕景	xì fēng bǔ jǐng
酌古参今	zhuó gǔ cān jīn
咳声叹气	hāi shēng tàn qì
驾肩接武	jià jiān jiē wǔ
腹热肠慌	fù rè cháng huāng
困知勉行	kùn zhī miǎn xíng
未能免俗	wèi néng miǎn sú
忙里偷闲	máng lǐ tōu xián
曲学诐行	qǔ xué hǎo xíng
狼顾鸢视	láng gù yuān shì
泰山压卵	tài shān yā luǎn
改柯易节	gǎi kē yì jié
芒刺在背	máng cì zài bèi
欺公罔法	qī gōng wǎng fǎ
慌手慌脚	huāng shǒu huāng jiǎo
蹑脚蹑手	niè jiǎo niè shǒu
蹑手蹑脚	niè shǒu niè jiǎo
拨草寻蛇	bō cǎo xún shé
燎原烈火	liáo yuán liè huǒ
繁荣富强	fán róng fù qiáng
旷日积晷	kuàng rì jī guǐ
泣麟悲凤	qǐ lín bēi fèng
硝云弹雨	xiāo yún dàn yǔ
寻死觅活	xún sǐ mì huó
油头光棍	yóu tóu guāng gùn
借古喻今	jiè gǔ yù jīn
等量齐观	děng liàng qí guān
齐量等观	qí liàng děng guān
搓手顿足	cuō shǒu dùn zú
顿足搓手	dùn zú cuō shǒu
含情脉脉	hán qíng mò mò
脉脉含情	mò mò hán qíng
清歌曼舞	qīng gē màn wǔ
穷猿奔林	qióng yuán bēn lín
发指眦裂	fà zhǐ zì liè
眦裂发指	zì liè fà zhǐ
饮醇自醉	yǐn chún zì zuì
持满戒盈	chí mǎn jiè yíng
金昭玉粹	jīn zhāo yù cuì
东踅西倒	dōng xué xī dǎo
壁立千仞	bì lì qiān rèn
清虚洞府	qīng xū dòng fǔ
自惭形秽	zì cán xíng huì
自觉形秽	zì jué xíng huì
书声朗朗	shū shēng lǎng lǎng
杯水舆薪	bēi shuǐ yú xīn
连宵达旦	lián xiāo dá dàn
饔飧不济	yōng sūn bù jì
矮人观场	ǎi rén guān cháng
千仓万箱	qiān cāng wàn xiāng
釜鱼幕燕	fǔ yú mù yàn
幕燕釜鱼	mù yàn fǔ yú
迅电流光	xùn diàn liú guāng
血债累累	xuè zhài lěi lěi
返观内照	fǎn guān nèi zhào
练兵秣马	liàn bīng mò mǎ
加官进禄	jiā guān jìn lù
进禄加官	jìn lù jiā guān
根株牵连	gēn zhū qiān lián
貂狗相属	diāo gǒu xiāng shǔ
柔情侠骨	róu qíng xiá gǔ
如梦初觉	rú mèng chū jué
扳龙附凤	bān lóng fù fèng
解衣卸甲	jiě yī xiè jiǎ
惊愕失色	jīng è shī sè
尊主泽民	zūn zhǔ zé mín
楚囚相对	chǔ qiú xiāng duì
加枝添叶	jiā zhī tiān yè
添枝加叶	tiān zhī jiā yè
舆死扶伤	yú sǐ fú shāng
好勇斗狠	hào yǒng dòu hěn
赏罚严明	shǎng fá yán míng
风鬟雾鬓	fēng huán wù bìn
雾鬓风鬟	wù bìn fēng huán
轻卒锐兵	qīng zú ruì bīng
凤管鸾箫	fèng guǎn luán xiāo
凤箫鸾管	fèng xiāo luán guǎn
根蟠节错	gēn pán jié cuò
抬脚动手	tái jiǎo dòng shǒu
桃李成蹊	táo lǐ chéng qī
遵道秉义	zūn dào bǐng yì
持论公允	chí lùn gōng yǔn
积谷防饥	jī gǔ fáng jī
涉笔成趣	shè bǐ chéng qù
楚舞吴歌	chǔ wǔ wú gē
盐梅之寄	yán méi zhī jì
膏唇试舌	gāo chún shì shé
发踪指示	fā zōng zhǐ shì
哑子做梦	yǎ zǐ zuò mèng
媒妁之言	méi shuò zhī yán
大才榱槃	dà cái cuī pán
沉浮俯仰	chén fú fǔ yǎng
严于律己	yán yú lǜ jǐ
仙姿玉质	xiān zī yù zhì
材能兼备	cái néng jiān bèi
陇头音信	lǒng tóu yīn xìn
条分缕析	tiáo fēn lǚ xī
析缕分条	xī lǚ fēn tiáo
傫如丧狗	lěi rú sàng gǒu
同符合契	tóng fú hé qì
闳中肆外	hóng zhōng sì wài
借书留真	jiè shū liú zhēn
解发佯狂	jiě fà yáng kuáng
武爵武任	wǔ jué wǔ rèn
随缘乐助	suí yuán lè zhù
遐方绝壤	xiá fāng jué rǎng
捐金抵璧	juān jīn dǐ bì
不辨菽麦	bù biàn shū mài
削木为吏	xuē mù wéi lì
发隐擿伏	fā yǐn tī fú
擿伏发隐	tī fú fā yǐn
铜臭熏天	tóng chòu xūn tiān
飙发电举	biāo fā diàn jù
德輶如羽	dé yóu rú yǔ
辜恩背义	gū ēn bèi yì
倦尾赤色	juàn wěi chì sè
凤泊鸾飘	fèng bó luán piāo
鸾飘凤泊	luán piāo fèng bó
附骥名彰	fù jì míng zhāng
假名托姓	jiǎ míng tuō xìng
载舟覆舟	zài zhōu fù zhōu
神奸巨蠹	shén jiān jù dù
础润而雨	chǔ rùn ér yǔ
舂容大雅	chōng róng dà yá
闭门投辖	bì mén tóu xiá
舍策追羊	shě cè zhuī yáng
吞刀刮肠	tūn dāo guā cháng
上嫚下暴	shàng màn xià bào
认贼为父	rèn zéi wéi fù
面谀背毁	miàn yú bèi huǐ
倔头强脑	juè tóu jiàng nǎo
遣愁索笑	qiǎn chóu suǒ xiào
阳解阴毒	yáng jiě yīn dú
以酒解酲	yǐ jiǔ jiě chéng
轻骑减从	qīng qí jiǎn cóng
信马由缰	xìn mǎ yóu jiāng
豁然开朗	huò rán kāi lǎng
豁然开悟	huò rán kāi wù
龙肝豹胎	lóng gān bào tāi
兄死弟及	xiōng féi dì jí
燕颔儒生	yàn hàn rú shēng
泰山压顶	tài shān yā dǐng
博览五车	bó lǎn wǔ chē
标新竖异	biāo xīn shù yì
损军折将	sǔn jūn zhé jiàng
刓方为圆	shū fāng wéi yuán
不伤脾胃	bù shāng pí wèi
激扬清浊	jī yáng qīng zhuó
激浊扬清	jī zhuó yáng qīng
扬清激浊	yáng qīng jī zhuó
断鹤续凫	duàn hè xù fú
续凫断鹤	xù fú duàn hè
时乖运乖	shí guāi yùn guāi
驽马十驾	nú mǎ shí jià
青钱万选	qīng qián wàn xuǎn
万选青钱	wàn xuǎn qīng qián
关门落闩	guān mén luò shuān
七支八搭	qī zhī bā dā
运筹画策	yùn chóu huà cè
潜踪隐迹	qián zōng yǐn jì
传神阿堵	chuán shén ē dǔ
真枪实弹	zhēn qiāng shí dàn
书通二酉	shū tōng èr yǒu
涕泗交流	tì sì jiāo liú
鹊返鸾回	què fǎn luán huí
丰神绰约	fēng shén chuò yuē
逝者如斯	shì zhě rú sī
鹏霄万里	péng xiāo wàn lǐ
褚小杯大	zhǔ xiǎo bēi dà
韬光用晦	tāo guāng yòng huì
娇生惯养	jiāo shēng guàn yǎng
抗尘走俗	kàng chén zǒu sú
断圭碎璧	duàn guī suì bì
唐突西子	táng tū xī zǐ
汗血盐车	hàn xuè yán chē
导以取保	dao yi qu bao
孤苦零丁	gū kǔ líng dīng
零丁孤苦	líng dīng gū kǔ
怀着鬼胎	huái zhe guǐ tāi
瓜分鼎峙	guā fēn dǐng zhì
蛇欲吞象	shé yù tūn xiàng
吴越同舟	wú yuè tóng zhōu
废寝忘餐	fèi qǐn wàng cān
忘餐废寝	wàng cān fèi qǐn
乳声乳气	rǔ shēng rǔ qì
承前启后	chéng qián qǐ hòu
金榜题名	jīn bǎng tí míng
里外夹攻	lǐ wài jiā gōng
歼一警百	jiān yī jǐng bǎi
壶浆塞道	hú jiāng sāi dào
月朗星稀	yuè lǎng xīng xī
横科暴敛	hèng kē bào liǎn
悬灯结彩	xuán dēng jié cǎi
钟鼓馔玉	zhōng gǔ zhuàn yù
仓卒之际	cāng cù zhī jì
侏儒一节	zhū rǔ yī jié
降颜屈体	jiàng yán qū tǐ
遗簪弊履	yí zān bì lǚ
率土之滨	shuài tǔ zhī bīn
照猫画虎	zhào māo huà hǔ
摽梅之年	biào mén zhī nián
顾景惭形	gù yǐng cán xíng
各抒所见	gè shū suǒ jiàn
夙兴夜处	sù xīng yè chǔ
片鳞半爪	piàn lín bàn zhǎo
五抢六夺	wǔ qiǎng liù duó
五亲六眷	wǔ qīn liù juàn
科头跣足	kē tóu xiǎn zú
排除异己	pái chú yì jǐ
跣足科头	xiǎn zú kē tóu
开阔眼界	kāi kuò yǎn jiè
谦躬下士	qiān gōng xià shì
刚肠嫉恶	gāng cháng jí è
阿鼻地狱	ā bí dì yù
沉灶生蛙	chén zào shēng wā
金枷玉锁	jīn jiā yù suǒ
辅车唇齿	fǔ chē chún chǐ
负债累累	fù zhai lèi lèi
射利沽名	shè lì gū míng
联袂而至	lián mèi ér zhì
艰苦卓绝	jiān kǔ zhuó jué
异军突起	yì jūn tū qǐ
坐运筹策	zuò yùn chóu cè
张惶失措	zhāng huáng shī cuò
活形活现	huó xíng huó xiàn
按甲休兵	àn jiǎ xiū bīng
纷红骇绿	fēn hóng hài lǜ
感今思昔	gǎn jīn sī xī
兵闻拙速	bīng wén zhuō sù
囚首垢面	qiú shǒu gòu miàn
波罗奢花	bō luó shē huā
弹丸黑子	dàn wán hēi zǐ
俯拾地芥	fǔ shí dì jiè
极口项斯	jí kǒu xiàng sī
吉光片裘	jí guāng piàn qiú
辜恩负义	gū ēn fù yì
吞纸抱犬	tūn zhǐ bào quǎn
朝锺暮鼓	zhāo zhōng mù gǔ
览闻辩见	lǎn wén biàn jiàn
咬定牙根	yǎo dìng yá gēn
昂首阔步	áng shǒu kuò bù
溃兵游勇	kuì bīng yóu yǒng
泪如泉涌	lèi rú quán yǒng
以胶投漆	yǐ jiāo tóu qī
家喻户习	jiā yù hù xí
瘠义肥辞	jí yì féi cí
鹄形菜色	hú xíng cài sè
汪洋大肆	wāng yáng dà sì
晨钟暮鼓	chén zhōng mù gǔ
暮鼓晨钟	mù gǔ chén zhōng
无待蓍龟	wú dài shī guī
玉树芝兰	yù shù zhī lán
芝兰玉树	zhī lán yù shù
千峰百嶂	qiān fēng bǎi zhàng
玉圭金臬	yù guī jīn niè
方足圆颅	fāng zú yuán lú
香消玉殒	xiāng xiāo yù yǔn
老师宿儒	lǎo shī xiǔ rú
惟我独尊	wéi wǒ dú zūn
桑田碧海	sāng tián bì hǎi
熔于一炉	róng yú yī lú
傍人篱壁	bàng rén lí bì
香花供养	xiāng huā gòng yǎng
侠肝义胆	xiá gān yì dǎn
殒身碎首	yǔn shēn suì shǒu
谢庭兰玉	xiè tíng lán yù
入境问禁	rù jìng wèn jìn
石缄金匮	shí jiān jīn kuì
汲古阁本	jí gǔ gé běn
奇珍异宝	qí zhēn yì bǎo
异宝奇珍	yì bǎo qí zhēn
马空冀北	mǎ kōng jì běi
昭德塞违	zhāo dé sè wéi
卖妻鬻子	mài qī yù zǐ
怜新厌旧	lián xīn yàn jiù
赌彩一掷	dǔ cǎi yī zhì
成龙配套	chéng lóng pèi tào
配套成龙	pèi tào chéng lóng
鞭约近里	biān yuē jīn lǐ
孝子顺孙	xiào zǐ shùn sūn
弃甲负弩	qì jiǎ fù nǔ
淆乱视听	xiáo luàn shì tīng
横恩滥赏	hèng ēn làn shǎng
抟心壹志	tuán xīn yī zhì
选贤任能	xuǎn xián rèn néng
神郁气悴	shén yù qì cuì
日杒月削	rì juān yuè xuē
日削月杒	rì xuē yuè juān
十围五攻	shí wén wǔ gōng
周游列国	zhōu yuó liè guó
认敌作父	rèn dí zuò fù
逍遥自在	xiāo yáo zì zài
趁热打铁	chèn rè dǎ tiě
打铁趁热	dǎ tiě chèn rè
蒙混过关	méng hùn guò guān
余子碌碌	yú zǐ lù lù
捉贼见赃	zhuō zéi jiàn zāng
重规袭矩	chóng guī xí jǔ
散伤丑害	sàn shāng chǒu hài
咬牙切齿	yǎo yá qiè chǐ
焚林而猎	fén lín ér liè
杜断房谋	dù duàn fáng móu
房谋杜断	fáng móu dù duàn
结党营私	jié dǎng yíng sī
亲离众叛	qīn lí zhòng pàn
众叛亲离	zhòng pàn qīn lí
用夏变夷	yòng xià biàn yí
佛头加秽	fó tóu jiā huì
关情脉脉	guān qíng mài mài
化枭为鸠	huà xiāo wéi jiū
黯然销魂	àn rán xiāo hún
凶神恶煞	xiōng shén è shà
射石饮羽	shè shí yǐn yǔ
聊以解嘲	liáo yǐ jiě cháo
视如敝屐	shì rú bì jī
夫贵妻荣	fū guì qī róng
夫荣妻贵	fū róng qī guì
妻荣夫贵	qī róng fū guì
智勇兼全	zhì yǒng jiān quán
雍容华贵	yōng róng huá guì
相濡以沫	xiāng rú yǐ mò
以沫相濡	yǐ mò xiāng rú
李郭同舟	lǐ guō tóng zhōu
按甲寝兵	àn jiǎ qǐn bīng
草木萧疏	cǎo mù xiāo shū
攀今掉古	pān jīn diào gǔ
聊以卒岁	liáo yǐ zú suì
得鱼忘荃	dé yú wàng quán
吉光片羽	jí guāng piàn yǔ
剖蚌得珠	pōu bàng dé zhū
狐埋狐扬	hú mái hú yáng
如埙如篪	rú xūn rú chí
齿如编贝	chǐ rú biān bèi
狐朋狗友	hú péng gǒu yǒu
贯朽粟红	guàn xiǔ sù hóng
粟红贯朽	sù hóng guàn xiǔ
扶危济困	fú wēi jì kùn
济困扶危	jì kùn fú wēi
绿鬓红颜	lǜ bìn hóng yán
饥寒交迫	jī hán jiāo pò
蝇头小楷	yíng tóu xiǎo kǎi
闳识孤怀	hóng shí gū huái
笑容可掬	xiào róng kě jū
股战而栗	gǔ zhàn ér lì
轻吞慢吐	qīng tūn màn tǔ
赏劳罚罪	shǎng láo fá zuì
即鹿无虞	jí lù wú yú
无故呻吟	wú gù shēn yín
辞严谊正	cí yán yì zhèng
豹死留皮	bào sǐ liú pí
龙驹凤雏	lóng jū fèng chú
通都大邑	tōng dū dà yì
通邑大都	tōng yì dà dōu
追悔何及	zhuī huǐ hé jí
黄粱美梦	huáng liáng měi mèng
和蔼可亲	hé ǎi kě qīn
拉枯折朽	lā kū shé xiǔ
炫玉贾石	xuàn yù gǔ shí
横抢武夺	hèng qiǎng wǔ duó
兼包并容	jiān bāo bìng róng
兼容并包	jiān róng bìng bāo
大肆宣传	dà sì xuān chuán
同堂兄弟	tóng táng xiōng dì
文房四侯	wén fáng sì hòu
分钗劈凤	fēn chāi pī fèng
千伶百俐	qiān líng bǎi lì
贸首之雠	mào shǒu zhī chóu
蒲鞭之罚	pú biān zhī fá
嗒然若丧	tà rán ruò sàng
门堪罗雀	mén kān luó què
沓来踵至	tǎ lái zhǒng zhì
茅庐三顾	máo lú sān gù
三顾茅庐	sān gù máo lú
监守自盗	jiān shǒu zì dào
酒醉饭饱	jiǔ zuì fàn bǎo
黩武穷兵	dú wǔ qióng bīng
穷兵黩武	qióng bīng dú wǔ
焚香顶礼	fén xiāng dǐng lǐ
糟糠之妻	zāo kāng zhī qī
攻心扼吭	gōng xīn è kēng
石室金鐀	shí shì jīn guì
孤鸾照镜	gū luán zhào jìng
兼收博采	jiān shōu bó cǎi
潜形谲迹	qián xíng jué jì
闭门觅句	bì mén mì jù
枕石嗽流	zhěn shí shù liú
百伶百俐	bǎi líng bǎi lì
一掷乾坤	yī zhì qián kūn
彻首彻尾	chè shǒu chè wěi
梳云掠月	shū yún lüě yuè
旗靡辙乱	qí mí zhé luàn
辙乱旗靡	zhé luàn qí mǐ
巴巴急急	bā bā jí jí
疲于奔命	pí yú bēn mìng
悔恨交加	huǐ hèn jiāo jiā
燕舞莺啼	yàn wǔ yīng tí
材优干济	cái yōu gàn jǐ
遫俗绝物	chuò sú jué wù
瞒天讨价	mán tiān tǎo jià
含冤受屈	hán yuān shòu qū
相煎太急	xiāng jiān tài jí
放浪形骸	fàng làng xíng hái
挟主行令	jiā zhǔ xíng lìng
趁火打劫	chèn huǒ dǎ jié
以管窥豹	yǐ guǎn kuī bào
王公贵戚	wáng gōng guì qī
放纵驰荡	fàng zòng chí dàng
求全责备	qiú quán zé bèi
责备求全	zé bèi qiú quán
民生凋敝	mín shēng diāo bì
发奸擿伏	fā jiān tì fú
擿伏发奸	tī fú fā jiān
擿奸发伏	tī jiān fā fú
麦丘之祝	mài qiū zhī zhù
一苇可航	yī wěi kě háng
圆木警枕	yuán mù jǐng zhěn
急敛暴征	jí liǎn bào zhēng
挈瓶之智	qiè píng zhī zhì
零打碎敲	líng dǎ suì qiāo
零敲碎打	líng qiāo suì dǎ
通宵达旦	tōng xiāo dá dàn
咸风蛋雨	xián fēng dàn yǔ
明昭昏蒙	míng zhāo hūn méng
鱼跃鸢飞	yú yuè yuān fēi
鸢飞鱼跃	yuān fēi yú yuè
邻女詈人	lín nǚ lì rén
陵谷变迁	líng gǔ biàn qiān
屡变星霜	lǚ biàn xīng shuāng
披麻带索	pī má dài suǒ
浓墨重彩	nóng mò zhòng cǎi
形劫势禁	xíng jié shì jìn
磬竹难书	qìng zhú nán shū
把臂入林	bǎ bì rù lín
绳锯木断	shéng jù mù duàn
贪功起衅	tān gōng qǐ xìn
严惩不贷	yán chéng bù dài
殚精毕力	dān jīng bì lì
片鳞只甲	piàn lín zhī jiǎ
拿腔作势	ná qiāng zuò shì
波属云委	bō zhǔ yún wěi
以锥餐壶	yǐ zhuī cān hú
淫词秽语	yín cí huì yǔ
安民告示	ān mín gào shì
舜日尧年	shùn rì yáo nián
尧年舜日	yáo nián shùn yuè
恍如梦寐	huǎng rú mèng mèi
招是搬非	zhāo shì bān fēi
百喙莫辩	bǎi huì mò biàn
众醉独醒	zhòng zuì dú xǐng
蹈常袭故	dǎo cháng xí gù
袭故蹈常	xí gù dǎo cháng
熊罴百万	xióng pí bǎi wàn
祸起萧墙	huò qǐ xiāo qiáng
萧墙祸起	xiāo qiáng huò qǐ
条修叶贯	tiáo xiū yè guàn
吐哺捉发	tǔ bǔ zhuō fā
此呼彼应	cǐ hū bǐ yīng
蜂趋蚁附	fēng qū yǐ fù
根盘蒂结	gēn pán dì jié
根株结盘	gēn zhū jié pán
分守要津	fēn shǒu yào jīn
涣然冰释	huàn rán bīng shì
自我吹嘘	zì wǒ chuí xū
策名委质	cè míng wěi zhì
寸量铢称	cùn liáng zhū chēng
铢称寸量	zhū chēng cùn liáng
鹏程万里	péng chéng wàn lǐ
万里鹏程	wàn lǐ péng chéng
抃风舞润	biàn fēng wǔ rùn
去太去甚	qù tai qù shèn
零圭断璧	líng guī duàn bì
五虚六耗	wǔ xū liù hào
巢毁卵破	cháo huǐ luǎn pò
画疆墨守	huà jiāng mò shǒu
百龄眉寿	bǎi líng méi shòu
浪迹江湖	làng jì jiāng hú
鸿案鹿车	hóng àn lù chē
驾轻就熟	jià qīng jiù shú
飞沙走砾	fēi shē zǒu lì
卷旗息鼓	juǎn qí xī gǔ
偃旗息鼓	yǎn qí xī gǔ
单文孤证	dān wén gū zhèng
此伏彼起	cǐ fú bǐ qǐ
此起彼伏	cǐ qǐ bǐ fú
关山阻隔	guān shān zǔ gé
放饭流歠	fàng fàn liú chuò
远溯博索	yuǎn sù bó suǒ
武艺超群	wǔ yì chāo qún
饕风虐雪	tāo fēng nüè xuě
雪虐风饕	xuě nüè fēng tāo
殊形妙状	shū xíng miào zhuàng
枉辔学步	wǎng pèi xué bù
皇亲国戚	huáng qīn guó qī
麻痺不仁	má bì bù rén
涅而不淄	niè ér bù zī
匡谬正俗	kuāng miù zhèng sú
画卵雕薪	huà luǎn diāo xīn
含沙射影	hán shā shè yǐng
射影含沙	shè yǐng hán shā
顺风驶船	shǔn fēng shǐ chuán
选色征歌	xuǎn sè zhēng gē
碍口识羞	ài kǒu shí xiū
偃革为轩	yǎn gé wéi xuān
精诚团结	jīng chéng tuán jié
彘肩斗酒	zhì jiān dòu jiǔ
扶倾济弱	fú qīng jì ruò
济弱扶倾	jì ruò fú qīng
慌手忙脚	huāng shǒu máng jiǎo
闭门扫轨	bì mén sǎo guǐ
兵销革偃	bīng xiāo gé yǎn
长念却虑	cháng niàn què lǜ
变生肘腋	biàn shēng zhǒu yè
蜂屯乌合	fēng tún wū hé
攻苦食啖	gōng kǔ shí dàn
内柔外刚	nèi róu wai gāng
外刚内柔	wài gāng nèi róu
外柔内刚	wài róu nèi gāng
先号后庆	xiān hào hòu qìng
精卫填海	jīng wèi tián hǎi
破产荡业	pò chǎn dàng yè
处尊居显	chǔ zūn jū xiǎn
物议沸腾	wù yì fèi téng
避溺山隅	bì nì shān yú
躁言丑句	zào yán chǒu jù
养痈成患	yǎng yōng chéng huàn
谬妄无稽	miù wàng wú jī
梨眉艾发	lí méi ài fā
峰回路转	fēng huí lù zhuǎn
风影敷衍	fēng yǐng fū yān
报仇雪耻	bào chóu xuě chǐ
雪耻报仇	xuě chǐ bào chóu
车怠马烦	chē dài mǎ fán
元奸巨恶	yuán jiān jù è
轻歌曼舞	qīng gē màn wǔ
等礼相亢	děng lǐ xiāng kàng
揆理度势	kuí lǐ dù shì
齿牙馀论	chǐ yá yú lùn
鸡鸣戒旦	jī míng jiè dàn
寒来暑往	hán lái shǔ wǎng
暑来寒往	shǔ lái hán wǎng
暑往寒来	shǔ wǎng hán lái
凤仪兽舞	fèng yí shòu wǔ
殚精竭虑	dān jīng jié lǜ
暴内陵外	bào nèi líng wài
禽息鸟视	qín xī niǎo shì
隐名埋姓	yǐn míng mái xìng
隐姓埋名	yǐn xìng mái míng
折戟沉沙	zhé jǐ chén shā
昃食宵衣	zè shí xiāo yī
贫病交迫	pín bìng jiāo pò
器满则覆	qì mǎn zé fù
亲冒矢石	qīn mào shǐ shí
作奸犯科	zuò jiān fàn kē
重熙累洽	chóng xī lěi qià
巴山越岭	bā shān yuè lǐng
龙骧豹变	lóng xiāng bào biàn
传宗接代	chuán zōng jiē dài
矫情镇物	jiǎo qíng zhèn wù
临阵磨刀	lín zhèn mó dāo
涕泗横流	tì sì héng liú
穷寇莫追	qióng kòu mò zhuī
刮垢磨光	guā gòu mó guāng
人文荟萃	rén wén huì cuì
磨杵成针	mó chǔ chéng zhēn
祝不胜诅	zhù bù shèng zǔ
韬光养晦	tāo guāng yǎng huì
养晦韬光	yǎng huì tāo guāng
革带移孔	gé dài yí kǒng
东家效颦	dōng jiā xiào pín
雄飞雌伏	xióng fēi cí fú
琴挑文君	qín tiāo wén jūn
君子协定	jūn zǐ xié dìng
雷奔云谲	léi bēn yún jué
探竿影草	tàn gān yǐng cǎo
灰烟瘴气	huī yān zhàng qì
清浑皁白	qīng hún wú bái
兽聚鸟散	shòu jù niǎo sàn
醉吐相茵	zuì tǔ xiāng yīn
如操左券	rú cāo zuǒ quàn
秋收冬藏	qiū shōu dōng cáng
欲壑难填	yù hè nán tián
匹夫之谅	pǐ fū zhī liàng
亢心憍气	kàng xīn xià qì
饥渴交攻	jī kě jiāo gōng
议论纷纷	yì lùn fēn fēn
拍手称快	pāi shǒu chēng kuài
撮盐入火	cuō yán rù huǒ
唐虞之治	táng yú zhī zhì
驴鸣狗吠	lǘ míng gǒu fèi
课语讹言	kè yǔ é yán
甘棠之惠	gān táng zhī huì
权豪势要	quán háo shì yào
温文儒雅	wēn wén rú yǎ
帮狗吃食	bāng gǒu chī shí
铁打铜铸	tiě dǎ tóng zhù
铜打铁铸	tóng dǎ tiě zhù
怀材抱器	huái cái bào qì
鸾鹄在庭	luán hú zài tíng
耳目股肱	ěr mù gǔ gōng
咂嘴弄舌	zā zuǐ nòng shé
尽释前嫌	jìn shì qián xián
敛怨求媚	liǎn yuàn qiú mèi
豺狼虎豹	chái láng hǔ bào
上焌下报	shàng zhēng xià bào
研精殚思	yán jīng dān sī
夏五郭公	xià wǔ guō gōng
智勇双全	zhì yǒng shuāng quán
互为因果	hù wéi yīn guò
绰绰有余	chuò chuò yǒu yú
汗牛充屋	hàn niú chōng wū
男欢女爱	nán huān nǚ ài
为丛驱雀	wèi cóng qū què
茁壮成长	zhuó zhuàng chéng zhǎng
果行育德	guǒ xíng yù dé
卑躬屈节	bēi gōng qū jié
骑马找马	qí mǎ zhǎo mǎ
男唱女随	nán chàng nǚ suí
叱咤风云	chì zhà fēng yún
跌宕不羁	dié dàng bù jī
浪酒闲茶	làng jiǔ xián chá
抱火厝薪	bào huǒ cuò xīn
鞠为茂草	jū wéi mào cǎo
转死沟壑	zhuǎn sǐ gōu hè
拜倒辕门	bài dǎo yuán mén
使贪使愚	shǐ tān shǐ yú
短小精悍	duǎn xiǎo jīng hàn
将取固予	jiāng qǔ gū yǔ
珠窗网户	zhū chuāng wǎng hù
立功赎罪	lì gōng shú zuì
画龙点晴	huà lóng diǎn jīng
左图右书	zuǒ tú yòu shū
字正腔圆	zì zhèng qiāng yuán
先我着鞭	xiān wǒ zhuó biān
捱三顶四	āi sān dǐng sì
担雪塞井	dān xuě sāi jǐng
罗敷有夫	luó fū yǒu fū
导德齐礼	dǎo dé qí lǐ
事宽即圆	shì kuān jí yuán
文搜丁甲	wén sōu dīng jiǎ
旁征博引	páng zhēng bó yǐn
山吟泽唱	shān yín zé chàng
才蔽识浅	cái bì shí qiǎn
垂名竹帛	chuí míng zhú bó
名垂竹帛	míng chuí zhú bó
桂子兰孙	guì zǐ lán sūn
左思右想	zuǒ sī yòu xiǎng
简明扼要	jiǎn míng é yào
投鼠忌器	tóu shǔ jì qì
励兵秣马	lì bīng mò mǎ
以荷析薪	yǐ hè xī xīn
天上麒麟	tiān shàng qí lín
骀背鹤发	dài bèi hè fā
斗艳争芳	dòu yàn zhēng fāng
神谟远算	shén mó yuǎn suàn
运智铺谋	yùn zhì pù móu
龙翰凤雏	lóng hàn fèng chú
断怪除妖	duàn guài chú yāo
连舆接席	lián yú jiē xí
滴露研珠	dī lù yán zhū
力透纸背	lì tòu zhǐ bèi
鸿衣羽裳	hóng yī yǔ shang
九间朝殿	jiǔ jiān cháo diàn
七疮八孔	qī chuāng bā kǒng
想方设法	xiǎng fāng shè fǎ
突然袭击	tū rán xí jī
唇揭齿寒	chún jiē chǐ hán
刚戾自用	gāng lì zì yòng
汗流浃踵	hàn liú jiā zhǒng
日杒月减	rì juān yuè jiǎn
鹤势螂形	hè shì láng xíng
让三让再	ràng sān ràng zài
让再让三	ràng zài ràng sān
引绳排根	yǐn shéng pái gēn
捱三顶五	āi sān dǐng wǔ
图穷匕见	tú qióng bǐ xiàn
救焚益薪	jiù fén yì xīn
截胫剖心	jié jìng pōu xīn
舍我其谁	shě wǒ qí shuí
以简御繁	yǐ jiǎn yù fán
等价连城	děng jià lián chéng
价等连城	jià děng lián chéng
卖官卖爵	mài guān mài jué
忍俊不住	rěn jùn bù zhù
多多益办	duō duō yì bàn
箪食壶酒	dān sì hú jiǔ
赏贤罚暴	shǎng xián fá bào
雕虫小技	diāo chóng xiǎo jì
扫榻以待	sǎo tà yǐ dài
箕引裘随	jī yǐn qiú suí
宿学旧儒	sù xué jiù rú
解衣盘磅	jiě yī pán páng
解衣盘礴	jiě yī pán bó
东挪西借	dōng nuó xī jiè
焮天铄地	xìn tiān shuò dì
街谈巷议	jiē tán xiàng yì
巷议街谈	xiàng yì jiē tán
猴头猴脑	hóu tóu hóu nǎo
鲜眉亮眼	xiān méi liàng yǎn
欣欣自得	xīn xīn zì dé
枪烟炮雨	qiāng yān pào yǔ
烟霏雨散	yān fēi yǔ sàn
泣下沾襟	qǐ xià zhān jīn
鱼书雁帖	yú shū yàn tiě
连舆并席	lián yú bìng xí
雪胎梅骨	xuě tāi méi gǔ
神州陆沉	shén zhōu lù chén
全军覆灭	quán jūn fù miè
敬老恤贫	jìng lǎo xù pín
厉世摩钝	lì shì mó dùn
简捷了当	jiǎn jié liǎo dàng
福寿双全	fú shòu shuāng quán
进贤退佞	jìn xián tuì nìng
怡堂燕雀	yí táng yàn què
飞米转刍	fēi mǐ zhuǎn chú
脸红筋暴	liǎn hóng jīn bào
骈肩累踵	pián jiān lèi zhǒng
竞今疏古	jìng jīng shū gǔ
高掌远蹠	gāo zhǎng yuǎn zhí
仁浆义粟	rén jiāng yì sù
义浆仁粟	yì jiāng rén sù
怆然涕下	chuàng rán tì xià
陶情适性	táo qíng shì xìng
振穷恤贫	zhèn qióng xù pín
翻黄倒皁	fān huáng dǎo yí
遭事制宜	zāo shì zhì yí
道殣相属	dào jìn xiāng shǔ
横赋暴敛	héng fù bào liǎn
抱朴含真	bào pǔ hán zhēn
亢音高唱	gāng yīn gāo chàng
寻源讨本	xún yuán tǎo běn
取精用弘	qǔ jīng yòng hóng
乘坚驱良	chéng jiān qū liáng
气竭声澌	qì jié shēng sī
徒子徒孙	tú zǐ tú sūn
攀车卧辙	pān chē wò zhé
见弹求鹗	jiàn dàn qiú è
窃窃私语	qiè qiè sī yǔ
夕惕若厉	xī tì ruò lì
痛自创艾	tòng zì chuāng yì
衣宽带松	yī kuān dài sōng
打躬作揖	dǎ gōng zuō yī
如醉初醒	rú zuì chū xǐng
惠然肯来	huì rán kěn lái
沥胆堕肝	lì dǎn duò gān
囊括四海	náng kuò sì hǎi
目瞪舌挢	mù dèng shé jiǎo
云涌飙发	yún yǒng biāo fā
拏云握雾	ná yún wò wù
握雾拏云	wò wù ná yún
星霜屡移	xīng shuāng lǚ yí
殃及池鱼	yāng jí chí yú
装腔作势	zhuāng qiāng zuò shì
焚香礼拜	fén xiān lǐ bài
背曲腰躬	bèi qǔ yāo gōng
拾陈蹈故	shí chén dǎo gù
猫哭老鼠	māo kū lǎo shǔ
戛玉锵金	jiá yù qiāng jīn
铿金戛玉	kēng jīn jiá yù
东撙西节	dōng zǔn xī jié
匣里龙吟	xiá lǐ lóng yīn
人烟浩穰	rén yān hào rǎng
嫌好道歹	xián hǎo dào dǎi
推干就湿	tuī gàn jiù shī
造因结果	zào yīn jié guǒ
光阴似箭	guāng yīn sì jiàn
逢场作戏	féng chǎng zuò xì
恭逢其盛	gōng féng qí shèng
匹马只轮	pǐ mǎ zhī lún
殆无孑遗	dài wú jié yí
熬清守淡	áo qīng shǒu dàn
迁臣逐客	qiān chén zhú kè
诺诺连声	nuò nuò lián shēng
旧仇宿怨	jiù chóu sù yuàn
鸠集凤池	jiū jí fèng chí
经邦纬国	jīng bāng wěi guó
吸新吐故	xī xīn tǔ gù
暮色苍茫	mù sè cāng máng
狗皮膏药	gǒu pí gāo yào
七步八叉	qī bù bā chā
握炭流汤	wò tàn liú tāng
三兽渡河	sān shòu dù hé
刻足适屦	kè zú shì jù
相呴以湿	xiāng xǔ yǐ shī
孤独鳏寡	gū dú guān guǎ
孤寡鳏独	gū guǎ guān dú
鳏寡孤独	guān guǎ gū dú
孜孜无倦	zī zī wú juàn
饫闻厌见	yù wén yàn jiàn
照章办事	zhào zhāng bàn shì
渔海樵山	yú hǎi qiáo shān
飞檐走壁	fēi yán zǒu bì
事预则立	shì yù zé lì
行香挂牌	xíng xiāng guà pái
合浦还珠	hé pǔ huán zhū
合浦珠还	hé pǔ zhū huán
还珠合浦	huán zhū hé pǔ
珠还合浦	zhū huán hé pǔ
毛遂自荐	máo suí zì jiàn
扬风抦雅	yáng fēng bào yǎ
惊涛怒浪	jīng tāo nù làng
满腹珠玑	mǎn fù zhū jī
以貍至鼠	yǐ lí zhì shǔ
随近逐便	suí jìn zhú biàn
冥漠之乡	míng mò zhī xiāng
戴笠故交	dài lì gù jiāo
镂金铺翠	lòu jīn pù cuì
权衡利弊	quán héng lì bì
轻敲缓击	qīng qiāo huǎn jī
企踵可待	qǐ zhǒng kě dài
急张拘诸	jí zhāng jū zhū
赫赫扬扬	hè hè yáng yáng
挨门挨户	āi mén āi hù
因陋就寡	yīn lòu jiù guǎ
襟怀磊落	jīn huái lěi luò
公报私雠	gōng bào sī chóu
弃伪从真	qì wěi cóng zhēn
怨家债主	yuàn jiā zhài zhǔ
寻枝摘叶	xún zhī zhāi yè
眠思梦想	mián sī mèng xiǎng
背盟败约	bèi méng bài yuē
毁誉参半	huǐ yù cān bàn
劈头盖脸	pī tóu gài liǎn
积雪囊萤	jī xuě náng yíng
花里胡哨	huā lǐ hú shào
李广未封	lǐ guǎng wèi fēng
收因结果	shōu yīn jié guǒ
缺吃短穿	quē chī duǎn chuān
束椽为柱	shù chuán wéi zhù
创巨痛深	chuāng jù tòng shēn
亲疏贵贱	qīn shū guì jiàn
光焰万丈	guāng yàn wàn zhàng
烟销灰灭	yān xiāo huī miè
俯首戢耳	fǔ shǒu jí ěr
回嗔作喜	huí chēn zuò xǐ
五冬六夏	wǔ dōng liù xià
东奔西跑	dōng bēn xī pǎo
遗惠余泽	yí huì yú zé
投梭折齿	tóu suō zhé chǐ
杳无音耗	yǎo wú yīn hào
画沙聚米	huà shā jù mǐ
材士练兵	cái shì liàn bīng
内省不疚	nèi xǐng bù jiù
挖耳当招	wā ěr dāng zhāo
奔走呼号	bēn zǒu hū háo
班衣戏彩	bān yī xì cǎi
拿贼见赃	ná zéi jiàn zāng
输肝剖胆	shū gān pōu dǎn
膏唇贩舌	gào chún fàn shé
愁肠殢酒	chóu cháng tì jiǔ
己饥己溺	jǐ jī jǐ nì
己溺己饥	jǐ nì jǐ jī
一现昙华	yī xiàn tán huā
包罗万象	bāo luó wàn xiàng
巧偷豪夺	qiǎo tōu háo duó
毁家纾难	huǐ jiā shū nàn
龙踚虎卧	lóng quán hǔ wò
谋臣猛将	móu chén měng jiāng
时乖运蹇	shí guāi yùn jiǎn
运乖时蹇	yùn guāi shí jiǎn
运蹇时乖	yùn jiǎn shí guāi
逞怪披奇	chěng guài pī qí
思潮起伏	sī cháo qǐ fú
没法奈何	méi fǎ nài hé
油嘴滑舌	yóu zuǐ huá shé
曙后星孤	shǔ hòu xīng gū
同源异派	tóng yuán yì pai
气势汹汹	qì shì xiōng xiōng
承先启后	chéng xiān qǐ hòu
占风使帆	zhān fēng shǐ fān
因噎废食	yīn yē fèi shí
札手舞脚	zhá shǒu wǔ jiǎo
吹糠见米	chuī kāng jiàn mǐ
轻裘缓带	qīng qiú huǎn dài
舐犊情深	shì dú qíng shēn
广厦万间	guǎng shà wàn jiān
飞书走檄	fēi shū zǒu xí
攘肌及骨	rǎng jī jí gǔ
雷鸣瓦釜	léi míng wǎ fǔ
瓦釜雷鸣	wǎ fǔ léi míng
伏法受诛	fú fǎ shòu zhū
桃来李答	táo lái lǐ dá
补阙拾遗	bǔ quē shí yí
拾遗补阙	shí yí bǔ quē
窝停主人	wō tíng zhǔ rén
误国殃民	wù guó yāng mín
柔能制刚	róu néng zhì gāng
宾饯日月	bīn jiàn rì yuè
宾餿日月	bīn jiàn rì yuè
赌长较短	dǔ cháng jiào duǎn
忿世嫉俗	fèn shì jí sú
撩火加油	liáo huǒ jiā yóu
唇焦口燥	chún jiāo kǒu zào
怙才骄物	hù cái jiāo wù
十拿九稳	shí ná jiǔ wěn
喷雨嘘云	pēn yǔ xū yún
破坚摧刚	pò jiān cuī gāng
仙山琼阁	xiān shān qióng gé
分厘毫丝	fēn lí háo sī
苟且偷生	gǒu qiě tōu shēng
扯鼓夺旗	chě gǔ duó qí
饿虎饥鹰	è hǔ jī yīng
饥鹰饿虎	jī yīng è hǔ
五陵英少	wǔ líng yīng shǎo
菽水承欢	shū shuǐ chéng huān
孤军奋战	gū jūn fèn zhàn
雍容雅步	yōng róng yǎ bù
耸肩曲背	sǒng jiān qū bèi
枯木朽株	kū mù xiǔ zhū
枯株朽木	kū zhū xiǔ mù
朽株枯木	xiǔ zhū kū mù
吐哺握发	tǔ bǔ wò fà
握发吐哺	wò fā tǔ bǔ
嗜杀成性	shì shā chéng xìng
镂冰雕琼	lòu bīng diāo qióng
老婆当军	lǎo pó dāng jūn
亲贤远佞	qīn xián yuǎn nìng
倒持太阿	dǎo chí tài ā
太阿倒持	tài ē dào chí
奔轶绝尘	bēn yì jué chén
莺吟燕舞	yīng yín yàn wǔ
摩砺以须	mó lì yǐ xū
成群结伙	chéng qún jié huǒ
废话连篇	fèi huà lián piān
涣若冰释	huàn ruò bīng shì
拔茅连茹	bá máo lián rú
现世现报	xiàn shì xiàn bòo
感人肺腑	gǎn rén fèi fǔ
丝竹管弦	sī zhú guǎn xián
尽态极妍	jìn tài jí yán
负德辜恩	fù dé gū ēn
悬肠挂肚	xuán cháng guà dù
臭名昭著	chòu míng zhāo zhù
损之又损	sǔn zhī yòu sǔn
玄之又玄	xuán zhī yòu xuán
泥蟠不滓	ní pān bù zǐ
黄发鲐背	huáng fā tái bèi
吟花咏柳	yín huā yǒng liǔ
剥极必复	bō jí bì fù
华冠丽服	huá guān lì fú
秉烛夜游	bǐng zhú yè yóu
心怀忐忑	xīn huái tǎn tè
鸣钟列鼎	míng zhōng liè dǐng
钟鸣鼎列	zhōng míng dǐng liè
南征北伐	nán zhēng běi fá
心宽体胖	xīn kuān tǐ pán
罪恶昭彰	zuì è zhāo zhāng
谨谢不敏	jǐn xiè bù mǐn
韦弦之佩	wéi xián zhī pèi
淫词艳曲	yín cí yàn qǔ
放荡形骸	fàng dàng xíng hái
绨袍之义	tì páo zhī yì
累牍连篇	lěi dú lián piān
连篇累牍	lián piān lěi dú
迎门请盗	yíng mén qǐng dào
美芹之献	měi qín zhī xiàn
盘木朽株	pán mù xiǔ zhū
简丝数米	jiǎn sī shǔ mǐ
黄公酒垆	huáng gōng jiǔ lú
猿穴坏山	yuán xué huài shān
言笑晏晏	yán xiào yàn yàn
金字招牌	jīn zì zhāo pái
谆谆不倦	zhūn zhūn bù juàn
冠屦倒施	guàn jù dǎo shī
鞍马劳倦	ān mǎ láo juàn
井底鸣蛙	jǐng dǐ míng wā
一个半个	yī gè bàn gè
雷惊电绕	léi jīng diàn rào
缩手缩脚	suō shǒu suō jiǎo
智均力敌	zhì jūn lì dí
温润而泽	wēn rùn ér zé
架肩接踵	jià jiān jiē zhǒng
点指划脚	diǎn zhǐ jí jiǎo
溥天率土	pǔ tiān lǜ tǔ
然糠照薪	rán kāng zhào xīn
浪蝶游蜂	làng dié yóu fēng
游蜂浪蝶	yóu fēng làng dié
挨家挨户	āi ji āi hù
遂迷不竝	suí méi bù wù
肤受之诉	fū shòu zhī sù
祖宗法度	zǔ zōng fǎ dù
长辔远御	cháng pèi yuǎn yù
临敌卖阵	lín dí mài zhèn
称兄道弟	chēng xiōng dào dì
道弟称兄	dào dì chēng xiōng
瞎子摸鱼	xiā zi mō yú
热血沸腾	rè xuè fèi téng
女长须嫁	nǚ zhǎng xū jià
劚山觅玉	zhú shān mì yù
以简驭繁	yǐ jiǎn yù fán
肃然起敬	sù rán qǐ jìng
养尊处优	yǎng zūn chǔ yōu
逼人太甚	bī rén tài shèn
似箭在弦	sì jiàn zài xián
祸生肘腋	huò shēng zhǒu yè
自媒自衒	zì méi zì xuàn
酒囊饭包	jiǔ náng fàn bāo
清灰冷灶	qīng huī lěng zào
蝶粉蜂黄	dié fěn fēng huáng
黄童皓首	huáng tóng hào shǒu
蹑足潜踪	niè zú qián zōng
鸟骇鼠窜	niǎo hài shǔ cuàn
各色各样	gè sè gè yàng
惨淡经营	cǎn dàn jīng yíng
怡情悦性	yí qíng yuè xìng
燕歌赵舞	yān gē zhào wǔ
默换潜移	mò huàn qián yí
诬良为盗	wū liáng wéi dào
骑鹤扬州	qí hè yáng zhōu
骑扬州鹤	qí yáng zhōu hè
槃根错节	pán gēn cuò jié
饮冰食蘖	yǐn bīng shí bò
航海梯山	háng hǎi tī shān
梯山航海	tī shān háng hǎi
挑三检四	tiāo sān jiǎn sì
罄竹难书	qìng zhú nán shū
作嫁衣裳	zuò jià yī shāng
韦编三绝	wéi biān sān jué
另眼看待	lìng yǎn kàn dài
逞妍斗色	chěng yán dòu sè
近乡情怯	jìn xiāng qíng qiè
截发留宾	jié fā liú bīn
劫富济贫	jié fù jì pín
冰消冻解	bīng xiāo dòng jiě
杼柚之空	zhù zhóu zhī kōng
除残去秽	chú cán qù huì
旁收博采	páng shōu bó cǎi
匕鬯不惊	bǐ chàng bù jīng
贵远鄙近	guì yuǎn bǐ jìn
豆分瓜剖	dòu fēn guā pōu
豆剖瓜分	dòu pōu guā fēn
瓜分豆剖	guā fēn dòu pōu
瓜剖豆分	guā pōu dòu fēn
衔沙填海	xián shā tián hǎi
区区此心	qū qū cǐ xīn
东磕西撞	dōng kē xī zhuàng
溘先朝露	kè xiān zhāo lù
推枯折腐	tuī kū shé fǔ
唯我独尊	wéi wǒ dú zūn
转弯磨角	zhuǎn wān mó jiǎo
犹豫不决	yóu yù bù jué
画脂镂冰	huà zhī lòu bīng
大醇小疵	dà chún xiǎo cī
重关击柝	chóng guān jī tuò
苦海茫茫	kǔ hǎi máng máng
茫茫苦海	máng máng kǔ hǎi
悔之晚矣	huǐ zhī wǎn yǐ
穷途潦倒	qióng tú liáo dǎo
尤云殢雪	yóu yún tì xuě
锦绣前程	jǐn xiù qián chéng
社会贤达	shè huì xián dá
寄雁传书	jì yàn chuán shū
赏信罚必	shǎng xìn fá bì
信赏必罚	xìn shǎng bì fá
卖剑买琴	mài jiàn mǎi qín
我见犹怜	wǒ jiàn yóu lián
若崩厥角	ruò bēng jué jiǎo
匹夫怀璧	pǐ fū huái bì
观者如垛	guān zhě rú duǒ
摇摇欲坠	yáo yáo yù zhuì
厚此薄彼	hòu cǐ bó bǐ
景星凤凰	jǐng xīng fèng huáng
东扭西捏	dōng niǔ xī niē
没查没利	méi chá méi lì
高爵厚禄	gāo jué hòu lù
高位厚禄	gāo wèi hòu lù
杜门却扫	dù mén què sǎo
龙拏虎攫	lóng ná hǔ jué
材雄德茂	cái xióng dé mào
鲇鱼上竹	nián yú shàng zhú
取辖投井	qǔ xiá tóu jǐng
杜门谢客	dù mén xiè kè
狗党狐朋	gǒu dǎng hú péng
狐朋狗党	hú péng gǒu dǎng
率由旧章	shuài yóu jiù zhāng
蝇随骥尾	yíng suí jì wěi
忠驱义感	zhōng qū yì gǎn
良师益友	liáng shī yì yǒu
浮花浪蕊	fú huā làng ruǐ
浪蕊浮花	làng ruǐ fú huā
逋逃之臣	bū táo zhī chén
面壁磨砖	miàn bì mó zhuān
集腋为裘	jí yè wéi qiú
解剑拜仇	jiě jiàn bài chóu
尘饭涂羹	chén fàn tú gēng
尘羹涂饭	chén gēng tú fàn
怏怏不乐	yàng yàng bù lè
支分族解	zhī fē zú jiě
开锣喝道	kāi luó hè dào
帷箔不修	wéi bó bù xiū
乞浆得酒	qǐ jiāng dé jiǔ
吃里爬外	chī lǐ pá wài
横征暴赋	hèng zhēng bào fù
直眉睖眼	zhí méi lèng yǎn
朽戈钝甲	xiǔ gē dùn jiǎ
扶危救困	fú wēi jiù kùn
救困扶危	jiù kùn fú wēi
沂水弦歌	yí shuǐ xián gē
金断觿决	jīn duàn xī jué
卷甲韬戈	juàn jiǎ tāo gē
韬戈卷甲	tāo gē juàn jiǎ
肩摩踵接	jiān mó zhǒng jiē
摩肩接踵	mó jiān jiē zhǒng
踵接肩摩	zhǒng jiē jiān mó
取乱侮亡	qǔ luàn wǔ wáng
茫无涯际	máng wú yá jì
连战皆捷	lián zhàn jiē jié
黼衣方领	fǔ yī fāng lǐng
卬首信眉	áng shǒu shēn méi
岁序更新	suì xù gēng xīn
松筠之节	sōng jūn zhī jié
篝火狐鸣	gōu huǒ hú míng
狐鸣篝火	hú míng gōu huǒ
恇怯不前	kuāng qiè bù qián
元方季方	yuán fāng jì fāng
廉泉让水	lián quán ràng shuǐ
束发封帛	shù fā fēng bó
搔首弄姿	sāo shǒu nòng zī
炫异争奇	xuàn yì zhēng qí
滑头滑脑	huá tóu huá nǎo
夫唱妇随	fū chàng fù suí
箭穿雁嘴	jiàn chuān yàn zuǐ
丹书铁契	dān shū tiě qì
遭时制宜	zāo shí zhì yí
还乡昼锦	huán xiāng zhòu jǐn
斗艳争辉	dòu yàn zhēng huī
扬清抑浊	yáng qīng yì zhuó
孜孜不怠	zī zī bù dài
孜孜不懈	zī zī bù xiè
望尘奔溃	wàng chén bēn kuì
炊臼之戚	chuī jiù zhī qī
长嘘短叹	cháng xū duǎn tàn
韬光敛彩	tāo guāng liǎn cǎi
干脆利索	gàn cuì lì suǒ
韬戈偃武	tāo gē yǎn wǔ
疏财仗义	shū cái zhàng yì
仗义疏财	zhàng yì shū cái
广结良缘	guǎng jié liáng yuán
弘奖风流	hóng jiǎng fēng liú
魆风骤雨	zhuō fēng zhòu yǔ
劝善戒恶	quàn shàn jiè è
励志竭精	lì zhì jié jīng
绿肥红瘦	lǜ féi hóng shòu
羞与为伍	xiū yǔ wéi wǔ
飞禽走兽	fēi qín zǒu shòu
宣化承流	xuān huà chéng liú
俏成俏败	qiào chéng qiào bài
党邪丑正	dǎng xié chǒu zhèng
强嘴硬牙	jiàng zuǐ yìng yá
粮尽援绝	liáng jìn yuán jué
男大须婚	nán dà xū hūn
以身殉职	yǐ shēn xùn zhí
鄙夷不屑	bǐ yí bù xiè
太丘道广	tài qiū dào guǎng
方骖并路	fāng cān bìng lù
蚁附蝇集	yǐ fù yíng jí
蝇集蚁附	yíng jí yǐ fù
延年益寿	yán nián yì shòu
益寿延年	yì shòu yán nián
多钱善贾	duō qián shàn gǔ
斋心涤虑	zhāi xīn dí lǜ
耿耿于心	gěng gěng yú xīn
撧耳顿足	yǎn ěr dùn zú
补牢顾犬	bǔ láo gù quǎn
顾犬补牢	gù quǎn bǔ láo
铁面御史	tiě miàn yù shǐ
先自隗始	xiān zì wěi shǐ
循名考实	xún míng kǎo shí
衒玉贾石	zuì yù jiǎ shí
改柯易叶	gǎi kē yì yè
良宵美景	liáng xiāo měi jǐng
枵腹从公	xiāo fù cóng gōng
珠沉玉磒	zhū chén yù zǐ
切近的当	qiē jìn de dāng
庄生梦蝶	zhuāng shēng mèng dié
赤舌烧城	chì shé shāo chéng
负衡据鼎	fù héng jù dǐng
顽皮贼骨	wán pí zéi gǔ
青面獠牙	qīng miàn liáo yá
席卷八荒	xí juǎn bā huāng
牛骥同皁	niú jì tóng wěn
遭际时会	zāo jì shí huì
以慎为键	yǐ shèn wéi jiàn
烈火烹油	liè huǒ pēng yóu
藏弓烹狗	cáng gōng pēng gǒu
烹狗藏弓	pēng gǒu cáng gōng
季孟之间	jì mèng zhī jiān
封刀挂剑	fēng dāo guà jiàn
蠹国殃民	dù guó yāng mín
乔文假醋	qiáo wén jiǎ cù
桴鼓相应	fú gǔ xiāng yìng
寻弊索瑕	xún bì suǒ xiá
循常习故	xún cháng xí gù
尝胆卧薪	cháng dǎn wò xīn
卧薪尝胆	wò xīn cháng dǎn
潜消默化	qián xiāo mò huà
春光漏泄	chūn guāng lòu xiè
漏泄春光	lòu xiè chūn guāng
顾盼生辉	gù pàn shēng huī
户限为穿	hù xiàn wéi chuān
气冲霄汉	qì chōng xiāo hàn
体贴入妙	tǐ tiē rù miào
洗眉刷目	xǐ méi shuā mù
洞隐烛微	dòng yǐn zhú wēi
腰缠万贯	yāo chán wàn guàn
顿开茅塞	dùn kāi máo sè
茅塞顿开	máo sè dùn kāi
触斗蛮争	chù dòu mán zhēng
乘坚策肥	chéng jiān cè féi
片词只句	piàn cí zhī jù
餐霞饮景	cān xiá yǐn jǐng
把薪助火	bǎ xīn zhù huǒ
输肝沥胆	shū gān lì dǎn
雨淋日晒	yǔ lín rì shài
七贞九烈	qī zhēn jiǔ liè
膏粱年少	gāo liáng nián shào
佛性禅心	fó xìng chán xīn
反裘负刍	fǎn qiú fù chú
信笔涂鸦	xìn bǐ tú yā
清音幽韵	qīng yīn yōu yùn
略无忌惮	lüè wú jì dàn
猿悲鹤怨	yuán bēi hè yuàn
十羊九牧	shí yáng jiǔ mù
敌惠敌怨	dí huì dí yuàn
酒酣耳熟	jiǔ hān ěr shú
朝露溘至	zhāo lù kè zhì
伐毛换髓	fá máo huàn suǐ
操刀必割	cāo dāo bì gē
车载船装	chē zǎi chuán zhuāng
斫雕为朴	zhuó diāo wéi pǔ
借尸还魂	jiè shī huán hún
满腔热枕	mǎn qiāng rè chén
攘来熙往	rǎng lái xī wǎng
攘往熙来	rǎng wǎng xī lái
熙来攘往	xī lái rǎng wǎng
狐鸣篝中	hú míng gōu zhōng
燕巢危幕	yàn cháo wēi mù
众说纷揉	zhòng shuō fēn róu
东游西逛	dōng yóu xī guàng
沽名要誉	gū míng yào yù
接袂成帷	jiē mèi chéng wéi
多凶少吉	duō xiōng shǎo jí
凶多吉少	xiōng duō jí shǎo
摇羽毛扇	yáo yǔ máo shàn
妒能害贤	dù néng hài xián
穷巷陋室	qióng xiàng lòu shì
柔情绰态	róu qíng chuō tai
鬼瞰其室	guǐ kàn qí shì
韬光隐晦	tāo guāng yǐn huì
海底捞针	hǎi dǐ lāo zhēn
养虺成蛇	yǎng huǐ chéng shé
剪草除根	jiǎn cǎo chú gēn
请先入瓮	qǐng xiān rù wèng
七擒七纵	qī qín qī zòng
七纵七擒	qī zòng qī qín
夏虫疑冰	xià chóng yí bīng
东床快婿	dōng chuáng kuài xù
老马恋栈	lǎo mǎ liàn zhàn
涣汗大号	huàn hàn dà hào
冬烘先生	dōng hōng xiān shēng
如鲠在喉	rú gěng zài hóu
遗孽余烈	yí niè yú liè
饭囊酒瓮	fàn náng jiǔ wèng
酒瓮饭囊	jiǔ wèng fàn náng
避井入坎	bì jǐng rù kǎn
矮人看戏	ǎi rén kàn xì
翻然悔悟	fān rán huǐ wù
胁肩低眉	xié jiān dī méi
波谲云诡	bō jué yún guǐ
云谲波诡	yún jué bō guǐ
贵阴贱璧	guì yīn jiàn bì
盲者得镜	máng zhě dé jìng
折足覆餸	zhé zú fù sù
沉疴难起	chén kē nán qǐ
巴巴结结	bā bā jiē jiē
结结巴巴	jiē jiē bā bā
连根带梢	lián gēn dài shāo
长辔远驭	cháng pèi yuǎn yù
千疮百痍	qiān chuāng bǎi yí
挠曲枉直	náo qū wǎng zhí
顿口拙腮	dùn kǒu zhuō sāi
淫言媟语	yín yán liǎng yǔ
搜索枯肠	sōu suǒ kū cháng
童叟无欺	tóng sǒu wú qī
进退惟咎	jìn tuì wéi jiù
没屋架梁	méi wū jià liáng
轰雷贯耳	hōng léi guàn ěr
文弛武玩	wén chí wǔ wán
山陬海噬	shān zōu hǎi shì
斩将夺旗	zhǎn jiàng duó qí
五石六鹢	wǔ shí liù yī
残羹冷饭	cán gēng lěng fàn
剜肉生疮	wān ròu shēng chuāng
欲谁归罪	yu shui gui zhui
尝鼎一脔	cháng dǐng yī luán
推本溯源	tuī běn sù yuán
追本溯源	zhuī běn sù yuán
马迟枚疾	mǎ chí méi jí
方员可施	fāng yuán kě shī
响彻云际	xiǎng chè yún jì
响彻云霄	xiǎng chè yún xiāo
猛虎添翼	měng hǔ tiān yì
拈轻掇重	niān qīng duō zhòng
问安视膳	wèn ān shì shàn
潜神默记	qián shén mò jì
打牙配嘴	dǎ yá pèi zuǐ
半筹莫展	bàn chóu mò chǎn
江翻海扰	jiāng fān hǎi rǎo
铸甲销戈	zhù jiǎ xiāo gē
狐凭鼠伏	hú píng shǔ fú
沉湎酒色	chén miǎn jiǔ sè
囊匣如洗	náng xiá rú xǐ
量才录用	liàng cái lù yòng
洞幽烛远	dòng yōu zhú yuǎn
不置褒贬	bù zhì bāo biǎn
鸿鷑凤立	hóng xiān fèng lì
韬光韫玉	tāo guāng yùn yù
刻鹄成鹜	kè hú chéng wù
三坟五典	sān fén wǔ diǎn
五典三坟	wǔ diǎn sān fén
爱惜羽毛	ài xī yǔ máo
琴歌酒赋	qín gē jiǔ fù
安车蒲轮	ān chē pú lún
三期贤佞	sān qī xián nìng
禁攻寝兵	jìn gōng qǐn bīng
昂头挺胸	áng tóu tǐng xiōng
励精求治	lì jīng qiú zhì
传檄而定	chuán xí ér dìng
乌烟瘴气	wū yān zhàng qì
愁眉啼妆	chóu méi tí zhuāng
污七八糟	wū qī bā zāo
内圣外王	nèi shèng wài zhǔ
纷至沓来	fēn zhì tà lái
狗苟蝇营	gǒu gǒu yíng yíng
磨砥刻厉	mó dǐ kè lì
蝇营狗苟	yíng yíng gǒu gǒu
陵弱暴寡	líng ruò bào guǎ
延颈鹤望	yán jǐng hè wàng
闲邪存诚	xián xié cún chéng
狼狈万状	láng bèi wàn zhuàng
诗云子曰	shī yún zǐ yuè
子曰诗云	zǐ yuè shī yún
鹰拿燕雀	yīng ná yàn què
内修外攘	nèi xiū wai rǎng
隔年皇历	gé nián huáng lì
汗牛塞栋	hàn niú sāi dòng
七搭八扯	qī dā bā chě
谬种流传	miù zhǒng liú chuán
南郭处士	nán guō chǔ shì
炫奇争胜	xuàn qí zhēng shèng
诗书发冢	shī shū fà zhǒng
暗室逢灯	àn shì féng dēng
珠联玉映	zhū lián yù yìng
断线风筝	duàn xiàn fēng zhēng
北门管钥	běi mén guǎn yuè
大气磅礴	dà qì páng bó
袁安高卧	yuán ān gāo wò
朱阁青楼	zhū gé qīng lóu
池鱼笼鸟	chí yú lóng niǎo
笼鸟池鱼	lóng niǎo shi yú
推舟于陆	tuī zhōu yú lù
俯首就缚	fǔ shǒu jiù fù
险象环生	xiǎn xiàng huán shēng
藏踪蹑迹	cáng zōng niè jī
鱼馁肉败	yú něi ròu bài
宦海浮沉	huàn hǎi fú chén
绿惨红销	lǜ cǎn hóng xiāo
剑及屦及	jiàn jí jù jí
屦及剑及	jù jí jiàn jí
载驰载驱	zǎi chí zǎi qū
载驱载驰	zài qū zài chí
含垢忍辱	hán gòu rěn rǔ
忍辱含垢	rěn rǔ hán gòu
左建外易	zuǒ jiàn wài yì
腼颜天壤	miǎn yán tiān rǎng
神哗鬼叫	shén huá guǐ jiào
摇席破座	yáo xí pò zuò
鞠躬尽力	jū gōng jìn lì
继继存存	jì jì cún cún
米珠薪桂	mǐ zhū xīn guì
左右开弓	zuǒ yòu kāi gōng
褒衣博带	bāo yī bó dài
玉漏犹滴	yu lou you di
攻瑕索垢	gōng xiá suǒ gòu
思妇病母	sī fù bìng mǔ
集腋成裘	jí yè chéng qiú
碌碌寡合	lù lù guǎ hé
心旌摇曳	xīn jīng yáo yè
骑牛觅牛	qí niú mì niú
栩栩如生	xǔ xǔ rú shēng
持刀动杖	chí dāo dòng zhàng
打街骂巷	dǎ jiē mà xiàng
抱令守律	bào lìng shǒu lǜ
多嘴献浅	duō zuǐ xiàn qiǎn
忠孝两全	zhōng xiào liǎng quán
运筹决策	yùn chóu jué cè
引绳批根	yǐn shéng pī gēn
世掌丝纶	shì zhǎng sī lún
烂熳天真	làn màn tiān zhēn
天真烂熳	tiān zhēn làn màn
车殆马烦	chē dài mǎ fán
鲜车健马	xiān chē jiàn mǎ
没金铩羽	méi jīn shā yǔ
岁聿云暮	suì yù yún mù
监临自盗	jiān lín zì dào
医时救弊	yī shí jiù bì
肆无忌惮	sì wú jì dàn
揆文奋武	kuí wén fèn wǔ
寄兴寓情	jì xìng yù qíng
遣兴陶情	qiǎn xìng táo qíng
焚巢荡穴	fén cháo dàng xué
尺波电谢	chǐ bō diàn xiè
将功赎罪	jiāng gōng shú zuì
阿家阿翁	ā gū ā wēng
城狐社鼠	chéng hú shè shǔ
社鼠城狐	shè shǔ chéng hú
装妖作怪	zhuāng yāo zuò guài
趁波逐浪	chèn bō zhú làng
浑浑沉沉	hún hún shěn chén
自由泛滥	zì yóu fàn làn
礼崩乐坏	lǐ bēng yuè huài
礼坏乐崩	lǐ huài yuè bēng
夹袋人物	jiā dài rén wù
泾渭分明	jīng wèi fēn míng
小惩大诫	xiǎo chéng dà jiè
违法乱纪	wéi fǎ luàn jì
七窝八代	qī wō bā dài
悖入悖出	bèi rù bèi chū
赤身裸体	chì shēn luǒ tǐ
咬定牙关	yǎo dìng yá guān
案牍劳形	àn dú láo xíng
琴瑟和好	qín sè hé hǎo
三槐九棘	sān huái jiǔ jí
摇唇鼓喙	yáo chún gǔ huì
剖蚌求珠	pōu bàng qiú zhū
聊复尔耳	liáo fù ěr ěr
乐昌破镜	lè chāng pò jìng
锦囊还矢	jǐn náng huán shǐ
坐戒垂堂	zuò jǐng chuí táng
概莫能外	gài mò néng wài
慷慨就义	kāng kǎi jiù yì
全神灌注	quán shén guàn zhù
横冲直闯	héng chōng zhí chuǎng
鸡犬皆仙	jī quǎn jiē xiān
咬文嚼字	yǎo wén jiáo zì
萎糜不振	wěi mí bù zhèn
枭蛇鬼怪	xiāo shé guǐ guài
剑拔弩张	jiàn bá nǔ zhāng
弩张剑拔	nǔ zhāng jiàn bá
以丰补歉	yǐ fēng bǔ qiàn
鉴空衡平	jiàn kōng héng píng
岁时伏腊	suì shí fú là
盗嫂受金	dào sǎo shòu jīn
眩碧成朱	xuàn bì chéng zhū
并威偶势	bìng wēi ǒu shì
春晖寸草	chūn huī cùn cǎo
寸草春晖	cùn cǎo chūn huī
拔苗助长	bá miáo zhù zhǎng
阴差阳错	yīn chā yáng cuò
阴错阳差	yīn cuò yáng chā
鹰犬塞途	yīng quǎn sāi tú
锋芒所向	fēng máng suǒ xiàng
穿针引线	chuān zhēn yǐn xiàn
引线穿针	yǐn xiàn chuān zhēn
汪洋自肆	wāng yáng zì sì
琼楼玉宇	qióng lóu yù yǔ
玉宇琼楼	yù yǔ qióng lóu
童心未泯	tóng xīn wèi mǐn
怀宝迷邦	huái bǎo mí bāng
娱妻弄子	yú qī nòng zǐ
主敬存诚	zhǔ jìng cún chéng
蝇营蚁附	yíng yíng yǐ fù
再接再厉	zài jiē zài lì
燕颔虎须	yàn hàn hǔ xū
腼颜事敌	miǎn yán shì dí
乘伪行诈	chéng wěi xíng zhà
以学愈愚	yǐ xué yù yú
反面教员	fǎn miàn jiào yuán
货赂公行	huò lù gōng xíng
朽木粪土	xiǔ mù fèn tǔ
寤寐求之	wù mèi qiú zhī
长幼尊卑	zhǎng yòu zūn bēi
熬更守夜	áo gēng shǒu yè
女娲补天	nǚ wā bǔ tiān
波路壮阔	bō lù zhuàng kuò
砥砺名号	dǐ lì míng hào
曲眉丰颊	qǔ méi fēng jiá
连枝共冢	lián zhī gòng zhǒng
事款则圆	shì kuǎn zé yuán
鸮鸣鼠暴	zhāng míng shǔ bào
蹉跎日月	cuō tuó rì yuè
日月蹉跎	rì yuè cuō tuó
炊沙镂冰	chuī shā lòu bīng
贪婪无厌	tān lán wú yàn
追根溯源	zhuī gēn sù yuán
实逼处此	shí bī chǔ cǐ
畜妻养子	xù qī yǎng zǐ
繁征博引	fán zhēng bó yǐn
多收并畜	duō shōu bìng chù
孤悬客寄	gū xuán kè jì
耳鬓斯磨	ěr bìn sī mó
侃侃而谈	kǎn kǎn ér tán
款款而谈	kuǎn kuǎn ér tán
斗量筲计	dǒu liáng shāo jì
轻怜痛惜	qīng lián tòng xī
鹊笑鸠舞	què xiào jiū wǔ
林栖谷隐	lín qī gǔ yǐn
鉴貌辨色	jiàn mào biàn sè
党坚势盛	dǎng jiān shì shèng
料敌制胜	liào dí zhì shèng
燕雀相贺	yàn què xiāng hè
三窝两块	sān wō liǎng kuài
载歌且舞	zài gē qiě wǔ
腹诽心谤	fù fěi xīn bàng
蜀犬吠日	shǔ quǎn fèi rì
吊儿郎当	diào er láng dāng
瘴乡恶土	zhàng xiāng è tǔ
东挦西扯	dōng xián xī chě
狗拿耗子	gǒu ná hào zǐ
蓬门筚户	péng mén bì hù
政简刑清	zhèng jiǎn xíng qīng
慌慌张张	huāng huāng zhāng zhāng
附翼攀鳞	fù yì pān lín
攀鳞附翼	pān lín fù yì
扪虱而谈	mén shī ér tán
谈笑封侯	tán xiào fēng hóu
诟龟呼天	gòu guī hū tiān
柳眉剔竖	liǔ méi tī shù
止沸益薪	zhǐ fèi yì xīn
怡颜悦色	yí yán yuè sè
扣楫中流	kòu jí zhōng liú
定乱扶衰	dìng luàn fú shuāi
凤皇于蜚	fèng huáng yú fēi
龙凤呈祥	lóng fèng chéng xiáng
烹龙庖凤	pēng lóng páo fèng
吴下阿蒙	wú xià ā méng
骇状殊形	hài zhuàng shū xíng
顾曲周郎	gù qǔ zhōu láng
周郎顾曲	zhōu láng gù qǔ
大展宏图	dà zhǎn hóng tú
蜜里调油	mì lǐ tiáo yóu
噤口卷舌	jìn kǒu juǎn shé
元恶大憝	yuán è dà duì
谨小慎微	jǐn xiǎo shèn wēi
慎小谨微	shèn xiǎo jǐn wēi
哑子托梦	yǎ zǐ tuō mèng
櫜甲束兵	gāo jiǎ shù bīng
噬脐无及	shì qí wú jí
云兴霞蔚	yún xīng xiá wèi
渔翁得利	yú wēng dé lì
权均力敌	quán jūn lì dí
滑泥扬波	huá ní yáng bō
朝梁暮晋	zhāo liáng mù jìn
新亭对泣	xīn tíng duì qì
西颦东效	xī pín dōng xiào
逐宕失返	zhú dàng shī fǎn
否终复泰	pǐ zhōng fù tài
伐毛洗髓	fá máo xǐ suǐ
洗髓伐毛	xǐ suǐ fá máo
擢发莫数	zhuó fà mò shǔ
才贯二酉	cái guàn èr yǒu
人稠物穰	rén chóu wù ráng
深闭固拒	shēn bì gù jù
监主自盗	jiān zhǔ zì dào
十米九糠	shí mǐ jiǔ kāng
起凤腾蛟	qǐ fèng téng jiāo
腾蛟起凤	téng jiāo qǐ fèng
雕梁画栋	diāo liáng huà dòng
画栋雕梁	huà dòng diāo liáng
画梁雕栋	huà liáng diāo dòng
诌上抑下	zhōu shàng yì xià
尤花殢雪	yóu huā tì xuě
七男八婿	qī nán bā xù
标新创异	biāo xīn chuàng yì
单枪匹马	dān qiāng pí mǎ
匹马单枪	pǐ mǎ dān qiāng
鬼哭狼嚎	guǐ kū láng háo
贵壮贱弱	guì zhuàng jiàn ruò
鹰瞵虎视	yīng lín hǔ shì
无兄盗嫂	wú xiōng dào sǎo
革旧维新	gé jiù wéi xīn
鬓乱钗横	bìn luàn chāi héng
钗横鬓乱	chāi héng bìn luàn
支床迭屋	zhī chuáng dié wū
怜贫惜老	lián pín xī lǎo
惜老怜贫	xī lǎo lián pín
因陋守旧	yīn lòu shǒu jiù
耸膊成山	sǒng bó chéng shān
戟指嚼舌	jǐ zhǐ jiáo shé
整冠纳履	zhěng guàn nà lǚ
按步就班	àn bù jiù bān
奔走钻营	bēn zǒu zuān yíng
晓行夜住	xiǎo xíng yè zhù
讹以传讹	é yǐ chuán é
以讹传讹	yǐ é chuán é
目睁口呆	mù zhēng kǒu dāi
椎牛发冢	chuí niú fā zhǒng
不分畛域	bù fēn zhěn yù
多许少与	duō xǔ shǎo yǔ
彩衣娱亲	cǎi yī yú qīn
拿腔作调	ná qiāng zuò diào
南户窥郎	nán hù kuī láng
狐奔鼠窜	hú bēn shǔ cuàn
被褐怀玉	pī hè huái yù
尻舆神马	kāo yú shén mǎ
负老提幼	fù lǎo tí yòu
满目凄凉	mǎn mù qī liáng
纲挈目张	gāng qiè mù zhāng
越鸟南栖	yuè niǎo nán qī
绰有余裕	chuò yǒu yú yù
涸辙枯鱼	hé zhé kū yú
枯鱼涸辙	kū yú hé zhé
瘦羊博士	shòu yáng bó shì
饥餐渴饮	jī cān kě yǐn
犬牙鹰爪	quǎn yá yīng zhǎo
不吝赐教	bù lìn cì jiào
夙世冤业	sù shì yuān yè
拏云攫石	ná yún jué shí
根孤伎薄	gēn gū jì báo
外巧内嫉	wài qiǎo nèi jí
折矩周规	zhé jǔ zhōu guī
周规折矩	zhōu guī zhé jǔ
连衽成帷	lián rèn chéng wéi
东央西告	dōng yāng xī gào
抟沙作饭	tuán shā zuò fàn
涕泪交垂	tì lèi jiāo chuí
明抢暗偷	míng qiǎng àn tōu
聚沙成塔	jù shā chéng tǎ
男女老幼	nán nǚ lǎo yòu
予取予求	yú qǔ yú qiú
鸿章钜字	hóng zhāng jù zì
较长絜短	jiào cháng xié duǎn
较短絜长	jiào duǎn xié cháng
词清讼简	cí qīng sòng jiǎn
深壁固垒	shēn bì gù lěi
深宅大院	shēn zhái dà yuàn
才广妨身	cái guǎng fáng shēn
五方杂厝	wǔ fāng zá cuò
雾涌云蒸	wù yǒng yún zhēng
强唇劣嘴	qiáng chún liè zuǐ
咽苦吞甘	yàn kǔ tūn gān
黄袍加体	huáng páo jiā tǐ
挑拨离间	tiǎo bō lí jiàn
依依惜别	yī yī xī bié
曲径通幽	qū jìng tōng yōu
欺君误国	qī jūn wù guó
饔飧不继	yōng sūn bù jì
润屋润身	rùn wū rùn shēn
取巧图便	qǔ qiǎo tú biàn
野人奏曝	yě rén zòu pù
取青妃白	qǔ qīng fēi bái
取青媲白	qǔ qīng pì bái
椎胸跌足	chuí xiōng diē zú
玩故习常	wán gù xí cháng
杯盘狼藉	bēi pán láng jí
消愁解闷	xiāo chóu jiě mèn
青衫司马	qīng shān sī mǎ
司马青衫	sī mǎ qīng shān
燕翼贻谋	yàn yì yí móu
谦恭下士	qiān gōng xià shì
格杀勿论	gé shā wù lùn
杀鸡骇猴	shā jī hài hóu
馔玉炊珠	zhuàn yù chuī zhū
甘泉必竭	gān quán bì jié
霞姿月韵	xiá zī yuè yùn
明扬侧陋	míng yáng cè lòu
先意希旨	xiān yì xī zhǐ
忐上忑下	tǎn shàng tè xià
两脚书橱	liǎng jiǎo shū chú
凤翥鸾翔	fèng zhù luán xiáng
鸾翔凤翥	luán xiáng fèng zhù
翥凤翔鸾	zhù fèng xiáng luán
拍案惊奇	pāi àn jīng qí
颠来簸去	diān lái bǒ qù
小廉曲谨	xiǎo lián qǔ jǐn
嫉贪如雠	jí tān rú chóu
欺君罔上	qī jūn wǎng shàng
枉法徇私	wǎng fǎ xùn sī
徇私枉法	xùn sī wǎng fǎ
子夏悬鹑	zǐ xià xuán chún
木朽蛀生	mù xiǔ zhù shēng
磊瑰不羁	lěi guī bù jī
开基立业	kāi jī lì yè
软红十丈	ruǎn hóng shí zhàng
喘月吴牛	chuǎn yuè wú niú
吴牛喘月	wú niú chuǎn yuè
七纵七禽	qī zòng qī qín
飘萍浪迹	piāo péng làng jì
撞头磕脑	zhuàng tóu kē nǎo
鳌里夺尊	áo lǐ duó zūn
焚薮而田	fén sǒu ér tián
抱宝怀珍	bào bǎo huái zhēn
衣紫腰银	yī zǐ yāo yín
遗簪坠履	yí zān zhuì lǚ
骈肩迭迹	pián jiān dié jì
吊誉沽名	diào yù gū míng
沽名吊誉	gū míng diào yù
濯污扬清	zhuó wū yáng qīng
除秽布新	chú huì bù xīn
衒玉自售	zuì yù zì shòu
克伐怨欲	kè fá yuàn yù
新陈代谢	xīn chén dài xiè
旁通曲畅	páng tōng qǔ chàng
因材施教	yīn cái shī jiào
磨砖成镜	mó zhuān chéng jìng
柔肤弱体	róu fū ruò tǐ
奇珍异玩	qí zhēn yì wán
蚁斗蜗争	yǐ dòu wō zhēng
轨物范世	guī wù fàn shì
时亨运泰	shí hēng yùn tai
柔能克刚	róu néng kè gāng
迟疑未决	chí yí wèi jué
水陆杂陈	shuǐ lù zái chén
兼权尚计	jiān quán shàng jì
猫鼠同眠	māo shǔ tóng mián
百般奉承	bǎi bān fèng chéng
毁家纾国	huǐ jiā shū guó
权均力齐	quán jūn lì qí
结驷连骑	jié sì lián qí
不懂装懂	bù dǒng zhuāng dǒng
唇敝舌腐	chún bì shé fǔ
短褐穿结	duǎn hè chuān jié
偃旗卧鼓	yǎn qí wò gǔ
止渴思梅	zhǐ kě sī méi
嘉言懿行	jiā yán yì xíng
掩眼捕雀	yǎn yǎn bǔ què
敲锣打鼓	qiāo luó dǎ gǔ
插翅难飞	chā chì nán fēi
磨穿铁鞋	mó chuān tiě xié
黔驴之技	qián lǘ zhī jì
发踊冲冠	fà yǒng chōng guān
牵牛织女	qiān niú zhī nǚ
抱瓮出灌	bào wèng chū guàn
屈艳班香	qū yàn bān xiāng
蝇营鼠窥	yíng yíng shǔ kuī
党邪陷正	dǎng xié xiàn zhèng
懊悔无及	ào huǐ wú jí
博览群书	bó lǎn qún shū
通幽洞灵	tōng yōu dòng líng
龙腾虎踯	lóng téng hǔ zhí
劫数难逃	jié shù nán táo
绮纨之岁	qǐ wán zhī suì
一笔抹摋	yī bǐ mò sà
循涂守辙	xún tú shǒu zhé
出何典记	chū hé diǎn jì
咬牙恨齿	yǎo yá hèn chǐ
临别赠语	lín bié zèng yǔ
迅雷风烈	xùn léi fēng liè
胁肩低首	xié jiān dī shǒu
橛守成规	jué shǒu chéng guī
彰明昭着	zhāng míng zhāo zhe
螳臂当车	táng bì dāng chē
涕泪交集	tì lèi jiāo jí
响答影随	xiǎng dá yǐng suí
支床叠屋	zhī chuáng dié wū
东床坦腹	dōng chuáng tǎn fù
坦腹东床	tǎn fù dōng chuáng
视为寇雠	shì wéi kòu chóu
豕虎传讹	shǐ hǔ chuán é
弊车羸马	bì chē léi mǎ
乘间抵隙	chéng jiān dǐ xì
楞头呆脑	léng tóu dāi nǎo
禁暴诛乱	jìn bào zhū luàn
舛讹百出	chuǎn é bǎi chū
青蝇吊客	qīng yíng diào kè
烘云讬月	hōng yún zhì yuè
吹毛数睫	chuī máo shù jié
膏梁锦绣	gāo liáng jǐn xiù
泛宅浮家	fàn zhái fú jiā
浮家泛宅	fú jiā fàn zhái
富贵显荣	fù guì xiǎn róng
拭目以俟	shì mù yǐ sì
繁弦急管	fán xián jí guǎn
急管繁弦	jí guǎn fán xián
烧犀观火	shāo xī guān huǒ
雕盘绮食	diāo pán qǐ shí
异香扑鼻	yì xiāng pū bí
官运亨通	guān yùn hēng gōng
款款深深	kuǎn kuǎn shēn shēn
没完没了	méi wán méi liǎo
繁华损枝	fán huá sǔn zhī
枝繁叶茂	zhī fán yè mào
沐猴衣冠	mù hóu yī guàn
俯首贴耳	fǔ shǒu tiē ěr
鸣锣喝道	míng luó hè dào
烈火轰雷	liè huǒ hōng léi
分毫析厘	fēn háo xī lí
三曹对案	sān cáo duì àn
高瞻远瞩	gāo zhān yuǎn zhǔ
远瞩高瞻	yuǎn zhǔ gāo zhān
绿林豪客	lù lín háo kè
历世摩钝	lì shì mó dùn
稽疑送难	jī yí sòng nán
钻天觅缝	zuàn tiān mì féng
含辛忍苦	hán xīn rěn kǔ
恋恋难舍	liàn liàn nán shě
寒风侵肌	hán fēng qīn jī
两部鼓吹	liǎng bù gǔ chuī
殚谋戮力	dān móu lù lì
兔缺乌沉	tù quē wū chén
感今怀昔	gǎn jīn huái xī
石泐海枯	shí lè hǎi kū
品貌非凡	pǐn mào fēi fán
历历可考	lì lì kě kǎo
顿足捩耳	dùn zú liè ěr
凌弱暴寡	líng ruò bào guǎ
负屈衔冤	fù qū xián yuān
衔冤负屈	xián yuān fù qū
由此及彼	yóu cǐ jí bǐ
改梁换柱	gǎi liáng huàn zhù
借花献佛	jiè huā xiàn fó
斗艳争妍	dòu yàn zhēng yán
争妍斗艳	zhēng yán dòu yàn
栖冲业简	qī chōng yè jiǎn
向火乞儿	xiàng huǒ qǐ ér
摇头晃脑	yáo tóu huàng nǎo
摇头穢脑	yáo tóu gǎo nǎo
拔辖投井	bá xiá tóu jǐng
弹丸黑志	dàn wán hēi zhì
杀彘教子	shā zhì jiào zǐ
雨后送伞	yǔ hòu sòng sǎn
鹤骨霜髯	hè gǔ shuāng rán
上医医国	shàng yī yī guó
涕泪交加	tì lèi jiāo jiā
剜肉成疮	wān ròu chéng chuāng
蝇粪点玉	yíng fèn diǎn yù
殊方绝域	shū fāng jué yù
富国彊兵	fù guó jiāng bīng
蜂狂蝶乱	fēng kuáng dié luàn
悯时病俗	mǐn shí bìng sú
含垢忍耻	hán gòu rěn chǐ
忍耻含垢	rěn chǐ hán gòu
有耻且格	yǒu chǐ qiě gé
季常之癖	jì cháng zhī pǐ
财运亨通	cái yùn hēng tōng
女中豪杰	nǚ zhōng háo jié
病民蛊国	bìng mín gǔ guó
柳陌花丛	liǔ mò huā cóng
白叟黄童	bái sǒu huáng tóng
黄童白叟	huáng tóng bái sǒu
磨踵灭顶	mó zhǒng miè dǐng
舒头探脑	shū tóu tàn nǎo
干戈载戢	gàn gē zǎi jí
虽死犹生	suī sǐ yóu shēng
俯拾仰取	fǔ shí yǎng qǔ
仰取俯拾	yǎng qǔ fǔ shí
仰拾俯取	yǎng shí fǔ qǔ
融释贯通	róng shì guàn tōng
德洋恩普	dé yáng ēn pǔ
千里莼羹	qiān lǐ chún gēng
啸傲湖山	xiào ào hú shān
铸剑为犁	zhù jiàn wéi lí
开台锣鼓	kāi tái luó gǔ
非此即彼	fēi cǐ jí bǐ
望梅止渴	wàng méi zhǐ kě
止渴望梅	zhǐ kě wàng méi
悬首吴阙	xuán shǒu wú què
班师回俯	bān shī huí fǔ
阐幽明微	chǎn yōu míng wēi
潜踪匿影	qián zōng nì yǐng
捶胸顿足	chuí xiōng dùn zú
顿足捶胸	dùn zú chuí xiōng
合衷共济	hé zhōng gòng jì
荆榛满目	jīng zhēn mǎn mù
满目荆榛	mǎn mù jīng zhēn
倚官仗势	yǐ guān zhàng shì
扶正黜邪	fú zhèng chù xié
琴棋书画	qín qí shū huà
金台市骏	jīn tái shì jùn
赌神发咒	dǔ shén fā zhòu
荒诞无稽	huāng dàn wú jī
傲贤慢士	ào xián màn shì
蒹葭之思	jiān jiā zhī sī
焚林竭泽	fén lín jié zé
通衢大邑	tōng qú dà yì
交梨火枣	jiāo lí huǒ zǎo
拟非其伦	nǐ fēi qí lún
彪形大汉	biāo xíng dà hàn
招蜂引蝶	zhāo fēng yǐn dié
好问则裕	hào wèn zé yù
惹祸招灾	rě huò zhāo zāi
惹灾招祸	rě zāi zhāo huò
招灾惹祸	zhāo zāi rě huò
焚林而狩	fén lín ér shòu
多歧亡羊	duō qí wáng yáng
待兔守株	dài tù shǒu zhū
守株待兔	shǒu zhū dài tù
尺泽之鲵	chǐ zé zhī ní
出水芙蓉	chū shuǐ fú róng
芙蓉出水	fú róng chū shuǐ
杨柳宫眉	yáng liǔ gōng méi
指桑说槐	zhǐ sāng shuō huái
摧枯振朽	cuī kū zhèn xiǔ
枕籍经史	zhěn jí jīng shǐ
骈肩叠迹	pián jiān dié jì
矢口否认	shǐ kǒu fǒu rèn
官卑职小	guān bēi zhí xiǎo
演武修文	yǎn wǔ xiū wén
委肉虎蹊	wěi ròu hǔ xī
神思恍惚	shén sī huǎng hū
大渐弥留	dà jiàn mí liú
钓名要誉	diào míng yào yù
龙韬豹略	lóng tāo bào lüè
壮士断腕	zhuàng shì duàn wàn
奇文瑰句	qí wén guī jù
铁桶江山	tiě tǒng jiāng shān
开疆展土	kāi jiāng zhǎn tǔ
倚财仗势	yǐ cái zhàng shì
宽洪海量	kuān hóng hǎi liàng
逍遥事外	xiāo yáo shì wài
归去来兮	guī qù lái xī
钻牛角尖	zuān niú jiǎo jiān
日乾夕惕	rì qián xī tì
掩鼻偷香	yǎn bí tōu xiāng
麟角虎翅	lín jiǎo hǔ chì
托物寓兴	tuō wù yù xīng
饥寒交凑	jī hán jiāo còu
狐假鸱张	hú jiǎ chī zhāng
挨肩迭背	āi jiān dié bèi
邺架之藏	yè jià zhī cáng
粉装玉琢	fěn zhuāng yù zhuó
足茧手胝	zú jiǎn shǒu zhī
稳吃三注	wén chī sān zhù
不辟斧钺	bù bì fǔ yuè
丰功懿德	fēng gōng yì dé
松枝挂剑	sōng zhī guà jiàn
朱雀玄武	zhū què xuán wǔ
雕虫小艺	diāo chóng xiǎo yì
缝衣浅带	féng yī qiǎn dài
洞房花烛	dòng fáng huā zhú
暗绿稀红	àn lǜ xī hóng
绿暗红稀	lǜ àn hóng xī
洞察秋毫	dòng chá qiū háo
对证下药	duì zhèng xià yào
捉班做势	zhuō bān zuò shì
王后卢前	wáng hòu lú qián
囊里盛锥	náng lǐ shèng zhuī
吃惊受怕	chī jīng shòu pà
劝善黜恶	quàn shàn chù è
存亡未卜	cún wáng wèi bǔ
骇浪惊涛	hài làng jīng tāo
惊涛骇浪	jīng tāo hài làng
穷泉朽壤	qióng quán xiǔ rǎng
简落狐狸	jiǎn luò hú lí
硕学通儒	shuò xué tōng rú
通儒硕学	tōng rú shuò xué
贪赃枉法	tān zāng wǎng fǎ
谨始虑终	jǐn shǐ lǜ zhōng
主忧臣辱	zhǔ yōu chén rǔ
狼顾麕惊	láng gù qiān jīng
娇鸾雏凤	jiāo luán chú fèng
庄严宝相	zhuāng yán bǎo xiàng
调脂弄粉	tiáo zhī nòng fěn
彼竭我盈	bǐ jié wǒ yíng
诡谲多变	guǐ jué duō biàn
什袭而藏	shí xī ér cáng
彻内彻外	chè nèi chè wài
仅容旋马	jǐn róng xuán mǎ
管中窥豹	guǎn zhōng kuī bào
震耳欲聋	zhèn ěr yù lóng
余霞成绮	yú xiá chéng qǐ
入孝出悌	rù xiào chū tì
却病延年	què bìng yán nián
铭感五内	míng gǎn wǔ nèi
声希味淡	shēng xī wèi dàn
扬威耀武	yáng wēi yào wǔ
扬武耀威	yáng wǔ yào wēi
耀武扬威	yào wǔ yáng wēi
桂薪玉粒	guì xīn yù lì
玉粒桂薪	yù lì guì xīn
陶犬瓦鸡	táo quǎn wǎ jī
岁在龙蚮	suì zài lóng shé
逖听远闻	tì tīng yuǎn wén
遗簪堕履	yí zān duò lǚ
涂歌里抃	tú gē lǐ biàn
进德脩业	jìn dé xiū yè
英雄辈出	yīng xóng bèi chū
骑鹤维扬	qí hè wéi yáng
利缰名锁	lì jiāng míng suǒ
利锁名缰	lì suǒ míng jiāng
名缰利锁	míng jiāng lì suǒ
红腐贯朽	hóng fǔ guàn xiǔ
金题玉躞	jīn tí yù xiè
附势趋炎	fù shì qū yán
趋炎附势	qū yán fù shì
满盘皆输	mǎn pán jiē shū
黄锺毁弃	huáng zhōng huǐ qì
一字褒贬	yī zì bāo biǎn
额手称庆	é shǒu chēng qìng
哭丧着脸	kū sāng zhe liǎn
雾锁烟迷	wù suǒ yān mí
运筹决算	yùn chóu jué suàn
叩阍无路	kòu hūn wú lù
抽胎换骨	chōu tāi huàn gǔ
归根结柢	guī gēn jié dǐ
比肩系踵	bǐ jiān xì zhǒng
暗气暗恼	àn qì àn nǎo
新婚燕尔	xīn hūn yàn ěr
燕尔新婚	yàn ěr xīn hūn
借题发挥	jiè tí fā huī
矢口抵赖	shǐ kǒu dǐ lài
赏善罚否	shǎng shàn fá fǒu
车马骈阗	chē mǎ pián tián
面缚衔璧	miàn fù xián bì
七捞八攘	qī lāo bā rǎng
珠槃玉敦	zhū pán yù dūn
急景凋年	jí yǐng diāo nián
眠霜卧雪	mián shuāng wò xuě
卧雪眠霜	wò xuě mián shuāng
琴瑟失调	qín sè shī tiáo
大大咧咧	dà dà liē liē
打拱作揖	dǎ gǒng zuò yī
东滚西爬	dōng gǔn xī pá
败绩失据	bài jì shī jù
充闾之庆	chōng lǚ zhī qìng
磕头礼拜	kē tóu lǐ bài
谗言佞语	chán yán nìng yǔ
汗流浃肤	hàn liú jiā fū
假戏真做	jiǎ xì zhēn zuò
百炼成钢	bǎi liàn chéng gāng
更唱迭和	gēng chàng dié hé
搀行夺市	chān háng duó shì
漏尽锺鸣	lòu jìn zhōng míng
澜倒波随	lán dǎo bō suí
涕泪交零	tì lèi jiāo líng
虫沙猿鹤	chóng shā yuán hè
猿鹤虫沙	yuán hè chóng shā
猿鹤沙虫	yuán hè shā chóng
刁钻古怪	diāo zuān gǔ guài
祸首罪魁	huò shǒu zuì kuí
罪魁祸首	zuì kuí huò shǒu
讨流溯源	tǎo liú sù yuán
不甘寂寞	bù gān jì mò
孤学坠绪	gū xué zhuì xù
长颈鸟喙	cháng jǐng niǎo huì
耳熟能详	ěr shú néng xiáng
嫉贤傲士	jí xián ào shì
重熙累绩	chóng xī lěi jì
电掣星驰	diàn chè xīng chí
星驰电掣	xīng chí diàn chè
含垢忍污	hán gòu rěn wū
含污忍垢	hán wū rěn gòu
穷困潦倒	qióng kùn liáo dǎo
毛遂堕井	máo suí duò jǐng
深厉浅揭	shēn lì qiǎn qì
李郭同船	lǐ guō tóng chuán
除邪惩恶	chú xié chéng è
烂若舒锦	làn ruò shū jǐn
洞见症结	dòng jiàn zhèng jié
认仇作父	rèn chóu zuò fù
认贼作父	rèn zéi zuò fù
假痴不癫	jiǎ chī bù diān
曼衍鱼龙	màn yǎn yú lóng
鱼龙曼衍	yú lóng màn yǎn
贯穿融会	guàn chuān róng huì
弊帚自珍	bì zhǒu zì zhén
翻江搅海	fān jiāng jiǎo hǎi
江翻海搅	jiāng fān hǎi jiǎo
搅海翻江	jiǎo hǎi fān jiāng
雀小脏全	què xiǎo zàng quán
泛滥成灾	fàn làn chéng zāi
三榜定案	sān bǎng dìng àn
梁孟相敬	liáng mèng xiāng jìn
逾墙越舍	yú qiáng yuè shě
各抒己见	gè shū jǐ jiàn
追魂摄魄	zhuī hún shè pò
徇私舞弊	xùn sī wǔ bì
蜂屯蚁附	fēng tún yǐ fù
蚁附蜂屯	yǐ fù fēng tún
朱唇皓齿	zhū chún hào chǐ
尺瑜寸瑕	chǐ yú cùn xiá
龈齿弹舌	yín chǐ dàn shé
岩居穴处	yán jū xué chǔ
酒肉兄弟	jiǔ ròu xiōng dì
丛雀渊鱼	cóng què yuān yú
渊鱼丛雀	yuān yú cóng què
挑雪填井	tiāo xuě tián jǐng
凶终隙未	xiōng zhōng xì wèi
嫁犬逐犬	jià quǎn zhú quǎn
引伸触类	yǐn shēn chù lèi
井渫莫食	jǐng xiè mò shí
精疲力倦	jīng pí lì juàn
其势汹汹	qí shì xiōng xiōng
茅室蓬户	máo shì péng hù
繁刑重赋	fán xíng zhòng fù
慎身修永	shèn shēn xiū yǒng
映雪读书	yìng xuě dú shū
畏首畏尾	wèi shǒ wèi wěi
近在咫尺	jìn zài zhǐ chǐ
蝉腹龟肠	chán fù guī cháng
斠然一概	jiào rán yī gài
悬崖撒手	xuán yá sā shǒu
筑舍道傍	zhù shè dào bàng
玉石杂糅	yù shí zá róu
十冬腊月	shí dōng là yuè
挨肩叠背	āi jiān dié bèi
望尘僩声	wàng chén bù shēng
花衢柳陌	huā qú liǔ mò
柳陌花衢	liǔ mò huā qú
调丝品竹	tiáo sī pǐn zhú
品竹调丝	pǐn zhú tiáo sī
名公钜卿	míng gōng jù qīng
名卿钜公	míng qīng jù gōng
钩金舆羽	gōu jīn yú yǔ
断井颓垣	duàn jǐng tuí yuán
夸夸其谈	kuā kuā qí tán
躬先士卒	gōng xiān shì zú
威凤祥麟	wēi fèng xiáng lín
祥麟威凤	xiáng lín wēi fèng
焦唇干肺	jiāo chún gān fèi
溘然长逝	kè rán cháng shì
桂折兰摧	guì shé lán cuī
感极涕零	gǎn jí tì líng
法灸神针	fǎ jiǔ shén zhēn
比屋连甍	bǐ wū lián méng
断壁残璋	duàn bì cán zhāng
拳拳在念	quán quán zài niàn
莺歌蝶舞	yīng gē dié wǔ
攻疾防患	gōng jí fáng huàn
隐隐约约	yǐn yǐn yuē yuē
酸文假醋	suān wén jiǎ cù
善罢干休	shàn bà gān xiū
肥冬瘦年	féi dōng shòu nián
磨杵作针	mó chǔ zuò zhēn
没精塌彩	méi jīng tā cǎi
亿万斯年	yì wàn sī nián
断梗飘蓬	duàn gěng piāo péng
飘蓬断梗	piāo péng duàn gěng
只争旦夕	zhǐ zhēng dàn xī
幡然改途	fān rán gǎi tú
无远弗届	wú yuǎn fú jiè
衣锦褧衣	yì jǐn jiǒng yī
哀丝豪竹	āi sī háo zhú
豪竹哀丝	háo zhú āi sī
换羽移宫	huàn yǔ yí gōng
移宫换羽	yí dōng huàn yǔ
乞儿乘车	qǐ ér chéng chē
斧钺之诛	fǔ yuè zhī zhū
靖言庸回	jìng yán yōng huí
城北徐公	chéng běi xǘ gōng
鹤唳猿声	hè lì yuán shēng
马勃牛溲	mǎ bó niú sōu
牛溲马勃	niú sōu mǎ bó
唉声叹气	āi shēng tàn qì
嗳声叹气	ài shēng tàn qì
儋石之储	dàn shí zhī chǔ
拥雾翻波	yōng wù fān bō
恢宏大度	huī hóng dà dù
含垢匿瑕	hán gòu nì xiá
匿瑕含垢	nì xiá hán gòu
由博返约	yóu bó fǎn yuē
矫情饰诈	jiǎo qíng shì zhà
鬼工雷斧	guǐ gōng léi fǔ
冤家路狭	yuān jia lù xiá
咸嘴淡舌	xián zuǐ dàn shé
瞠乎其后	chēng hū qí hòu
颠衣到裳	diān yī dào shang
衣冠禽兽	yī guān qín shòu
规旋矩折	guī xuán jǔ shé
打恭作揖	dǎ gōng zuò yī
邀功求赏	yāo gōng qiú shǎng
连篇累幅	lián piān lèi fú
杜隙防微	dù xī fāng wēi
顾盼多姿	gù pàn duō zī
广种薄收	guǎng zhòng bó shōu
遇水迭桥	yù shuǐ dié qiáo
借古讽今	jiè gǔ fěng jīn
强嘴拗舌	jiàng zuǐ niù shé
严丝合缝	yán sī hé fèng
熬清受淡	áo qīng shòu dàn
倒戈卸甲	dǎo gē xiè jiǎ
欲擒故纵	yù qín gù zòng
撮土焚香	cuō gǔ fén xiāng
野人献芹	yě rén xiàn qín
说梅止渴	shuō méi zhǐ kě
附骥攀鸿	fù jì pān hóng
弹丸脱手	tán wán tuō shǒu
脱手弹丸	tuō shǒu dàn wán
进谗害贤	jìn chán hài xián
磨形炼性	mó xíng liàn xìng
修鳞养爪	xiū lín yǎng zhǎo
闳言崇议	hóng yán chóng yì
别具慧眼	bié jù huì yǎn
鹰嘴鹞目	yīng zuǐ yào mù
肤受之愬	fū shòu zhī xiāng
膝行蒲伏	xī xíng pú fú
剖幽析微	pōu yōu xī wēi
襟怀洒落	jīn huái sǎ luò
汝成人耶	nu cheng ren ye
朝种暮获	zhāo zhǒng mù hù
横拖倒拽	héng tuō dào zhuāi
南腔北调	nán qiāng běi diào
哗世取宠	huá shì qǔ chǒng
剪恶除奸	jiǎn è chú jiān
俯首帖耳	fǔ shǒu tiē ěr
更唱叠和	gēng chàng dié hé
膏粱文绣	gāo liáng wén xiù
始末缘由	shǐ mò yuán yóu
赤绳系足	chì shéng jì zú
拥政爱民	yōng zhèng ài mín
饭坑酒囊	fàn kēng jiǔ náng
吹毛索疵	chuī máo suǒ cī
荡魂摄魄	dàng hún shè pò
进退维艰	jìn tuì wéi jiān
协私罔上	xié sī wǎng shàng
自取咎戾	zì qǔ jiù lì
博士买驴	bó shì mǎi lǘ
奖罚分明	jiǎng fá fēn míng
循名核实	xún míng hé shí
因陋就简	yīn lòu jiù jiǎn
甘瓜苦蒂	gān guā kǔ dì
铺眉苫眼	pū méi shàn yǎn
苫眼铺眉	shān yǎn pū méi
早出晚归	zǎo chū wǎn guī
援古证今	yá gǔ zhèng jīn
返朴还真	fǎn pǔ huán zhēn
进退触篱	jìn tuì chù lí
老蚌珠胎	lǎo bàng zhū tāi
血泪盈襟	xuè lèi yíng jīn
沾亲带友	zhān qīn dài yǒu
心瞻魏阙	xīn zhān wèi què
口壅若川	kǒu yōng ruò chuān
离魂倩女	lí hún qiàn nǚ
倩女离魂	qiàn nǚ lí hún
圭角岸然	guī jiǎo àn rán
改辕易辙	gǎi yuán yì zhé
跳梁小丑	tiào liáng xiǎo chǒu
小丑跳梁	xiǎo chǒu tiào liáng
涣尔冰开	huàn ěr bīng kāi
卑辞重币	bēi cí zhòng bì
韩寿分香	hán shòu fēn xiāng
牢什古子	láo shí gǔ zi
亥豕相望	hài shǐ xiāng wàng
造茧自缚	zào jiǎn zì fù
寒毛卓竖	hán máo zhuó shù
簇锦团花	cù jǐn tuán huā
花簇锦攒	huā cù jǐn cuán
花团锦簇	huā tuán jǐn cù
花攒锦簇	huā cuán jǐn cù
锦簇花团	jǐn cù huā tuán
锦团花簇	jǐn tuán huā cù
团花簇锦	tuán huā cù jǐn
运斧般门	yùn fǔ bān mén
枪烟砲雨	qiāng yān pào yǔ
瞑思苦想	míng sī kǔ xiǎng
布衣韦带	bù yī wéi dài
柔懦寡断	róu nuò guǎ duàn
恬淡寡欲	tián dàn guǎ yù
冯唐白首	féng táng bái shǒu
标枝野鹿	biāo zhī yě lù
五色缤纷	wǔ sè bīn fēn
垂头铩羽	chuí tóu shā yǔ
捉襟见肘	zhuō jīn jiàn zhǒu
捉襟肘见	zhuō jīn zhǒu jiàn
咽苦吐甘	yàn kǔ tǔ gān
鼓舞欢欣	gǔ wǔ huān xīn
欢欣鼓舞	huān xīn gǔ wǔ
霍然而愈	huò rán ér yù
却老还童	què lǎo huán tóng
杖履纵横	zhàng lǚ zòng héng
偃革尚文	yǎn gé shàng wén
冠袍带履	guān páo dài lǚ
弛高骛远	chí gāo wù yuǎn
死模活样	sǐ mó huó yàng
道傍筑室	dào bàng zhù shì
压肩迭背	yā jiān dié bèi
一傅众咻	yī fù zhòng xiū
迫于眉睫	pò yú méi jié
负荆谢罪	fù jīng xiè zuì
洗手奉职	xǐ shǒu fèng zhí
主圣臣良	zhǔ shèng chén liáng
负弩前驱	fù nǔ qián qū
开疆辟土	kāi jiāng pì tǔ
隔岸观火	gé àn guān huǒ
桀骜不恭	jié ào bù gōng
糠豆不赡	kang dou bu shan
民胞物与	mín bāo wù yǔ
饰怪装奇	shì guài zhuāng qí
引商刻羽	yǐn shāng kè yǔ
磨盾之暇	mó dùn zhī xiá
傲雪凌霜	ào xuě líng shuāng
褐衣蔬食	hè yī shū shí
动中竨要	dòng zhōng zhe yào
抛戈弃甲	pāo gē qì jiǎ
化性起伪	huà xìng qǐ wěi
左邻右里	zuǒ lín yòu lǐ
移的就箭	yí dì jiù jiàn
充栋盈车	chōng dòng yíng chē
亡羊补牢	wáng yáng bǔ láo
以索续组	yǐ suǒ xù zǔ
良辰美景	liáng chén měi jǐng
美景良辰	měi jǐng liáng chén
震古铄今	zhèn gǔ shuò jīn
句比字栉	jù bǐ zì zhì
句栉字比	jù zhì zì bǐ
区区小事	qū qū xiǎo shì
埒才角妙	liè cái jué miào
剥极则复	bō jí zé fù
东猜西揣	dōng cāi xī chuāi
通险畅机	tōng xiǎn chàng jī
如胶似漆	rú jiāo sì qī
似漆如胶	sì qī rú jiāo
鸿飞冥冥	hóng fēi míng míng
当头棒喝	dāng tóu bàng hè
裹尸马革	guǒ shī mǎ gé
马革裹尸	mǎ gé guǒ shī
长幼有叙	zhǎng yòu yǒu xù
胡诌乱说	hú zhōu luàn shuō
覆盆难照	fù pén nán zhào
踌躇不前	chóu chú bù qián
买犊卖刀	mǎi dú mài dāo
卖刀买犊	mài dāo mǎi dú
卖犊买刀	mài dú mǎi dāo
掩口胡卢	yǎn kǒu hú lú
蹉跎时日	cuō tuó shí rì
大厦栋梁	dà shà dòng liáng
明光铮亮	míng guāng zhēng liàng
鸿轩凤翥	hóng xuān fèng zhù
更待干罢	gèng dài gàn bà
贤母良妻	xián mǔ liáng qī
贤妻良母	xián qī liáng mǔ
瑕不搑瑜	xiá bù yǎn yú
瑜不搑瑕	yú bù yǎn xiá
熊经鸱顾	xióng jīng chī gù
云迷雾罩	yún mí wù zhào
金翅擘海	jīn chì bāi hǎi
抚掌击节	fǔ zhǎng jī jié
陈辞滥调	chén cí làn diào
绿鬓朱颜	lǜ bìn zhū yán
超然迈伦	chāo rán mài lún
荒唐无稽	huāng táng wú jī
衰当益壮	shuāi dāng yì zhuàng
赃私狼藉	zāng sī láng jí
贪夫徇财	tān fū xùn cái
弥山亘野	mí shān gèn yě
顿首再拜	dùn shǒu zài bài
株连蔓引	zhū lián màn yǐn
访贫问苦	fǎng pín wèn kǔ
惩恶劝善	chéng è quàn shàn
劝善惩恶	quàn shàn chéng è
藏垢纳污	cáng gòu nà wū
藏污纳垢	cáng wū nà gòu
纳垢藏污	nà gòu cáng wū
锐挫望绝	ruì cuò wàng jué
遇水叠桥	yù shuǐ dié qiáo
刻苦耐劳	kè kǔ nài láo
雕虫薄技	diāo chóng báo jì
凤友鸾谐	fèng yǒu luán xié
鸾舆凤驾	luán yú fèng jià
六趣轮回	liù qù lún huí
牵衣投辖	qiān yī tóu xiá
蝼蚁贪生	lóu yǐ tān shēng
羞人答答	xiū rén dā dā
鼷鼠饮河	xī shǔ yǐn hé
无病呻吟	wú bìng shēn yīn
道在屎溺	dào zài shǐ nì
兼葭倚玉	jiān jiā yǐ yù
廉洁奉公	lián jié fèng gōng
因任授官	yīn rèn shòu guān
饔飧不饱	yōng sūn bù bǎo
好骑者堕	hào qí zhě duò
男尊女卑	nán zūn nǚ bēi
逢场作趣	féng chǎng zuò qù
波罗塞戏	bō luó sāi xì
梧鼠技穷	wú shǔ jì qióng
左右逢源	zuǒ yòu féng yuán
大张挞伐	dà zhāng tà fá
靡衣媮食	mǐ yī tōu shí
寻章摘句	xún zhāng zhāi jù
摘句寻章	zhāi jù xún zhāng
涓滴归公	juān dī guī gōng
恶性循环	è xìng xún huán
各奔前程	gè bèn qián chéng
涓埃之力	juān āi zhī lì
超群轶类	chāo qún yì lèi
轶类超群	yì lèi chāo qún
冬烘头脑	dōng hōng tóu nǎo
繁文缛节	fán wén rù jié
昼夜兼程	zhòu yè jiān chéng
春笋怒发	chūn sǔn mù fā
鹬蚌相斗	yù bàng xiāng dòu
敬终慎始	jìng zhōng shèn shǐ
慎始敬终	shèn shǐ jìng zhōng
鱼目混珎	yú mù hùn zhū
兴文匽武	xīng wén diào wǔ
奇技淫巧	qí jì yín qiǎo
晨参暮礼	chén cān mù lǐ
暮礼晨参	mù lǐ chén cān
染苍染黄	rǎn cāng rǎn huáng
龙骧麟振	lóng xiāng lín zhèn
郢人斤斧	yǐng rén jīn fǔ
沉潜刚克	chén qián gāng kè
庞眉皓发	páng méi hào fà
负乘致寇	fù chéng zhì kòu
断织劝学	duàn zhī quàn xué
枉矫过激	wǎng jiǎo guò jī
津津乐道	jīn jīn lè dào
欣喜若狂	xīn xǐ ruò kuáng
七窍冒火	qī qiào mào huǒ
兔丝燕麦	tù sī yàn mài
翩翩年少	piān piān nián shǎo
翩翩少年	piān piān shào nián
父严子孝	fù yán zǐ xiào
杯盘狼籍	bēi pán láng jí
凶终隙末	xiōng zhōng xì mò
返璞归真	fǎn pú guī zhēn
戴高帽儿	dài gāo mào ér
钻坚研微	zuàn jiān yán wēi
贿赂公行	huì lù gōng xíng
澄江如练	chéng jiāng rú liàn
鞅鞅不乐	yāng yāng bù lè
老妪能解	lǎo yù néng jiě
牛蹄之涔	niú tí zhī cén
眼饧耳热	yǎn xíng ěr rè
狼羊同饲	láng yáng tóng sì
同休等戚	tóng xiū děng qī
遗簪绝缨	yí zān jué yīng
混应滥应	hùn yīng làn yīng
顶踵尽捐	dǐng zhǒng jìn juān
贞元会合	zhēn yuán huì hé
梧鼠五技	wú shǔ wǔ jì
淹淹一息	yān yān yī xī
奄奄一息	yǎn yǎn yī xī
一息奄奄	yī xī yǎn yǎn
解疑释惑	jiě yí shì huò
唱筹量沙	chàng chóu liáng shā
卖儿鬻女	mài ér yù nǚ
鬻儿卖女	yù ér mài nǚ
俨乎其然	yǎn hū qí rán
众说纷纭	zhòng shuō fēn yún
斜头歪脑	xié tóu wāi nǎo
豪门贵胄	háo mén guì zhòu
苟延残息	gǒu yán cán xī
彰明昭著	zhāng míng zhāo zhù
乐祸幸灾	lè huò xìng zāi
幸灾乐祸	xìng zāi lè huò
跃马弯弓	yuè mǎ wān gōng
压肩叠背	yā jiān dié bèi
休兵罢战	xiū bīng bà zhàn
拿班做势	ná bān zuò shì
蜂腰猿背	fēng yāo yuán bèi
倒持戈矛	dǎo chí gē máo
深奥莫测	shēn ào mò cè
遭倾遇祸	zāo qīng yù huò
一代楷模	yī dài kǎi mó
短寿促命	duǎn shòu cù mìng
席薪枕块	xí xīn zhěn kuài
猿啼鹤怨	yuán tí hè yuàn
乘隙捣虚	chéng xì dǎo xū
含垢纳污	hán gòu nà wū
暮景桑榆	mù jǐng sāng yú
桑榆暮景	sāng yú mù jǐng
富丽堂皇	fù lì táng huáng
堂皇富丽	táng huáng fù lì
积草屯粮	jī cǎo tún liáng
屯粮积草	tún liáng jī cǎo
妖形怪状	yāo xíng guài zhuàng
蹑影潜踪	niè yǐng qián zōng
淮南鸡犬	huái nán jī quǎn
闲花埜草	xián huā yě cǎo
铺张浪费	pū zhāng làng fèi
来势汹汹	lái shì xiōng xiōng
造谣中伤	zào yáo zhòng shāng
胡拉乱扯	hú lā luàn chě
治丝而棼	zhì sī ér fén
琅琅上口	láng láng shàng kǒu
前襟后裾	qián jīn hòu jū
千锤百炼	qiān chuí bǎi liàn
锋镝余生	fēng dí yú shēng
引吭悲歌	yǐn háng bēi gē
狼突鸱张	láng tū chī zhāng
披发左衽	pī fà zuǒ rèn
瞎马临池	xiā mǎ lín chí
悔读南华	huǐ dú nán huá
客死他乡	kè sǐ tā xiāng
缺吃少穿	quē chī xhǎo chuān
巢倾卵覆	cháo qīng luǎn fù
潸然泪下	shān rán lèi xià
模棱两可	mó léng liǎng kě
秕言谬说	bǐ yán miù shuò
鹅行鸭步	é xíng yā bù
鸭步鹅行	yā bù é xíng
鸭行鹅步	yā xíng é bù
吉凶祸福	jí xiōng huò fú
沿流讨源	yán liú tǎo yuán
抽薪止沸	chōu xīn zhǐ fèi
洽闻强记	qià wén qiáng jì
吊尔郎当	diào er láng dāng
乘龙佳婿	chéng lóng jiā xù
理冤摘伏	lǐ yuān zhāi fú
变幻莫测	biàn huàn mò cè
拖男带女	tuō nán dài nǚ
病入骨雜	bìng rù gǔ suǐ
违条犯法	wéi tiáo fàn fǎ
收离纠散	shōu lí jiū sàn
兔起鹘落	tù qǐ hú luò
禀性难移	bǐng xìng nán yí
工力悉敌	gōng lì xī dí
斗丽争妍	dòu lì zhēng yán
肤如凝脂	fū rú níng zhī
只鸡絮酒	zhī jī xù jiǔ
严于律已	yán yú lǜ jǐ
狡兔三穴	jiǎo tù sān xué
沧海桑田	cāng hǎi sāng tián
桑田沧海	sāng tián cāng hǎi
混淆是非	hùn xiáo shì fēi
仆仆道途	pú pú dào tú
铢施两较	zhū shī liǎng jiào
孜孜不辍	zī zī bù chuò
诎寸信尺	qū cùn xìn chǐ
规贤矩圣	guī xián jǔ shèng
去伪存真	qù wěi cún zhēn
江汉朝宗	jiāng hàn cháo zōng
量凿正枘	liàng záo zhèng ruì
杳无音讯	yǎo wú yīn xùn
风流倜傥	fēng liú tì tǎng
阿谀取容	ē yú qǔ róng
潘文乐旨	pān wén lè zhǐ
斑衣戏彩	bān yī xì cǎi
周公吐哺	zhōu gōng tǔ bǔ
擅作威福	shàn zuò wēi fú
栈山航海	zhàn shān háng hǎi
熟思审处	shú sī shěn chǔ
一秉虔诚	yī bǐng qián chéng
操奇计赢	cāo qí jì yíng
价值连城	jià zhí lián chéng
移商换羽	yí shāng huàn yǔ
避瓜防李	bì guā fáng lǐ
敲骨剥髓	qiāo gǔ bāo suǐ
凫居雁聚	fú jū yàn jù
怜贫恤老	lián pín xù lǎo
恤老怜贫	xù lǎo lián pín
杯茗之敬	bēi míng zhī jìng
选舞征歌	xuǎn wǔ zhēng gē
翘足引领	qiáo zú yǐn lǐng
耕当问奴	gēng dāng wèn nú
鲸波怒浪	jīng bō nù làng
再接再历	zài jiē zài lì
欢呼雀跃	huān hū qué yué
咄咄怪事	duō duō guài shì
怪事咄咄	guài shì duō duō
驴鸣犬吠	lǘ míng quǎn fèi
彰明较着	zhāng míng jiào zhù
负驽前驱	fù nǔ qián qū
鸱张蚁聚	chī zhāng yǐ jù
纡佩金紫	yū pèi jīn zǐ
申冤吐气	shēn yuān tǔ qì
淡饭黄齑	dàn fàn huáng jī
黄齑淡饭	huáng jī dàn fàn
福禄双全	fú lù shuāng quán
琴剑飘零	qín jiàn piāo líng
窒碍难行	zhì ài nán xíng
偏信则暗	piān xìn zé àn
入竟问禁	rù jìng wèn jìn
鬻良杂苦	yù liáng zá kǔ
雾释冰融	wù shì bīng róng
恃勇轻敌	shì yǒng qīng dí
蹀躞不下	dié xiè bù xià
牛郎织女	niú láng zhī nǚ
左右逢原	zuǒ yòu féng yuán
兔走鹘落	tù zǒu gǔ luò
刳肝沥胆	kū gān lì dǎn
忘啜废枕	wàng chuò fèi zhěn
登台拜将	dēng tái bài jiàng
威风凛凛	wēi fēng lǐn lǐn
金篦刮目	jīn bì guā mù
伊于胡底	yī yú hú dǐ
抓破脸皮	zhuā pò liǎn pí
雾鬓云鬟	wù bìn yún huán
云鬟雾鬓	yún huán wù bìn
重规沓矩	chóng guī tà jǔ
喟然长叹	kuì rán cháng tàn
晨提夕命	chén tí xī mìng
履舄交错	lǚ xì jiāo cuò
淮王鸡狗	huái wáng jī gǒu
金屋娇娘	jīn wū jiāo niáng
狼奔兔脱	láng bēn tù tuō
秤不离砣	chèng bù lí tuó
龙伸蠖屈	lóng shēn huò qū
竹篮打水	zhú lán dá shuǐ
浮来暂去	fú lái zàn qù
整襟危坐	zhěng jīn wēi zuò
和璧隋珠	hé bì suí zhū
隋珠和璧	suí zhū hé bì
铁画银钩	tiě huà yín gōu
银钩铁画	yín gōu tiě huà
诽誉在俗	fěi yù zài sú
亨嘉之会	hēng jiā zhī huì
逃之夭夭	táo zhī yāo yāo
排患解纷	pái huàn jiě fēn
指猪骂狗	zhǐ zhū mà gǒu
咬文啮字	yǎo wén niè zì
断线鹞子	duàn xiàn yào zǐ
闭门却轨	bì kǒu què guǐ
鸣冤叫屈	míng yuān jiào qū
大肆挥霍	dà sì huī huò
五日京兆	wǔ rì jīng zhào
仰事俯畜	yǎng shì fǔ xù
点金乏术	diǎn jīn fá shù
饥驱叩门	jī qū kòu mén
单刀赴会	dān dāo fù huì
味如嚼蜡	wèi rú jiáo là
稗官小说	bài guān xiǎo shuō
骆驿不绝	luò yì bù jué
抉目胥门	jué mù xū mén
除奸革弊	chú jiān gé bì
云趋鹜赴	yún qū wù fù
熏陶成性	xūn táo chéng xìng
迫在眉睫	pò zài méi jié
公规密谏	gōng guī mì jiàn
玩岁愒日	wán suì kài rì
蔽聪塞明	bì cōnɡ sè mínɡ
蔽明塞聪	bì míng sè cōng
未焚徙薪	wèi fén xǐ xīn
称贤荐能	chēng xián jiàn néng
标新竞异	biāo xīn jìng yì
进锐退速	jǐn ruì tuì sù
鲁阳挥戈	lǔ yáng huī gē
熊经鸟伸	xióng jīng niǎo shēn
傲然屹立	ào rán yì lì
匡鼎解颐	kuāng dǐng jiě yí
倜傥不群	tì tǎng bù qún
奴颜媚骨	nú yán mèi gǔ
一资半级	yī zī bàn jí
丰屋延灾	fēng wū yán zāi
看风驶船	kàn fēng shǐ chuán
少吃俭用	shǎo chī jiǎn yòng
举鼎绝膑	jǔ dǐng jué bìn
卬头阔步	áng tóu kuò bù
骑者善堕	qí zhě shàn duò
善骑者堕	shàn qí zhě duò
推聋作哑	tuī lóng zuò yǎ
争分夺秒	zhēng fēn duó miǎo
刀耕火耘	dāo gēng huǒ yún
秉要执本	bǐng yào zhí běn
饿虎扑羊	è hǔ pū yáng
结草衔环	jié cǎo xián huán
衔环结草	xián huán jié cǎo
全璧归赵	quán bì guī zhào
握粟出卜	wò sù chū bo
明婚正配	míng hūn zhèng pèi
畸流逸客	jī liú yì kè
什袭以藏	shí xí yǐ cáng
付之梨枣	fù zhī lí zǎo
寻幽探胜	xún yōu tàn shèng
积沙成滩	jī shā chéng tān
草船借箭	cǎo chuǎn jiè jiàn
能工巧匠	néng gōng qiǎo jiàng
普渡众生	pǔ dù zhòng shēng
画荻教子	huà dí jiào zǐ
笔诛墨伐	bǐ zhū mò fá
阿党比周	ē dǎng bǐ zhōu
百卉千葩	bǎi huì qiān pā
余音绕梁	yú yīn rào liáng
文理俱惬	wén lǐ jù qiè
俯拾皆是	fǔ shí jiē shì
追根究底	zhuī gēn jiū dǐ
餐葩饮露	cān pā yǐn lù
飘飘欲仙	piāo piāo yù xiān
袒胸露背	tǎn xiōng lù bèi
官偪民反	guān bèng mín fǎn
蔓引株求	màn yǐn zhū qiú
没卫饮羽	méi wèi yǐn yǔ
循名课实	xún míng kè shí
经丘寻壑	jīng qiū xún hè
寻壑经丘	xún hè jīng qiū
讽多要寡	fěng duō yào guǎ
洞鉴废兴	dòng jiàn fèi xīng
盘石桑苞	pán shí sāng bāo
血染沙场	xuè rǎn shā chǎng
犯颜苦谏	fàn yán kǔ jiàn
片纸只字	piàn zhǐ yán zì
借酒浇愁	jiè jiǔ jiāo chóu
换骨脱胎	huàn gǔ tuō tāi
脱胎换骨	tuō tāi huàn gǔ
公子哥儿	gōng zǐ gē ér
辞简义赅	cí jiǎn yì gāi
胡打海摔	hú dǎ hǎi shuāi
根深柢固	gēn shēn dǐ gù
深根固柢	shēn gēn gù dǐ
鬼刻神劖	guǐ kè shén chán
南征北讨	nán zhēng běi tǎo
倒裳索领	dào cháng suǒ lǐng
分庭抗礼	fēn tíng kàng lǐ
担雪填河	dān xuě tián hé
冤家路窄	yuān jiā lù zhǎi
家喻户晓	jiā yù hù xiǎo
舒眉展眼	shū méi zhǎn yǎn
展眼舒眉	zhǎn yǎn shū méi
雀屏中选	què píng zhòng xuǎn
规矩绳墨	guī jǔ shéng mò
规绳矩墨	guī shéng jǔ mò
开国元勋	kāi guó yuán xūn
喘息未定	chuǎn xī wèi dìng
玄妙莫测	xuán miào mò cè
驱雷策电	qū léi cè diàn
淹会贯通	yān huì guàn tōng
见惯司空	jiàn guàn sī kōng
司空见惯	sī kōng jiàn guàn
贪猥无厌	tān wěi wú yàn
欢欣若狂	huān xīn ruò kuáng
旋干转坤	xuán qián zhuǎn kūn
旋转干坤	xuán zhuǎn gàn kūn
果刑信赏	guǒ xíng xìn shǎng
穷且益坚	qióng qiě yì jiān
契船求剑	qì chuán qiú jiàn
鹰挚狼食	yīng zhì láng shí
铤而走险	tǐng ér zǒu xiǎn
于呼哀哉	yú hū āi zāi
循途守辙	xún tú shǒu zhé
贪污狼藉	tān wū láng jí
渺无音讯	miǎo wú yīn xùn
积基树本	jī jī shù běn
仰观俯察	yǎng guān fǔ chá
兴妖作孽	xīng yāo zuò niè
贪夫殉利	tān fū xùn lì
诗朋酒友	shī péng jiǔ yǒu
对牛鼓簧	duì niú gǔ huáng
又弱一个	yòu ruò yī gè
炊沙作糜	chuī shā zuò mí
忸怩不安	niǔ ní bù ān
惴惴不安	zhuì zhuì bù ān
坑灰未冷	kēng huī wèi lěng
清规戒律	qīng guī jiè lǜ
铭肤镂骨	míng fū lòu gǔ
淡妆轻抹	dàn zhuāng qīng mò
佛头着粪	fó tóu zhuó fèn
彼唱此和	bǐ chàng cǐ hè
此唱彼和	cǐ chàng bǐ hè
萤灯雪屋	yíng dēng xuě wū
铁嘴钢牙	tiě zuǐ gāng yá
燕颔虎颈	yàn hàn hǔ jǐng
浮皮潦草	fú pí liáo cǎo
羊狠狼贪	yáng hěn láng tān
党豺为虐	dǎng chái wéi nüè
割臂盟公	gē bì méng gōng
逞异夸能	chěng yì kuā néng
姑息养奸	gū xī yǎng jiān
藉草枕块	jiè cǎo zhěn kuài
参前倚衡	cān qián yǐ héng
明德惟馨	míng dé wéi xīn
倡情冶思	chàng qíng yě sī
鼻青眼肿	bí qīng yǎn zhǒng
鼻肿眼青	bí zhǒng yǎn qīng
倒箧倾囊	dǎo qiè qīng náng
被发缨冠	pī fà yīng guàn
温情脉脉	wēn qíng mò mò
橐甲束兵	tuó jiǎ shù bīng
呆里撒奸	dāi lǐ sā jiān
泱泱大风	yāng yāng dà fēng
饥冻交切	jī dòng jiāo qiē
扶墙摸壁	fú qiáng mō bì
悲愁垂涕	bēi chóu chuí tì
宗师案临	zōng shī àn lín
慨然应允	kǎi rán yīng yǔn
鳌愤龙愁	áo fèn lóng chóu
龙游曲沼	long you qu zhao
敌忾同仇	dí kài tóng chóu
同仇敌忾	tóng chóu dí kài
胡支扯叶	hú zhī chě yè
抚世酬物	fǔ shì chóu wù
琼岛春云	qióng dǎo chūn yún
爱富嫌贫	ài fù xián pín
嫌贫爱富	xián pín ài fù
混世魔王	hùn shì mó wáng
鲸吞虎噬	jīng tūn hǔ shì
鼻塌唇青	bí tā chún qīng
鹤膝蜂腰	hè xī fēng yāo
民熙物阜	mín xī wù fù
王祥卧冰	wáng xiáng wò bīng
余妙绕梁	yú miào rào liáng
乘车戴笠	chéng chē dài lì
戴笠乘车	dài lì chéng chē
懦词怪说	nuò cí guài shuō
藕断丝连	ǒu duàn sī lián
碎玉零玑	suì yù líng jī
碍手碍脚	ài shǒu ài jiǎo
捏脚捏手	niē jiǎo niē shǒu
捏手捏脚	niē shǒ niē jiǎo
君圣臣贤	jūn shèng chén xián
排山压卵	pái shān yā luǎn
扼吭夺食	è gāng duó shí
笔墨官司	bǐ mò guān sī
惑世诬民	huò shì wū mín
迟迟吾行	chí chí wú xíng
知疼着热	zhī téng zháo rè
肆言詈辱	sì yán lì rǔ
利害攸关	lì hài yōu guān
齐趋并驾	qí qū bìng jià
酣歌醉舞	hān gē zuì wǔ
铁板铜弦	tiě bǎn tóng xián
簸土扬沙	bǒ tǔ yáng shā
朝斯夕斯	zhāo sī xī sī
绠短绝泉	gěng duǎn jué quán
骨软筋麻	gǔ ruǎn jīn má
蜂合豕突	fēng hé shǐ tū
祥云瑞气	xiáng yún ruì qì
杯水粒粟	bēi shuǐ lì sù
对客挥毫	duì kè huī háo
丹漆随梦	dān qī suí mèng
瞪目哆口	dèng mù chǐ kǒu
目怔口呆	mù zhēng kǒu dāi
蝇营蚁聚	yíng yíng yǐ jù
绘声绘色	huì shēng huì sè
盘根究底	pán gēn jiū dǐ
小黠大痴	xiǎo xiá dà chī
精神恍惚	jīng shén huǎng hū
慎终承始	shèn zhōng chéng shǐ
刬旧谋新	chǎn jiù móu xīn
剗旧谋新	chǎn jiù móu xīn
郁郁沉沉	yù yù chén chén
郁郁累累	yù yù lěi lěi
痴男怨女	chī nán yuàn nǚ
倚门倚闾	yǐ mén yǐ lǚ
函矢相攻	hán shǐ xiāng gōng
久惯老诚	jiǔ guàn lǎo chéng
咂嘴弄唇	zā zuǐ nòng chún
长途跋涉	cháng tú bá shè
水陆毕陈	shuǐ lù bì chén
杨柳依依	yáng liǔ yī yī
傲慢少礼	ào màn shǎo lǐ
鳌头独占	áo tóu dú zhàn
冰解冻释	bīng jiě dòng shì
冻解冰释	dòng jiě bīng shì
独占鳌头	dú zhàn áo tóu
三荤五厌	sān hūn wǔ yàn
倒冠落珮	dǎo guàn luò pèi
矮人看场	ǎi rén kàn chǎng
气逾霄汉	qì yú xiāo hàn
抱表寝绳	bào biǎo qǐn shéng
迭床架屋	dié chuáng jià wū
架屋迭床	jià wū dié chuáng
漆身吞炭	qī shēn tūn tàn
吞炭漆身	tūn tàn qī shēn
违强陵弱	wéi qiáng líng ruò
移樽就教	yí zūn jiù jiào
锵金铿玉	qiāng jīn kēng yù
根牙磐错	gēn yá pán cuò
衾寒枕冷	qīn hán zhěn lěng
枕冷衾寒	zhěn lěng qīn hán
倒执手版	dǎo zhí shǒu bǎn
歧路亡羊	qí lù wáng yáng
旁引曲证	páng yǐn qǔ zhèng
老奸巨滑	lǎo jiān jù huá
登锋履刃	dēng fēng lǚ rèn
各取所需	gè qǔ suǒ xū
持蠡测海	chí lí cè hǎi
魂耗魄丧	hún hào pò sàng
吞舟漏网	tūn zhōu lòu wǎng
网漏吞舟	wǎng lòu tūn zhōu
寒冬腊月	hán dōng là yuè
只鸡樽酒	zhī jī zūn jiǔ
所向克捷	suǒ xiàng kè jié
弃若敝屣	qì ruò bì xǐ
老蚕作茧	lǎo cán zuò jiǎn
杯蛇幻影	bēi shé huàn yǐng
七扭八歪	qī niǔ bā wāi
七歪八扭	qī wāi bā niǔ
谬采虚誉	miù cǎi xū yù
还淳反素	huán chún fǎn sù
咸阳一炬	xián yáng yī jǔ
龙骧虎踤	lóng xiāng hǔ jià
斗美夸丽	dòu měi kuā lì
岿然独存	kuī rán dú cún
扬幡招魂	yáng fān zhāo hún
忍苦耐劳	rěn kǔ nai láo
树碑立传	shù bēi lì zhuàn
操矛入室	cāo máo rù shì
情窦初开	qíng dòu chū kāi
依经傍注	yī jīng bàng zhù
粉妆玉琢	fěn zhuāng yù zhuó
鸿爪留泥	hóng zhǎo liú ní
一枕邯郸	yī zhěn hán dān
三妻四妾	sān qī sì qiè
饶舌调唇	ráo shé tiáo chún
诠才末学	quán cái mò xué
漏卮难满	lòu zhī nán mǎn
吃里扒外	chī lǐ pá wài
宋才潘面	sòng cái pān mìan
淡扫蛾眉	dàn sǎo é méi
舆论哗然	yú lùn huá rán
你死我活	nǐ sǐ wǒ huó
义愤填胸	yì fèn tián xiōng
称柴而爨	chēng chái ér cuàn
筋疲力竭	jīn pí lì jié
闭门塞窦	bì kǒu sè dòu
根株附丽	gēn zhū fù lì
旁推侧引	páng tuī cè yǐn
九仞一篑	jiǔ rèn yī kuì
食鱼遇鲭	shí yú yù qīng
左支右调	zuǒ zhī yòu tiáo
数典忘祖	shǔ diǎn wàng zǔ
拘奇抉异	jū qí jué yì
仓皇出逃	cāng huáng chū táo
摧枯折腐	cuī kū zhé fǔ
洞幽烛微	dòng yōu zhú wēi
弹丝品竹	tán sī pǐn zhú
品竹弹丝	pǐn zhú tán sī
飙举电至	biāo jǔ diàn zhì
断管残沈	duàn guǎn cán shěn
茂林修竹	mào lín xiū zhú
久惯牢成	jiǔ guàn láo chéng
臭名昭彰	chòu míng zhāo zhāng
钩深极奥	gōu shēn jí ào
埳井之蛙	kǎn jǐng zhī wā
病入膏肓	bìng rù gāo huāng
跋扈飞扬	bá hù fēi yáng
飞扬跋扈	fēi yáng bá hù
抛乡离井	pāo xiāng lí jǐng
批红判白	pī hóng pàn bái
礼先壹饭	lǐ xiān yī fàn
杀鸡取蛋	shā jī qǔ dàn
鸾跂鸿惊	luán qí hóng jīng
昊天罔极	hào tiān wǎng jí
积简充栋	jī jiǎn chōng dòng
做好做歹	zuò hǎo zuò dǎi
章台杨柳	zhāng tái yáng liǔ
闯南走北	chuǎng nán zǒu běi
走南闯北	zǒu nán chuǎng běi
振裘持领	zhèn qiú chí lǐng
付诸一炬	fù zhū yī jù
省烦从简	shěng fán cóng jiǎn
惊涛巨浪	jīng tāo jù làng
影影绰绰	yǐng yǐng chuò chuò
青藜学士	qīng lí xué shì
漏尽更阑	lòu jìn gēng lán
慢条丝礼	màn tiáo sī lǐ
森罗万象	sēn luó wàn xiàng
万象森罗	wàn xiàng sēn luó
敝帚自珍	bì zhǒu zì zhēn
沽誉买直	gū yù mǎi zhí
龟冷支床	guī lěng zhī chuáng
发科打诨	fā kē dǎ hùn
飘洋航海	piāo yáng háng hǎi
驽马铅刀	nú mǎ qiān dāo
巧伪趋利	qiǎo wěi qū lì
非我族类	fēi wǒ zú lèi
遵时养晦	zūn shí yǎng huì
遵养晦时	zūn yǎng huì shí
遵养时晦	zūn yǎng shí huì
目攋耳染	mù rù ěr rǎn
皓首苍颜	hào shǒu cāng yán
晨炊星饭	chén chuī xīng fàn
浪迹萍踪	làng jì píng zōng
萍踪浪迹	píng zōng làng jì
雍容闲雅	yōng róng xián yǎ
鞭辟近里	biān bì jìn lǐ
假道灭虢	jiǎ dào miè guó
漫条斯理	màn tiáo sī lǐ
遍体鳞伤	biàn tǐ lín shāng
纡金曳紫	yū jīn yè zǐ
汲汲顾影	jí jí gù yǐng
革命创制	gé mìng chuàng zhì
卖男鬻女	mài nán yù nǚ
阳奉阴违	yáng fèng yīn wéi
急病让夷	jí bìng ràng yí
文昭武穆	wén zhāo wǔ mù
收缘结果	shōu yuán jié guǒ
抱屈衔冤	bào qū xián yuān
缺口镊子	quē kǒu niè zi
覆巢毁卵	fù cháo huǐ luǎn
鼠啮虫穿	shǔ niè chóng chuān
黏皮带骨	nián pí dài gǔ
重起炉灶	chóng qǐ lú zào
超迈绝伦	chāo mài jué lún
群起效尤	qún qǐ xiào yóu
必恭必敬	bì gōng bì jìng
招灾揽祸	zhāo zāi lǎn huò
真凶实犯	zhēn xiōng shí fàn
真赃实犯	zhēn zāng shí fàn
摩顶至踵	mó dǐng zhì zhǒng
兴趣盎然	xìng qù àng rán
残汤剩饭	cán tāng shèng fàn
否终则泰	pǐ zhōng zé tài
马咽车阗	mǎ yān chē tián
春蛇秋蚓	chūn shé qiū yǐn
春蚓秋蛇	chūn yǐn qiū shé
断墨残楮	duàn mò cán chǔ
七搭八搭	qī cháng bā dā
枉曲直凑	wǎng qǔ zhí còu
扇席温枕	shàn xí wēn zhěn
扇枕温席	shān zhěn wēn xí
温席扇枕	wēn xí shān zhěn
温枕扇席	wēn zhěn shān xí
饮冰吞檗	yǐn bīng tūn bò
斗媚争妍	dòu mèi zhēng yán
真赃真贼	zhēn zāng zhēn zéi
殊形诡状	shū xíng guǐ zhuàng
凿骨捣髓	záo gǔ dǎo suǐ
封金挂印	fēng jīn guà yìn
雍荣华贵	yōng róng huá guì
酌古沿今	zhuó gǔ yán jīn
黄发垂髫	huáng fà chuí tiáo
枉费工夫	wǎng fèi gōng fū
研精毕智	yán jīng bì zhì
真凭实据	zhēn píng shí jù
折胶堕指	zhé jiāo duò zhǐ
船坚炮利	chuán jiān pào lì
勤能补拙	qín néng bǔ zhuō
聪明智慧	cōng míng zhì huì
谮下谩上	zèn xià mán shàng
询根问底	xún gēn wèn dǐ
故技重演	gù jì chóng yǎn
倚强凌弱	yǐ qiáng líng ruò
叠床架屋	dié chuáng jià wū
架屋叠床	jià wū dié chuáng
兼容并蓄	jiān róng bìng xù
雕虫末技	diāo chóng mò jì
棋布星陈	qí bù xīng chén
踏故习常	tà gù xí cháng
骥伏盐车	jì fú yán chē
业业矜矜	yè yè jīn jīn
猫鼠同乳	māo shǔ tóng rǔ
拈花摘艳	niān huā zhāi yàn
鳞集毛萃	lín jí máo cuì
摇头幌脑	yáo tóu huǎng nǎo
长斋礼佛	cháng zhāi lǐ fó
咄咄书空	duō duō shū kōng
书空咄咄	shū kōng duō duō
云程发轫	yún chéng fā rèn
云屯飙散	yún tún biāo sàn
掌上观纹	zhǎng shàng guān wén
寸田尺宅	cùn tián chǐ zhái
搓手顿脚	cuō shǒu dùn jiǎo
材茂行絜	cái mào xíng jié
即温听厉	jí wēn tīng lì
分茅赐土	fēn máo cì tǔ
可操左券	kě cāo zuǒ quàn
砺世摩钝	lì shì mó dùn
毡上拖毛	zhān shàng tuō máo
推崇备至	tuī chóng bèi zhì
贯朽粟陈	guàn xiǔ sù chén
粟陈贯朽	sù chén guàn xiǔ
潜踪蹑迹	qián zōng niè jì
翦草除根	jiǎn cǎo chú gēn
连昏达曙	lián hūn dá shǔ
赃私狼籍	zāng sī láng jí
陈词滥调	chén cí làn diào
闩门闭户	shuān mén bì hù
兔头麞脑	tù tóu suō nǎo
惊猿脱兔	jīng yuán tuō tù
缪种流传	miù zhǒng liú chuán
咬得菜根	yǎo dé cài gēn
别具肺肠	bié jù fèi cháng
求亲靠友	qiú qīn kào yǒu
伸冤理枉	shēn yuān lǐ wǎng
龟玉毁椟	guī yù huǐ dú
塞耳偷铃	sāi ěr tōu líng
赌誓发原	dǔ shì fā yuán
逍遥物外	xiāo yáo wù wài
狼猛蜂毒	láng měng fēng dú
拿刀动杖	ná dāo nòng zhàng
倚闾望切	yǐ lǘ wàng qiē
云窗雾槛	yún chuāng wù jiàn
躬冒矢石	gōng mào shǐ shí
今是昨非	jīn shì zuó fēi
骈首就戮	pián shǒu jiù lù
蠹政病民	dù zhèng bìng mín
析辩诡辞	xī biàn guǐ cí
蚁溃鼠骇	yǐ kuì shǔ hài
入铁主簿	rù tiě zhǔ bù
鸣野食苹	míng yě shí píng
能征惯战	néng zhēng guàn zhàn
鹤鸣九皋	hè míng jiǔ gāo
鞭辟着里	biān bì zhuó lǐ
火龙黼黻	huǒ lóng fǔ fú
焚林而畋	fén lín ér tián
送抱推襟	sòng bào tuī jīn
推襟送抱	tuī jīn sòng bào
憬然有悟	jǐng rán yǒu wù
平铺直序	píng pù zhí xù
壮士解腕	zhuàng shì jiě wàn
焚琴鬻鹤	fén qín yù hè
攒零合整	cuán líng hé zhěng
原璧归赵	yuán bì guī zhào
含苞待放	hán bāo dài fàng
干巴利脆	gān bā lì cuì
红旗报捷	hóng qí bào jié
桑榆末景	sāng yú mò jǐng
蜚瓦拔木	fēi wǎ bá mù
祸迫眉睫	huò pò méi jié
以偏概全	yǐ piān gài quán
曾经沧海	céng jīng cāng hǎi
灿若繁星	càn ruò fán xīng
横针竖线	héng zhēn shù xiàn
苟且偷安	gǒu qiě tōu ān
号寒啼饥	háo hán tí jī
啼饥号寒	tí jī háo hán
引绳棋布	yǐn shéng qí bù
前倨后卑	qián jù hòu bēi
潜光隐耀	qián guāng yǐn yào
锐挫气索	ruì cuò qì suǒ
德隆望尊	dé lóng wàng zūn
涓滴微利	juān dī wēi lì
揽辔中原	lǎn pèi zhōng yuán
烹犬藏弓	pēng quǎn cáng gōng
续鹜短鹤	xù wù duǎn hè
冬温夏清	dōng wēn xià qīng
如埙如箎	rú xūn rú chí
端本澄源	duān běn chéng yuán
挟势弄权	jiā shì nòng quán
大旱云霓	dà hàn yún ní
星旗电戟	xīng qí diàn jǐ
烟聚波属	yān jù bō shǔ
匕鬯无惊	bǐ chàng wú jīng
连编累牍	lián biān lěi dú
跋山涉川	bá shān shè chuān
跋涉山川	bá shè shān chuān
狗续侯冠	gǒu xù hòu guàn
瓜熟蒂落	guā shú dì luò
戏蝶游蜂	xì dié yóu fēng
游蜂戏蝶	yóu fēng xì dié
荆棘满途	jīng jí mǎn tú
薮中荆曲	sǒu zhōng jí qǔ
土阶茅屋	tǔ jiē máo wū
破巢完卵	pò cháo wán luǎn
超超玄著	chāo chāo xuán zhù
膏唇岐舌	gào chún qí shé
铁中铮铮	tiě zhōng zhēng zhēng
静观默察	jìng guān mò chá
岩居川观	yán jū chuān guān
局高蹐厚	jú gāo guǎ hòu
五蕴皆空	wǔ yùn jiē kōng
蝇攒蚁附	yíng cuán yǐ fù
点手莋脚	diǎn shǒu huá jiǎo
圆顶方趾	yuán dǐng fāng zhǐ
保境息民	bǎo jìng xī mín
蜂拥蚁聚	fēng yōng yǐ jù
远山芙蓉	yuǎn shān fú róng
艰苦创业	jiān kǔ chuàng yè
震古烁今	zhèn gǔ shuò jīn
纵横驰骋	zòng héng chí chěng
握发吐飧	wò fā tǔ sūn
养痈遗患	yǎng yōng yí huàn
摇头黣尾	yáo tóu móu wěi
一串骊珠	yī chuàn lí zhū
鱼县鸟窜	yú xiàn niǎo cuàn
眄视指使	miǎn shǐ zhǐ shǐ
借尸还阳	jiè shī huán yáng
通宵彻昼	tōng xiāo chè zhòu
驷马仰秣	sì mǎ yǎng mò
荦荦大端	luò luò dà duān
刿心刳肺	guì xīn kū fèi
燕约莺期	yàn yuē yīng qī
莺期燕约	yīng qī yàn yuē
追根查源	zhuī gēn chá yuán
中馈犹虚	zhōng kuì yóu xū
黄茅白苇	huáng máo bái wěi
泥猪瓦狗	ní zhū wǎ gǒu
以汤沃沸	yǐ tāng wò fèi
重纸累札	chóng zhǐ lèi zhá
虎踞鲸吞	hǔ jù jīng tūn
遇水架桥	yù shuǐ jià qiáo
条贯部分	tiáo guàn bù fēn
明光烁亮	míng guāng shuò liàng
继继绳绳	jì jì mǐn mǐn
主文谲谏	zhǔ wén jué jiàn
鸣玉曳组	míng yù yè zǔ
需沙出穴	xū shā chū xué
红叶题诗	hóng yè tí shī
千里迢迢	qiān lǐ tiáo tiáo
剖玄析微	pōu xuán xī wēi
保残守缺	bǎo cán shǒu quē
护过饰非	hù guò shì fēi
丹书铁券	dān shū tiě quàn
蜂腰削背	fēng yāo xuē bèi
腼颜事仇	miǎn yán shì chóu
挂灯结彩	guà dēng jié cǎi
遬听远闻	tì tīng yuǎn wén
纷纷洋洋	fēn fēn yáng yáng
旁求博考	páng qiú bó kǎo
井臼亲操	jǐng jiù qīn cāo
亲操井臼	qīn cāo jǐng jiù
还年卻老	huán nián què lǎo
然荻读书	rán dí dú shū
棋布星罗	qí bù xīng luó
星罗棋布	xīng luó qí bù
拈毫弄管	niān háo nòng guǎn
砂里淘金	shā lǐ táo jīn
聱牙戟口	áo yá jǐ kǒu
怙顽不悛	hù wán bù quān
腥风醎雨	xīng fēng xián yǔ
雨僝风僽	yǔ chán fēng zhòu
雨僽风僝	yǔ zhòu fēng chán
仓皇失措	cāng huáng shī cuò
洞幽察微	dòng yōu chá wēi
桑荫未移	sāng yīn wèi yí
楚材晋用	chǔ cái jìn yòng
晋用楚材	jìn yòng chǔ cái
金镳玉络	jīn biāo yù luò
寻根究底	xún gēn jiū dǐ
东床娇婿	dōng chuáng jiāo xù
巾国英雄	jīn guó yīng xióng
吕安题凤	lǚ ān tí fèng
窜端匿迹	cuàn duān nì jì
麟角凤距	lín jiǎo fèng jù
犯颜极谏	fàn yán jí jiàn
徒读父书	tú dú fù shū
空头支票	kōng tóu zhī piào
步履维艰	bù lǚ wéi jiān
秉公办理	bǐng gōng bàn lǐ
逢场游戏	féng chǎng yóu xì
桃李争妍	táo lǐ zhēng yán
蜂攒蚁集	fēng cuán yǐ jí
蚁集蜂攒	yǐ jí fēng cuán
辽东白豕	liáo dōng bái shǐ
依法炮制	yī fǎ páo zhì
捐弃前嫌	juān qì qián xián
颠斤播两	diān jīn bō liǎng
空腹便便	kōng fù pián pián
孜孜无怠	zī zī wú dài
涎玉沫珠	xián yù mò zhū
豪取智笼	háo qǔ zhì lóng
遭遇运会	zāo yù yùn huì
至死靡它	zhì sǐ mǐ tā
雕章琢句	diāo zhāng zhuó jù
临渊羡鱼	lín yuān xiàn yú
说好嫌歹	shuō hǎo xián dǎi
牛骥同槽	niú jì tóng cáo
彰明较著	zhāng míng jiào zhù
驰魂宕魄	chí hún dàng pò
沸沸汤汤	fèi fèi tāng tāng
案剑瞋目	àn jiàn chēn mù
蠹国耗民	dù guó hào mín
辱国殄民	rǔ guó tiǎn mín
隔皮断货	gé pí duàn huò
断壁颓垣	duàn bì tuí yuán
调弦品竹	diào xián pǐn zhú
品竹调弦	pǐn zhú diào xián
稠人广座	chóu rén guǎng zuò
和衷共济	hé zhōng gòng jì
励精更始	lì jīng gēng shǐ
八音遏密	bā yīn è mì
遏密八音	è mì bā yīn
克爱克威	kè ài kè wēi
布帆无恙	bù fán wú yàng
欲速反迟	yù sù fǎn chí
溜之乎也	liū zhī hū yě
艰苦朴素	jiān kǔ pǔ sù
溢美溢恶	yì měi yì lè
鱼笺雁书	yú jiān yàn shū
慷慨捐生	kāng kǎi juān shēng
枕戈击楫	zhěn gē jī jí
滴露研朱	dī lù yán zhū
恢恢有余	huī huī yǒu yú
父债子还	fù zhài zǐ huán
狂蜂浪蝶	kuáng fēng làng dié
浪蝶狂蜂	làng dié kuáng fēng
酌古御今	zhuó gǔ yù jīn
勺水一脔	sháo shuǐ yī luán
茶余饭饱	chá yú fàn bǎo
蔼然仁者	ǎi rán rén zhě
莞尔而笑	wǎn ěr ér xiào
熬油费火	áo yóu fèi huǒ
靴刀誓死	xuē dāo shì sǐ
坌鸟先飞	bèn niǎo xiān fēi
贩贱卖贵	fàn jiàn mài guì
盖棺事定	gài guān shì dìng
吹毛索瘢	chuī máo suǒ bān
分秒必争	fēn miǎo bì zhēng
毁钟为铎	huǐ zhōng wéi duó
蛾眉皓齿	é méi hào chǐ
皓齿蛾眉	hào chǐ é méi
蜂攒蚁聚	fēng cuán yǐ jù
蚁聚蜂攒	yǐ jù fēng cuán
残冬腊月	cán dōng là yuè
染指垂涎	rǎn zhǐ chuí xián
骈首就系	pián shǒu jiù xì
恣无忌惮	zì wú jì dàn
络绎不绝	luò yì bù jué
顶名冒姓	dǐng míng mào xìng
诳时惑众	kuáng shí huò zhòng
刺虎持鹬	cì hǔ chí yù
拱肩缩背	gǒng jān suō bèi
盛宴难再	shèng yàn nán zài
十浆五馈	shí jiāng wǔ kuì
狷介之士	juàn jiě zhī shì
晨秦暮楚	chén qín mù chǔ
隳胆抽肠	huī dǎn chōu cháng
外方内员	wài fāng nèi yuán
内查外调	nèi chá wài diào
踔厉奋发	chuō lì fèn fā
奋发踔厉	fèn fā chuō lì
疑团莫释	yí tuán mò shì
万念俱寂	wàn niàn jù jì
钢筋铁骨	gāng jīng tiě gǔ
福衢寿车	fú qú shòu chē
断缣寸纸	duàn jiān cùn zhǐ
黄皮寡廲	huáng pí guǎ sōu
枵腹终朝	xiāo fù zhōng cháo
桃蹊柳曲	táo qī liǔ qǔ
狼飡虎咽	láng cān hǔ yān
顽皮赖骨	wán pí lài gǔ
神奸巨猾	shén jiān jù huá
祁奚之举	qí xī zhī jǔ
颜丹鬓绿	yán dān bìn lǜ
析辨诡辞	xī biàn guǐ cí
孟母三迁	mèng mǔ sān qiān
聚蚊成雷	jù wén chéng léi
振兵释旅	zhèn bīng shì lǚ
荆棘丛生	jīng jí cóng shēng
玉洁松贞	yù jié sōng zhēn
奉令承教	fèng lìng chéng jiào
发宪布令	fā xiàn bù lìng
箭拔弩张	jiàn bá nǔ zhāng
买菜求益	mǎi cài qiú yì
岁聿其莫	suì yù qí mù
斤斤计较	jīn jīn jì jiào
汪洋自恣	wāng yáng zì zī
负荆请罪	fù jīng qǐng zuì
鹬蚌相危	yù bàng xiāng wēi
钝口拙腮	dùn kǒu zhuō sāi
拙口钝腮	zhuō kǒu dùn sāi
刻章琢句	kè zhāng zhuó jù
乖嘴蜜舌	guāi zuǐ mì shé
附骥攀鳞	fù jì pān lín
稂莠不齐	láng yǒu bù qí
携老扶弱	xié lǎo fú ruò
释回增美	shì huí zēng měi
新来乍到	xīn lái zhà dào
忍尤含垢	rěn yóu hán gòu
黄雀衔环	huáng què xián huán
不知藋蕫	bù zhī dīng dǒng
三姑六婆	sān gū liù pó
尸横遍野	shī héng biàn yě
先斩后奏	xiān zhǎn hòu zòu
拿刀弄杖	ná dāo nòng zhàng
脸黄肌瘦	liǎn huáng jī shòu
创钜痛深	chuàng jù tòng shēn
面似靴皮	miàn sì xuē pí
翩翩起舞	piān piān qǐ wǔ
披坚执锐	pī jiān zhí ruì
执锐披坚	zhí ruì pī jiān
抚今思昔	fǔ jīn sī xī
五车腹笥	wǔ chē fù sì
借客报仇	jiè kè bào chóu
万里迢迢	wàn lǐ tiáo tiáo
金璧辉煌	jīn bì huī huáng
授业解惑	shòu yè jiě huò
殊方异域	shū fāng yì yù
疮痍满目	chuāng yí mǎn mù
满目疮痍	mǎn mù chuāng yí
燕金募秀	yān jīn mù xiù
剥床及肤	bō chuáng jí fū
栉比鳞差	zhì bǐ lín cǐ
黑白混淆	hēi bái hùn xiáo
混淆黑白	hùn xiáo hēi bái
铿金霏玉	kēng jīn fēi yù
玉箫金琯	yù xiāo jīn guǎn
并驾齐驱	bìng jià qí qū
狂朋怪友	kuáng péng guài yǒu
齐驱并驾	qí qū bìng jià
予取予夺	yú qǔ yú duó
嫌好道歉	xián hǎo dào qiàn
恶叉白赖	è chā bái lài
根椽片瓦	gēn chuán piàn wǎ
儗非其伦	nǐ fēi qí lún
枉墨矫绳	wǎng mò jiǎo shéng
牛骥共牢	niú jì gòng láo
语近词冗	yǔ jìn cí rǒng
鱼龙曼羡	yú lóng màn xiàn
蜂扇蚁聚	fēng shān yǐ jù
蜂屯蚁聚	fēng tún yǐ jù
蚁聚蜂屯	yǐ jù fēng tún
鼓唇咋舌	gǔ chún zǎ shé
杞宋无征	qǐ sòng wú zhēng
咸与惟新	xián yǔ wéi xīn
饿殍满道	è piǎo mǎn dào
饿虎擒羊	è hǔ qín yáng
各就各位	gè jiù gè wèi
凡胎浊骨	fán tāi zhuó gǔ
浊骨凡胎	zhuó gǔ fán tāi
罗掘俱穷	luó jué jù qióng
纵横开阖	zòng héng kāi hé
冥漠之都	míng mò zhī dōu
卖剑买犊	mài jiàn mǎi dú
曳尾泥涂	yè wěi ní tú
研精究微	yán jīng jiū wēi
方枘圆凿	fāng ruì yuán záo
方凿圆枘	fāng záo yuán ruì
枘圆凿方	rùi yuán záo fāng
枘凿方圆	ruì záo fāng yuán
圆凿方枘	yuán záo fāng ruì
咫尺威颜	zhǐ chǐ wēi yán
安份守己	ān fèn shǒu jǐ
吹箫乞食	chuī xiāo qǐ shí
善罢甘休	shàn bà gān xiū
重垣迭锁	chóng yuán dié suǒ
抱璞泣血	bào pú qì xuè
能近取譬	néng jìn qǔ pì
佛头著粪	fó tóu zhuó fèn
穷奢极侈	qióng shē jí chǐ
揆情审势	kuí qíng shěn shì
沥胆濯肝	lì dǎn zhuó gān
偏听偏信	piān tīng piāng xìn
系马埋轮	xì mǎ mái lún
并疆兼巷	bìng jiāng jiān xiàng
饱谙世故	bǎo ān shì gù
口齿伶俐	kǒu chǐ líng lì
口谐辞给	kǒu xié cí gěi
肥遯鸣高	féi dùn míng gāo
漂零蓬断	piāo líng péng duàn
炯炯有神	jiǒng jiǒng yǒu shén
湛湛青天	zhàn zhàn qīng tīan
敦诗说礼	dūn shī shuō lǐ
寥若晨星	liáo ruò chén xīng
枝叶扶苏	zhī yè fú sū
助桀为虐	zhù jié wéi nüè
掠美市恩	lüě měi shì ēn
阿狗阿猫	ā gǒu ā māo
阿猫阿狗	ā māo ā gǒu
铲迹销声	chǎn jì xiāo shēng
绰约多姿	chuò yuē duō zī
送暖偷寒	sòng nuǎn tōu hán
偷寒送暖	tōu hán sòng nuǎn
颐性养寿	yí xìng yǎng shòu
自相矛盾	zì xiāng máo dùn
遨翔自得	áo xiáng zì dé
寝苫枕草	qǐn shān zhěn cǎo
梗迹蓬飘	gěng jì péng piāo
炳烛夜游	bǐng zhú yè yóu
隔壁听话	gé bì tīng huà
头昏脑胀	tóu hūn nǎo zhàng
字字珠玑	zì zì zhū jī
蔓蔓日茂	màn màn rì mào
恐慌万状	kǒng huāng wàn zhuàng
乖唇蜜舌	guāi chún mì shé
无洞掘蟹	wú dòng jué xiè
矫揉造作	jiǎo róu zào zuò
造作矫揉	zào zuò jiǎo róu
深耕易耨	shēn gēng yì nòu
外宽内忌	wài kuān nèi jì
入吾彀中	rù wǔ gòu zhōng
继继承承	jì jì chéng chéng
膏粱子弟	gāo liáng zǐ dì
药店飞龙	yào diàn fēi lóng
将勤补拙	jiāng qín bǔ zhuō
琼浆金液	qióng jiāng jīn yè
血迹斑斑	xuè jì bān bān
增收节支	zēng shōu jié zhī
离本徼末	lí běn yāo mò
荦荦大者	luò luò dà zhě
大雨滂沱	dà yǔ páng tuó
滂沱大雨	páng tuó dà yǔ
甄心动惧	zhēn xīn dòng jù
坏法乱纪	huài fǎ luàn jì
负薪构堂	fù xīn gòu táng
磨牙吮血	mó yá shǔn xuè
锦囊佳句	jǐn náng jiā jù
鸿篇巨着	hóng piān jù zhe
生拉硬扯	shēng lā yìng chě
保泰持盈	bǎo tài chì yíng
保盈持泰	bǎo yíng chì tài
持盈保泰	chí yíng bǎo tài
啜菽饮水	chuò shū yǐn shuǐ
饮水啜菽	yǐn shuǐ chuò shū
栖丘饮谷	qī qiū yǐn gǔ
饮谷栖丘	yǐn gǔ qī qiū
因敌取资	yīn dí qǔ zī
望衡对宇	wàng héng duì yǔ
扶弱抑强	fú ruò yì qiáng
抑强扶弱	yì qiáng fú ruò
囊萤照书	náng yíng zhào shū
鞭辟向里	biān bì xiàng lǐ
鸢肩豺目	yuān jiān chái mù
精力充沛	jīng lì chōng pèi
仅以身免	jǐn yǐ shēn miǎn
摩厉以需	mó lì yǐ xū
通宵彻旦	tōng xiāo chè dàn
详星拜斗	xiáng xīng bài dǒu
楞头楞脑	léng tóu léng nǎo
象箸玉杯	xiàng zhù yù bēi
返我初服	fǎn wǒ chū fú
矜贫恤独	jīn pín xù dú
命途多舛	mìng tú duō chuǎn
咄咄逼人	duō duō bī rén
犀顶龟文	xī dǐng guī wén
丰屋蔀家	fēng wū zhī jiā
油浇火燎	yóu jiāo huǒ liáo
蠹政害民	dù zhèng hài mín
各个击破	gè gè jī pò
科头箕踞	kē tóu jī jù
雍荣雅步	yōng róng yǎ bù
率由旧则	shuài yóu jiù zé
私淑弟子	sī shū dì zǐ
良禽择木	liáng qín zé mù
运旺时盛	yùn wàng shí shèng
遁阴匿景	dùn yīn nì jǐng
冲坚毁锐	chōng jiān huǐ ruì
敦本务实	dūn běn wù shí
旱苗得雨	hàn miáo dé yǔ
独茧抽丝	dú jiǎn chōu sī
果熟蒂落	guǒ shú dì luò
遗编坠简	yí biān zhuì jiǎn
悲歌击筑	bēi gē jī zhù
击筑悲歌	jī zhù bēi gē
逢场竿木	féng chǎng gān mù
情重姜肱	qíng zhòng jiāng gōng
足趼舌敝	zú jiǎn shé bì
货真价实	huò zhēn jià shí
岐出岐入	qí chū qí rù
补偏救弊	bǔ piān jiù bì
救偏补弊	jiù piān bǔ bì
遏云绕梁	è yún rào liáng
箫韶九成	xiāo sháo jiǔ chéng
胡猜乱想	hú cāi luàn xiǎng
使酒骂座	shǐ jiǔ mà zuò
点头哈腰	diǎn tóu hā yāo
额手称颂	é shǒu chēng sòng
快刀斩麻	kuài dāo zhǎn má
忍辱含羞	rěn rǔ hán xiū
福孙荫子	fú sūn yìn zǐ
格杀弗论	gé shā fú lùn
兼弱攻昧	jiān ruò gōng mèi
何其毒也	hé qí dú yě
临难苟免	lín nàn gǒu miǎn
避烦斗捷	bì fán dòu jié
齿若编贝	chǐ ruò biān bèi
盗铃掩耳	dào líng yǎn ěr
掩耳盗铃	yǎn ěr dào líng
众喣漂山	zhòng xǔ piāo shān
燕安鸩毒	yàn ān zhèn dú
含苞欲放	hán bāo yù fàng
摧枯拉朽	cuī kū lā xiǔ
摧朽拉枯	cuī xiǔ lā kū
拉朽摧枯	lā xiǔ cuī kū
束手就殪	shù shǒu jiù yì
延颈举踵	yán jǐng jǔ zhǒng
巢焚原燎	cháo fén yuán liáo
音容宛在	yīn róng wǎn zài
蓬门荜户	péng mén bì hù
转弯抹角	zhuǎn wān mò jiǎo
雨霾风障	yǔ mái fēng zhàng
移船就岸	yí chuán jiù àn
鹬蚌相争	yù bàng xiāng zhēng
重垣叠锁	chóng yuán dié suǒ
万赖俱寂	wàn lài jù jì
膏唇拭舌	gāo chún shì shé
守瓶缄口	shǒu píng jiān kǒu
效死输忠	xiào sǐ shū zhōng
逸尘断鞅	yì chén duàn yāng
远求骐骥	yuǎn qiú qí jì
咳唾成珠	ké tuò chéng zhū
愁眉蹙额	chóu méi cù é
熏风解愠	xūn fēng jiě yùn
琨玉秋霜	kūn yù qiū shuāng
什伍东西	shí wǔ dōng xī
铿锵有力	kēng qiāng yǒu lì
问诸水滨	wèn zhū shuǐ bīn
豕食丐衣	shǐ shí gài yī
遗芬余荣	yí fēn yú róng
故态复萌	gù tài fù méng
擘肌分理	bò jī fēn lǐ
谢兰燕桂	xiè lán yàn guì
妨功害能	fáng gōng hài néng
深闭固距	shēn bì gù jù
沆瀣一气	hàng xiè yī qì
黄干黑廲	huáng gān hēi sōu
朽木粪墙	xiǔ mù fèn qiáng
兵戈扰攘	bīng gē rǎo rǎng
投袂援戈	tóu mèi yuán gē
实蕃有徒	shí fān yǒu tú
训练有素	xùn liàn yǒu sù
上谄下渎	shàng chǎn xià dú
熯天炽地	hàn tiān chì dì
迷恋骸骨	mí liàn hài gǔ
铮铮铁骨	zhēng zhēng tiě gǔ
颠毛种种	diān máo zhǒng zhǒng
众楚群咻	zhòng chǔ qún xiū
衔华佩实	xián huá pèi shí
额首称庆	é shōu chēng qìng
横刀揭斧	héng dāo jiē fǔ
狼飧虎咽	láng sūn hǔ yàn
邪魔歪道	xié mó wāi dào
张敞画眉	zhāng chǎng huà méi
沐露沾霜	mù lù zhān shuāng
永垂青史	yǒng chuí qīng shǐ
抑塞磊落	yì sè lěi luò
荟萃一堂	huì cuì yī táng
鞭擗进里	bīan pì jìn lǐ
众盲摸象	zhòng máng mō xiàng
著于竹帛	zhù yú zhú bó
痛下针砭	tòng xià zhēn biān
挑牙料唇	tiǎo yá liào chún
我醉欲眠	wǒ zuì yù mián
驿路梅花	yì lù méi huā
飞蛾赴烛	fēi é fù zhú
控名责实	kòng míng zé shí
彰往考来	zhāng wǎng kǎo lái
磊落轶荡	lěi luò yì dàng
离析涣奔	lí xī huàn bēn
肌劈理解	jī pī lǐ jiě
瑟调琴弄	sè tiáo qín nòng
瑟弄琴调	sè nòng qín tiáo
昏昏默默	hūn hūn mò mò
通都大埠	tōng dōu dà bù
担雪填井	dān xuě tián jǐng
凤凰来仪	fèng huáng lái yí
莫可究诘	mò kě jiū jié
断梗浮萍	duàn gěng fú píng
装怯作勇	zhuāng qiè zuò yǒng
做刚做柔	zuò gāng zuò róu
阴凝冰坚	yīn níng bīng jiān
阴凝坚冰	yīn níng jiān bīng
熊经鸟曳	xióng jīng niǎo yè
优游卒岁	yōu yóu zú suì
连篇累册	lián piān lèi cè
探幽索隐	tàn yōu suǒ yǐn
添枝增叶	tiān zhī zēng yè
饱经沧桑	bǎo jīng cāng sāng
目瞪舌彊	mù dèng shé jiàng
鸿儒硕学	hóng rú shuò xué
邈若河汉	miǎo ruò hé hàn
眩视惑听	xuàn shì huò tīng
春蛙秋蝉	chūn wā qiū chán
披麻带孝	pī má dài xiào
雌雄未决	cí xióng wèi jué
根连株逮	gēn lián zhū dǎi
村学究语	cūn xué jiū yǔ
背曲腰弯	bèi qǔ yāo wān
揣合逢迎	chuǎi hé féng yíng
粘花惹草	zhān huā rě cǎo
异军特起	yì jūn tè qǐ
匪石匪席	fěi shí fěi xí
东猎西渔	dōng liè xī yú
歃血为盟	shà xuè wéi méng
盛衰兴废	shèng shuāi xīng fèi
低头耷脑	dī tóu dā nǎo
鲇鱼上竿	nián yú shàng gān
蹊田夺牛	xī tián duó niú
闭关却扫	bì guān què sǎo
颊上添毫	jiá shàng tiān háo
扬威曜武	yáng wēi yào wǔ
盈篇累牍	yíng piān lěi dú
鸿篇巨制	hóng piān jù zhì
乘间伺隙	chéng jiān sì xì
花枝招飍	huā zhī zhāo zhǎn
葭莩之亲	jiā fú zhī qīn
冯唐易老	féng táng yì lǎo
单孑独立	dān jié dú lì
八面玲珑	bā miàn líng lóng
雕肝镂肾	diāo gān lòu shèn
刺股悬梁	cì gǔ xuán liáng
悬梁刺股	xuán liáng cì gǔ
狼嚎鬼叫	láng háo guǐ jiào
神抶电击	shén chì diàn jī
分斤掰两	fēn jīn bāi liǎng
跅弛不羁	tuò chí bù jī
利绾名牵	lì wǎn míng qiān
判若鸿沟	pàn ruò hóng gōu
戎马仓皇	róng mǎ cāng huáng
夫倡妇随	fū chàng fù suí
琴瑟调和	qín sè tiáo hé
八音迭奏	bā yīn dié zòu
另眼看戏	lìng yǎn kàn xì
遭劫在数	zāo jié zài shù
钻冰求酥	zuān bīng qiú sū
俯拾即是	fǔ shí jí shì
勤学苦练	qín xué kǔ zh
北门锁钥	běi mén suǒ yuè
屯街塞巷	tún jiē sāi xiàng
报雠雪恨	bào chóu xuě hèn
割肉补疮	gē ròu bǔ chuāng
神区鬼奥	shén qū guǐ ào
潢池弄兵	huáng chí nòng bīng
弄兵潢池	nòng bīng huáng shi
再作冯妇	zài zuò féng fù
三媒六证	sān méi liù zhèng
杞梓之林	qǐ zǐ zhī lín
车填马隘	chē tián mǎ ài
及溺呼船	jí nì hū chuán
疾首蹙额	jí shǒu cù é
包举宇内	bāo jǔ yǔ nèi
南冠楚囚	nán guān chǔ qiú
因循坐误	yīn xún zuò wù
晨兴夜寐	chén xīng yè mèi
对症下药	duì zhèng xià yào
血流漂杵	xuè liú piāo chǔ
使性掼气	shǐ xìng guàn qì
楚界汉河	chǔ jiè hàn hé
降尊临卑	jiàng zūn lín bēi
锦囊佳制	jǐn náng jiā zhì
引针拾芥	yǐn zhēn shí jiè
枝源派本	zhī yuán pài běn
典妻鬻子	diǎn qī yù zǐ
甘棠遗爱	gān táng yí ài
雁默先烹	yàn mò xiān pēng
强弩末矢	qiáng nǔ mò shǐ
犀角烛怪	xī jiǎo zhú guài
再接再砺	zài jiē zài lì
朱楼碧瓦	zhū lóu bì wǎ
摩顶放踵	mó dǐng fàng zhǒng
等因奉此	děng yīn fèng cǐ
偃武櫜兵	yǎn wǔ gāo bīng
金屋贮娇	jīn wū zhù jiāo
舞词弄札	wǔ cí nòng zhá
钻头觅缝	zuān tóu mì fèng
再衰三涸	zài shuāi sān hé
抟香弄粉	tuán xiāng nòng fěn
盛必虑衰	shèng bì lǜ shuāi
披罗戴翠	pī luó dài cuì
显祖扬宗	xiǎn zǔ yáng zōng
豁然顿悟	huò rán dùn wù
内外夹攻	nèi wài jiā gōng
骥服盐车	jì fú yán chē
朝夷暮跖	zhāo yí mù zhí
瓜区豆分	guā qū dòu fēn
皮开肉绽	pí kāi ròu zhàn
充栋汗牛	chōng dòng hàn niú
汗牛充栋	hàn niú chōng dòng
杜微慎防	dù wēi shèn fáng
垂头塌翅	chuí tóu tā chì
俭存奢失	jiǎn cún shē shī
年该月值	nián gāi yuè zhí
艳紫妖红	yàn zǐ yāo hóng
鹯视狼顾	zhān shì láng gù
牵羊担酒	qiān yáng dàn jiǔ
飞谋钓谤	fēi móu diào bàng
喷云泄雾	pēn yún xiè wù
寝苫枕土	qǐn shān zhěn tǔ
粉墨登场	fěn mò dēng chǎng
觅迹寻踪	mì jì xún zōng
寻踪觅迹	xún zōng mì jì
洗雪逋负	xǐ xuě bū fù
千岩竞秀	qiān yán jìng xiù
振兵泽旅	zhèn bīng shì lǚ
装腔作态	zhuāng qiāng zuò tài
本固邦宁	běn gù bāng níng
枕岩漱流	zhěn yán shù liú
清都紫府	qīng dōu zǐ fǔ
驹留空谷	jū liú kōng gǔ
禽困覆车	qín kùn fù chē
三婆两嫂	sān pó liǎng sǎo
临阵磨枪	lín zhèn mó qiāng
掘井及泉	jué jǐng jǐ quán
刮骨抽筋	guā gǔ chōu jīn
挂肚牵肠	guà dù qiān cháng
牵肠挂肚	qiān cháng guà dù
金碧辉映	jīn bì huī yìng
孳孳不倦	zī zī bù juàn
葑菲之采	fēng fēi zhī cǎi
孽根祸胎	niè gēn huò tāi
文君新醮	wén jūn xīn jiào
登山陟岭	dēng shān zhì lǐng
暗度陈仓	àn dù chén cāng
还珠买椟	huán zhū mǎi dú
买椟还珠	mǎi dú huán zhū
焚书坑儒	fén shū kēng rú
超群越辈	chāo qún yuè bèi
仪表堂堂	yí biǎo táng táng
绘声绘影	huì shēng huì yǐng
绘影绘声	huì yǐng huì shēng
兴致勃勃	xìng zhì bó bó
玩岁愒月	wán suì yī yuè
伸头缩颈	shēn tóu suō jǐng
麈尾之诲	zhǔ wěi zhī huì
心绪恍惚	xīn xù huǎng hū
久束湿薪	jiǔ shù shī xīn
乞儿马医	qǐ ér mǎ yī
余杯冷炙	yú bēi lěng zhì
能写会算	néng xiě huì suàn
通幽洞冥	tōng yōu dòng míng
丈二和尚	zhàng èr hé shàng
柳昏花螟	liǔ hūn huā míng
逢凶化吉	féng xiōng huà jí
小试锋芒	xiǎo shì fēng máng
济弱锄强	jì ruò chú qiáng
筐箧中物	kuāng qiè zhōng wù
荒谬绝伦	huāng miù jué lún
明察暗访	míng chá àn fǎng
破璧毁珪	pò bì huǐ zhǐ
持筹握算	chí chóu wò suàn
门禁森严	mén jìn sēn yán
钳口挢舌	qián kǒu jiǎo shé
色厉内荏	sè lì nèi rěn
搜根剔齿	sōu gēn tī chǐ
釜鱼甑尘	fǔ yú zèng chén
鱼釜尘甑	yú fǔ chén zèng
甑尘釜鱼	zēng chén fǔ yú
香轮宝骑	xiāng lún bǎo qí
猜枚行令	cāi méi xíng lìng
治郭安邦	zhì guō ān bāng
抵瑕蹈隙	dǐ xiá dǎo xì
狼吃幞头	láng chī fú tóu
入室昻堂	rù shì shēng táng
缩衣啬食	suō yī sè shí
殷浩书空	yīn hào shū kōng
捻土焚香	niǎn tǔ fén xiāng
振贫济乏	zhèn pín jì fá
管城毛颖	guǎn chéng máo yǐng
贪夫猣利	tān fū yě lì
输肝写胆	shū gān xiě dǎn
横驱别骛	héng qū bié wù
仪静体闲	yí jìng tǐ xián
丛轻折轴	cóng qīng zhé zhóu
琪花瑶草	qí huā yáo cǎo
瑶草琪花	yáo cǎo qí huā
胸有邱壑	xiōng yǒu qiū hè
遥遥领先	yáo yáo lǐng xiān
发蒙振聩	fā méng zhèn kuì
洗垢匿瑕	xǐ gòu nì xiá
鼎折覆餸	dǐng shé fù sù
鼎折餸覆	dǐng shé sù fù
折鼎覆餸	zhé dǐng fù sù
材薄质衰	cái bó zhì shuāi
杜渐除微	dù jiàn chú wēi
疑难杂症	yí nán zá zhèng
圣帝明王	shèng dì míng wáng
东碰西撞	dōng pèng xī zhuàng
偷梁换柱	tōu liáng huàn zhù
探骊得珠	tàn lí dé zhū
万目睚眦	wàn mù yá zì
坎坷不平	kǎn kě bù píng
洪水猛兽	hóng shuǐ měng shòu
父慈子孝	fù cí zǐ xiào
子孝父慈	zǐ xiào fù cí
断脰决腹	duàn dòu jué fù
漂母进饭	piāo mǔ jìn fàn
旗布星峙	qí bù xīng zhì
梯山架壑	tī shān jià hè
哗众取宠	huá zhòng qǔ chǒng
河溓海夷	hé lián hǎi yí
遭逢会遇	zāo féng huì yù
仰屋窃叹	yǎng wū qiè tàn
务本抑末	wù běn yì mò
整躬率物	zhěng gōng shuài wù
重生爷娘	chóng shēng yé niáng
北辰星拱	bēi chén xīng gǒng
粉妆玉砌	fěn zhuāng yù qì
张甲李乙	zhāng jiǎ lǐ yǐ
卖乖弄俏	mài guāi nòng qiào
东床佳婿	dōng chuáng jiā xù
哀鸿遍野	āi hóng biàn yě
蠹居棋处	dù jū qí chǔ
修桥补路	xiū qiáo bǔ lù
裁红点翠	cái hóng diǎn cuì
卷席而葬	juǎn xí ér zàng
街号巷哭	jiē hào xiàng kū
罗雀掘鼠	luó què jué shǔ
枯耘伤岁	kū yún shāng suì
江淹梦笔	jiāng yān mèng bǐ
填坑满谷	tián kēng mǎn gǔ
琼浆玉液	qióng jiāng yù yè
玉液琼浆	yù yè qióng jiāng
邹衍谈天	zōu yǎn tán tiān
逞奇眩异	chěng qí xuàn yì
色衰爱弛	sè shuāi ài chí
回船转舵	huí chuán zhǎn duò
奉命惟谨	fèng mìng wéi jǐn
归邪转曜	guī xié zhuǎn yào
休戚与共	xiū qī yǔ gòng
轻饶素放	qīng ráo sù fàng
执柯作伐	zhí kē zuò fá
椎膺顿足	chuí yīng dùn zú
含辛茹苦	hán xīn rú kǔ
茹苦含辛	rú kǔ hán xīn
夫荣妻显	fū róng qī xiǎn
掩耳偷铃	yǎn ěr tōu líng
短绠汲深	duǎn gěng jí shēn
绠短汲深	gěng duǎn jí shēn
汲深绠短	jí shēn gěng duǎn
冲州过府	chōng zhōu guò fǔ
过府冲州	guò fǔ chōng zhōu
融会通浃	róng huì tōng jiā
张徨失措	zhāng huáng shī cuò
隋珠弹雀	suí zhū tán què
踟蹰不前	chí chú bù qián
趑趄不前	zī jū bù qián
以磛投卵	yǐ duàn tóu luǎn
驻颜有术	zhù yán yǒu shù
忍耻含羞	rěn chǐ hán xiū
弃瑕录用	qì xiá lù yòng
粉白黛绿	fěn bái dài lǜ
捐躯报国	juān qū bào guó
银钩玉唾	yín gōu yù tuò
襟怀坦白	jīn huái tǎn bái
讽德诵功	fěng dé sòng gōng
颠倒乾坤	diān dǎo qián kūn
颠乾倒坤	diān qiān dǎo kūn
灰身泯智	huī shēn mǐn zhì
缩头缩颈	suō tóu suō jǐng
凿龟数策	záo guī shǔ cè
刀耕火耨	dāo gēng huǒ nòu
火耨刀耕	huǒ nòu dāo gēng
乐嗟苦咄	lè jiē kǔ duō
明哲保身	míng zhé bǎo shēn
析辨诡词	xī biàn guǐ cí
吃苦耐劳	chī kǔ nài láo
纶音佛语	lún yīn fó yǔ
挑唇料嘴	tiǎo chún liào zuǐ
翘首引领	qiáo shǒu yǐn lǐng
扣壶长吟	kòu hú cháng yín
燃糠自照	rán kāng zì zhào
优昙一现	yōu tán yī xiàn
肉袒面缚	ròu tǎn miàn fù
筑室反耕	zhù shì fǎn gēng
革凡登圣	gé fán dēng shèng
弄鬼掉猴	nòng guǐ diào hóu
批毛求疵	pī máo qiú cī
深沟壁垒	shēn gōu bì lěi
郢人斤斫	yǐng rén jīn zhuó
笨嘴拙舌	bèn zuǐ zhuō shé
拙嘴笨舌	zhuō zuǐ bèn shé
窗明几净	chuāng míng jī jìng
明窗净几	míng chuāng jìng jī
登峰造极	dēng fēng zào jí
造极登峰	zào jí dēng fēng
请君入瓮	qǐng jūng rù wèng
老牛舐犊	lǎo niú shì dú
窃钩窃国	qiè gōu qiè guó
树德务滋	shù dé wù zī
四肢百骸	sì zhī bǎi hái
哀毁瘠立	āi huǐ jī lì
咳珠唾玉	ké zhū tuò yù
虎窟龙潭	hǔ kū lóng tán
龙潭虎窟	lóng tán hǔ kū
黏皮着骨	nián pí zhe gǔ
十拏九稳	shí mù jiǔ wěn
断线偶戏	duàn xiàn ǒu xì
朋党比周	péng dǎng bǐ zhōu
夜静更阑	yè jìng gēng lán
凤管鸾笙	fèng guǎn luán shēng
捶胸跌足	chuí xiōng diē zú
越次超伦	yuè cì chāo lún
连州比县	lián zhōu bǐ xiàn
蠹简遗编	dù jiǎn yí biān
齐轨连辔	qí guǐ lián pèi
发硎新试	fā xíng xīn shì
梳文栉字	shū wén zhì zì
蹈规循矩	dǎo guī xún jǔ
蹈矩循规	dǎo jǔ xún guī
循规蹈矩	xún guī dǎo jǔ
朽条腐索	xiǔ tiáo fǔ suǒ
品学兼优	pǐn xué jiān yōu
粉饰太平	fěn shì tài píng
牢骚满腹	láo sāo mǎn fù
满腹牢骚	mǎn fù láo sāo
阅人多矣	yuè rén duō yǐ
龙骧蠖屈	lóng xiāng huò qū
附炎趋热	fù yán qū rè
趋炎附热	qū yán fù rè
新昏宴尔	xīn hūn yàn ěr
要价还价	yào jià huán jià
朝齑暮盐	zhāo jī mù yán
捎关打节	shāo guān dǎ jié
浮收勒折	fú shōu lè shé
逾墙钻隙	yú qiáng zuān xì
钻隙逾墙	zuān xì yú qiáng
悒悒不乐	yì yì bù lè
釜底抽薪	fǔ dǐ chōu xīn
狗尾貂续	gǒu wěi diāo xù
狗尾续貂	gǒu wěi xù diāo
狗续貂尾	gǒu xù diāo wěi
宠辱皆忘	chǒng rǔ jiē wàng
舞裙歌扇	wǔ qún gē shàn
陨身糜骨	yǔn shēn mí gǔ
尚虚中馈	shàng xū zhōng kuì
鲁鱼陶阴	lǔ yú táo yīn
鱼封雁帖	yú fēng yàn tiē
刻翠裁红	kè cuì cái hóng
俾夜作昼	bǐ yè zuò zhòu
俾昼作夜	bǐ zhòu zuò yè
春诵夏弦	chūn sòng xià xián
厝火燎原	cuò huǒ liǎo yuán
兽穷则啮	shòu qióng zé niè
款曲周至	kuǎn qǔ zhōu zhì
悬崖勒马	xuán yá lè mǎ
下阪走丸	xià bǎn zǒu wán
踏破铁鞋	tà pò tiě xié
铁鞋踏破	tiě xié tà pò
鸮心鹺舌	xiāo xīn lí shé
鸮心鹂舌	rén xīn lí shé
豪管哀弦	háo guǎn āi xián
藏锋敛锐	cáng fēng liǎn ruì
兢兢干干	jīng jīng gàn gàn
填街塞巷	tián jiē sāi xiàng
弩下逃箭	nǔ xià táo jiàn
雨膏烟腻	yǔ gāo yān nì
隳肝沥胆	huī gān lì dǎn
沥胆隳肝	lì dǎn huī gān
物殷俗阜	wù yīn sú fù
曾几何时	céng jǐ hé shí
遐方绝域	xiá fāng jué yù
万目睽睽	wàn mù kuí kuí
电闪雷鸣	diàn shǎn léi míng
鞘里藏刀	qiào lǐ cáng dāo
槛花笼鹤	jiàn huā lóng hè
壮志未酬	zhuàng zhì wèi chóu
鸿篇巨著	hóng piān jù zhù
邻女窥墙	lín nǚ kuī qiáng
庞眉皓首	páng méi hào shǒu
楞头磕脑	léng tóu kē nǎo
常鳞凡介	cháng lín fán jiè
经帮纬国	jīng bāng wěi guó
根据盘互	gēn jù pán hù
低头哈腰	dī tóu hā yāo
操奇逐赢	cāo qì zhù yíng
油煎火燎	yóu jiān huǒ liáo
齐驱并骤	qí qū bìng zhòu
娓娓而谈	wěi wěi ér tán
混淆视听	hùn xiáo shì tīng
君子好逑	jūn zǐ hào qiú
敌王所忾	dí wáng suǒ kài
逸兴遄飞	yì xìng chuán fēi
畅叫扬疾	chàng jiào yáng jí
擐甲执兵	huàn jiǎ zhí bīng
燋金烁石	jiāo jīn shuò shí
尝胆眠薪	cháng dǎn mián xīn
危迫利诱	wēi pò lì yòu
翠消红减	cuì xiāo hóng jiǎn
箕山挂瓢	jī shān guà piáo
重葩累藻	chóng pā lèi zǎo
托物寓感	tuō wù yù gǎn
托物陈喻	tuō wù chén yù
酌盈注虚	zhuó yíng zhù xū
循环往复	xún huán wǎng fù
董狐直笔	dǒng hú zhí bǐ
例直禁简	lì zhí jìn jiǎn
屎屁直流	shǐ pì zhí liú
冲锋陷坚	chōng fēng xiàn jiān
艰难险阻	jiān nán xiǎn zǔ
险阻艰难	xiǎn zǔ jiān nán
邀名射利	yāo míng shè lì
尺椽片瓦	chǐ chuán piàn wǎ
蹈袭覆辙	dǎo xí fù zhé
连篇累帙	lián piān lèi zhì
断缣零璧	duàn jiān líng bì
加减乘除	jiā jiǎn chéng chú
英姿焕发	yīng zī huàn fā
吉祥止止	jí xiáng zhǐ zhǐ
冻浦鱼惊	dòng pǔ yú jīng
割肚牵肠	gē dù qiān cháng
牵肠割肚	qiān cháng gē dù
宽猛并济	kuān měng bìng jì
败井颓垣	bài jǐng tuí yuán
颓垣败井	tuí yuán bài jǐng
好肉剜疮	hǎo ròu wān chuāng
残编裂简	cán biān liè jiǎn
通商惠工	tōng shāng huì gōng
出舆入辇	chū yú rù niǎn
涸鲋得水	hé fù dé shuǐ
论甘忌辛	lùn gān jì xīn
燕安醙毒	yàn ān dān dú
凤泊鸾漂	fèng bó luán piāo
鸾漂凤泊	luán piāo fèng bó
认祖归宗	rèn zǔ guī zōng
弄鬼妆幺	nòng guǐ zhuāng yāo
画栋飞甍	huà dòng fēi méng
枭首示众	xiāo shǒu shì zhòng
歌楼舞榭	gē lóu wǔ xiè
舞榭歌楼	wǔ xiè gē lóu
寝苫枕干	qǐn shān zhěn gàn
洒扫应对	sǎ sào yìng duì
折冲尊俎	zhé chōng zūn zǔ
尊俎折冲	zūn zǔ zhé chōng
刬草除根	chǎn cǎo chú gēn
剗草除根	chǎn cǎo chú gēn
歠菽饮水	pá shū yǐn shuǐ
闭门墐户	bì kǒu jǐn hù
张良借箸	zhāng liáng jiè zhù
卑谄足恭	bēi chǎn jǜ gōng
孝子慈孙	xiào zǐ cí sūn
进旅退旅	jìn lǚ tuì lǚ
旅进旅退	lǚ jìn lǚ tuì
退旅进旅	tuì lǚ jìn lǚ
恼羞成怒	nǎo xiū chéng nù
逾墙钻穴	yú qiáng zuàn xué
钻穴逾墙	zuān xué yú qiáng
弄斤操斧	nòng jīn cāo fǔ
骈首就逮	pián shǒu jiù dǎi
选歌试舞	xuǎn gē shì wǔ
端倪可察	duān ní kě chá
稳操胜算	wén cāo shèng suàn
黑灯瞎火	hēi dēng xiā huǒ
稽古揆今	jī gǔ zhèn jīn
钩章棘句	gōu zhāng jí jù
父析子荷	fù xī zǐ hé
左拥右抱	zuǒ yōng yòu bào
参透机关	cān tòu jī guān
焚琴煮鹤	fén qín zhǔ hè
煮鹤焚琴	zhǔ hè fén qín
鼠凭社贵	shǔ píng shè guì
貂裘换酒	diāo qiú huàn jiǔ
以瞽引瞽	yǐ gǔ yǐn gǔ
喃喃自语	nán nán zì yǔ
自寻烦恼	zì xún fán nǎo
含英咀华	hán yīng jǔ huá
效死疆场	xiào sǐ jiāng chǎng
潜蛟困凤	qián jiāo kùn fèng
担惊受怕	dān jīng shòu pà
卖俏迎奸	mài qiào yíng jiān
迎奸卖俏	yíng jiān mài qiào
秋毫勿犯	qiū háo wù fàn
黜邪崇正	chù xié chóng zhèng
花堆锦簇	huā duī jǐn cù
金镶玉裹	jīn xiāng yù guǒ
阴曹地府	yīn cáo dì fǔ
牝鸡晨鸣	pìn jī chén míng
雕章绘句	diāo zhāng huì jù
深奸巨猾	shēn jiān jù huá
妒贤嫉能	dù xián jí néng
嫉贤妒能	jí xián dù néng
银河倒泻	yín hé dào xiè
刿心鉥肾	guì xīn xù shèn
鉥心刿肾	huì xīn guì shèn
鸠居鹊巢	jiū jú què cháo
鹊巢鸠居	què cháo jiū jū
审几度势	shěn jǐ dù shì
迁兰变鲍	qiān lán biàn bào
鹿皮苍璧	lù pí cāng bì
豺虎肆虐	chái hǔ sì nüè
讳兵畏刑	huì bīng wèi xíng
发聋振聩	fā lóng zhèn kuì
振聋发聩	zhèn lóng fā kuì
瓦玉集糅	wǎ yù jí róu
蓬赖麻直	péng lài má zhí
北辙南辕	běi zhé nán yuán
南辕北辙	nán yuán běi zhé
轩鹤冠猴	xuān hè guàn hóu
活龙鲜健	huó lóng xiān jiàn
几次三番	jǐ cì sān fān
鸿图华构	hóng tú huá gòu
急吏缓民	jí lì huǎn mín
励精图治	lì jīng tú zhì
恒河沙数	héng hé shā shù
破瓦颓垣	pò wǎ tuí yuán
良工巧匠	liáng gōng qiǎo jiàng
云舒霞卷	yún shū xiá juǎn
矮子观场	ǎi zǐ guān cháng
沐仁浴义	mù rén yù yì
雄深雅健	xióng shēn yǎ jiàn
鞫为茂草	jū wéi mào cǎo
杯酒戈矛	bēi jiǔ gē máo
装模作样	zhuāng mó zuò yàng
鸟集鳞萃	niǎo jí lín cuì
信誓旦旦	xìn shì dàn dàn
跋前痜后	bá qián zhì hòu
前跋后痜	qián bá hòu máo
丢魂丢魄	diu hún diu pò
丹黄甲乙	dān huáng jiǎ yǐ
气宇轩昂	qì yǔ xuān áng
轩昂气宇	xuān áng qì yǔ
彼此彼此	bǐ cǐ bǐ cǐ
天潢贵胄	tiān huáng guì zhòu
尺蠖求伸	chǐ huò qiú shēn
偃武觌文	yǎn wǔ dí wén
大吆小喝	dà yāo xiǎo hē
怀山襄陵	huái shān xiāng líng
佯风诈冒	yáng fēng zhà mào
病在膏肓	bìng zài gāo huāng
狂奴故态	kuáng nú gù tài
镌空妄实	juān kōng wàng shí
莼鲈之思	chún lú zhī sī
逾墙窥隙	yú qiáng kuī xì
不脩边幅	bù xiū biān fú
临川羡鱼	lín chuān xiàn yú
明婚正娶	míng hūn zhèng qǔ
补阙挂漏	bǔ quē guà lòu
加油加醋	jiā yóu jiā cù
被褐怀珠	pī hè huái zhū
析骸以爨	xī hái yǐ cuàn
斩钉切铁	zhǎn dīng qiē tiě
脩辞立诚	xiū cí lì chéng
饮河鼹鼠	yǐn hé yǎn shǔ
汲引忘疲	jí yǐn wàng pí
买犁卖剑	mǎi lí mài jiàn
旁搜博采	páng sōu bó cǎi
骨软肉酥	gǔ ruǎn ròu sū
栉霜沐露	zhì shuāng mù lù
皎阳似火	jiǎo yáng shì huǒ
狼狈周章	láng bèi zhōu zhāng
积谗糜骨	jī chán méi gǔ
摇鹅毛扇	yáo é máo shàn
融液贯通	róng yè guàn tōng
传龟袭紫	chuán guī xí zǐ
好吃懒做	hào chī lǎn zuò
挨肩搭背	āi jiān dā bèi
皲手茧足	jūn shǒu jiǎn zú
崇洋媚外	chóng yáng mèi wài
昂首挺胸	áng shǒu tǐng xiōng
胸中垒块	xiōng zhōng lěi kuài
柴毁灭性	chái huǐ miè xìng
群空冀北	qún kōng jì běi
鹰拿雁捉	yīng ná yàn zhuō
敲骨吸髓	qiāo gǔ xī suǐ
及笄年华	jí jī nián huá
三宫六院	sān gōng liù yuàn
横拖竖拉	héng tuō shù lā
青史留芳	qīng shǐ liú fāng
优孟衣冠	yōu mèng yī guān
镂骨铭肌	lòu gǔ míng jī
铭肌镂骨	míng jī lòu gǔ
鸟穷则啄	niǎo qióng zé zhuó
贪脏枉法	tān zāng wǎng fǎ
铸新淘旧	zhù xīn táo jiù
閒古铸今	róng gǔ zhù jīn
閒今铸古	róng jīn zhù gǔ
熔古铸今	róng gǔ zhù jīn
熔今铸古	róng jīn zhù gǔ
稍逊一筹	shāo xùn yī chóu
鳄鱼眼泪	è yú yǎn lèi
改换门楣	gǎi huàn mén méi
断纸馀墨	duàn zhǐ yú mò
刀枪剑戟	dāo qiāng jiàn jǐ
元戎启行	yuán róng qǐ xíng
粉白黛黑	fěn bái dài hēi
清洌可鉴	qīng liè kě jiàn
龙蹲虎踞	lóng dūn hǔ jù
蝇攒蚁聚	yíng cuán yǐ jù
兰桂齐芳	lán guì qí fāng
缟纻之交	gāo zhù zhī jiāo
龙多乃旱	lóng duō nǎi hàn
文恬武嬉	wén tián wǔ xī
粘皮带骨	zhān pí dài gǔ
滋蔓难图	zī màn nán tú
楚管蛮弦	chǔ guǎn mán xián
蓬筚生辉	péng bì shēng huī
瑶池女使	yáo shi nǚ shǐ
斗挹箕扬	dǒu yì jī yáng
挹斗扬箕	yì dǒu yáng jī
割骨疗亲	gē gǔ liáo qīn
骖风驷霞	cēn fēng sì xiá
拨嘴撩牙	bō zuǐ liáo yá
厌闻饫听	yàn wén yù tīng
蕙心纨质	huì xīn wán zhì
囊漏储中	náng lòu chǔ zhōng
牧豕听经	mù shǐ tīng jīng
倚官挟势	yǐ guān xié shì
涸泽而渔	hé zé ér yú
牙签玉轴	yá qiān yù zhóu
崇山峻岭	chóng shān jùn lǐng
贫病交侵	pín bìng jiāo qīn
丑态毕露	chǒu tài bì lù
兼收并畜	jiān shōu bìng chù
贫困潦倒	pín kùn liáo dǎo
班班可考	bān bān kě kǎo
鸾俦凤侣	luán chóu fèng lǚ
豪奢放逸	háo shē fàng yì
残杯冷炙	cán bēi lěng zhì
条解支劈	tiáo jiě zhī pī
刁钻刻薄	diāo zuān kè bó
赭衣塞路	zhě yī sàī lù
贪污腐化	tān wū fǔ huà
对症发药	duì zhèng fā yào
衅发萧墙	xìn fā xiāo qiáng
活灵活现	huó líng huó xiàn
荼毒生灵	tú dú shēng líng
桑户蓬枢	sāng hù péng shū
计绌方匮	jì chù fāng kuì
断珪缺璧	duàn guī quē bì
承颜候色	chéng yán hòu sè
逍遥法外	xiāo yáo fǎ wài
磨刀擦枪	mó dāo cā qiāng
争锋吃醋	zhēng fēng chī cù
北辕适楚	běi yuán shì chǔ
金鼓喧阗	jīn gǔ xuān tián
叹老嗟卑	tàn lǎo jiē bēi
独行踽踽	dú xíng jǔ jǔ
踽踽独行	jǔ jǔ dú xíng
鱼游燋釜	yú yóu zhuó fǔ
鳞次栉比	lín cì zhì bǐ
栉比鳞次	zhì bǐ lín cì
临渴掘井	lín kě jué jǐng
恭默守静	gōng mò shǒu jìng
斗牙拌齿	dòu yá bàn chǐ
刃迎缕解	rèn yíng lǚ jiě
驻红却白	zhù hóng què bái
感今惟昔	gǎn jīn wéi xī
狼奔豕突	láng bēn shǐ tū
豕突狼奔	shǐ tū láng bēn
福寿绵绵	fú shòu mián mián
爨桂炊玉	cuàn guì chuī yù
旁通曲鬯	páng tōng qǔ chàng
丸泥封关	wán ní fēng guān
驿使梅花	yì shǐ méi huā
岁寒松柏	suì hán sōng bǎi
伊何底止	yī hé dǐ zhǐ
慢条斯理	màn tiáo sī lǐ
噙齿戴发	qín chǐ dài fā
夙夜匪解	sù yè fěi jiě
灌夫骂坐	guàn fū mà zuò
逊志时敏	xùn zhì shí mǐn
负老携幼	fù lǎo xié yòu
蚌鹬相持	bàng yù xiāng chí
鹬蚌相持	yù bàng xiāng chí
内忧外侮	nèi yōu wài wǔ
瓶沉簪折	píng chén zān zhé
优胜劣败	yōu shèng liè bài
共挽鹿车	gòng wǎn lù chē
鹿车共挽	lù chē gòng wǎn
以镒称铢	yǐ yì chēng zhū
以铢称镒	yǐ zhū chēng yì
朱槃玉敦	zhū pán yù duì
啮血沁骨	niè xuè qìn gǔ
收因种果	shōu yīn zhǒng guǒ
驽箭离弦	nǔ jiàn lí xián
偃旗仆鼓	yǎn qí pú gǔ
岩栖谷饮	yán qī gǔ yǐn
牛农对泣	niú nóng duì qì
断梗飘萍	duàn gěng piāo píng
飘萍断梗	piāo píng duàn gěng
焦眉皱眼	jiāo méi zhòu yǎn
哲人其萎	zhé rén qí wěi
蜂虿有毒	fēng chài yǒu dú
号唃大哭	háo táo dà kū
旧态复萌	jiù tài fù méng
鬼哭狼嗥	guǐ kū láng háo
欲取姑予	yù qǔ gū yǔ
寸木岑楼	cùn mù cén lóu
铁板歌喉	tiě bǎn gē hóu
敝鼓丧豚	bì gǔ sàng tún
双栖双宿	shuāng qī shuāng sù
贪赃坏法	tān zāng huài fǎ
膝行匍伏	xī xíng pú fú
粉骨捐躯	fěn gǔ juān qū
秉烛待旦	bǐng zhú dài dàn
担惊忍怕	dān jīng rěn pà
人情恟恟	rén qíng xiōng xiōng
迂回曲折	yū huí qū zhé
蚕丛鸟道	cán cóng niǎo dào
母慈子孝	mǔ cí zǐ xiào
研精阐微	yán jīng chǎn wēi
瓦解冰泮	wǎ jiě bīng pàn
分宵达曙	fēn xiāo dá shǔ
过都历块	guò dōu lì kuài
鼠窜蜂逝	shǔ cuàn fēng shì
枕曲藉糟	zhěn qū jiè zāo
昧旦晨兴	mèi dàn chún xīng
此恨绵绵	cǐ hèn mián mián
骨鲠在喉	gǔ gěng zài hóu
肤皮潦草	fū pǐ liǎo cǎo
糖舌蜜口	táng shé mì kǒu
屏气慑息	bǐng qì shè xī
箪食瓢饮	dān sì piáo yǐn
舞衫歌扇	wǔ shān gē shàn
衒玉求售	zuì yù qiú shòu
挥沐吐餐	huī mù tǔ cān
萍飘蓬转	píng piāo péng zhuàn
唯吾独尊	wéi wú dú zūn
转死沟渠	zhuǎn sǐ gōu qú
养精畜锐	yǎng jīng xù ruì
簟纹如水	diàn wén rú shuǐ
慈乌反哺	cí wū fǎn bǔ
摄魄钩魂	shè pò gōu hún
效颦学步	xiào pín xué bù
乳臭未干	rǔ xiù wèi gān
桀骜不逊	jié ào bù xùn
娓娓不倦	wěi wěi bù juàn
割肉饲虎	gē ròu sì hǔ
贩夫走卒	fàn fū zǒu fú
必操胜券	bì cāo shèng quàn
金淘沙拣	jīn táo shā jiǎn
踌躇不决	chóu chú bù jué
扪参历井	mén shēn lì jǐng
肩摩袂接	jiān mó mèi jiē
唐突西施	táng tū xī shī
九阍虎豹	jiǔ hūn hǔ bào
笔饱墨酣	bǐ bǎo mò hān
笔酣墨饱	bǐ hān mò bǎo
马工枚速	mǎ gōng méi sù
枚速马工	mǎ gōng méi sù
埋轮破柱	mái lún pò zhù
孤雏腐鼠	gū chú fǔ shǔ
药到病除	yào dào bìng chú
昼干夕惕	zhòu gàn xī tì
沈博绝丽	chén bó jué lì
哓哓不休	xiāo xiāo bù xiū
薄暮冥冥	bó mù míng míng
东挪西凑	dōng nuó xī còu
东挪西撮	dōng nuó xī cuō
牙签万轴	yá qiān wàn zhóu
布被瓦器	bù bèi wǎ qì
爆跳如雷	bào tiào rú léi
架肩击毂	jià jiān jī gū
长鸣都尉	cháng míng dōu wèi
铢积锱累	zhū jī zī lèi
旌旗蔽日	jīng qí bì rì
羊羔美酒	yán gāo měi jiǔ
含垢包羞	hán gòu bāo xiū
戕身伐命	qiāng shēn fá mìng
崇本抑末	chóng běn yì mò
靦颜事仇	tiǎn yán shì chóu
浴血奋战	yù xuè fèn zhàn
伴食宰相	bàn shí zǎi xiàng
柳亸花娇	liǔ duǒ huā jiāo
桃腮粉脸	táo sāi fěn liǎn
别开蹊径	bié kāi xī jìng
方滋未艾	fāng zī wèi ài
玩岁愒时	wán suì yī shí
耸肩缩背	sǒng jiān suō bèi
春意阑珊	chūn yì lán shān
七拱八翘	qī gǒng bā qiào
赐墙及肩	cì qiáng jí jiān
初露锋芒	chū lù fēng máng
奉命唯谨	fèng mìng wéi jǐn
恐遭物议	kǒng zāo wù yì
穷鼠啮狸	qióng shǔ niè lí
塞井夷灶	sāi jǐng yí zào
吹花嚼蕊	chuī huā jiáo ruǐ
行眠立盹	xíng mián lì dǔn
卑宫菲食	bēi gōng fěi shí
盛况空前	shèng kuàng kōng qián
鼻孔辽天	bí kǒng liáo tiān
历久弥坚	lì jiǔ mí jiān
俯首弭耳	fǔ shǒu mǐ ěr
室如县罄	shì rú xiàn qìng
瓮中捉鳖	wèng zhōng zhuō biē
倏忽之间	shū hū zhī jiān
忍饥受饿	rěn jī shòu è
叹观止矣	tàn guān zhǐ yǐ
封妻荫子	fēng qī yìn zǐ
荫子封妻	yìn zǐ fēng qī
依法砲制	yī fǎ pào zhì
张王李赵	zhāng wáng lǐ zhào
张王赵李	zhāng wáng zhào lǐ
纳屦踵决	nà jù zhǒng jué
盈则必亏	yíng zé bì kuī
环肥燕瘦	huán féi yàn shòu
燕瘦环肥	yàn shòu huán féi
循名覈实	xún míng hé shí
析圭分组	xī guī fēn zǔ
拄笏西山	zhǔ hù xī shān
啜食吐哺	chuò shí tǔ bǔ
津津有味	jīn jīn yǒu wèi
赤县神州	chì xiàn shén zhōu
神州赤县	shén zhōu chì xiàn
福慧双修	fú huì shuāng xiū
弹冠结绶	tán guān jié shòu
病魔缠身	bìng mó chán shēn
寡廉鲜耻	guǎ lián xiǎn chǐ
鲜廉寡耻	xiān lián guǎ chǐ
窥牖小儿	kuī yǒu xiǎo ér
穷源竟委	qióng yuán jìng wěi
卖官鬻爵	mài guān yù jué
卖爵鬻官	mài jué yù guān
寝苫枕戈	qǐn shān zhěn gē
成帮结队	chéng bāng jié duì
毁冠裂裳	huǐ guān liè cháng
瑕瑜互见	xiá yú hù xiàn
掇青拾紫	duō qīng shí zǐ
梦里南轲	mèng lǐ nán kē
穷阎漏屋	qióng yán lòu wū
乌焦巴弓	wū jiāo bā gōng
漏洩春光	lòu xiè chūn guāng
画沙印泥	huà shā yìn ní
规矩钩绳	guī jǔ gōu shéng
鞭丝帽影	biān sī mào yǐng
前倨后恭	qián jù hòu gōng
惹祸招殃	rě huò zhāo yāng
甚嚣尘上	shèn xiāo chén shàng
扭转干坤	niǔ zhuǎn gàn kūn
蜂屯蚁杂	fēng tún yǐ zá
向壁虚构	xiàng bì xū gòu
烦文缛礼	fán wén rù lǐ
柔远绥怀	róu yuǎn suí huái
华屋秋墟	huá wū qiū xū
骄奢放逸	jiāo shē fàng yì
镂冰劚雪	lòu bīng diāo xuě
鸠夺鹊巢	jiū duó què cháo
孤俦寡匹	gū chóu guǎ pǐ
丰墙硗下	fēng qiáng qiāo xià
诸亲六眷	zhū qīn liù juàn
香象渡河	xiāng xiàng dù hé
击排冒没	jī pái mào mò
捶胸顿脚	chuí xiōng dùn jiǎo
顿脚捶胸	dùn jiǎo chuí xiōng
楞手楞脚	lèng shǒu lèng jiǎo
漫藏诲盗	màn cáng huì dào
怪诞诡奇	guài dàn guǐ qí
文觌武匿	wén dí wǔ nì
攀炎附热	pān yán fù rè
渊鱼丛爵	yuān yú cóng què
剖毫析芒	pōu háo xī máng
析毫剖芒	xī háo pōu máng
洗垢求瘢	xǐ gòu qiú bān
染须种齿	rǎn xū zhǒng chǐ
引申触类	yǐn shēn chù lèi
灯蛾扑火	dé é pū huǒ
莫余毒也	mò yú dú yě
毂击肩摩	gǔ jī jiān mó
击毂摩肩	jī gǔ mó jiān
肩摩毂击	jiān mó gǔ jī
摩肩击毂	mó jiān jī gǔ
死告活央	sǐ gào huó yāng
碎身糜躯	suì shēn mí qū
彪炳千古	biāo bǐng qiān gǔ
钓名沽誉	diào yù gū míng
钓誉沽名	diào yù gū míng
沽名钓誉	gū míng diào yù
沽誉钓名	gū yù diào míng
担惊受恐	dān jīng shòu kǒng
慷慨解囊	kāng kǎi jiě náng
来者勿拒	lái zhě wù jù
柳夭桃艳	liǔ yāo táo yèn
捶骨沥髓	chuí gǔ lì suǐ
刚愎自用	gāng bì zì yòng
揎拳舞袖	xuān quán wǔ xiù
骑驴索句	qí lǘ suǒ jù
孔席墨突	kǒng xí mò tū
九蒸三熯	jiǔ zhēng sān shēng
秤薪而爨	chēng xīn ér cuàn
燕巢幙上	yàn cháo yú shàng
贿赂并行	huì lù bìng xíng
日锻月炼	rì duàn yuè liàn
拖青纡紫	tuō qīng yū zǐ
纡青拖紫	yū qīng tuō zǐ
斗酒双柑	dòu jiǔ shuāng gān
鸟哭猿啼	niǎo kū yuán tí
双柑斗酒	shuài gān dǒu jiǔ
夹七夹八	jiā qī jiā bā
鸿商富贾	hóng shāng fù jiǎ
决胜庙堂	jué shèng miào táng
见缝插针	jiàn fèng chā zhēn
养鹰飏去	yǎng yīng zǒu qù
艰难竭蹶	jiān nán jié jué
敝衣枵腹	bì yī xiāo fù
刺股读书	cì gǔ dú shū
姓甚名谁	xìng shèn míng shuí
蛮烟瘴雨	mán yān zhàng yǔ
瘴雨蛮烟	zhàng yǔ mán yān
锋芒毕露	fēng máng bì lù
知疼着痒	zhī téng zháo yǎng
蚕食鲸吞	cán shí jīng tūn
鲸吞蚕食	jīng tūn cán shí
畸轻畸重	jī qīng jī zhòng
畸重畸轻	jī zhòng jī qīng
访亲问友	fǎng qīn wèn yǒu
研经铸史	yán jīng zhù shǐ
雍容尔雅	yōng róng ěr yǎ
骑驴倒堕	qí lǘ dǎo duò
反朴还淳	fǎn pǔ huán chún
还淳反朴	huán chún fǎn pǔ
起早贪黑	qǐ zǎo tān hēi
方桃譬李	fāng táo pì lǐ
黼国黻家	fǔ guó fú jiā
长斋绣佛	cháng zhāi xiù fó
钦差大臣	qīn chāi dà chén
穷寇勿追	qióng kòu wù zhuī
膏泽脂香	gāo zé zhī xiāng
救燎助薪	jiù liáo zhù xīn
献可替否	xiàn kě tì fǒu
献替可否	xiàn tì kě fǒu
狐唱枭和	hú chàng xiāo hé
耐人咀嚼	nài rén jǔ jué
兼官重绂	jiān guān zhòng fú
鉴前毖后	jiàn qián bì hòu
烟波钓徒	yān bō diào tú
杜渐防微	dù jiàn fáng wēi
防微杜渐	fáng wēi dù jiàn
抠心挖血	kōu xīn wā xuè
跷足抗手	qiāo zú kàng shǒu
装聋作哑	zhuāng lóng zuò yǎ
并赃拿贼	bìng zhuō ná zéi
束广就狭	shù guǎng jiù xiá
清净寂灭	qīng jìng jì miè
蠖屈求伸	huò qū qiú shēn
屈蠖求伸	qū huò qiú shēn
带牛佩犊	dài niú pèi dú
左宜右宜	zuǒ yí yòu yí
你夺我争	nǐ duó wǒ zhēng
困兽犹斗	kùn shòu yóu dòu
衔枚疾走	xián méi jí zǒu
左邻右舍	zuǒ lín yòu shè
捉襟露肘	zhuō jīn lù zhǒu
敬老慈幼	jìng lǎo cí yòu
味同嚼蜡	wèi tóng jiáo cù
波波碌碌	bō bō lù lù
孤豚腐鼠	gū tún fǔ shǔ
削发披缁	xuē fà pī zī
急脉缓受	jí mài huǎn shòu
遗簪弃舄	yí zān qì xì
灰躯糜骨	huī qū mí gǔ
寓兵于农	yù bīng yú nóng
鼎镬如饴	dǐng huò rú yí
剥肤及髓	bō fū jí suǐ
毁舟为杕	huǐ zhōu wéi duò
因袭陈规	yin xi chen gui
雍门刎首	yōng mén wěn shǒu
断齑画粥	duàn jī huà zhōu
书声琅琅	shū shēng lǎng lǎng
蜂识莺猜	fēng shí yīng cāi
黄雀伺蝉	huáng què sì chán
穷原竟委	qióng yuán jìng wěi
黄卷幼妇	huáng juàn yòu fù
曲终奏雅	qǔ zhōng zòu yǎ
涤瑕荡垢	dí xiá dàng gòu
垂头搨翼	chuí tóu dá yì
槌仁提义	chuí rén tí yì
盖棺定论	gài guān dìng lùn
盖棺论定	gài guān lùn dìng
奥援有灵	ào yuán yǒu líng
靖言庸违	jìng yán yōng wéi
犯而勿校	fàn ér wù xiào
以噎废飡	yǐ yē fèi guāng
楼船箫鼓	lou chuan xiao gu
渴尘万斛	kě chén wàn hú
拿腔做势	ná qiāng zuò shì
鞠躬君子	jū gōng jūn zǐ
重峦复嶂	chóng luán fù zhàng
个中妙趣	gè zhōng miào qù
陆海潘江	lù hǎi pān jiāng
潘江陆海	pān jiāng lù hǎi
获兔烹狗	huò tù pēng gǒu
较瘦量肥	jiào shòu liàng féi
鹑衣鷇食	chún yī kòu shí
智藏瘝在	zhì cáng guān zài
造端倡始	zào duān chàng shǐ
急拍繁弦	jí pāi fán xián
胼手胝足	pián shǒ zhī zú
胼胝手足	pián zhī shǒu zú
手胼足胝	shǒu pián zú zhī
手足胼胝	shǒu zú pián zhī
抱关击柝	bào guān jī tuò
潜神嘿规	qián shén hēi guī
缮甲治兵	shàn jiǎ zhì bīng
散灰扃户	sàn huī jiōng hù
剪烛西窗	jiǎn zhú xī chuāng
西窗剪烛	xī chuāng jiǎn zhú
量材录用	liàng cái lù yòng
钻穴逾隙	zuān xué yú xì
晨昏定省	chén hūn dìng xǐng
昏定晨省	hūn dìng chén xǐng
避李嫌瓜	bì lǐ xián guā
饔飧不给	yōng sūn bù jǐ
冒名顶替	mào míng dǐng tì
潦原浸天	lǎo yuán jìn tiān
余响绕梁	yú xiǎng rào liáng
利令志惛	lì lìng zhì zào
峨冠博带	é guān bó dài
磨穿铁砚	mó chuān tiě yàn
铁砚磨穿	tiě yàn mó chuān
注玄尚白	zhù xuán shàng bái
民康物阜	mín kāng wù fù
物阜民康	wù fù mín kāng
遗簪弊屦	yí zān bì jù
披麻戴孝	pī má dài xiào
龟鹤遐寿	guī hè xiá shòu
旁指曲谕	páng zhǐ qǔ yù
偷偷摸摸	tōu tōu mō mō
营营苟苟	yíng yíng gǒu gǒu
东闪西挪	dōng shǎn xī nuó
螳臂当辙	táng bì dāng zhé
趁风使柁	chèn fēng shǐ duò
亡戟得矛	wáng jǐ dé máo
飞谋荐谤	fēi móu jiàn bàng
饥焰中烧	jī yàn zhōng shāo
腾焰飞芒	téng yàn fēi máng
抚绥万方	fǔ suí wàn fāng
金壶墨汁	jīn hú mò zhī
争猫丢牛	zhēng māo diū niú
连镳并驾	lián biāo bìng jià
凄入肝脾	qī rù gān pí
兼收并蓄	jiān shōu bìng xù
鸱鸮弄舌	chī xiāo nòng shé
发综指示	fā zōng zhǐ shì
原原委委	yuán yuán wěi wěi
诛锄异己	zhū chú yì jǐ
感深肺腑	gǎn shēn fèi fǔ
耆年硕德	qí nián shuò dé
闻融敦厚	wén róng dūn hòu
雕阑玉砌	diāo lán yù qì
玉砌雕阑	yù qì diāo lán
孙庞斗智	sūn páng dòu zhì
酌古斟今	zhuó gǔ zhēn jīn
汝南晨鸡	rǔ nán chén jī
蹈机握杼	dǎo jī wò zhù
揽辔登车	lǎn pèi dēng chē
鹘入鸦群	hú rù yā qún
刨根问底	páo gēn wèn dǐ
鸿笔丽藻	hóng bǐ lì zǎo
青楼楚馆	qīng lóu chǔ guǎn
蚁拥蜂攒	yǐ yōng fēng cuán
蝇声蛙躁	yíng shēng wā zào
莺巢燕垒	yīng cháo yàn lěi
调良稳泛	tiáo liáng wěn fàn
炊砂作饭	chuī shā zuò fàn
鬼抓狼嚎	guǐ zhuā láng háo
辨日炎凉	biàn rì yán liáng
点指莋脚	diǎn zhǐ cè jiǎo
拉闲散闷	lā xián sàn mèn
挨肩擦背	āi jiān cā bèi
哀梨蒸食	āi lí zhēng shí
攻苦茹酸	gōng kǔ rú suān
逾淮之橘	yú huái zhī jú
抱关执钥	bào guān zhí yuè
分茅胙土	fēn máo zuò tǔ
分庭伉礼	fēn tíng kàng lǐ
提纲举领	tí gāng jǔ lǐng
扫墓望丧	sǎo mù wàng sàng
旗帜鲜明	qí zhì xiān míng
老奸巨猾	lǎo jiān jù huá
顿足搥胸	dùn zú duī xiōng
计伐称勋	jì fá chēng xūn
抟空捕影	tuán kōng bǔ yǐng
衽革枕戈	rèn gé zhěn gē
黄绵袄子	huáng mián ǎo zǐ
女中尧舜	nǚ zhōng yáo shùn
迟徊观望	chí huái guān wàng
踧踖不安	cù jí bù ān
涸辙之鲋	hé zhé zhī fù
裂裳衣疮	liè sháng yī chuāng
进退触籵	jìn tuì chù zǔ
镇日镇夜	zhèn rì zhèn yè
时绌举赢	shí chù jǔ yíng
错认颜标	cuò rèn yán biāo
慷慨赴义	kāng kǎi fù yì
游戏翰墨	yóu xì hàn mò
消极怠工	xiāo jí dài gōng
囊漏贮中	náng lòu zhù zhōng
唱对台戏	chàng duì tái xì
管宁割席	guǎn níng gē xí
襟江带湖	jīn jiāng dài hú
雪案萤灯	xuě àn yíng dēng
荆棘载途	jīng jí zài tú
颗粒无收	kē lì wú shōu
郁郁寡欢	yù yù guǎ huān
耍嘴皮子	shuǎ zuǐ pí zi
蓄精养锐	xù jīng yǎng ruì
养精蓄锐	yǎng jīng xù ruì
熬枯受淡	áo kū shòu dàn
柔筋脆骨	róu jīn cuì gǔ
窃窃私议	qiè qiè sī yì
钿合金钗	diàn hé jīn chāi
群蚁附膻	qún yǐ fù shān
椎埋狗窃	chuí mái gǒu qiè
语笑喧哗	yǔ xiào xuān huá
谠言嘉论	dǎng yán jiā lùn
须弥芥子	xū mí jiè zǐ
嫉闲妒能	jí xián dù néng
江湖骗子	jiāng hú piàn zi
胝肩茧足	zhī jiān jiǎn zú
蜂拥蚁屯	fēng yōng yǐ tún
讬孤寄命	xíng gū jì mìng
谨终慎始	jǐn zhōng shèn shǐ
浆酒霍肉	jiāng jiǔ huò ròu
东拼西凑	dōng pīn xī còu
救灾恤患	jiù zāi xù huàn
重岩迭嶂	zhòng yán dié zhàng
解衣般礴	jiě yī bān bó
索垢寻疵	suǒ gòu xún cī
驴唇马觜	lǘ chún mǎ zī
关山迢递	guān shān tiáo dì
嬉皮笑脸	xī pí xiào liǎn
玉楼赴召	yù lóu fù zhào
亡矢遗镞	wáng shǐ yí zú
箪食壶浆	dān sì hú jiāng
食箪浆壶	shí dān jiāng hú
蜂房蚁穴	fēng fáng yǐ xué
雉头狐腋	zhì tóu hú yè
天网恢恢	tiān wǎng huī huī
劬劳顾复	qú láo gù fù
严刑峻法	yán xíng jùn fǎ
抽梁换柱	chōu liáng huàn zhù
雄唱雌和	xióng chàng cí hé
操赢致奇	cāo yíng zhì qí
左图右史	zuǒ tú yòu shǐ
左右图史	zuǒ yòu tú shǐ
旁敲侧击	páng qiāo cè jī
泉石膏肓	quán shí gāo huāng
呵欠连天	hē qiàn lián tiān
阪上走丸	bǎn shàng zǒu wán
面谩腹诽	miàn màn fù fěi
铢两悉称	zhū liǎng xī chèn
击碎唾壶	jī suì tuò hú
唾壶击碎	tuò hú jī suì
轩轩甚得	xuān xuān shèn dé
亿辛万苦	yì xīn wàn kǔ
肩摩毂接	jiān mó gū jiē
摩肩接毂	mó jiān jiē gǔ
区闻陬见	qū wén zōu jiàn
柔茹刚吐	róu rú gāng tǔ
茹柔吐刚	rú róu tǔ gāng
吐刚茹柔	tǔ gāng rú róu
摆袖却金	bài xiù què jīn
贯朽粟腐	guàn xiǔ sù fǔ
终南捷径	zhōng nán jié jìng
歌台舞榭	gē tái wǔ xiè
舞榭歌台	wǔ xiè gē tái
韬曜含光	tāo yào hán guāng
黎丘丈人	lí qiū zhàng rén
卖官贩爵	mài guān fàn jué
遭逢际会	zāo féng jì huì
坏植散群	huài zhí sàn qún
庚癸之呼	gēng guǐ zhī hū
数米量柴	shǔ mǐ ér chái
对簿公堂	duì bù gōng táng
倾柯卫足	qīng kē wèi zú
过河拆桥	guò hé chāi qiáo
衅稔恶盈	xìn rěn è yíng
桑间濮上	sāng jiān pú shàng
隐鳞戢翼	yǐn lín jí yì
雷霆万钧	léi tíng wàn jūn
尨眉皓发	chóu méi hào fā
调和鼎鼐	tiáo hé dǐng nài
鼎鼐调和	dǐng nai tiáo hé
咬文齧字	yǎo wén niè zì
妆模作样	zhuāng mó zuò yàng
刿鉥心腑	guì xù xīn fǔ
绳床瓦灶	shéng chuáng wǎ zào
泪迸肠绝	lèi bèng cháng jué
景升豚犬	jǐng shēng tún quǎn
鞠躬屏气	jū gōng bǐng qì
列土封疆	liè tǔ fēng jiāng
澄思渺虑	chéng sī miǎo lǜ
赧颜汗下	nǎn yán hàn xià
涤秽布新	dí huì bù xīn
春寒料峭	chūn hán liào qiào
料峭春寒	liào qiào chūn hán
衔橛之虞	xián jué zhī yú
青鸟殷勤	qīng niǎo yīn qín
熊经鸟申	xióng jīng niǎo shēn
墨汁未干	mò zhī wèi gān
封胡遏末	fēng hú è mò
燋头烂额	jiāo tóu làn é
鸡毛蒜皮	jī máo suàn pí
彼倡此和	bǐ chàng cǐ hè
搴旗取将	qiān qí qǔ jiàng
村歌社鼓	cūn gē shè gǔ
垂涎欲滴	chuí xián yù dī
累块积苏	lěi kuài jī sū
累苏积块	lěi sū jī kuài
昼耕夜诵	zhòu gēng yè sòng
辉煌金碧	huī huáng jīn bì
金碧辉煌	jīn bì huī huáng
颓垣败壁	tuí yuán bài bì
钻故纸堆	zuàn gù zhǐ duī
亘古亘今	gèn gǔ gèn jīn
围城打援	wéi chéng dǎ yuán
密约偷期	mì yuē tōu qī
临崖勒马	lín yá lè mǎ
投戈讲艺	tóu gē jiǎng yì
顽皮赖肉	wán pí lài ròu
帏箔不修	wéi bó bù xiū
山峙渊渟	shān zhì yuān zī
王孙贵戚	wáng sūn guì qī
拳打脚踢	quán dǎ jiǎo tī
避凶趋吉	bì xiōng qū jí
趋吉避凶	qū jí bì xiōng
百福具臻	bǎi fú jù zhēn
桀敖不驯	jié áo bù xùn
桀骜不驯	jié ào bù xùn
重岩叠嶂	chóng yán dié zhàng
梯山栈谷	tī shān zhàn gǔ
鲸吸牛饮	jīng xī niú yǐn
怪模怪样	guài mó guài yàng
村歌社舞	cūn gē shè wǔ
轻裘缓辔	qīng qiú huǎn pèi
明罚敕法	míng fá chì fǎ
摘瑕指瑜	tì xiá zhǐ yú
豁然省悟	huò rán xǐng wù
以戈舂黍	yǐ gē chōng shǔ
赃污狼藉	zāng wū láng jí
威刑肃物	wēi xíng sù wù
朝乾夕惕	zhāo qián xī tì
夕惕朝乾	xī tì zhāo qián
单鹄寡凫	dān hú guǎ fú
寡凫单鹄	guǎ fú dān hú
凭几之诏	píng jǐ zhī zhào
恢廓大度	huī kuò dà dù
瑶林琼树	yáo lín qióng shù
卑躬屈膝	bēi gōng qū xī
浮收勒索	fú shōu lè suǒ
我黼子佩	wǒ fǔ zǐ pèi
荆棘塞途	jīng jí sè tú
劣迹昭着	liè jì zhāo zhe
揎拳裸手	xuān quán luǒ shǒu
跛鳖千里	bǒ biē qiān lǐ
抚今痛昔	fǔ jīn tòng xī
驭凤骖鹤	yù fèng cān hè
东施效颦	dōng shī xiào pín
孳蔓难图	zī màn nán tú
香火姻缘	xiāng huǒ yīn yuán
倾抱写诚	qīng bào xiě chéng
误入歧途	wù rù qí tú
饿殍载道	è piǎo zài dào
拣精择肥	jiǎn jīng zé féi
进退跋痜	jìn tuì bá zǔ
世态炎凉	shì tài yán liáng
炎凉世态	yán liáng shì tài
宵旰忧劳	xiāo gàn yōu láo
以莛撞钟	yǐ tíng zhuàng zhōng
五脊六兽	wǔ jí liù shòu
扇枕温被	shān zhěn wēn chuáng
凤靡鸾吪	fèng mǐ luán é
犬兔俱毙	quān tù jǜ bì
宴安鸠毒	yàn ān jiū dú
皓齿明眸	hào chǐ míng móu
明眸皓齿	míng móu hào chǐ
虎视眈眈	hǔ shì dān dān
执粗井灶	zhí cū jǐng zào
解衣槃磅	jiě yī pán páng
燕昭市骏	yān zhāo shì jùn
柳眉踢竖	liǔ méi tī shù
雪案萤窗	xuě àn yíng chuāng
萤窗雪案	yíng chuāng xuě àn
丰度翩翩	fēng dù piān piān
囤积居奇	tún jī jū qí
捉鼠拿猫	zhuō shǔ ná māo
搏牛之虻	bó niú zhī méng
耆德硕老	qí dé shuò lǎo
运筹设策	yùn chóu shè cè
教亦多术	jiào yì duō shù
深沟固垒	shēn gōu gù lěi
觥筹交错	gōng chóu jiāo cuò
被发左衽	pī fà zuǒ rèn
矮子看戏	ǎi zǐ kàn xì
真脏实犯	zhēn zāng shí fàn
握素怀铅	wò sù huái qiān
褒善贬恶	bāo shàn biǎn è
鸡鸣候旦	jī míng hòu dàn
乃文乃武	nǎi wén nǎi wǔ
乃武乃文	nǎi wǔ nǎi wén
允文允武	yǔn wén yǔn wǔ
俱收并蓄	jù shōu bìng xù
焚巢捣穴	fén cháo dǎo xué
琼厨金穴	qióng chú jīn xué
避强击惰	bì qiáng jī duò
腰鼓兄弟	yāo gǔ xiōng dì
褪后趋前	tuì hòu qū qián
肤见谫识	fū jiàn jiǎn shí
肤见謭识	fū jiàn guǎng shí
救火拯溺	jiù huǒ zhěng nì
残羹冷炙	cán gēng lěng zhì
排糠障风	pái kāng zhàng fēng
七弯八拐	qī wān bā guǎi
瑶池玉液	yáo shi yù yè
犒赏三军	kào shǎng sān jūn
诪张为幻	zhōu zhāng wéi huàn
啬己奉公	sè jǐ fèng gōng
愚夫愚妇	yú fū yú fù
闪烁其辞	shǎn shuò qí cí
韫椟而藏	yùn dú ér cáng
拍案叫绝	pāi àn jiào jué
痰迷心窍	tán mí xīn qiào
伯歌季舞	bó gē jì wǔ
尺树寸泓	chǐ shù cùn hóng
砺岳盟河	lì yuè méng hé
谩辞哗说	màn cí huá shuō
重圭叠组	chóng guī dié zǔ
披霄决汉	pī xiāo jué hàn
外厉内荏	wài lì nèi rěn
开疆拓土	kāi jiāng tuò tǔ
时诎举赢	shí qū jǔ yíng
驱雷掣电	qū léi chè diàn
极深研幾	jí shēn yán jī
蜂迷蝶恋	fēng mí dié liàn
逞娇斗媚	chěng jiāo dòu mèi
左右采获	zuǒ yòu cǎi huò
熊罴入梦	xióng pí rù mèng
村野匹夫	cūn yě pǐ fū
晕晕沉沉	yūn yūn chén chén
含蓼问疾	hán liǎo wèn jí
良辰媚景	liáng chén mèi jǐng
鸟枪换炮	niǎo qiāng huàn pào
捐躯赴难	juān qū fù nàn
等米下锅	děng mǐ xià guō
猪朋狗友	zhū péng gǒu yǒu
雍荣闲雅	yōng róng xián yǎ
瞪眼咋舌	dèng yǎn zé shé
灵丹妙药	líng dān miào yào
锄强扶弱	chú qiáng fú ruò
曲突徙薪	qū tū xǐ xīn
徙薪曲突	xǐ xīn qū tū
哀告宾服	āi gào bīn fú
左枝右梧	zuǒ zhī yòu wū
珠零锦粲	zhū líng jǐn càn
人涉卬否	rén shè áng fǒu
棋输先着	qí shū xiān zhāo
讨恶翦暴	tǎo è jiǎn bào
冲冠眦裂	chōng guàn zì liè
梯愚入圣	tī yú rù shèng
招蜂惹蝶	zhāo fēng rě dié
搜奇抉怪	sōu qí jué guài
海市蜃楼	hǎi shì shèn lóu
蜃楼海市	shèn lóu hǎi shì
昭聋发聩	zhāo lóng fā kuì
南贩北贾	nán fàn běi gǔ
黑漆皮灯	hēi qī pí dēng
拔赵易汉	bá zhào yì hàn
雨僝云僽	yǔ chán yún zhòu
白色恐怖	bái sè kǒng bù
宾朋满座	bīn péng mǎn zuò
凭空捏造	píng kōng niē zào
淋漓尽致	lín lí jìn zhì
蹄閒三寻	tí jiàn sān xún
林寒洞肃	lín hán dòng sù
源泉万斛	yuán quán wàn hú
屠毒笔墨	tú dú bǐ mò
逝将去汝	shì jiāng qù rǔ
弯弓饮羽	wān gōng yǐn yǔ
妖魔鬼怪	yāo mó guǐ guài
俛拾地芥	bì shí dì jiè
饮鸩解渴	yǐn zhèn jiě kě
岩栖谷隐	yán qī gǔ yǐn
迎神赛会	yíng shén sài huì
权重秩卑	quán zhòng zhì bēi
兢兢战战	jīng jīng zhàn zhàn
战战兢兢	zhàn zhàn jīng jīng
壶里乾坤	hú lǐ qián kūn
升堂拜母	shēng táng bài mǔ
传爵袭紫	chuán jué xí zǐ
沿才受职	yán cái shòu zhí
炉火纯青	lú huǒ chún qīng
摇尾乞怜	yáo wěi qǐ lián
东拦西阻	dōng lán xī zǔ
傻头傻脑	shǎ tóu shǎ nǎo
养音九皋	yǎng yīn jiǔ gāo
挥斥八极	huī chì bā jí
顺蔓摸瓜	shùn màn mō guā
初出茅庐	chū chū máo lú
承嬗离合	chéng shàn lí hé
晨参暮省	chén cān mù shěng
隋珠荆璧	suí zhū jīng bì
搜岩采干	sōu yán cǎi gàn
碎尸万段	suì shī wàn duàn
鹊巢鸠主	què cháo jiū zhǔ
时乖运舛	shí guāi yùn chuǎn
下坂走丸	xià bǎn zǒu wán
闵乱思治	mǐn luàn sī zhì
粉骨糜躯	fěn gǔ mí qū
穰穰满家	ráng ráng mǎn jiā
气愤填膺	qì fèn tián yīng
勃然奋励	bó rán fèn lì
忠心耿耿	zhōng xīn gěng gěng
遐迩著闻	xiá ěr zhù wén
浓桃艳李	nóng táo yàn lǐ
寒蝉凄切	hán chán qī qiè
凿坯而遁	záo pī ér dùn
证龟成鳖	zhèng guī chéng biē
摧锋陷坚	cuī fēng xiàn jiān
恣睢无忌	zì suī wú jì
乳间股脚	rǔ jiān gǔ jiǎo
鼠齧虫穿	shǔ niè chóng chuān
截鹤续凫	jié hè xù fú
续凫截鹤	xù fú jié hè
隳肝尝胆	huī gān cháng dǎn
庖丁解牛	páo dīng jiě niú
按图索骥	àn tú suǒ jì
槃木朽株	pán mù xiǔ zhū
趁势落篷	chèn shì luò péng
谑浪笑傲	xuè làng xiào ào
餐霞饮液	cān xiá yǐn yè
苍翠欲滴	cāng cuì yù dī
红装素裹	hóng zhuāng sù guǒ
丛山峻岭	cóng shān jùn lǐng
让逸竞劳	ràng yì jìng láo
狗颠屁股	gǒu diān pì gu
涂脂抹粉	tú zhī mǒ fěn
睥睨一切	pì nì yī qiè
浩浩荡荡	hào hào dàng dàng
麟角凤觜	lín jiǎo fèng zuǐ
颠唇簸嘴	diān chún bò zuǐ
东抄西袭	dōng chāo xī xí
积案盈箱	jī àn yíng xiāng
诛暴讨逆	zhū bào tǎo nì
玄圃积玉	xuán pǔ jī yù
瓮里醯鸡	wèng lǐ xī jī
备尝艰苦	bèi cháng jiān kǔ
泽吻磨牙	zé wěn mó yá
饮灰洗胃	yǐn huī xǐ wèi
周急继乏	zhōu jí jì fá
虎党狐侪	hǔ dǎng hú chái
干啼湿哭	gàn tí shī kū
抚今追昔	fǔ jīn zhuī xī
命薄缘悭	mìng báo yuán qiān
拙口笨腮	zhuō kǒu bèn sāi
寻瑕伺隙	xún xiá sì xì
评功摆好	píng gōng bǎi hǎo
吾谁与归	wú shuí yǔ guī
抛砖引玉	pāo zhuān yǐn yù
追根究蒂	zhuī gēn jiū dì
家谕户晓	jiā yù hù xiǎo
嘻皮笑脸	xī pí xiào liǎn
捩手覆羹	liè shǒu fù gēng
范张鸡黍	fàn zhāng jī shǔ
壹倡三叹	yī chàng sān tàn
威迫利诱	wēi pò lì yòu
臧谷亡羊	zāng gǔ wáng yáng
甜嘴蜜舌	tián zuǐ mì shé
猪卑狗险	zhū bēi gǒu liǎn
挑精拣肥	tiāo jīng jiǎn féi
矢口狡赖	shǐ kǒu jiǎo lài
整顿干坤	zhěng dùn gàn kūn
骈首就僯	pián shǒu jiù guī
至矣尽矣	zhì yǐ jìn yǐ
号啕大哭	háo táo dà kū
喧宾夺主	xuān bīn duó zhǔ
椎肤剥体	chuí fū bō tǐ
杯觥交错	bēi gōng jiāo cuò
淫朋密友	yín péng mì yǒu
珠璧联辉	zhū bì lián huī
卖官鬻狱	mài guān yù yù
姑置勿论	gū zhì wù lùn
负罪引慝	fù zuì yǐn tè
僵李代桃	jiāng lǐ dài táo
僵桃代李	jiāng táo dài lǐ
李代桃僵	lǐ dài táo jiāng
桃僵李代	táo jiāng lǐ dài
颓垣废井	tuí yuán fèi jǐng
晰毛辨发	xī máo biàn fà
匪朝伊夕	fěi cháo yī xī
匪伊朝夕	fěi yí zhāo xī
谈霏玉屑	tán fēi yù xiè
搔着痒处	sāo zhe yǎng chù
阽危之域	diàn wēi zhī yù
撞头搕脑	zhuàng tóu kē nǎo
紫芝眉宇	zǐ zhī méi yǔ
鼓舞欢忻	gǔ wǔ huān xīn
欢忻鼓舞	huān xīn gǔ wǔ
探观止矣	tàn guān zhǐ yǐ
降贵纡尊	jiàng guì yū zūn
降尊纡贵	jiàng zūn yū guì
谁是谁非	shuí shì shuí fēi
纡尊降贵	yū zūn jiàng guì
彬彬有礼	bīn bīn yǒu lǐ
进贤黜佞	jìn xián chù nìng
挤手捏脚	jǐ shǒ niē jiǎo
狂涛骇浪	kuáng tāo hài làng
餐霞吸露	cān xiá xī lù
掷鼠忌器	zhì shǔ jì qì
沾沾自衒	zhān zhān zì xuàn
掇拾章句	duō shí zhāng jù
认奴作郎	rèn nú zuò láng
吹垢索瘢	chuī gòu suǒ bān
目眢心忳	mù yuān xīn wǎng
索垢吹瘢	suǒ gòu chuī bān
岩栖穴处	yán qī xué chǔ
羿射九日	yì shè jiǔ rì
涤瑕蹈隙	dí xiá dǎo xī
束蕴请火	shù yùn qǐng huǒ
实偪处此	shí bèng chǔ cǐ
行色恠恠	xíng sè cōng cōng
悬车致仕	xuán chē zhì shì
高屋建瓴	gāo wū jiàn líng
建瓴高屋	jiàn líng gāo wū
面面厮觑	miàn miàn sī qù
仰事俯育	yǎng shì fǔ yù
窥间伺隙	kuī jiàn sì xì
调朱傅粉	tiáo zhū fù fěn
买官鬻爵	mǎi guān yù jué
痴儿呆女	chī ér dāi nǚ
隐鳞戢羽	yǐn lín jí yǔ
误打误撞	wù dǎ wù zhuàng
吹灯拔蜡	chuī dēng bá là
彫章镂句	diāo zhāng lòu jù
搜章摘句	sōu zhāng zhāi jù
春兰秋菊	chūn lán qiū jú
鼠臂虮肝	shǔ bì jǐ gān
雍容典雅	yōng róng diǎn yǎ
鹰击毛挚	yīng jī máo zhì
含饴弄孙	hán yí nòng sūn
余桃啖君	yú táo dàn jūn
如蚁慕膻	rú yǐ mù shān
拜将封侯	bài jiàng fēng hóu
柔枝嫩叶	róu zhī nèn yè
引颈受戮	yǐn jǐng shòu lù
捉贼捉赃	zhuō zéi zhuō zāng
晨兢夕厉	chén jīng xī lì
噀玉喷珠	xùn yù pēn zhū
财匮力绌	cái kuì lì chù
膏腴贵游	gāo yú guì yóu
谄笑胁肩	chǎn xiào xié jiān
胁肩谄笑	xié jiān chǎn xiào
斤斤较量	jīn jīn jiào liàng
纡青佩紫	yū qīng pèi zǐ
粗茶淡饭	cū chá dàn fàn
虽覆能复	suī fù néng fù
恰到好处	qià dào hǎo chù
七担八挪	qī dān bā nuó
凿隧入井	záo suì rù jǐng
槁项没齿	gǎo xiàng méi chǐ
不胜梘杓	bù shèng bēi sháo
津关险塞	jīn guān xiǎn sài
四郊多垒	sì jiāo duō lěi
江左夷吾	jiāng zuǒ yí wú
朱轮华毂	zhū lún huá gǔ
矜愚饰智	jīn yú shì zhì
饰智矜愚	shì zhì jīn yú
鸟革翚飞	niǎo gé huī fēi
绿林豪杰	lù lín háo jié
通衢广陌	tōng qú guǎng mò
袅袅余音	niǎo niǎo yú yīn
余音袅袅	yú yīn niǎo niǎo
依翠偎红	yī cuì wēi hóng
思患预防	sī huàn yù fáng
弢迹匿光	tāo jì nì guāng
擦拳磨掌	cā quán mó zhǎng
擦掌磨拳	cā zhǎng mó quán
磨拳擦掌	mó quán cā zhǎng
砥兵砺伍	dǐ bīng lì wǔ
悲歌慷慨	bēi gē kāng kǎi
慷慨悲歌	kāng kǎi bēi gē
防患未萌	fáng huàn wèi méng
灯火辉煌	dēng huǒ huī huáng
笃新怠旧	dǔ xīn dài jiù
能掐会算	néng qiā huì suàn
济寒赈贫	jì hán zhèn pín
东躲西跑	dōng duǒ xī pǎo
创剧痛深	chuàng jù tòng shēn
饮冰茹檗	yǐn bīng rú bò
拽布披麻	zhuài bù pī má
畸流洽客	jī liú qià kè
膏粱锦绣	gāo liáng jǐn xiù
噤若寒蝉	jìn ruò hán chán
埒材角妙	liè cái jiǎo miào
发秃齿豁	fà tū chǐ huò
桃夭柳媚	táo yāo liǔ mèi
扶正祛邪	fú zhèng qū xié
茹古涵今	rú gǔ hán jīn
抱布贸丝	bào bù mào sī
垂帘听决	chuí lián tīng jué
鸿毛泰岱	hóng máo tài dài
加油添醋	jiā yóu tiān cù
添醋加油	tiān cù jiā yóu
添油加醋	tiān yóu jiā cù
余霞散绮	yú xiá sàn qǐ
挤眉溜眼	jǐ méi liū yǎn
雁素鱼笺	yàn sù yú jiān
连甍接栋	lián méng jiē dòng
浮湛连蹇	fú zhàn lián jiǎn
筋疲力倦	jīn pí lì juàn
金貂贳酒	jīn diāo shì jiǔ
迷离扑朔	mí lí pū shuò
扑朔迷离	pū shuò mí lí
谄谀取容	chǎn yú qǔ róng
引咎责躬	yǐn jiù zé gōng
明媒正娶	míng méi zhèng qǔ
造谋布阱	zào móu bù jǐng
穷乡僻壤	qióng xiāng pì rǎng
一些半些	yī xiē bàn xiē
玩兵黩武	wán bīng dú wǔ
渐入佳境	jiàn rù jiā jìng
删华就素	shān huá jiù sù
封官许原	fēng guān xǔ yuán
凤冠霞帔	fèng guān xiá pèi
营私植党	yíng sī zhí dǎng
植党营私	zhí dǎng yíng sī
弥缝其阙	mí féng qí què
无噍类矣	wú jiào lèi yǐ
永劫沉轮	yǒng jié chén lún
裂裳裹足	liè cháng guǒ zú
灼艾分痛	zhuó ài fēn tòng
扼腕长叹	è wàn cháng tàn
尸位素餐	shī wèi sù cān
素餐尸位	sù cān shī wèi
夕寐宵兴	xī mèi xiāo xīng
迁延羁留	qiān yán jī liú
丰姿绰约	fēng zī chuò yuē
超阶越次	chāo jiē yuè cì
攘袂引领	rǎng mèi yǐn lǐng
强文浉醋	qiǎng wén jiǎ cù
深中肯綮	shēn zhōng kěn qìng
奴颜婢色	nú yán bì sè
摩肩擦踵	mó jiān cā zhǒng
瑰意琦行	guī yì qí xíng
抑郁寡欢	yì yù guǎ huān
齿牙馀惠	chǐ yá yú huì
细针密缕	xì zhēn mì lǚ
掷果潘安	zhì guǒ pān ān
集萤映雪	jí yíng yìng xuě
束蕴乞火	shù yùn qǐ huǒ
骏骨牵盐	jùn gǔ qiān yán
哭哭啼啼	kū kū tí tí
啼啼哭哭	tí tí kū kū
粒米束薪	lì mǐ shù xīn
雷嗔电怒	léi chēn diàn nù
饿莩载道	è piǎo zǎi dào
璧坐玑驰	bì zuò jī chí
光宗耀祖	guāng zōng yào zǔ
殚诚毕虑	dān chéng bì lǜ
豁然确斯	huò rán què sī
目光炯炯	mù guāng jiǒng jiǒng
兼收并录	jiān shōu bìng lù
劣迹昭著	liè jì zhāo zhù
粗制滥造	cū zhì làn zào
柴米夫妻	chái mǐ fū qī
插架万轴	chā jià wàn zhóu
招权纳贿	zhāo quán nà huì
旧念复萌	jiù niàn fù máng
侈恩席宠	chǐ ēn xí chǒng
残茶剩饭	cán chá shèng fàn
宝珠市饼	bǎo zhū shì bǐng
八纮同轨	bā hóng tóng guǐ
截趾适履	jié zhǐ shì lǚ
瓦器蚌盘	wǎ qì bàng pán
烟波浩渺	yān bō hào miǎo
食荼卧棘	shí tú wò jí
众目睽睽	zhòng mù kuí kuí
黯晦消沉	àn huì xiāo chén
龃龉不合	jǔ yǔ bù hé
省吃俭用	shěng chī jiǎn yòng
驰志伊吾	chí zhì yī wú
悬剑空垄	xuán jiàn kōng lǒng
鲁斤燕削	lǔ jīn yàn xuē
谦虚敬慎	qiān xū jìng shèn
淑质英才	shū zhì yīng cái
赃污狼籍	zāng wū láng jí
螫手解腕	shì shǒu jǐe wǎn
男耕女织	nán gēng nǚ zhī
女织男耕	nǚ zhī nán gēng
戢鳞潜翼	jí lín qián yì
妇孺皆知	fù rú jiē zhī
盎盂相击	àng yú xiāng jī
御沟红叶	yù gōu hóng yè
弹冠振衿	tán guān zhèn jīn
凡胎浊体	fán tāi zhuó tǐ
雪鬓霜鬟	xuě bìn shuāng huán
麦秀黍离	mài xiù shǔ lí
黍离麦秀	shǔ lí mài xiù
咸与维新	xián yǔ wéi xīn
刳精呕血	kū jīng ǒu xuè
根牢蒂固	gēn láo dì gù
迷离恍惚	mí lí huǎng hū
浊质凡姿	zhuó zhì fán zī
鹰睃狼顾	yīng suō láng gù
崇论闳议	chóng lùn hóng yì
议论纷纭	yì lùn fēn yún
魂牵梦萦	hún qiān mèng yíng
曲里拐弯	qū lǐ guǎn wān
曳裾王门	yè jū wáng mén
讨价还价	tǎo jià huán jià
气焰嚣张	qì yàn xiāo zhāng
胜任愉快	shèng rèn yú kuài
据鞍读书	jù ān dú shū
造端讬始	zào duān tuō shǐ
运筹演谋	yùn chóu yǎn móu
连帙累牍	lián zhì lèi dú
引锥刺股	yǐn zhuī cì gǔ
真伪莫辨	zhēn wěi mò biàn
戳心灌髓	chuō xīn guàn suǐ
运筹建策	yùn chóu jiàn cè
漂蓬断梗	piāo péng duàn gěng
入阁登坛	rù gé dēng tán
燕巢卫幕	yàn cháo wèi mù
慢条斯礼	màn tiáo sī lǐ
少安毋躁	shǎo ān wú zào
尸禄素餐	shī lù sù cān
研机综微	yán jī zōng wēi
过桥抽板	guò qiáo chōu bǎn
凫趋雀跃	fú qū què yuè
偎干就湿	wēi gàn jiù shī
情恕理遣	qíng shù lǐ qiǎn
假门假氏	jiǎ mén jiǎ shì
奉为圭臬	fèng wéi guī niè
浆酒藿肉	jiāng jiǔ huò ròu
英雄入彀	yīng xióng rù gòu
裹粮坐甲	guǒ liáng zuò jiǎ
束蒲为脯	shù pú wéi pú
诗朋酒侣	shī péng jiǔ lǚ
涕泗纵横	tì sì zòng héng
烟蓑雨笠	yān suō yǔ lì
雨笠烟蓑	yǔ lì yān suō
雨蓑烟笠	yǔ suō yān lì
鸿篇钜制	hóng piān jù zhì
枯杨生稊	kū yáng shēng tí
聊复尔尔	liáo fù ěr ěr
锱珠必较	zī zhū bì jiào
溜须拍马	liū xū pāi mǎ
拍马溜须	pāi mǎ liū xū
以煎止燔	yǐ jiān zhǐ fán
雁塔题名	yàn tǎ tí míng
靡颜腻理	mǐ yán nì lǐ
夙兴夜寐	sù xīng yè mèi
狱货非宝	yù huò fēi bǎo
党恶佑奸	dǎng è yòu jiān
传柄移藉	chuán bǐng yí jiè
齐镳并驱	qí biāo bìng qū
沁人肺腑	qìn rén fèi fǔ
并容徧覆	bìng róng biàn fù
闪烁其词	shǎn shuò qí cí
狼突豕窜	láng tū shǐ cuàn
贪夫猣财	tān fū huái cái
恩逾慈母	ēn yú cí mǔ
逋逃之薮	bū táo zhī sǒu
研精覃思	yán jīng tán sī
酌古准今	zhuó gǔ zhǔn jīn
犁生髐角	lí shēng yuè jiǎo
遭遇际会	zāo yù jì huì
棋输先著	qí shū xiān zhuó
遗篇坠款	yí piān zhuì kuǎn
含冰茹檗	hán bīng rú bò
黼黻文章	fǔ fú wén zhāng
胡诌八扯	hú zhōu bā chě
疥癣之疾	jiè xuǎn zhī jí
癣疥之疾	xuǎn jiè zhī jí
屡次三番	lǚ cì sān fān
苍髯如戟	cāng rán rú jǐ
燕驾越毂	yān jià yuè gū
吃喝玩乐	chī hē wán lè
防微杜衅	fáng wēi dù xìn
南航北骑	nán háng běi qí
村酒野蔬	cūn jiǔ yě shū
觞酒豆肉	shāng jiǔ dòu ròu
彤云密布	tóng yún mì bù
龙蟠虬结	lóng pán qiú jié
坚额健舌	jiān é jiàn shé
未雨绸缪	wèi yǔ chóu móu
分茅锡土	fēn máo xī tǔ
宽打窄用	kuān dǎ zhǎi yòng
脂膏莫润	zhī gāo mò rùn
食藿悬鹑	shí huò xuán chún
槊血满袖	shuò xuè mǎn xiù
巾帼奇才	jīn guó qí cái
酒囊饭袋	jiǔ náng fàn dài
气势磅礴	qì shì páng bó
铢铢较量	zhū zhū jiào liàng
龙幡虎纛	lóng fān hǔ dào
狐狸尾巴	hú li wěi ba
樵苏不爨	qiáo sū bù cuàn
倜傥不羁	tì tǎng bù jī
桃夭李艳	táo yāo lǐ yàn
飞砂扬砾	fēi shā yáng lì
鹤唳华亭	hè lì huá tíng
华亭鹤唳	huà tíng hè lì
木雕泥塑	mù diāo ní sù
泥塑木雕	ní sù mù diāo
茅屋采椽	máo wū cǎi chuán
披沙剖璞	pī shā pōu pú
病病歪歪	bìng bìng wāi wāi
破肝糜胃	pò gān mí wèi
兢兢业业	jīng jīng yè yè
业业兢兢	yè yè jīng jīng
邯郸重步	hán dān zhóng bù
拟规画圆	nǐ guī huà yuán
踔厉骏发	chuō lì jùn fā
雪窗萤几	xuě chuāng yíng jǐ
完璧归赵	wán bì guī zhào
草莽英雄	cǎo mǎng yīng xióng
潜濡默化	qián rú mò huà
伉俪情深	kàng lì qíng shēn
父母恩勤	fù mǔ ēn qín
谷贱伤农	gǔ jiàn shāng nóng
撞阵冲军	zhuàng zhèn chōng jūn
投诸四裔	tóu zhū sì yì
断杼择邻	duàn zhù zé lín
气息奄奄	qì xī yān yān
怯防勇战	qiè fáng yǒng zhàn
拈斤播两	niān jīn bō liǎng
疲惫不堪	pí bèi bù kān
被坚执锐	pī jiān zhí ruì
云扰幅裂	yún rǎo fú liè
问寝视膳	wèn qǐn shì shàn
恍恍荡荡	huǎng huǎng dàng dàng
捉衿见肘	zhuō jīn jiàn zhǒu
捉衿肘见	zhuō jīn zhǒu jiàn
角巾私第	jiǎo jīn sī dì
雉伏鼠窜	zhì fú shǔ cuàn
如丧考妣	rú sàng kǎo bǐ
贪官污吏	tān guān wū lì
追趋逐耆	zhuī qū zhú shì
剪发披缁	jiǎn fā pī zī
语笑喧阗	yǔ xiào xuān tiān
利喙赡辞	lì huì shàn cí
捉虎擒蛟	zhuō hǔ qín jiāo
幽期密约	yōu qī mì yuē
招亡纳叛	zhāo wáng nà pàn
须髯如戟	xū rán rú jǐ
刀头舔蜜	dāo tóu tiǎn mì
磨砻底厉	mó lóng dǐ lì
裒多益寡	póu duō yì guǎ
束缊请火	shù yùn qǐng huǒ
杼柚其空	zhù zhóu qí kōng
肉袒牵羊	ròu tǎn qiān yáng
踨高蹐厚	jú gāo jí hòu
指桑骂槐	zhǐ sāng mà huái
慢藏诲盗	màn cáng huì dào
崇论宏议	chóng lùn hóng yì
糜躯碎首	mí qū suì shǒu
碎首糜躯	suì shǒu mí qū
慷慨仗义	kāng kǎi zhàng yì
自贻伊戚	zì yí yī qī
买爵贩官	mǎi jué fàn guān
慷慨陈词	kāng kǎi chén cí
窃位素餐	qiè wèi sù cān
炙冰使燥	zhì bīng shǐ zào
囊萤映雪	náng yíng yìng xuě
映雪囊萤	yìng xuě náng yíng
堪以告慰	kān yǐ gào wèi
口尚乳臭	kǒu shàng rǔ xiù
战战惶惶	zhàn zhàn huáng huáng
鸿俦鹤侣	hóng chóu hè lǚ
左顾右盼	zuǒ gù yòu pàn
朱楼绮户	zhū lóu qǐ hù
投袂荷戈	tóu mèi hè gē
循循善诱	xún xún shàn yòu
戏彩娱亲	xì cǎi yú qīn
铜浇铁铸	tóng jiāo tiě zhù
铜铸铁浇	tóng zhù tiě jiāo
蜂营蚁队	fēng yíng yǐ duì
遗簪坠屦	yí zān zhuì jù
众口嗷嗷	zhòng kǒu áo áo
收园结果	shōu yuán jié guǒ
臼灶生蛙	jiù zào shēng wā
路远迢迢	lù yuǎn tiáo tiáo
擒奸讨暴	qín jiān tǎo bào
业峻鸿绩	yè jùn hóng jì
潜移嘿夺	qián yí hēi duó
拒谏饰非	jù jiàn shì fēi
饰非拒谏	shì fēi jù jiàn
连阡累陌	lián qiān lèi mò
桂馥兰香	guì fù lán xiāng
诘戎治兵	jié róng zhì bīng
怀银纡紫	huái yín yū zǐ
挹盈注虚	yì yíng zhù xū
楚囚对泣	chǔ qiú duì qì
拳中掿沙	quán zhōng nuò shā
膏腴子弟	gāo yú zǐ dì
降妖捉怪	xiáng yāo zhuō guài
怏怏不悦	yàng yàng bù yuè
惩前毖后	chéng qián bì hòu
矜平躁释	jīn píng zào shì
笙歌鼎沸	shēng gē dǐng fèi
解黏去缚	jiě nián qù fù
出乎预料	chū hū yù liào
口中蚤虱	kǒu zhōng zǎo shī
食租衣税	shí zū yī shuì
衣食税租	yī shí shuì zū
衣租食税	yì zū shí shuì
雕章缛彩	diāo zhāng rù cǎi
鸦没鹊静	yā méi què jìng
越瘦秦肥	yuè shòu qín féi
骈四俪六	pián sì lì liù
以儆效尤	yǐ jǐng xiào yóu
鼓眼努睛	gǔ yǎn nǔ jīng
寒蝉僵鸟	hán chán jiāng niǎo
兴会淋漓	xìng huì lín lí
予智予雄	yú zhì yú xióng
尖酸刻薄	jiān suān kè bó
韶华如驶	sháo huá rú shǐ
以莛扣钟	yǐ tíng kòu zhōng
瞎子摸象	xiā zǐ mō xiàng
冯生弹铗	féng shēng dàn jiá
糊里糊涂	hú lǐ hú tú
扯旗放炮	chě qí fàng pào
板上钉钉	bǎn shàng dìng dīng
鹰鼻鹞眼	yīng bí yào yǎn
五脏六腑	wǔ zàng liù fǔ
泥船渡河	ní chuán dù hé
克逮克容	kè dǎi kè róng
蓬荜生辉	péng bì shēng huī
纷纷拥拥	fēn fēn yōng yōng
单忧极瘁	dān yōu jí cuì
操揉磨治	cāo róu mó zhì
刻鹄类鹜	kè hú lèi wù
花下晒裻	huā xià shài kūn
跷足抗首	qiāo zú kàng shǒu
翘首企足	qiáo shǒu qǐ zú
狼嗥狗叫	láng háo gǒu jiào
彫虫小技	diāo chóng xiǎo jì
统筹兼顾	tǒng chóu jiān gù
重岩迭障	chóng yán dié zhàng
匡衡凿壁	kuāng héng záo bì
攒眉蹙额	cuán mei cù é
油渍麻花	yóu zì má huā
综核名实	zōng hé míng shí
先悉必具	xiān xī bì jù
掞藻飞声	shǎn zǎo fēi shēng
雕墙峻宇	diāo qiáng jùn yǔ
昏昏浩浩	hūn hūn hào hào
峻宇雕墙	jùn yǔ diāo qiáng
洪炉点雪	hóng lú diǎn xuě
昏昏欲睡	hūn hūn yù shuì
颖悟绝伦	yǐng wù jué lún
祛病延年	qū bìng yán nián
狐媚猿攀	hú mèi yuán pān
前仆后踣	qián pú hòu bó
嬉笑怒骂	xī xiào nù mà
抹粉施脂	mò fěn shī zhī
沿门持钵	yán mén chí bō
嘘寒问暖	xū hán wèn nuǎn
饥飡渴饮	jī cān kě yǐn
辑志协力	jí zhì xié lì
鹏游蝶梦	péng yóu dié mèng
重峦迭嶂	chóng luán dié zhàng
櫜弓卧鼓	gāo gōng wò gǔ
无庸赘述	wú yōng zhuì shù
擐甲挥戈	huàn jiǎ huī gē
量枘制凿	liàng ruì zhì záo
莫敢谁何	mò gǎn shuí hé
胶鬲之困	jiāo gé zhī kùn
坐卧针毡	zuò wò zhēn zhān
跃跃欲试	yuè yuè yù shì
风尘肮脏	feng chen ang zang
断管残渖	duàn guǎn cán shěn
椎牛歃血	chuí niú shà xuè
琳琅满目	lín láng mǎn mù
南鹞北鹰	nán yào běi yīng
洗颈就戮	xǐ jǐng jiù lù
逼良为娼	bī liáng wéi chāng
鸦默雀静	yā mò què jìng
沈诗任笔	shěn shī rèn bǐ
悉索薄赋	xī suǒ bó fù
放泼撒豪	fàng pō sā háo
余腥残秽	yú xīng cán huì
叩源推委	kòu yuán tuī wěi
偎红倚翠	wēi hóng yǐ cuì
倚翠偎红	yǐ cuì wēi hóng
冲锋陷阵	chōng fēng xiàn zhèn
曝背食芹	pù bèi shí qín
慢腾斯礼	màn téng sī lǐ
始作俑者	shǐ zuò yǒng zhě
假痴假呆	jiǎ chī jiǎ dāi
楚腰纤细	chǔ yāo xiān xì
故伎重演	gù jì zhòng yǎn
依乷附木	yī kuàng fù mù
藏锋敛颖	cáng fēng liǎn yǐng
搔到痒处	sāo dào yǎng chù
低吟浅唱	dī yín qiǎn chàng
雕虫末伎	diāo chóng mò jì
吹篪乞食	chuī chí qǐ shí
质疑辨惑	zhì yí biàn huò
兼包并畜	jiān bāo bìng chù
流血漂卤	liú xuè piāo lǔ
赍志而殁	jī zhì ér mò
拔帜易帜	bá zhì yì zhì
服田力穑	fú tián lì sè
衔悲茹恨	xián bēi rú hèn
滥用职权	làn yòng zhí quán
威胁利诱	wēi xié lì yòu
付之丙丁	fù zhī bǐng dīng
灸艾分痛	jiù ài fēn tòng
瘗玉埋香	yì yù mái xiāng
唾壶击缺	tuò hú jī quē
耳鬓厮磨	ěr bìn sī mó
披毛索黡	pī máo suǒ yǎn
披毛索靥	pī máo suǒ yǎn
挑毛拣刺	tiāo máo jiǎn cì
谨本详始	jǐn běn xiáng shǐ
荷枪实弹	hé qiāng shí dàn
兼览博照	jiān lǎn bó zhào
潜鳞戢羽	qián lín jí yǔ
岗头泽底	gāng tóu zé dǐ
鸿消鲤息	hóng xiāo lǐ xī
登锋陷阵	dēng fēng xiàn zhèn
燃萁之敏	rán qí zhī mǐn
艰深晦涩	jiān shēn huì sè
刘郎前度	liú láng qián dù
前度刘郎	qián dù liú láng
侜张为幻	zhōu zhāng wéi huàn
沿波讨源	yán bō tǎo yuán
韩寿偷香	hán shòu tōu xiāng
狼嗥鬼叫	láng háo guǐ jiào
俯仰唯唯	fǔ yǎng wéi wéi
感激涕零	gǎn jī tì líng
冯唐已老	féng táng yǐ lǎo
少纵即逝	shǎo zòng jí shì
风光旖旎	fēng guāng yǐ nǐ
旖旎风光	yǐ nǐ fēng guāng
重岩叠障	chóng yán dié zhàng
债台高筑	zhài tái gāo zhù
窝火憋气	wō huǒ biē qì
旭日初升	xù rì chū shēng
骄奢淫逸	jiāo shē yín yì
兴致淋漓	xìng zhì lín lí
蜂迷蝶猜	fēng mí dié cāi
落英缤纷	luò yīng bīn fēn
得陇望蜀	dé lǒng wàng shǔ
民殷财阜	mín yīn cái fù
殷民阜财	yīn mín fù cái
饴含抱孙	yí hán bào sūn
避阱入坑	bì jǐng rù kéng
横抢硬夺	hèng qiǎng yìng duó
刀枪入库	dāo qiāng rù kù
调词架讼	tiáo cí jià sòng
十夫桡椎	shí fū ráo zhuī
鲸吞蛇噬	jīng tūn shé shì
豕交兽畜	shǐ jiāo shòu chù
纷纷攘攘	fēn fēn rǎng rǎng
蜕化变质	tuì huà biàn zhì
杀鸡儆猴	shā jī jǐng hóu
初写黄庭	chū xiě huáng tíng
摧枯拉腐	cuī kū lā fǔ
金鴗擘海	jīn zhī bò hǎi
重峦叠嶂	chóng luán dié zhàng
磕牙料嘴	kē yá liào zuǐ
照萤映雪	zhào yíng yìng xuě
毒蛇猛兽	dú shé měng shòu
谦谦君子	qiān qiān jūn zǐ
冲锋陷锐	chōng fēng xiàn ruì
猖獗一时	chāng jué yī shí
朵颐大嚼	duǒ yī dà jiáo
披荆斩棘	pī jīng zhǎn jí
乳臭未除	rǔ chòu wèi chú
斩荆披棘	zhǎn jīng pī jí
拄颊看山	zhǔ jiá kàn shān
浓荫蔽日	nóng yīn bì rì
捐忿弃瑕	juān fèn qì xiá
现钟弗打	xiàn zhōng fú dǎ
炫巧斗妍	xuàn qiǎo dòu yán
浮瓜沈李	fú guā shěn lǐ
输财助边	shū cái zhù biān
助边输财	zhù biān shū cái
印累绶若	yìn léi shòu ruò
析疑匡谬	xī yí kuāng miù
胡诌乱扯	hú zhōu luàn chě
蹉跎岁月	cuō tuó suì yuè
岁月蹉跎	suì yuè cuō tuó
忧心悄悄	yōu xīn qiāo qiāo
整甲缮兵	zhěng jiǎ shàn bīng
狂涛巨浪	kuáng tāo jù làng
敝帚自享	bì zhǒu zì xiǎng
面目狰狞	miàn mù zhēng níng
狰狞面目	zhēng níng miàn mù
讹以滋讹	é yǐ zī é
赌誓发愿	dǔ shì fā yuàn
河溓海晏	hé lián hǎi yàn
淫词亵语	yín cí xiè yǔ
匹夫匹妇	pǐ fū pǐ fù
匹夫小谅	pǐ fū xiǎo liàng
五彩缤纷	wǔ cǎi bīn fēn
抱关执籥	bào guān zhí yuè
投畀豺虎	tóu bì chái hǔ
转湾抹角	zhuǎn wān mò jiǎo
周穷恤匮	zhōu qióng xù kuì
铺锦列绣	pū jǐn liè xiù
绳厥祖武	shéng jué zǔ wǔ
卑辞厚币	bēi cí hòu bì
诱掖后进	yòu yè hòu jìn
胡服骑射	hú fú qí shè
宵旰焦劳	xiāo gàn jiāo láo
兽穷则齧	shòu qióng zé niè
添兵减灶	tiān bīng jiǎn zào
敷衍了事	fū yǎn liǎo shì
富埒陶白	fù liè táo bái
以狸饵鼠	yǐ lǐ ěr shǔ
枉突徙薪	wǎng tū xǐ xīn
豆萁相煎	dòu qí xiāng jiān
芸芸众生	yún yún zhòng shēng
珠围翠拥	zhū wéi cuì yōng
卖李钻核	mài lǐ zuān hé
嫠不恤纬	lí bù xù wěi
狂朋怪侣	kuáng péng guài lǚ
摧坚获丑	cuī jiān huò chǒu
乾乾翼翼	qián qián yì yì
杨虎围匡	yáng hǔ wéi kuāng
赃秽狼藉	zāng huì láng jí
挺鹿走险	tǐng lù zǒu xiǎn
显祖荣宗	xiǎn zǔ róng zōng
烟霏雾集	yān fēi wù jí
徙宅忘妻	xǐ zhái wàng qī
珍禽异兽	zhēn qín yì shòu
钩元提要	gōu yuán tí yào
管窥筐举	guǎn kuī kuāng jǔ
雕肝琢肾	diāo gān zhuó shèn
霞蔚云蒸	xiá wèi yún zhēng
云蒸霞蔚	yún zhēng xiá wèi
九儒十丐	jiǔ rú shí gài
金印紫绶	jīn yìn zǐ shòu
胁肩絫足	xié jiān lèi zú
拿贼拿赃	ná zéi ná zāng
拱揖指挥	gǒng yī zhǐ huī
岂弟君子	kǎi tì jūn zǐ
摘艳熏香	zhāi yàn xūn xiāng
贻误军机	yí wù jūn jī
鼻青脸肿	bí qīng liǎn zhǒng
脸青鼻肿	liǎn qīng bí zhǒng
寥寥无几	liáo liáo wú jǐ
拳拳服膺	quán quán fú yīng
破觚为圜	pò gū wéi yuán
剥皮抽筋	bō pí chōu jīn
抽筋剥皮	chōu jīn bāo pí
笔冢研穿	bǐ zhǒng yán chuān
请自隗始	qǐng zì wěi shǐ
拆牌道字	chāi pái dào zì
哀哀父母	āi āi fù mǔ
潢池盗弄	huáng shi dào nòng
擢筋割骨	zhuó jīn gē gǔ
转喉触讳	zhuǎn hóu chù huì
游戏尘寰	yóu xì chén huán
三跪九叩	sān guì jiǔ kòu
戴鸡佩豚	dài jī pèi tún
连篇累帧	lián piān lèi zhēn
盛衰荣辱	shèng shuāi róng rǔ
箸长碗短	zhù chàng wǎn duǎn
汉官威仪	hàn guān wēi yí
拊膺顿足	fǔ yīng dùn zú
米盐博辩	mǐ yán bó biàn
鳞萃比栉	lín cuì bǐ zhì
温柔敦厚	wēn róu dūn hòu
震聋发聩	zhèn lóng fā kuì
把饭叫饥	bǎ fàn jiào jī
户曹参军	hù cáo cān jūn
饕口馋舌	tāo kǒu chán shé
展脚伸腰	zhǎn jiǎo shēn yāo
左支右吾	zuǒ zhī yòu wū
鹪鹩一枝	jiāo liáo yī zhī
黜幽陟明	chù yōu zhì míng
黜陟幽明	chù zhì yōu míng
四姻九戚	sì yīn jiǔ qī
拔锅卷席	bá guō juǎn xí
屡战屡败	lǚ zhàn lǜ bài
被甲据鞍	pī jiǎ jù ān
加膝坠渊	jiā xī zhuì yuān
涎眉邓眼	xián méi dèng yǎn
拈华摘艳	niān huá zhāi yàn
鲁阳麾戈	lǔ yáng huī gē
捶胸跌脚	chuí xiōng diē jiǎo
跌脚捶胸	diē jiǎo chuí xiōng
匍匐之救	pú fú zhī jiù
慷慨激扬	kāng kǎi jī yáng
奉为楷模	fèng wéi kǎi mó
琼堆玉砌	qióng duī yù qì
凡偶近器	fán ǒu jìn qì
援鳖失龟	yuán biē shī guī
闳意眇指	hóng yì miǎo zhǐ
欲盖弥彰	yù gài mí zhāng
照本宣科	zhào běn xuān kē
捶床捣枕	chuí chuáng dǎo zhěn
鼓舌掀簧	gǔ shé xiān huáng
秋后算账	qiū hòu suàn zhàng
扶老携幼	fú lǎo xié yòu
携幼扶老	xié yòu fú lǎo
欢忭鼓舞	huān biàn gǔ wǔ
鹑居鷇食	chún jū kòu shí
飘茵落溷	piāo yīn luò hùn
飞刍挽粟	fēi chú wǎn sù
童山濯濯	tóng shān zhuó zhuó
摧坚陷阵	cuī jiān xiàn zhèn
洗垢索瘢	xǐ gòu suǒ bān
据图刎首	jù tú wěn shǒu
嚼穿龈血	jiáo chuān yín xuè
潜光匿曜	qián guāng nì yào
鸟枪换砲	niǎo qiāng huàn pào
逾绳越契	yú shéng yuè qì
截铁斩钉	jié tiě zhǎn dìng
斩钉截铁	zhǎn dīng jié tiě
东砍西斫	dōng kǎn xī zhuó
东诓西骗	dōng kuāng xī piàn
循序渐进	xún xù jiàn jìn
拔葵去织	bá kuí qù zhī
山节藻棁	shān jié zǎo lì
夙兴昧旦	sù xīng mèi dàn
捻神捻鬼	niǎn shén niǎn guǐ
大辂椎轮	dà lù zhuī lún
以铢程镒	yǐ zhū chéng yì
嚼齿穿龈	jiáo chǐ chuān yín
蛾眉螓首	é méi qín shǒu
螓首蛾眉	qín shǒu ér méi
轻徭薄赋	qīng yáo báo fù
轻繇薄赋	qīng yáo báo fù
晦盲否塞	huì máng pǐ sè
抱蔓摘瓜	bào wàn zhāi guā
摘瓜抱蔓	zhāi guā bào màn
孤舟独桨	gū zhōu dú jiǎng
寒耕热耘	hán gēng rè yùn
迂谈阔论	yū tán kuò lùn
且住为佳	qiě zhù wéi jiā
屋上建瓴	wū shàng jiàn líng
裙带关系	qún dài guān xì
恃强凌弱	shì qiáng líng ruò
韬光俟奋	tāo guāng sì fèn
盛筵难再	shèng yán nán zài
舄乌虎帝	xì wū hǔ dì
嘻笑怒骂	xī xiào nù mà
齿牙馀慧	chǐ yá yú huì
陷入僵局	xiàn rù jiāng jú
话里藏阄	huà lǐ cáng jiū
交詈聚唾	jiāo lì jù tuò
鬼咤狼嚎	guǐ zhà láng háo
楚腰卫鬓	chǔ yāo wèi bìn
梗迹萍踪	gěng jì píng zōng
彰善瘅恶	zhāng shàn dàn è
享帚自珍	xiǎng zhǒu zì zhēn
自贻伊咎	zì yí yī jiù
循诵习传	xún sòng xí chuán
项庄舞剑	xiàng zhuāng wǔ jiàn
亦步亦趋	yì bù yì qū
亦趋亦步	yì qū yì bù
班香宋艳	bān xiāng sòng yàn
矜功恃宠	jīn gōng shì chǒng
俛拾仰取	fǔ shí yǎng qǔ
超超玄箸	chāo chāo xuán zhù
恣凶稔恶	zì xiōng rěn è
蝉喘雷干	chán chuǎn léi gān
京兆画眉	jīng zhào huà méi
蹈矩践墨	dǎo jǔ jiàn mò
侈纵偷苟	chǐ zòng tōu gǒu
横征苛敛	hèng zhēng kē liǎn
鹊巢鸠据	què cháo jiū jù
幺弦孤韵	yāo xián gū yùn
饭囊酒畒	fàn náng jiǔ wèng
雄伟壮观	xióng wěi zhuàng guān
河汉江淮	hé hàn jiāng huái
牛羊勿践	niú yáng wù jiàn
帘窥壁听	lián kuī bì tìng
傅粉施朱	fù fěn shī zhū
速战速决	sù zhàn sù jué
骐骥过隙	qí jì guò xì
绰绰有裕	chuò chuò yǒu yù
浩浩汤汤	hào hào shāng shāng
铩羽暴鳞	shā yǔ bào lín
运筹借箸	yùn chóu jiè zhù
渴骥奔泉	kě jì bēn quán
武昌剩竹	wǔ chāng shèng zhú
门庭赫奕	mén tíng hè yì
扯空砑光	chě kōng yà guāng
俐齿伶牙	lì chǐ líng yá
伶牙俐齿	líng yá lì chǐ
钻穴逾垣	zuàn xué yú yuán
素丝羔羊	sù sī gāo yáng
旋乾转坤	xuán qián zhuǎn kūn
旋转乾坤	xuán zhuǎn qián kūn
埙篪相和	xūn chí xiāng hè
冷窗冻壁	lěng chuāng dòng bì
动辄得咎	dòng zhé dé jiù
沉疴宿疾	chén kē sù jì
潮鸣电掣	cháo míng diàn chè
荆人涉澭	jīng rén shè yōng
豆重榆瞑	dòu chóng yú míng
榆瞑豆重	yú míng dòu zhòng
剜肉补疮	wān ròu bǔ chuāng
澡身浴德	zǎo shēn yù dé
憔神悴力	qiáo shén cuì lì
亚肩迭背	yà jiān dié bèi
衅起萧墙	xìn qǐ xiāo qiáng
洛阳纸贵	luò yáng zhǐ guì
纸贵洛阳	zhǐ guì luò yáng
柔远镇迩	róu yuǎn zhèn ěr
椎锋陷陈	chuī fēng xiàn chén
冢木已拱	zhǒng mù yǐ gǒng
赃货狼藉	zāng huò láng jí
赘食太仓	zhuì shí tài cāng
养锐蓄威	yǎng ruì xù wēi
养威蓄锐	yǎng wēi xù ruì
融汇贯通	róng huì guàn tōng
砥厉廉隅	dǐ lì lián yú
拙贝罗香	zhuō bèi luó xiāng
指囷相赠	zhǐ què xiāng zèng
沉滓泛起	chén zǐ fàn qǐ
铜壶滴漏	tóng hú dī lòu
惹祸招愆	rě huò zhāo qiān
饮鸩止渴	yǐn zhèn zhǐ kě
喜跃抃舞	xǐ yuè biàn wǔ
弛魂宕魄	chí hún dàng pò
落落穆穆	luò luò mù mù
蝶恋蜂狂	dié liàn fēng kuáng
重裵列鼎	chóng yīn liè dǐng
榱崩栋折	cuī bēng dòng shé
榱栋崩折	cuī dòng bēng shé
栋折榱崩	dòng zhé cuī bēng
徐娘半老	xú niáng bàn lǎo
血泪斑斑	xuè lèi bān bān
备位充数	bèi wèi chōng shù
喜溢眉梢	xǐ yì méi shāo
纡朱拖紫	yū zhū tuō zǐ
碎瓦颓垣	suì wǎ tuí yuán
包羞忍耻	bāo xiū rěn chǐ
麦秀两歧	mài xiù liǎng qí
七湾八扭	qī wān bā niǔ
哀感顽艳	āi gǎn wán yàn
造谣惑众	zào yáo huò zhòng
川泽纳污	chuān zé nà wū
审曲面埶	shěn qǔ miàn xīn
鳌鸣鳖应	áo míng biē yīng
王贡弹冠	wáng gòng dàn guàn
翻肠搅肚	fān cháng jiǎo dù
模棱两端	mó léng liǎng duān
战战栗栗	zhàn zhàn lì lì
著述等身	zhù shù děng shēn
榆木脑壳	yú mù nǎo ké
兰因絮果	lán yīn xù guǒ
絮果兰因	xù guǒ lán yīn
楚璧隋珍	chǔ bì suí zhēn
谩藏诲盗	màn cáng huì dào
崇雅黜浮	chóng yǎ chù fú
椎埋屠狗	chuí mái tú gǒu
囊锥露颖	náng zhuī lù yǐng
宛转蛾眉	wǎn zhuǎn é méi
鸥波萍迹	ōu bō píng jì
莺闺燕阁	yīng guī yàn gé
匏瓜空悬	páo guā kōng xuán
俗谚口碑	sú yàn kǒu bēi
涎皮赖脸	xián pí lài liǎn
含宫咀征	hán gōng jǔ zhēng
岑楼齐末	cén lóu qí mò
丰亨豫大	fēng hēng yù dà
赍志以殁	jī zhì yǐ mò
泪眼汪汪	lèi yǎn wāng wāng
烧琴煮鹤	shāo qín zhǔ hè
煮鹤烧琴	zhǔ hè shāo qín
冷嘲热骂	lěng cháo rè mà
割须弃袍	gē xū qì pào
顶针续麻	dǐng zhēn xù má
挢揉造作	jiǎo róu zào zuò
归根究柢	guī gēn jiū dǐ
称王称霸	chēng wáng chēng bà
狐媚魇道	hú mèi yǎn dào
妍蚩好恶	yán chī hǎo è
恼羞变怒	nǎo xiū biàn nù
慈乌返哺	cí wū fǎn bǔ
沟满濠平	gōu mǎn háo píng
亚肩叠背	yà jiān dié bèi
桃蹊柳陌	táo qī liǔ mò
跋扈自恣	bá hù zì zì
陈规陋习	chén guī lòu xí
鹿走苏台	lù zǒu sū tái
考绩幽明	kǎo jì yōu míng
声振寰宇	shēng zhèn huán yǔ
鸿都买第	hóng dōu mǎi dì
鞭擗向里	biān bì xiàng lǐ
明刑弼教	míng xíng bì jiào
詀言詀语	zhān yán zhān yǔ
义愤填膺	yì fèn tián yīng
捶床拍枕	chuí chuáng pāi zhěn
椎牛飨士	chuí niú xiǎng shì
山陬海澨	shān zōu hǎi shì
卖儿贴妇	mài ér tiē fù
加官晋爵	jiā guān jìn jué
鲁殿灵光	lú diàn líng guāng
鲁灵光殿	lǔ líng guāng diàn
鸿毳沉舟	hóng cuì chén zhōu
明扬仄陋	míng yáng zè lòu
参伍错纵	cān wǔ cuò zòng
两肋插刀	liǎng lèi chā dāo
你唱我和	nǐ chàng wǒ hé
繁荣兴旺	fán róng xīng wàng
柔枝嫩条	róu zhī nèn tiáo
狐裘蒙戎	hú qiú méng róng
骁勇善战	xiāo yǒng shàn zhàn
贪吃懒做	tān chī lǎn zuò
看菜吃饭	kàn cài chī fàn
背碑覆局	bèi bēi fù jú
吴市吹箫	wú shì chuī xiāo
昼吟宵哭	zhòu yín xiāo kū
趁火抢劫	chèn huǒ qiǎng jié
偷闲躲静	tōu xián duǒ jìng
斩竿揭木	zhǎn gān jiē mù
斩木揭竿	zhǎn mù jiē gān
遇难呈祥	yù nàn chéng xiáng
慷慨输将	kāng kǎi shū jiāng
解衣磅礴	jiě yī páng bó
飞蛾赴焰	fēi é fù yàn
造谋布穽	zào móu bù yán
俛首帖耳	mǎ shǒu tiē ěr
橐驼之技	tuó tuó zhī jì
金蝉脱壳	jīn chán tuō qiào
脱壳金蝉	tuō ké jīn chán
戛戛独造	jiá jiá dú zào
豆蔻年华	dòu kòu nián huá
搬唇递舌	bān chún dì shé
鸟入樊笼	niǎo rù fán lóng
贝阙珠宫	bèi què zhū gōng
珠宫贝阙	zhū gōng bèi què
按辔徐行	àn pèi xú xíng
避凉附炎	bì liáng fù yán
陵谷沧桑	líng gǔ cāng sāng
枘凿冰炭	ruì záo bīng tàn
非愚则诬	fēi yú zé wū
裂眦嚼齿	liè zì jiáo chǐ
放辟邪侈	fàng pì xié chǐ
救苦弭灾	jiù kǔ mǐ zāi
妍姿艳质	yán zī yàn zhì
献曝之忱	xiàn pù zhī chén
活蹦乱跳	huó bèng luàn tiào
青天霹雳	qīng tiān pī lì
萧郎陌路	xiāo láng mò lù
洪炉燎发	hóng lú liáo fà
秤斤注两	chēng jīn zhù liǎng
行色匆匆	xíng sè cōng cōng
灵丹圣药	líng dān shèng yào
冠冕堂皇	guān miǎn táng huáng
堂皇冠冕	táng huáng guàn miǎn
琵琶旧语	pí pá jiù yǔ
清锅冷灶	qīng guō lěng zào
香闺绣阁	xiāng guī xiù gé
逍遥自娱	xiāo yáo zì yú
凿楹纳书	záo yíng nà shū
披榛采兰	pī zhēn cǎi lán
唯邻是卜	wéi lín shì bǔ
卷甲衔枚	juàn jiǎ xián méi
阿谀逢迎	ē yú féng yíng
竹篱茅舍	zhú lí máo shè
虎兕出柙	hǔ sì chū xiá
狞髯张目	níng rán zhāng mù
虑周藻密	lǜ zhōu zǎo mì
驱霆策电	qū tíng cè diàn
挨肩擦脸	āi jiān cā liǎn
镂冰炊砾	lòu bīng chuī lì
橘化为枳	jú huà wéi zhǐ
李郭仙舟	lǐ guō xiān zhōu
门衰祚薄	mén shuāi zuò báo
逸辈殊伦	yì bèi shū lún
膝痒搔背	xī yǎng sāo bèi
以莛叩钟	yǐ tíng kòu zhōng
收锣罢鼓	shōu luó bà gǔ
连昬接晨	lián hūn jiē chén
明光锃亮	míng guāng zèng liàng
跋前踕后	bá qián jié hòu
跋前踬后	bá qián zhì hòu
珍禽奇兽	zhēn qín qí shòu
返朴还淳	fǎn pǔ huán chún
还淳返朴	huán chún fǎn pǔ
诡秘莫测	guǐ mì mò cè
跫响空谷	qióng xiǎng kōng gǔ
梦幻泡影	mèng huàn pào yǐng
平铺直叙	píng pū zhí xù
鸿鷑凤逝	hóng xiān fèng shì
咬紧牙关	yǎo jīn yá guān
笨嘴笨舌	bèn zuǐ bèn shé
咂嘴咂舌	zā zuǐ zā shé
忆苦思甜	yì kǔ sī tián
勇猛果敢	yǒng měng guǒ gǎn
分外妖娆	fèn wài yāo ráo
宫车晏驾	gōng chē yàn jià
严刑峻制	yán xíng jùn zhì
掣襟露肘	chè jīn lù zhǒu
开基创业	kāi jī chuàng yè
暑雨祁寒	shǔ yǔ qí hán
飞刍转饷	fēi chú zhuǎn xiǎng
饱飨老拳	bǎo xiǎng lào quán
撒诈捣虚	sā zhà dǎo xū
饥附饱飏	jī fù bǎo yáng
小巧玲珑	xiǎo qiǎo líng lóng
钩玄提要	gōu xuán tí yào
提要钩玄	tí yào gōu xuán
借箸代筹	jiè zhù dài chóu
兜肚连肠	dōu dǔ lián cháng
误认颜标	wù rèn yán biāo
喋喋不休	dié dié bù xiū
呶呶不休	náo náo bù xiū
神怿气愉	shén yì qì yú
析毫剖厘	xī háo pōu lí
铁板铜琶	tiě bǎn tóng pá
铜琶铁板	tóng pā tiě bǎn
头角峥嵘	tóu jiǎo zhēng róng
富商巨贾	fù shāng jù jiǎ
旬输月送	xún shū yuè sòng
鼓吻奋爪	gǔ wěn fèn zhǎo
狼顾鸱踤	láng gù chī yín
渊渟岳立	yuān tíng yuè lì
芳兰竟体	fāng lán jìng tǐ
麦秀两岐	mài xiù liǎng qí
秦欢晋爱	qín huān jìn ài
八面莹澈	bā miàn yíng chè
禹行舜趋	yǔ xíng shùn qū
删繁就简	shān fán jiù jiǎn
粗袍粝食	cū páo lì shí
推波助澜	tuī bō zhù lán
松柏寒盟	sōng bǎi hán méng
此疆尔界	cǐ jiāng ěr jiè
鼓馁旗靡	gǔ něi qí mí
魂惭色褫	hún cán sè chǐ
获隽公车	huò jūn gōng chē
磕头碰脑	kē tóu pèng nǎo
七拼八凑	qī pīn bā còu
计较锱铢	jì jiào zī zhū
进退维亟	jìn tuì wéi jí
挥翰临池	huī hàn lín chí
守约施搏	shǒu yuē shī bó
煦色韶光	xù sè sháo guāng
备尝辛苦	bèi cháng xīn kǔ
含商咀征	hán shāng jǔ zhēng
池酒林胾	chí jiǔ lín zì
按捺不住	àn nà bù zhù
拥篲救火	yōng huǐ jiù huǒ
推燥居湿	tuī zào jū shī
尺竹伍符	chǐ zhú wǔ fú
红衰翠减	hóng shuāi cuì jiǎn
卜夜卜昼	bǔ yè bǔ zhòu
卜昼卜夜	bǔ zhòu bǔ yè
饥饱劳役	jī bǎo láo yì
熊据虎踤	xióng jù hǔ shēn
求福禳灾	qiú fú ráng zāi
寸辖制轮	cùn xiá zhì lún
畴咨之忧	chóu zī zhī yōu
缧绁之忧	léi xiè zhī yōu
暮虢朝虞	mù guó zhāo yú
赤壁鏖兵	chì bì áo bīng
迷离徜恍	mí lí cháng huǎng
束贝含犀	shù bèi hán xī
临阵脱逃	lín zhèn tuō táo
明查暗访	míng chá àn fǎng
裙屐少年	qún jī shào nián
秤锤落井	chèng chuí luò jǐng
焚膏继晷	fén gāo jì guǐ
继晷焚膏	jì guǐ fén gāo
剜肉做疮	wān ròu zuò chuāng
弹斤估两	tán jīn gū liǎng
跅弢不羁	tuò tāo bù jī
咀嚼英华	jǔ jué yīng huá
麦饭豆羹	mài fàn dòu gēng
批鳞请剑	pī lín qǐng jiàn
饭糗茹草	fàn qiǔ rú cǎo
鱼帛狐篝	yú bó hú gōu
莫辨楮叶	mò biàn chǔ yè
允执厥中	yǔn zhí jué zhōng
敛锷韬光	liǎn è tāo guāng
龇牙裂嘴	zī yá liè zuǐ
摅肝沥胆	shū gān lì dǎn
泼妇骂街	pō fù mà jiē
先驱蝼蚁	xiān qū lóu yǐ
涎脸涎皮	xián liǎn xián pí
涎皮涎脸	xián pí xián liǎn
瑶台琼室	yáo tái qióng shì
撒娇卖俏	sā jiāo mài qiào
若敖鬼馁	ruò áo guǐ něi
涤秽荡瑕	dí huì dàng xiá
涤瑕荡秽	dí xiá dàng huì
招权纳赂	zhāo quán nà lù
昌亭旅食	cháng tíng lǚ shí
送暖偎寒	sòng nuǎn wēi hán
个中滋味	gè zhōng zī wèi
伺瑕抵隙	sì xiá dǐ xì
怕痛怕痒	pà tòng pà yǎng
欢蹦乱跳	huān bèng luàn tiào
崤函之固	xiáo hán zhī gù
惨澹经营	cǎn dàn jīng yíng
骨软筋酥	gǔ ruǎn jīn sū
砥砺琢磨	dǐ lì zhuó mó
脏污狼藉	zāng wū láng jí
牛溲马渤	niú sōu mǎ bó
仰事俛畜	yǎng shì fǔ chù
加膝坠泉	jiā xī zhuì quán
提纲振领	tí gāng zhèn lǐng
振领提纲	zhèn lǐng tí gāng
橡皮钉子	xiàng pí dìng zǐ
涕泗交颐	tì sì jiāo yí
负芒披苇	fù máng pī wěi
抓耳挠腮	zhuā ěr náo sāi
大块朵颐	dà kuài duǒ yí
聱牙诘曲	áo yá jié qū
诘曲聱牙	jié qǔ áo yá
呼幺喝六	hū yāo hè liù
东挦西撦	dōng xián xī là
鼻塌嘴歪	bí tā zuǐ wāi
架谎凿空	jià huǎng záo kōng
吉凶未卜	jí xiōng wèi bǔ
低唱浅酌	dì chàng qiǎn zhuó
骈枝俪叶	pián zhī lì yè
质伛影曲	zhì yǔ yǐng qū
丢盔弃甲	diū kuī qì jiǎ
弃甲丢盔	qì jiǎ diū kuī
气吞宇宙	qì tūn yǔ zhòu
张脉偾兴	zhāng mài fèn xīng
搜肠刮肚	sōu cháng guā dù
詈夷为跖	lì yí wéi zhí
咏桑寓柳	yǒng sāng yù liǔ
圈牢养物	juàn láo yǎng wù
幡然悔悟	fān rán huǐ wù
香培玉琢	xiang pei yu zuo
举止娴雅	jǔ zhǐ xián yǎ
买田阳羡	mǎi tián yáng xiàn
迁延稽留	qiān yán jī liú
跌脚绊手	diē jiǎo bàn shǒu
握拳透掌	wò quán tòu zhǎng
黔驴技穷	qián lǘ jì qióng
痛快淋漓	tòng kuài lín lí
宰鸡教猴	zǎi jī jiào hóu
另楚寒巫	lìng chǔ hán wū
榆木脑袋	yú mù nǎo dài
传杯弄盏	chuán bēi nòng zhǎn
楼阁亭台	lóu gé tíng tái
楼台亭阁	lóu tái tíng gé
亭台楼阁	tíng tái lóu gé
敲骨榨髓	qiāo gǔ zhà suǐ
蛙蟆胜负	wā má shèng fù
耽惊受怕	dān jīng shòu pà
词华典赡	cí huá diǎn shàn
饮冰茹蘖	yǐn bīng rú bò
余膏剩馥	yú gāo shèng fù
粤犬吠雪	yuè quǎn fèi xuě
步斗踏罡	bù dǒu tà gāng
步罡踏斗	bù gāng tà dǒu
敲髓洒膏	qiāo suǐ sǎ gāo
碧鬟红袖	bì huán hóng xiù
打鸭惊鸳	dǎ yā jīng yuān
梨园弟子	lí yuán dì zǐ
梨园子弟	lí yuán zǐ dì
丢卒保车	diū zú bǎo jū
沉湎淫逸	chén miǎn yín yì
甘旨肥浓	gān zhǐ féi nóng
拉拉杂杂	lā lā zá zá
攀辕卧辙	pān yuán wò zhé
英姿勃勃	yīng zī bó bó
晨光熹微	chén guāng xī wēi
倾箱倒箧	qīng xiāng dào qiè
放辟淫侈	fàng pì yín chǐ
啮雪吞毡	niè xuě tūn zhān
磨铅策蹇	mó qiān cè jiǎn
熏莸同器	xún yóu tóng qì
阴阳惨舒	yīn yáng cǎn shū
飞檐走脊	fēi yán zǒu jǐ
鸿鴆满纸	hóng yǐ mǎn zhǐ
麇至沓来	qún zhì tà lái
宵旰图治	xiāo gàn tú zhì
卑礼厚币	bēi lǐ hòu bì
拣精拣肥	jiǎn jīng jiǎn féi
泣血捶膺	qì xuè chuí yīng
深铭肺腑	shēn míng fèi fǔ
街谈巷谚	jiē tán xiàng yàn
搬斤播两	bān jīn bō liǎng
掂斤抹两	diān jīn mò liǎng
祸枣灾梨	huò zǎo zāi lí
灾梨祸枣	zāi lí huò zǎo
二惠竞爽	èr huì jìng shuǎng
鸿蒙初辟	hóng méng chū pì
寸蹄尺缣	cùn tí chǐ jiān
囊萤照读	náng yíng zhào shū
渐至佳境	jiàn zhì jiā jìng
堑山堙谷	qiàn shān yīn gǔ
堙谷堑山	yīn gǔ qiàn shān
摧锋陷阵	cuī fēng xiàn zhèn
慨然允诺	kǎi rán yǔn nuò
竖起脊梁	shù qǐ jí liáng
酣歌恒舞	hān gē héng wǔ
剥肤椎髓	bō fū chuí suǐ
椎肤剥髓	chuí fū bō suǐ
披林撷秀	pī lín xié xiù
戢鳞委翼	jí lín wěi yì
孤犊触乳	gū dú chù rǔ
环堵萧然	huán dǔ xiāo rán
克传弓冶	kè chuán gōng yě
邂逅不偶	xiè hòu bù ǒu
君臣佐使	jūn chén zuǒ shǐ
澈底澄清	chè dǐ chéng qīng
践律蹈礼	jiàn lǜ dǎo lǐ
豪横跋扈	háo héng bá hù
方趾圆颅	fāng zhǐ yuán lú
圆颅方趾	yuán lú fāng zhǐ
弃琼拾砾	qì qióng shí lì
孤苦伶仃	gū kǔ líng dīng
伶仃孤苦	líng dīng gū kǔ
病染膏肓	bìng rǎn gāo huāng
错综复杂	cuò zōng fù zá
蓬户瓮牖	péng hù wèng yǒu
砌红堆绿	qì hóng duī lǜ
画荻和丸	huà dí huò wán
龙鸣狮吼	lóng míng shī hǒu
永垂竹帛	yǒng chuí zhú bó
互相标榜	hù xiāng biāo bǎng
燮理阴阳	xiè lǐ yīn yáng
搬石砸脚	bān shí zá jiǎo
铺采摛文	pù cǎi chī wén
赃贿狼藉	zāng huì láng jí
孀妻弱子	shuāng qī ruò zǐ
萧规曹随	xiāo guī cáo suí
挨风缉缝	āi fēng jī fèng
剪发被褐	jiǎn fā bèi hè
拿糖作醋	ná táng zuò cù
殊深轸念	shū shēn zhěn niàn
薏苡明珠	yì yǐ míng zhū
聱牙诘屈	áo yá jié qū
诘屈聱牙	jié qū áo yá
汪洋浩博	wāng yáng hào bó
匪匪翼翼	féi féi yì yì
兢兢翼翼	jīng jīng yì yì
万籁俱寂	wàn lài jù jì
轰雷掣电	hōng léi chè diàn
铁狱铜笼	tiě yù tóng lóng
重珪迭组	chóng guī dié zǔ
荡检逾闲	dàng jiǎn yú xián
逾闲荡检	yú xián dàng jiǎn
刁斗森严	diāo dǒu sēn yán
浮想联翩	fú xiǎng lián piān
秉钧当轴	bǐng jūn dāng zhóu
毒泷恶雾	dú lóng è wù
悬榻留宾	xuán tà liú bīn
支策据梧	zhī cè jù wú
软硬兼施	ruǎn yìng jiān shī
喏喏连声	nuò nuò lián shēng
拔帜树帜	bá zhì shù zhì
谈优务劣	tán yōu wù liè
倚姣作媚	yǐ jiāo zuò mèi
眼馋肚饱	yǎn chán dù bǎo
墓木已拱	mù mù yǐ gǒng
光辉灿烂	guāng huī càn làn
兄肥弟瘦	xiōng féi dì shòu
排斥异己	pái chì yì jǐ
元经秘旨	yuán jīng mì zhǐ
皂丝麻线	zào sī má xiàn
凤翥鹏翔	fèng zhù péng xiáng
苟延残喘	gǒu yán cán chuǎn
剥茧抽丝	bō jiǎn chōu sī
抽丝剥茧	chōu sī bāo jiǎn
执鞭随镫	zhí biān suí dèng
招摇撞骗	zhāo yáo zhuàng piàn
踞炉炭上	jù lú tàn shàng
此界彼疆	cǐ jiè bǐ jiāng
五鬼闹判	wǔ guǐ nào pàn
集苑集枯	jí yuàn jí kū
微显阐幽	wēi xiǎn chǎn yōu
显微阐幽	xiǎn wēi chǎn yōu
避穽入坑	bì jǐng rù kēng
变醨养瘠	biàn lí yǎng jí
糖衣炮弹	táng yī pào dàn
黄皮刮廲	huáng pí guā sōu
营蝇斐锦	yíng yíng fēi jǐn
雀喧鸠聚	què xuān jiū jù
束缊还妇	shù yūn huán fù
还醇返朴	huán chún fǎn pǔ
沉郁顿挫	chén yù dùn cuò
破觚斫雕	pò gū zhuó diāo
轻怜疼惜	qīng lián téng xī
轻傜薄赋	qīng yāo báo fù
鸡鸣馌耕	jī míng gǒu gēng
蜂媒蝶使	fēng méi dié shǐ
布颿无恙	bù fān wú yàng
贪惏无餍	tān lín wú yàn
紧打慢敲	jǐn dǎ màn qiāo
雁塔新题	yàn tǎ xīn tí
善颂善祷	shàn sòng shàn dǎo
白帢青衫	bái jiá qīng shān
酗酒滋事	xù jiǔ zī shì
智昏菽麦	zhì hūn shū mài
五侯蜡烛	wǔ hòu là zhú
心膂股肱	xīn lǚ gǔ gōng
抓耳搔腮	zhuā ěr sāo sāi
耿耿于怀	gěng gěng yú huái
山砠水厓	shān jū shuǐ zhì
充饥画饼	chōng jī huà bǐng
画饼充饥	huà bǐng chōng jī
棋布错峙	qí bù cuò zhì
课嘴撩牙	kè zuǐ liáo yá
骖鸾驭鹤	cān luán yù hè
扇枕温衾	shàn zhěn wēn qīn
温衾扇枕	wēn qīn shān zhěn
闲曹冷局	xián cáo lěng jú
鹄峙鸾停	hú zhì luán tíng
鸾鹄停峙	luán hú tíng zhì
鸾停鹄峙	luán tíng hú zhì
达官显宦	dá guān xiǎn huàn
盛筵必散	shèng yán bì sàn
娇皮嫩肉	jiāo pí nèn ròu
僧多粥少	sēng duō zhōu shǎo
粥少僧多	zhōu shǎo sēng duō
钩爪锯牙	gōu zhǎo jù yá
锯牙钩爪	jù yá gōu zhǎo
描写画角	miáo xiě huà jiǎo
树元立嫡	shù yuán lì dí
翠绕珠围	cuì rào zhū wéi
翠围珠绕	cuì wéi zhū rào
珠围翠绕	zhū wéi cuì rào
稳操胜券	wén cāo shèng quàn
重珪叠组	chóng guī dié zǔ
新婚宴尔	xīn hūn yàn ěr
宴尔新婚	yàn ěr xīn hūn
盱衡厉色	xū héng lì sè
炙鸡渍酒	zhì jī zì jiǔ
捉贼捉脏	zhuō zéi zhuō zāng
油腔滑调	yóu qiāng huá diào
偷工减料	tōu gōng jiǎn liào
按图索骏	àn tú suǒ jùn
堆案盈几	duī àn yíng jī
滚瓜烂熟	gǔn guā làn shú
翻箱倒箧	fān xiāng dǎo qiè
阿毗地狱	ā pí dì yù
牵萝莫补	qiān luó mò bǔ
挖肉补疮	wā ròu bǔ chuāng
杼柚空虚	zhù zhóu kōng xū
激薄停浇	jī bó tíng jiāo
矜贫救厄	jīn pín jiù è
窄门窄户	zhǎi mén zhǎi hù
拿粗夹细	ná cū jiā xì
专精覃思	zhuān jīng tán sī
猿啼鹤唳	yuán tí hè lì
悠悠荡荡	yōu yōu dàng dàng
竭泽焚薮	jié zé fén sǒu
联篇累牍	lián piān lěi dú
优贤飏历	yōu xián yáng lì
敲锣放炮	qiāo luó fàng pào
鼠屎污羹	shǔ shǐ wū gēng
双瞳剪水	shuāng tóng jiǎn shuǐ
佳儿佳妇	jiā ér jiā fù
登坛拜将	dēng tán bài jiàng
逢机遘会	féng jī gòu huì
撑霆裂月	chēng tíng liè yuè
神霄绛阙	shén xiāo jiàng què
饰垢掩疵	shì gòu yǎn cī
添盐着醋	tiān yán zhe cù
因循苟且	yīn xún gǒu qiě
巍然屹立	wēi rán yì lì
殿堂楼阁	diàn táng lóu gé
东央西浼	dōng yāng xī měi
掊斗折衡	pǒu dǒu zhé héng
假途灭虢	jiǎ tú miè guó
擦拳抹掌	cā quán mò zhǎng
互相推诿	hù xiāng tuī wěi
傅粉何郎	fù fěn hé láng
河东狮吼	hé dōng shī hǒu
纷纷籍籍	fēn fēn jí jí
盎盂相敲	àng yú xiāng qiāo
财殚力痡	cái dān lì pū
他乡异县	tā xiāng yì xiàn
六畜兴旺	liù chù xīng wàng
鹄峙鸾翔	hú zhì luán xiáng
牵萝补屋	qiān luó bǔ wū
攻过箴阙	gōng guò zhēn què
诪张变眩	zhōu zhāng biàn xuàn
鸾翱凤翥	luán áo fèng zhù
倒箧倾筐	dǎo qiè qīng kuāng
倾筐倒箧	qīng kuāng dào qiè
椎髻布衣	zhuī jì bù yī
忧心忡忡	yōu xīn chōng chōng
勾魂摄魄	gōu hún shè pò
龟龄鹤算	guī líng hè suàn
贩夫贩妇	fàn fū fàn fù
克尽厥职	kè jìn jué zhí
猛虎插翅	měng hǔ chā chì
驿寄梅花	yì jì méi huā
梧桐断角	wú tóng duàn jiǎo
骄儿騣女	jiāo ér bā nǚ
插翅难逃	chā chì nán táo
扬葩振藻	yáng pā zhèn zǎo
打滚撒泼	dǎ gǔn sā pō
撒泼打滚	sā pō dǎ gǔn
丰姿冶丽	fēng zī yě lì
丰功伟绩	fēng gōng wěi jì
伟绩丰功	wěi jì fēng gōng
摧陷廓清	cuī xiàn kuò qīng
宛转悠扬	wǎn zhuǎn yōu yáng
阿谀奉承	ē yú fèng chéng
敲膏吸髓	qiāo gāo xī suǐ
力挽狂澜	lì wǎn kuáng lán
鼻青额肿	bí qīng é zhǒng
爬耳搔腮	pá ěr sāo sāi
严家饿隶	yán jiā è lì
牙签锦轴	yá qiān jǐn zhóu
南蛮鴂舌	nán mán xiāng shé
嚼墨喷纸	jué mò pēn zhǐ
繁荣昌盛	fán róng chāng shèng
连宵彻曙	lián xiāo chè shǔ
晋惠闻蛙	jìn huì wén wā
临潼斗宝	lín tóng dòu bǎo
尧趋舜步	yáo qū shùn bù
兽困则噬	shòu kùn zé shì
镂肝鉥肾	lòu gān qiā shèn
吹唇唱吼	chuī chún chàng hǒu
封豨修蛇	fēng xī yǒu shé
娟好静秀	juān hǎo jìng xiù
泾清渭浊	jīng qīng wèi zhuó
泾浊渭清	jīng zhuó wèi qīng
清渭浊泾	qīng wèi zhuó jīng
渭浊泾清	wèi zhuó jīng qīng
浊泾清渭	zhuó jīng qīng wèi
万签插架	wàn qiān chā jià
把臂徐去	bǎ bì xú qù
卸磨杀驴	xiè mò shā lǘ
摘艳薰香	zhāi yàn xūn xiāng
贯颐备戟	guàn yí bèi jǐ
辗转反侧	zhǎn zhuǎn fǎn cè
转辗反侧	zhuǎn zhǎn fǎn cè
井蛙醯鸡	jǐng wā xī jī
驻颜益寿	zhù yán yì shòu
赤膊上阵	chì bó shàng zhèn
残膏剩馥	cán gāo shèng fù
剩馥残膏	shèng fù cán gāo
梦撒撩丁	mèng sā liáo dīng
篡党夺权	cuàn dǎng duó quán
顿挫抑扬	dùn cuò yì yáng
抑扬顿挫	yì yáng dùn cuò
扣盘扪烛	kòu pán mén zhú
乘舆播越	chéng yú bō yuè
铁板钉钉	tiě bǎn dìng dīng
挺胸叠肚	tǐng xiōng dié dù
希旨承颜	xī zhǐ chéng yán
朝奏暮召	zhāo zòu mù zhào
礼奢宁俭	lǐ shē níng jiǎn
惝恍迷离	chǎng huǎng mí lí
迷离惝恍	mí lí chǎng huǎng
宜嗔宜喜	yí chēn yí xǐ
宜喜宜嗔	yí xǐ yí chēn
贼喊捉贼	zéi hǎn zhuō zéi
东闯西踱	dōng chuǎng xī duó
吹叶嚼蕊	chuī yè jiáo ruǐ
瓶坠簪折	píng zhùi zān zhé
浓妆艳服	nóng zhuāng yàn fú
庄周梦蝶	zhuāng zhōu mèng dié
莺猜燕妒	yīng cāi yàn dù
悬崖峭壁	xuán yá qiào bì
感慨激昂	gǎn kǎi jī áng
咬钉嚼铁	yǎo dīng jiáo tiě
椎锋陷阵	chuí fēng xiàn zhèn
拣佛烧香	jiǎn fó shāo xiāng
拉拉扯扯	lā lā chě chě
唯唯否否	wěi wěi fǒu fǒu
遗簪坠舄	yí zān zhuì xì
画蚓涂鸦	huà yǐn tú yā
焚典坑儒	fén diǎn kēng rú
佹得佹失	guǐ dé guǐ shī
投隙抵巇	tóu xì dǐ xī
鸥鹭忘机	ōu lù wàng jī
凤臆龙鬵	fèng yì lóng qí
禁网疏阔	jìn wǎng shū kuò
啮雪餐毡	niè xuě cān zhān
观衅伺隙	guān xìn sì xì
汶阳田反	wèn yáng tián fǎn
巴巴劫劫	bā bā jié jié
椒焚桂折	jiāo fén guì zhé
华屋丘墟	huá wū qiū xū
胡肥锺瘦	hú féi zhōng shòu
脱袍退位	tuō páo tuì wèi
壸浆箪食	kǔn jiāng dān shí
耳鬓撕磨	ěr bìn sī mó
握拳透爪	wò quán tòu zhǎo
沿门托钵	yán mén tuō bō
良师诤友	liáng shī zhèng yǒu
擒奸擿伏	qín jiān fā fú
七湾八拐	qī wān bā guǎi
胯下蒲伏	kuà xià pú fú
刮肠洗胃	guā cháng xǐ wèi
虎视耽耽	hǔ shì dān dān
英雄豪杰	yīng xióng háo jié
虾兵蟹将	xiā bīng xiè jiàng
聪明睿智	cōng míng ruì zhì
纡朱曳紫	yū zhū yè zǐ
添砖加瓦	tiān zhuān jiē wǎ
寥寥可数	liáo liáo kě shǔ
递胜递负	dì shèng dì fù
飘茵随溷	piāo yīn suí hùn
街坊邻里	jiē fāng lín lǐ
熬肠刮肚	áo cháng guā dù
社威擅势	shè wēi shàn shì
福寿康宁	fú shòu kāng níng
孝悌力田	xiào tì lì tián
千叮万嘱	qiān dīng wàn zhǔ
十夫榪椎	shí fū zhī zhuī
贯颐奋戟	guàn yí fèn jǐ
斗榫合缝	dǒu sǔn hé fèng
垂帘听政	chuí lián tīng zhèng
扎根串连	zhā gēn chuàn lián
杀鸡抹脖	shā jī mǒ bó
遗簪脱舄	yí zān tuō xì
泮林革音	pàn lín gé yīn
咬音咂字	yǎo yīn zā zì
弯腰捧腹	wān yāo pěng fù
霜凋夏绿	shuāng diāo xià lǜ
赢奸卖俏	yíng jiān mài qiào
有恃毋恐	yǒu shì wú kǒng
干端坤倪	gàn duān kūn ní
捏怪排科	niē guài pái kē
擿植索涂	zhāi zhí suǒ tú
逢吉丁辰	féng jí dīng chén
溯流徂源	sù liú cú yuán
犁庭扫穴	lí tíng sǎo xué
扫穴犁庭	sǎo xué lí tíng
贫贱糟糠	pín jiàn zāo kāng
白旄黄钺	bái máo huáng yuè
挑幺挑六	tiāo yāo tiāo liù
探丸借客	tàn wán jiè kè
赌咒发誓	dǔ zhòu fā shì
为虺弗摧	wéi huǐ fú cuī
造次颠沛	zào cì diān pèi
履丝曳缟	lǚ sī yè gǎo
涂歌邑诵	tú gē yì sòng
似懂非懂	sì dǒng fēi dǒng
赃贿狼籍	zāng huì láng jí
椎埋穿掘	chuí mái chuān jué
胶柱鼓瑟	jiāo zhù gǔ sè
握纲提领	wò gāng tí lǐng
浸润之谮	jìn rùn zhī zèn
饕餮之徒	tāo tiè zhī tú
根据槃互	gēn jù pán hù
雕虫刻篆	diāo chóng kè zhuàn
雕虫篆刻	diāo chóng zhuàn kè
秦越肥瘠	qín yuè féi jí
息怒停瞋	xī nù tíng chēn
凫胫鹤膝	fú jìng hè xī
尔虞我诈	ěr yú wǒ zhà
尔诈我虞	ěr zhà wǒ yú
犊牧采薪	dú mù cǎi xīn
悃愊无华	kǔn bì wú huá
摩拳擦掌	mó quán cā zhǎng
讳疾忌医	huì jí jì yī
辙乱旂靡	zhé luàn qí mǐ
老骥伏枥	lǎo jì fú lì
借坡下驴	jiè pō xià lǘ
枉勘虚招	wǎng kān xū zhāo
沓来麕至	tà lái yǒu zhì
鸦默鹊静	yā mò què jìng
谦虚谨慎	qiān xū jǐn shèn
邯郸学步	hán dān xué bù
学步邯郸	xué bù hán dān
琵琶胡语	pí pá hú yǔ
愣头愣脑	lèng tóu lèng nǎo
刨树搜根	páo shù sōu gēn
十拷九棒	shí kǎo jiǔ bàng
乍暖还寒	zhà nuǎn hái hán
飞粮挽秣	fēi liáng wǎn mò
革奸铲暴	gé jiān chǎn bào
兴讹造讪	xīng é zào shàn
支支吾吾	zhī zhī wú wú
以锥飡壸	yǐ zhuī cān kǔn
禹惜寸阴	yǔ xī cùn yīn
揽辔澄清	lǎn pèi chéng qīng
萧曹避席	xiāo cáo bì xí
文质彬彬	wén zhì bīn bīn
浓装艳抹	nóng zhuāng yàn mò
沙鸥翔集	sha ou xiang ji
护国佑民	hù guó yòu mín
虱处裻中	shī chǔ kūn zhōng
抉瑕掩瑜	jué xiá yǎn yú
黍秀宫庭	shǔ xiù gōng tíng
尤红殢翠	yóu hóng tì cuì
暮爨朝舂	mù cuàn cháo chōng
敝绨恶粟	bì tí è sù
捉衿露肘	zhuō jīn lù zhǒu
南州冠冕	nán zhōu guān miǎn
屈谷巨瓠	qū gǔ jù hù
积薪候燎	jī xīn hòu liáo
破衲疏羹	pò nà shū gēng
乔装打扮	qiáo zhuāng dǎ bàn
绿蓑青笠	lǜ suō qīng lì
抱椠怀铅	bào qiàn huái qiān
坠茵落溷	zhuì yīn luò hùn
唾壶敲缺	tuò hú qiāo quē
跅幪不羁	tuò méng bù jī
士农工商	shì nóng gōng shāng
淡写轻描	dàn xiě qīng miáo
轻描淡写	qīng miáo dàn xiě
闯荡江湖	chuǎng dàng jiāng hú
龙荒朔漠	lóng huāng shuò mò
跌脚槌胸	diē jiǎo chuí xiōng
赃官污吏	zāng guān wū lì
藏锋敛锷	cáng fēng liǎn è
旁搜远绍	páng sōu yuǎn shào
揽权纳贿	lǎn quán nà huì
宏儒硕学	hóng rú shuò xué
琅嬛福地	láng huán fú dì
象耕鸟耘	xiàng gēng niǎo yún
通都巨邑	tōng dōu jù yì
拖麻拽布	tuō má zhuài bù
拽布拖麻	zhuāi bù tuō má
铜筋铁肋	tóng jīn tiě lèi
群蚁溃堤	qún yǐ kuì dī
顶踵捐糜	dǐng zhǒng juān mí
如饮醍醐	rú yǐn tí hú
美轮美奂	měi lún měi huàn
尺幅寸缣	chǐ fú cùn jiān
彗泛画涂	huì fàn huà tú
琵琶别弄	pí pá bié nòng
勿忘在莒	wù wàng zài jǔ
冶容诲淫	yě róng huì yín
挢抂过正	jiǎo kuāng guò zhèng
匀红点翠	yún hóng diǎn cuì
马浡牛溲	mǎ bó niú sōu
水晶灯笼	shuǐ jīng dēng lóng
弟男子侄	dì nán zǐ zhí
恪守成宪	kè shǒu chéng xiàn
明眸善睐	míng móu shàn lài
虚无缥缈	xū wú piāo miǎo
讴功颂德	ōu gōng sòng dé
蜂窠蚁穴	fēng kē yǐ xué
鸮啼鬼啸	niǎo tí guǐ xiào
虮虱相吊	jǐ shī xiēng diào
男盗女娼	nán dào nǚ chāng
男婚女嫁	nán hūn nǚ jià
返辔收帆	fǎn pèi shōu fān
昼乾夕惕	zhòu qián xī tì
称臣纳贡	chēng chén nà gòng
纳贡称臣	nà gòng chēng chén
遗珥坠簪	yí ěr zhuì zān
遗簪坠珥	yí zān zhuì ěr
幺幺小丑	yāo mó xiǎo chǒu
蟒袍玉带	mǎng páo yù dài
跋胡痜尾	bá hú zhì wěi
深刺腧髓	shēn cì shù suǐ
教猱升木	jiāo náo shēng mù
砭庸针俗	biān yōng zhén sú
削株掘根	xuē zhū jué gēn
搜扬侧陋	sōu yáng cè lòu
餐霞饮瀣	cān xiá yǐn xiè
狡兔三窟	jiǎo tù sān kū
燕俦莺侣	yàn chóu yīng lǚ
燕侣莺俦	yàn lǚ yīng chóu
莺俦燕侣	yīng chóu yàn lǚ
毒赋剩敛	dú fù shèng liǎn
通达谙练	tōng dá ān liàn
鬼吒狼嚎	guǐ zhà láng háo
拄笏看山	zhǔ hù kàn shān
抓乖弄俏	zhuā guāi nòng qiào
左支右绌	zuǒ zhī yòu chù
飞刍挽粮	fēi chú wǎn liáng
骈拇枝指	pián mǔ zhī zhǐ
横遮竖挡	héng zhē shù dǎng
面折廷诤	miàn shé tíng zhèng
助纣为虐	zhù zhòu wéi nüè
抠心挖肚	kōu xīn wā dù
毁瓦画墁	huǐ wǎ huà màn
栋朽榱崩	dòng xiǔ cuī bēng
上竿掇梯	shàng gān duō tī
克俭克勤	kè jiǎn kè qín
克勤克俭	kè qín kè jiǎn
扯纤拉烟	chě qiàn lā yān
街坊四邻	jiē fāng sì lín
厚味腊毒	hòu wèi xī dú
二缶钟惑	èr fǒu zhōng huò
燕妒莺惭	yàn dù yīng cán
推聋妆哑	tuī lóng zhuāng yǎ
兽迒鸟迹	shòu hàn niǎo jì
兴词构讼	xīng cí gòu sòng
蹉跎自误	cuō tuó zì wù
文婪武嬉	wén lán wǔ xī
枕稳衾温	zhěn wěn qīn wēn
带减腰围	dài jiǎn yāo wéi
神采奕奕	shén cǎi yì yì
鳏寡茕独	guān guǎ qióng dú
逖听遐视	tì tīng xiá shì
扭转乾坤	niǔ zhuǎn qián kūn
德艺双馨	dé yì shuāng xīn
奇葩异卉	qí pā yì hùi
顺藤摸瓜	shùn téng mō guā
蛮烟瘴雾	mán yān zhàng wù
闭门埽轨	bì mén sào guǐ
扶危拯溺	fú wēi zhěng nì
拯溺扶危	zhěng nì fú wēi
逾墙钻蠙	yú qiáng zuàn pín
飞觥走斝	fēi gōng zǒu jiǎ
铁绰铜琶	tiě chuō tóng pá
驽马恋栈	nú mǎ liàn zhàn
峭论鲠议	qiào lùn gěng yì
折冲樽俎	zhé chōng zūn zǔ
俎樽折冲	zǔ zūn zhé chōng
樽俎折冲	zūn zǔ zhé chōng
聆音察理	líng yīn chá lǐ
贩官鬻爵	fàn guān yù jué
予取予携	yú qǔ yú xié
坐筹帷幄	zùo chóu wéi wò
柴米油盐	chái mǐ yóu yán
鸷击狼噬	zhì jī láng shì
书画卯酉	shū huà mǎo yǒu
袒臂挥拳	tǎn bì huī quán
左顾右眄	zuǒ gù yòu miǎn
雨鬣霜蹄	yǔ liè shuāng tí
阐幽抉微	chǎn yōu jué wēi
堂哉皇哉	táng zāi huáng zāi
抵背扼喉	dǐ bèi è hóu
诲盗诲淫	huì dào huì yín
诲淫诲盗	huì yín huì dào
帷灯箧剑	wéi dēng qiè jiàn
鲜血淋漓	xiān xuè lín lí
跖狗吠尧	zhí gǒu fèi yáo
席珍待聘	xí zhēn dài pìn
车马辐辏	chē mǎ fú còu
断缣尺楮	duàn jiān chǐ chǔ
噬脐莫及	shì qí mò jí
孽障种子	niè zhàng zhǒng zǐ
永劫沉沦	yǒng jié chén lún
创业维艰	chuàng yè wéi jiān
兄友弟恭	xiōng yǒu dì gōng
淡妆浓抹	dàn zhuāng nóng mǒ
浓抹淡妆	nóng mò dàn zhuāng
浓妆淡抹	nóng zhuāng dàn mò
放僻邪侈	fàng pì xié chǐ
佻身飞镞	tiāo shēn fēi zú
黍油麦秀	shǔ yóu mài xiù
青竹丹枫	qīng zhú dān fēng
龙蛰蠖屈	lóng zhé huò qū
惟妙惟肖	wéi miào wéi xiào
惟肖惟妙	wéi xiāo wéi miào
冥行擿埴	míng xíng zhì zhí
破竹建瓴	pò zhú jiàn líng
遗珥堕簪	yí ěr duò zān
遗簪堕珥	yí zān duò ěr
披枷带锁	jīn jiā yù suǒ
崧生岳降	sōng shēng yuè jiàng
嵩生岳降	sōng shēng yuè jiàng
欢迸乱跳	huān bèng luàn tiào
诚惶诚恐	chéng huáng chéng kǒng
佯轮诈败	yáng lún zhà bài
莫予毒也	mò yù dú yě
鲁鱼亥豕	lǔ yú hài shǐ
豕亥鱼鲁	shǐ hài yú lǔ
铢铢校量	zhū zhū xiào liàng
秋荼密网	qiū tú mì wǎng
封胡羯末	fēng hú jié mò
卓荦超伦	zhuó luò chāo lún
朝饔夕飧	zhāo yōng xī sūn
沟满壕平	gōu mǎn háo píng
魏紫姚黄	wèi zǐ yáo huáng
姚黄魏紫	yáo huáng wèi zǐ
牵丝攀藤	qiān sī pān téng
岁月峥嵘	suì yuè zhēng róng
峥嵘岁月	zhēng róng suì yuè
乔装改扮	qiáo zhuāng gǎi bàn
双桂联芳	shuāng guì lián fāng
鳏寡孤茕	guān guǎ gū qióng
毕恭毕敬	bì gōng bì jìng
生搬硬套	shēng bān yìng tào
豪商巨贾	háo shāng jù jiǎ
瞓面盎背	suì miàn àng bèi
晬面盎背	zuì miàn àng bèi
牝鸡牡鸣	pìn jī mǔ míng
钟漏并歇	zhōng lòu bìng xiē
持橐簪笔	chí tuó zān bǐ
优哉游哉	yōu zāi yóu zāi
逞工炫巧	chěng gōng xuàn qiǎo
顿纲振纪	dùn gāng zhèn jì
桀骜自恃	jié ào zì shì
街谭巷议	jiē tán xiàng yì
黔驴技孤	qián lǘ jì gū
询谋佥同	xún móu qiān tóng
葛屦履霜	gě jù lǚ shuāng
燕跃鹄踊	yàn yuè hú yǒng
聪明伶俐	cōng míng líng lì
锦篇绣帙	jǐn piān xiù zhì
烟霞痼疾	yān xiá gù jì
布裙荆钗	bù qún jīng chāi
钗荆裙布	chāi jīng qún bù
荆钗布裙	jīng chāi bù qún
裙布荆钗	qún bù jīng chāi
笙磬同音	shēng qìng tóng yīn
涎脸饧眼	xián liǎn táng yǎn
消愁释愦	xiāo cháo shì kuì
乌帽红裙	wū mào hóng qún
若丧考妣	ruò sàng kǎo bǐ
左提右挈	zuǒ tí yòu qiè
砥砺廉隅	dǐ lì lián yú
逾墙窥蠙	yú qiáng kuī pín
稗官野史	bài guān yě shǐ
牝鸡司旦	pìn jī sī dàn
洗肠涤胃	xǐ cháng dí wèi
折冲御侮	zhé chōng yù wǔ
投隙抵罅	tóu xì dǐ xià
摘埴索涂	zhāi zhí suǒ tú
诲奸导淫	huì jiān dǎo yín
孙康映雪	sūn kāng yìng xuě
谷父蚕母	gǔ fù cán mǔ
斩钢截铁	zhǎn gāng jié tiě
治丝益棼	zhì sī yì fén
寝苫枕块	qǐn shān zhěn kuài
东床姣婿	dōng chuáng jiāo xù
鼓吹喧阗	gǔ chuī xuān tián
鹰瞵虎攫	yīng lín hǔ jué
探赜钩深	tàn zé gōu shēn
眈眈逐逐	dān dān zhú zhú
逐逐眈眈	zhú zhú dān dān
益谦亏盈	yì qiān kuī yíng
麋沸蚁动	mí fèi yǐ dòng
魂慑色沮	hún shè sè jǔ
祲威盛容	lóng wēi shèng róng
抖擞精神	dǒu sǒu jīng shén
精神抖擞	jīng shén dǒu sǒu
冲州撞府	chōng zhōu zhuàng fǔ
撞府冲州	zhuàng fǔ chōng zhōu
初试锋芒	chū shì fēng máng
芝艾俱焚	zhī ài jù fén
采兰赠药	cǎi lán zèng yào
窃据要津	qiè jù yào jīn
布袜青鞋	bù wà qīng xié
青鞋布袜	qīng xié bù wà
呼朋唤友	hū péng huàn yǒu
桀犬吠尧	jié quǎn fèi yáo
救焚拯溺	jiù fén zhěng nì
柳腰莲脸	liǔ yāo lián lián
栋折榱坏	dòng shé cuī huài
撑肠拄腹	chēng cháng zhǔ fù
廉顽立懦	lián wán lì nuò
顽廉懦立	wán lián nuò lì
韫椟藏珠	yùn dú cáng zhū
騣女痴儿	ái nǚ chī ér
亹亹不倦	tān wěi bù juàn
荣宗耀祖	róng zōng yào zǔ
耀祖荣宗	yào zǔ róng zōng
娓娓动听	wěi wěi dòng tīng
噤口捲舌	jìn kǒu juǎn shé
杏脸桃腮	xìng liǎn táo sāi
杏腮桃脸	xìng sāi táo liǎn
滥官污吏	làn guān wū lì
骄侈淫虐	jiāo chǐ yín nüè
怜我怜卿	lián wǒ lián qīng
嗑牙料嘴	kē yá liào zuǐ
斩关夺隘	zhǎn guān duó ài
整整截截	zhěng zhěng jié jié
山肴野蔌	shān yáo yě sù
野蔌山肴	yě sù shān yáo
紧锣密鼓	jǐn luó mì gǔ
密锣紧鼓	mì luó jǐn gǔ
薏苡之谤	yì yǐ zhī bàng
鹊巢鸠踞	què cháo jiū jù
剩菜残羹	shèng cài cán gēng
衣衫蓝缕	yī shān lán lǚ
卿卿我我	qīng qīng wǒ wǒ
琳琅触目	lín láng chù mù
整旅厉卒	zhěng lǚ lì zú
连篇絫牍	lián piān lèi dú
雕肝掐肾	diāo gān qiā shèn
狐裘羔袖	hú qiú gāo xiù
弋人何篡	yì rén hé cuàn
刀锯鼎镬	dāo jù dǐng huò
鼎镬刀锯	dǐng huò dāo jù
潜濡默被	qián rú mò bèi
泛萍浮梗	fàn píng fú gěng
衣冠枭獍	yī guān xiāo jìng
行险徼幸	xíng xiǎn jiǎo xìng
拿粗挟细	ná cū xié xì
挟细拿粗	xié xì ná cū
煨干就湿	wēi gàn jiù shī
跌弹斑鸠	diē dàn bān jiū
乞哀告怜	qǐ āi gào lián
芟繁就简	shān fán jiù jiǎn
封官许愿	fēng guān xǔ yuàn
薰莸同器	xūn yóu tóng qì
招降纳叛	zhāo xiáng nà pàn
南蛮鴃舌	nán mán jué shé
魏颗结草	wèi kē jié cǎo
鸣珂锵玉	míng kē qiāng yù
附赘悬疣	fù zhuì xuán yóu
悬疣附赘	xuán yóu fù zhuì
悉索敝赋	xī suǒ bì fù
析律贰端	xī lǜ èr duān
捧毂推轮	pěng gǔ tuī lún
推轮捧毂	tuī lún pěng gū
阿姑阿翁	ā gū ā wēng
貊乡鼠攘	mò xiāng shǔ rǎng
宵旰忧勤	xiāo gàn yōu qín
波澜壮阔	bō lán zhuàng kuò
抓乖卖俏	zhuā guāi mài qiào
焚香膜拜	fén xiāng mó bài
澹泊寡欲	dàn bó guǎ yù
放刁撒泼	fàng diāo sā pō
撒泼放刁	sā pō fàng diāo
管窥蠡测	guǎn kuī lǐ cè
蠡测管窥	lǐ cè guǎn kuī
熊韬豹略	xióng tāo bào lüè
法脉准绳	fǎ mài zhǔn shéng
褒贬与夺	bǎo biǎn yǔ duó
层台累榭	céng tái lěi xiè
蒹葭倚玉	jiān jiā yǐ yù
负诟忍尤	fù gòu rěn yóu
余音缭绕	yú yīn liáo rào
活蹦活跳	huó bèng huó tiào
伺瑕导隙	sì xiá dǎo xì
毫厘丝忽	háo lí sī hū
井管拘墟	jǐng guǎn jū xū
析肝沥悃	xī gān lì kǔn
析珪判野	xī guī pàn yě
舐糠及米	shì kāng jí mǐ
八窗玲珑	bā chuāng líng lóng
犁牛髐角	lí niú mài jiǎo
枕戈剚刃	zhěn gē zì rèn
扼腕叹息	è wǎn tàn xī
拙嘴笨腮	zhuō zuǐ bèn sāi
貂蝉满座	diāo chán mǎn zuò
遥遥华胄	yáo yáo huá zhòu
撒科打诨	sā kē dǎ hùn
沂水舞雩	yí shuǐ wǔ yú
倾摇懈弛	qīng yáo xiè chí
楚棺秦楼	chǔ guān qín lóu
楚馆秦楼	chǔ guǎn qín lóu
秦楼楚馆	qín lóu chǔ guǎn
娇小玲珑	jiāo xiǎo líng lóng
胶柱调瑟	jiāo zhù tiáo sè
旁摇阴煽	páng yáo yīn shān
鞋弓袜小	xié gōng wà xiǎo
马毛猬磔	mǎ máo wèi zhé
马毛蝟磔	mǎ máo wèi zhé
虎珀拾芥	hǔ pò shí jiè
挑肥拣瘦	tiāo féi jiǎn shòu
灭虢取虞	miè guó qǔ yú
询迁询谋	xún qiān xún móu
貊乡鼠壤	mò xiāng shǔ rǎng
汉人煮箦	hàn rén zhǔ zé
郢人斫垩	yǐng rén zhuó è
传杯换盏	chuán bēi huàn zhǎn
掂梢折本	diān shāo shé běn
巾帼须眉	jīn guó xū méi
横躺竖卧	héng tǎng shù wò
篡位夺权	cuàn wèi duó quán
乌踷兔走	wū cún tù zǒu
搴旗斩将	qiān qí zhǎn jiàng
斩将搴旗	zhǎn jiàng qiān qí
喊冤叫屈	hǎn yuān jiào qū
羯鼓催花	jié gǔ cuī huā
桑枢韦带	sāng shū wéi dài
飞觞走斝	fēi shāng zǒu jiǎ
连镳并轸	lián biāo bìng zhěn
灌夫骂座	guàn fū mà zuò
杨雀衔环	yáng què xián huán
把酒持螯	bǎ jiǔ chí áo
把素持斋	bǎ sù chí zhāi
持螯把酒	chí áo bǎ jiǔ
持斋把素	chí zhāi bǎ sù
浓妆艳抹	nóng zhuāng yàn mǒ
敲锣放砲	qiāo luó fàng pào
析圭担爵	xī guī dān jué
沉灶产蛙	chén zào chǎn wā
赁耳佣目	lìn ěr yōng mù
脸红筋涨	liǎn hóng jīn zhǎng
颓垣断堑	tuí yuán duàn piàn
祝鮠之佞	zhù tuó zhī nìng
毁宗夷族	huǐ zōng yí zú
炙肤皲足	zhì fū jūn zú
装聋卖傻	zhuāng lóng mài shǎ
宴安鸩毒	yàn ān zhèn dú
越凫楚乙	yuè fú chǔ yǐ
痛剿穷迫	tòng jiǎo qióng pò
姱容修态	kuā róng xiū tài
断齑块粥	duàn jī kuài zhōu
狡焉思肆	jiǎo yān sī sì
别抱琵琶	bié bào pí pá
琵琶别抱	pí pá bié bào
运策帷幄	yùn cè wéi wò
运筹帷幄	yùn chóu wéi wò
乔妆打扮	qiáo zhuāng dǎ bàn
缘悭命蹇	yuán qiān mìng jiǎn
汲汲皇皇	jí jí huáng huáng
摸金校尉	mō jīn xiào wèi
曾母投杼	zēng mǔ tóu zhù
尖嘴猴腮	jiān zuǐ hóu sāi
敲诈勒索	qiāo zhà lè suǒ
仙姿佚貌	xiān zī yì mào
七棱八瓣	qī léng bā bàn
田连阡陌	tián lián qiān mò
扛鼎抃牛	káng dǐng biàn niú
朱甍碧瓦	zhū méng bì wǎ
諠客夺主	xī kè duó zhǔ
餐松饮涧	cān sōng yǐn jiàn
飘樊落溷	piāo fán luò hùn
凌杂米盐	líng zá mǐ yán
列祖列宗	liè zǔ liè zōng
气喘吁吁	qì chuǎn xū xū
浇淳散朴	jiāo chún sàn pǔ
邂逅相逢	xiè hòu xiāng féng
虹销雨霁	hóng xiāo yǔ jì
浓妆艳饰	nóng zhuāng yàn shì
躭惊受怕	dān jīng shòu pà
杜鹃啼血	dù juān tí xuě
绚丽多彩	xuàn lì duō cǎi
掩口葫芦	yǎn kǒu hú lú
羚羊挂角	líng yáng guà jiǎo
磊落飒爽	lěi luò sà shuǎng
赐茅授土	cì máo shòu tǔ
惺惺相惜	xīng xīng xiāng xī
捣虚批吭	dǎo xū pī háng
批亢捣虚	pī gàng dǎo xū
批吭捣虚	pī háng dǎo xū
萱花椿树	xuān huā chūn shù
射像止啼	shè xiàng zhǐ tí
豕窜狼逋	shǐ cuàn láng bū
雕栏玉砌	diāo lán yù qì
毒魔狠怪	dú mó hěn guài
拼死拼活	pīn sǐ pīn huó
朝奏夕召	zhāo zòu xī zhào
养痈贻患	yǎng yōng yí huàn
擒贼擒王	qín zéi qín wáng
酬功给效	chóu gōng gěi xiào
蠹居棊处	dù jū què chǔ
瞽言萏议	gǔ yán dàn yì
逆阪走丸	nì bǎn zǒu wán
掂斤播两	diān jīn bō liǎng
鹊垒巢鸠	què lěi cháo jiū
洋洋洒洒	yáng yáng sǎ sǎ
鹑居鷇饮	chún jú kòu yǐn
修饰边幅	xiū shì biān fú
螳螂黄雀	táng láng huáng què
兔葵燕麦	tù kuí yàn mài
騣女痴男	ái nǚ chī nán
撒痴撒娇	sā chī sā jiāo
撒娇撒痴	sā jiāo sā chī
商彝周鼎	shāng yí zhōu dǐng
驰骋疆场	chí chěng jiāng chǎng
飞刍挽粒	fēi chú wǎn lì
倡条冶叶	chāng tiáo yě yè
冶叶倡条	yě yè chàng tiáo
簪缨世族	zān yīng shì zú
纨裦子弟	wán kǔ zǐ dì
栉比鳞臻	zhì bǐ lín zhēn
村箫社鼓	cūn xiāo shè gǔ
强弓劲弩	qiáng gōng jìn nǔ
黜昏启圣	chù hūn qǐ shèng
敝綈恶粟	bì tì è sù
傲骨嶙嶙	ào gǔ lín lín
暂劳永逸	zàn láo yǒng yì
坏裳为裤	huài shang wéi kù
妥首帖耳	tuǒ shǒu tiē ěr
板上砸钉	bǎn shàng zá dīng
驹窗电逝	jū chuāng diàn shì
桑土绸缪	sāng tǔ chóu miù
贻厥孙谋	yí jué sūn móu
磨刀霍霍	mó dāo huò huò
百般抚慰	bǎi bān fǔ wèi
救饥拯溺	jiù jī zhěng nì
逞工衒巧	chěng gōng xuàn qiǎo
跌脚搥胸	diē jiǎo chuī xiōng
趁哄打劫	chèn hōng dǎ jié
骚翁墨客	sāo wēng mò kè
奸掳烧杀	jiān lǔ shāo shā
披沥肝膈	pī lì gān gé
壁垒森严	bì lěi sēn yán
森严壁垒	sēn yán bì lěi
硁硁之愚	kēng kēng zhī yú
规矩准绳	guī jǔ zhǔn shéng
鹿驯豕暴	lù xùn shǐ bào
蛛网尘封	zhū wǎng chén fēng
瑚琏之器	hú liǎn zhī qì
瘦骨伶仃	shòu gǔ líng dīng
妆聋做哑	zhuāng lóng zuò yǎ
锱铢较量	zī zhū jiào liàng
蒹葭伊人	jiān jiā yī rén
摄威擅势	shè wēi shàn shì
诗酒朋侪	shī jiǔ péng chái
膘肥体壮	biāo féi tǐ zhuàng
喃喃细语	nán nán xì yǔ
郁郁苍苍	yù yù cāng cāng
什袭珍藏	shí xí zhēn cáng
创业垂统	chuàng yè chuí tǒng
林林总总	lín lín zǒng zǒng
总总林林	zǒng zǒng lín lín
典则俊雅	diǎn zé jùn yǎ
拉捭摧藏	lā bǎi cuī cáng
锱铢必较	zī zhū bì jiào
扒耳搔腮	pá ěr sāo sāi
擦脂抹粉	cā zhī mǒ fěn
狐鸣枭噪	hú míng xiāo zào
偭规错矩	miǎn guī cuò jǔ
互剥痛疮	hù bō tòng chuāng
孚尹明达	fú yǐn míng dá
闾阎扑地	lǘ yán pū dì
句斟字酌	jù zhēn zì zhuó
字斟句酌	zì zhēn jù zhuó
攀蟾折桂	pān chán shé guì
商彝夏鼎	shāng yí xià dǐng
夏鼎商彝	xià dǐng shāng yí
司农仰屋	sī nóng yǎng wū
泛浩摩苍	fàn hào mó cāng
肚里蛔虫	dù lǐ huí chóng
噬脐何及	shì qí hé jí
淹旬旷月	yān xún kuàng yuè
整纷剔蠹	zhěng fēn tī dù
按部就班	àn bù jiù bān
凶喘肤汗	xiōng chuǎn fū hàn
霞裙月帔	xiá qún yuè pèi
鸠占鹊巢	jiū zhàn què cháo
鹊巢鸠占	què cháo jiū zhàn
粒米狼戾	lì mǐ láng lì
匡救弥缝	kuāng jiù mí fèng
深扃固钥	shēn jiōng gù yào
昼警夕惕	zhòu jǐng xī tì
乔妆改扮	qiáo zhuāng gǎi bàn
谛分审布	dì fēn shěn bù
鹦鹉学语	yīng wǔ xué yǔ
彬彬济济	bīn bīn jǐ jǐ
诡谲怪诞	guǐ jué guài dàn
牝鸡司晨	pìn jī sī chén
重峦迭巘	chóng luán dié yǎn
朝乾夕愓	zhāo qián xī dàng
敬老慈穉	jìng lǎo cí zhì
携男挈女	xié nán qiè nǚ
杀鸡哧猴	shā jī chī hóu
杀鸡吓猴	shā jī xià hóu
朽竹篙舟	xiǔ zhú gāo zhōu
忽冷忽热	hū lěng hū rè
啜英咀华	chuò yīng jǔ huá
撧耳挠腮	juē ěr náo sāi
挠腮撧耳	náo sāi juē ěr
稷蜂社鼠	jì fēng shè shǔ
充箱盈架	chōng xiāng yíng jià
班驳陆离	bān bó lù lí
热泪盈眶	rè lèi yíng kuàng
瘏口哓音	tú kǒu xiāo yīn
哓音瘏口	xiāo yīn tú kǒu
密密层层	mì mì céng céng
谆谆善诱	zhūn zhūn shàn yòu
含菁咀华	hán jīng jǔ huá
槌胸蹋地	chuí xiōng tà dì
慷慨激烈	kāng kǎi jī liè
夏虫朝菌	xià chóng zhāo jūn
惺惺作态	xīng xīng zuò tài
搜肠润吻	sōu cháng rùn wěn
鸢肩鹄颈	yuān jiān hú jǐng
佯输诈败	yáng shū zhà bài
诈败佯输	zhà bài yáng shū
放刁把滥	fàng diāo bǎ làn
煎豆摘瓜	jiān dòu zhāi guā
麻姑献寿	má gū xiàn shòu
戒备森严	jiè bèi sēn yán
头痒搔跟	tóu yǎng sāo gēn
开疆拓境	kāi jiāng tuò jìng
命俦啸侣	mìng chóu xiào lǚ
啸侣命俦	xiāo lǚ mìng chóu
冷灰爆豆	lěng huī bào dòu
玉佩琼琚	yù pèi qióng jū
雕肝琢膂	diāo gān zhuó lǚ
呱呱坠地	guā guā zhuì dì
鹭序鸳行	lù xù yuān xíng
拐弯抹角	guǎi wān mò jiǎo
附膻逐腥	fù shān zhú xīng
宴安醙毒	yàn ān dān dú
晏安醙毒	yàn ān dān dú
重峦叠巘	chóng luán dié yǎn
春葩丽藻	chūn pā lì zǎo
丽藻春葩	lì zǎo chūn pā
勿怠勿忘	wù dài wù wàng
刬恶锄奸	chǎn è chú jiān
剗恶锄奸	chǎn è chú jiān
薏苡之谗	yì yǐ zhī chán
低唱浅斟	dì chàng qiǎn zhēn
浅斟低唱	qiǎn zhēn dī chàng
独辟蹊径	dú pì xī jìng
香药脆梅	xiāng yào cuì méi
初发芙蓉	chū fā fú róng
庸中佼佼	yōng zhōng jiǎo jiǎo
肤粟股栗	fū sù gǔ lì
簪缨世胄	zān yīng shì zhòu
倒峡泻河	dǎo xiá xiè hé
操斧伐柯	cāo fù fá kē
挹彼注此	yì bǐ zhù cǐ
横槊赋诗	héng shuò fù shī
安营扎寨	ān yíng zhā zhài
梗泛萍飘	gěng fàn píng piāo
抃风儛润	biàn fēng wǔ rùn
斧破斨缺	fǔ pò qiāng quē
破斧缺斨	pò fǔ quē zhōu
庸庸碌碌	yōng yōng lù lù
探赜索隐	tàn zé suǒ yǐn
松柏后凋	sōng bǎi hòu diāo
泥猪疥狗	ní zhū jiè gǒu
浇醇散朴	jiāo chún sàn pǔ
清都绛阙	qīng dōu jiàng què
玩忽职守	wán hū zhí shǒu
张唇植髭	zhāng chún zhí zī
惩羹吹齑	chéng gēng chuī jī
拈断髭须	niān duàn zī xū
披枷戴锁	pī jiā dài suǒ
磨砻砥砺	mó lóng dǐ lì
愁潘病沈	chóu pān bìng shěn
捐躯殉国	juān qù xùn guó
眷红偎翠	juàn hóng wēi cuì
鹦鹉学舌	yīng wǔ xué shé
痛湔宿垢	tòng jiān sù gòu
鳏寡惸独	guān guǎ gū dú
富商蓄贾	fù shāng xù jiǎ
苍松翠柏	cāng sōng cuì bǎi
铮铮铁汉	zhēng zhēng tiě hàn
闲鸥野鹭	xián ōu yě lù
龟鹤遐龄	guī hè xiá líng
月晕础润	yuè yūn chǔ rùn
漏脯充饥	lòu fǔ chōng jī
崎嵚历落	qí qīn lì luò
嵚崎历落	qīn qí lì luò
黄锺瓦缶	huáng zhōng wǎ fǒu
包揽词讼	bāo lǎn cí sòng
揎拳裸臂	xuān quán luǒ bì
兆载永劫	zhào zǎi yǒng jié
钻洞觅缝	zuàn dòng mì féng
殊勋异绩	shū xūn yì jì
鲁莽灭裂	lǔ mǎng miè liè
刨根究底	páo gēn jiū dǐ
骄侈暴佚	jiāo chǐ bào yì
砥廉峻隅	dǐ lián jùn yú
楼阁台榭	lóu gé tái xiè
兄弟怡怡	xiōng dì yí yí
桂殿兰宫	guì diàn lán gōng
抖搂精神	dǒu sǒu jīng shén
老莱娱亲	lǎo lái yú qīn
凤凰在笯	fèng huáng zài nú
唯妙唯肖	wéi miào wéi xiāo
让枣推梨	ràng zǎo tuī lí
推梨让枣	tuī lí ràng zǎo
截趾适屦	jié zhǐ shì jù
汪洋恣肆	wāng yáng zī sì
神谟庙算	shén mó miào suàn
啮檗吞针	niè bò tūn zhēn
扼喉抚背	è hóu fǔ bèi
版筑饭牛	bǎn zhù fàn niú
呱呱堕地	guā guā duò dì
尺籍伍符	chǐ jí wǔ fú
切磋琢磨	qiē cuō zhuó mó
邪魔外祟	xié mó wai suì
鹰撮霆击	yīng cuō tíng jī
鞭驽策蹇	biān nú cè jiǎn
禁中颇牧	jìn zhōng pō mù
挦毛捣鬓	tún máo dǎo bìn
龙荒蛮甸	lóng huāng mán diàn
稳操左券	wén cāo zuǒ quàn
瞋目扼腕	chēn mù è wàn
槌牛酾酒	chuí niú shāi jiǔ
笔耕砚田	bǐ gēng yàn tián
踌躇满志	chóu chú mǎn zhì
收旗卷伞	shōu qí juàn sǎn
连篇絫幅	lián piān lèi fú
开疆拓宇	kāi jiāng tuò yǔ
负隅顽抗	fù yú wán kàng
沅江九肋	yuán jiāng jiǔ lèi
轻徭薄税	qīng yáo báo shuì
割股疗亲	gē gǔ liáo qīn
愚夫蠢妇	yú fū chǔn fù
南舣北驾	nán yǐ běi jià
秉钧持轴	bǐng jūn chí zhóu
齰舌缄唇	zé shé jiān chún
优柔厌饫	yōu róu yàn yù
屎流屁滚	shǐ liú pì gǔn
侏儒观戏	zhū rǔ guān xì
黔突暖席	qián tū nuǎn xí
执鞭随蹬	zhí biān suí dèng
逞凶肆虐	chěng xiōng sì nüè
松萝共倚	sōng luó gòng yǐ
铤鹿走险	dìng lù zǒu xiǎn
鳏寡孤惸	guān guǎ gū dì
峻阪盐车	jùn bǎn yún chē
近亲繁殖	jìn qīn fán zhí
怀铅握椠	huái qiān wò qiàn
昏昏噩噩	hūn hūn è è
桂酒椒浆	guì jiǔ jiāo jiāng
锋铓毕露	fēng máng bì lù
横峰侧岭	héng fēng cè lǐng
白雪皑皑	bái xuě ái ái
递兴递废	dì xīng dì fèi
宁缺勿滥	nìng quē wù làn
煨干避湿	wēi gàn bì shī
谦让未遑	qiān ràng wèi huáng
鞠躬尽瘁	jū gōng jìn cuì
邂逅相遇	xiè hòu xiāng yù
鬼鬼祟祟	guǐ guǐ suì suì
杨朱泣岐	yáng zhū qì qí
焚符破玺	fén fú pò xǐ
油光晶亮	yóu guāng jīng liàng
轰轰烈烈	hōng hōng liè liè
烈烈轰轰	liè liè hōng hōng
画符念咒	huà fú niàn zhòu
栉垢爬痒	zhì gòu pá yǎng
证据确凿	zhèng jù què záo
耕耘树艺	gēng yún shù yì
谑浪笑敖	xuè làng xiào áo
劳师糜饷	láo shī mí xiǎng
满腔热忱	mǎn qiāng rè chén
柳亸莺娇	liǔ duǒ yīng jiāo
松茂竹苞	sōng mào zhú bāo
竹苞松茂	zhú bāo sōng mào
插科使砌	chā kē shǐ qì
蹇蹇匪躬	jiǎn jiǎn fěi gōng
屦贱踊贵	jù jiàn yǒng guì
传圭袭组	chuán guī xí zǔ
策驽砺钝	cè nú lì dùn
形容憔悴	xíng róng qiáo cuì
莺吟燕儛	yīng yín yàn sāi
函盖充周	hán gài chōng zhōu
杜渐防萌	dù jiàn fáng méng
防萌杜渐	fáng méng dù jiàn
恫疑虚喝	dòng yí xū hè
屙金溺银	ē jīn niào yín
狡焉思逞	jiǎo yān sī chěng
潮鸣电挚	cháo míng diàn chè
咄嗟立办	duō jiē lì bàn
连鳌跨鲸	lián áo kuà jīng
戚戚具尔	qī qī jù ěr
期期艾艾	qī qī ài ài
蟾宫折桂	chán gōng zhé guì
撮科打哄	cuō kē dǎ hòng
尸禄素飡	shī lù sù cān
招权纳赇	zhāo quán nà qiú
斫琱为朴	zhuó diāo wéi pǔ
偭规越矩	miǎn guī yuè jǔ
坐冷板凳	zuò lěng bǎn dèng
佐雍得尝	zuǒ yōng dé cháng
偷营劫寨	tōu yíng jié zhài
炫昼缟夜	xuàn zhòu gǎo yè
桃羞杏让	táo xiū xìng ràng
扑杀此獠	pū shā cǐ lǎo
新硎初试	xīn xíng chū shì
擿埴索涂	zhāi zhí suǒ tú
屯蹶否塞	tún juě fǒu sāi
蚁穴坏堤	yǐ xué huài dī
桑弧蓬矢	sāng hú péng shǐ
沤浮泡影	ōu fú pào yǐng
骋耆奔欲	chěng qí bēn yù
骋嗜奔欲	chěng shì bēn yù
拈酸吃醋	niān suān chī cù
钢浇铁铸	gāng jiāo tiě zhù
雕镂藻绘	diāo lòu zǎo huì
三舖八菹	sān ní bā zū
陈师鞠旅	chén shī jǖ lǚ
诡衔窃辔	guǐ xián qiè pèi
绸缪束薪	chóu móu shù xīn
洞中肯綮	dòng zhōng kěn qìng
冷嘲热讽	lěng cháo rè fěng
汪洋闳肆	wāng yáng hóng sì
鲸波鼍浪	jīng bō tuó làng
兰熏桂馥	lán xūn guì fù
拱揖指麾	gǒng yī zhǐ huī
扼亢拊背	è kàng fǔ bèi
扼吭拊背	è gāng fǔ bèi
拊背扼吭	fǔ bèi è kēng
犀燃烛照	xī rán zhú zhào
器宇轩昂	qì yǔ xuān áng
菊老荷枯	jú lǎo hé kū
暗渡陈仓	àn dù chén cāng
附赘悬胾	fù zhuì xuán shé
跖犬吠尧	zhí quán fèi yáo
专横跋扈	zhuān hèng bá hù
祁奚之荐	qí xī zhī jiàn
播糠眯目	bō kāng mǐ mù
捷报频传	jié bào pín chuán
抽抽搭搭	chōu chōu dā dā
昼警暮巡	zhòu jǐng mù xún
嘻皮涎脸	xī pí xián liǎn
以叔援嫂	yǐ shū yuán sǎo
钟灵毓秀	zhōng líng yù xiù
论资排辈	lùn zī pái bèi
刁滑奸诈	diāo huá jiān zhà
拔犀擢象	bá xī zhuó xiàng
添油炽薪	tiān yóu chì xīn
村哥里妇	cūn gē lǐ fù
践规踏矩	jiàn gūi tà jǔ
刳胎杀夭	kū tāi shā yāo
擗踊拊心	pǐ yǒng fǔ xīn
慢条厮礼	màn tiáo sī lǐ
瘦骨梭棱	shòu gǔ léng léng
孝悌忠信	xiào tì zhōng xìn
乘险抵巇	chéng xiǎn dǐ xī
稳扎稳打	wěn zhā wěn dǎ
煮粥焚须	zhǔ zhōu fén xū
撒骚放屁	sā sāo fàng pì
搤臂啮指	è bì niè zhǐ
岌岌可危	jí jí kě wēi
隆刑峻法	lóng xíng jùn fǎ
磨礲砥砺	mó lóng dǐ lì
帷灯匣剑	wéi dēng xiá jiàn
匣剑帷灯	xiá jiàn wéi dēng
祛蠹除奸	qū dù chú jiān
尘垢秕糠	chén gòu bǐ kāng
裸袖揎拳	luǒ xiù xuān quán
鞋弓襪小	xié gōng wà xiǎo
揎拳裸袖	xuān quán luǒ xiù
布帛菽粟	bù bó shū sù
蹠狗吠尧	zhí gǒu fèi yáo
渭川千亩	wèi chuān qiān mǔ
凭轼旁观	píng shì páng guān
鼪鼯之径	wéi wú zhī jìng
付诸洪乔	fù zhū hóng qiáo
波涛汹涌	bō tāo xiōng yǒng
謷牙诘屈	áo yá jié qū
诘屈謷牙	jié qū dà yá
吃哑巴亏	chī yǎ bā kuī
悲愤填膺	bēi fèn tián yīng
沛雨甘霖	pèi yǔ gān lín
吉网罗钳	jí wǎng luó qián
罗钳吉网	luó qián jí wǎng
侔色揣称	móu sè chuǎi chèn
骑驴觅驴	qí lǘ mì lǘ
弸中彪外	péng zhōng biāo wài
櫜弓戢戈	gāo gōng jí gē
贪位慕禄	tān wèi mù lù
仙液琼浆	xiān yè qióng jiāng
逾沙轶漠	yú shā yì mò
甄奇录异	zhēn qí lù yì
怕硬欺软	pà yìng qī ruǎn
欺软怕硬	qī ruǎn pà yìng
欺硬怕软	qī yìng pà ruǎn
覆宗灭祀	fù zōng miè sì
堤溃蚁穴	dī kuì yǐ xué
蚁穴溃堤	yǐ xué kuì dī
残渣余孽	cán zhā yú niè
灯烛辉煌	dēng zhú huī huáng
扒高踩低	bā gāo cǎi dī
激昂慷慨	jī áng kāng kǎi
慷慨激昂	kāng kǎi jī áng
支支梧梧	zhī zhī wú wú
狂朋恠友	kuáng péng guài yǒu
刿鉥肝肾	guì xù gān shèn
鉥肝刿肾	diāo gān guì shèn
悠哉游哉	yōu zāi yóu zāi
偏乡僻壤	piān xiāng pì rǎng
铄懿渊积	shuò yì yuān jī
气吞虹蝩	qì tūn hóng yī
月里嫦娥	yuè lǐ cháng é
燔书坑儒	fán shū kēng rú
酌盈剂虚	zhuó yíng jì xū
八府巡按	bā fǔ xún àn
怀铅提椠	huái qiān tí qiàn
四方辐辏	sì fāng fú còu
鹰觑鹘望	yīng qù hú wàng
凝脂点漆	níng zhī diǎn qī
昂霄耸壑	áng xiāo sǒng hè
耸壑昂霄	sǒng hè áng xiāo
离蔬释躥	lí shū shì zhe
离蔬释屩	lí shū shì zhe
剜肉医疮	wān ròu yī chuāng
诛故贳误	zhū gù shì wù
逞娇呈美	chěng jiāo chéng měi
戛釜撞瓮	jiá fǔ zhuàng wèng
运筹帷帐	yùn chóu wéi zhàng
酸甜苦辣	suān tián kǔ là
甜酸苦辣	tián suān kǔ là
戒骄戒躁	jiè jiāo jiè zào
渔阳鞞鼓	yǔ yáng pí gǔ
渔阳鼙鼓	yǔ yáng pí gǔ
酩酊大醉	mǐng dǐng dà zuì
恭敬桑梓	gōng jìng sāng zǐ
敬恭桑梓	jìng gōng sāng zǐ
冗词赘句	rǒng cí zhuì jù
煎胶续弦	jiān jiāo xù xián
龟冷搘床	guī lěng zhī chuáng
逆坂走丸	nì bǎn zǒu wán
螳臂挡车	táng bì dǎng chē
魂慴色沮	hún shè sè jǔ
炊鲜漉清	chuī xiān lù qīng
插科打诨	chā kē dǎ hùn
打诨插科	dǎ hùn chā kē
掎裳连袂	jǐ cháng lián mèi
吐哺辍洗	tǔ bǔ chuò xǐ
騣童钝夫	ái tóng dùn fū
攘攘熙熙	rǎng rǎng xī xī
熙熙攘攘	xī xī rǎng rǎng
砸锅卖铁	zá guō mài tiě
犀照牛渚	xī zhào niú zhǔ
热熬翻饼	rě áo fān bǐng
崇论豠议	chóng lùn hóng yì
崇论吰议	chóng lùn hóng yì
陆詟水栗	lù zhé shuǐ lì
富埒王侯	fù liè wáng hóu
田父献曝	tián fǔ xiàn pù
脱颖囊锥	tuō yǐng náng zhuī
创巨痛仍	chuàng jù tòng réng
轹釜待炊	lì fǔ dài chuī
子丑寅卯	zǐ chǒu yín mǎo
包办代替	bāo bàn dài tì
恢诡谲怪	huī guǐ jué guài
闳宇崇楼	hóng yǔ chóng lóu
珠箔银屏	zhū bó yín píng
犀颅玉颊	xī lú yù jiá
握铅抱椠	wò qiān bào qiàn
骄泰淫泆	jiāo tai yín zhuàng
饿殍枕藉	è piǎo zhěn jí
鳌掷鲸吞	áo zhì jīng tūn
芒鞋竹笠	máng xié zhú lì
鼋鸣鳖应	yuán míng biē yìng
僻字涩句	pì zì sè jù
帮闲钻懒	bāng xián zuān lǎn
钻懒帮闲	zuān lǎn bāng xián
狐裘蒙茸	hú qiú méng róng
蜚英腾茂	fēi yīng téng mào
瘦骨嶙嶙	shòu gǔ lín lín
忙忙碌碌	máng máng lù lù
嵬眼澒耳	wéi yǎn xiāng ěr
同浴讥裸	tóng yù jī luǒ
另起炉灶	lìng qǐ lú zào
覆鹿寻蕉	fù lù xún jiāo
淫朋狎友	yín péng xiá yǒu
克嗣良裘	kè sì liáng qiú
加油添酱	jiā yóu tiān jiàng
采及葑菲	cǎi jí fēng fēi
刚毅木讷	gāng yì mù nè
丹铅甲乙	dān qiān jiǎ yǐ
嗫嚅小儿	niè rú xiǎo ér
欣欣向荣	xīn xīn xiàng róng
汗洽股栗	hàn qià gǔ lì
浑沦吞枣	hún lún tūn zǎo
筚门圭窬	bì mén guī yú
鸳俦凤侣	yuān chóu fèng lǚ
刮垢磨痕	guā gòu mó hén
凭几据杖	píng jī jù zhàng
蕤宾铁响	ruí bīn tiě xiǎng
戒奢宁俭	jiè shē nìng jiān
酸咸苦辣	suān xián kǔ là
冬扇夏炉	dōng shàn xià lú
夏炉冬扇	xià lú dōng shàn
削趾适屦	xuē zhǐ shì jù
瑶台银阙	yáo tái yín què
博弈犹贤	bō yì yóu xián
逾次超秩	yú cì chāo zhì
自诒伊戚	zì yí yī qī
熙熙壤壤	xī xī rǎng rǎng
询谋谘度	xún móu zī dù
清莹秀澈	qing yin xou che
尿流屁滚	niào liú pì gǔn
屁滚尿流	pì gǔn niào liú
率尔操觚	shuài ér cāo gū
捱风缉缝	āi fēng qī fèng
撑岸就船	chēng àn jiù chuán
斩将刈旗	zhǎn jiàng yì qí
酣痛淋漓	hān tòng lín lí
獐麇马鹿	zhāng jūn mǎ lù
方枘圜凿	fāng ruì huán záo
金碧荧煌	jīn bì yíng huáng
掷果潘郎	zhì guǒ pān láng
匪夷匪惠	fěi jí fěi huì
名韟利鞚	míng jī lì zhōu
钩元摘秘	gōu yuán zhāi mì
刳胎焚夭	kū tāi fén yāo
群雌粥粥	qún cí yù yù
凭轼结辙	píng shì jié zhé
象简乌纱	xiàng jiǎn wū shā
拊背扼喉	fǔ bèi è hóu
桀骜难驯	jié ào nán xùn
劈荆斩棘	pī jīng zhǎn jí
橙黄橘绿	chéng huáng jú lǜ
击搏挽裂	jī bó wǎn liè
擿埴索途	zhāi zhí suǒ tú
邀功希宠	yāo gōng xī chǒng
连畴接陇	lián chóu jiē lǒng
离离矗矗	lí lí chù chù
鹅王择乳	é wáng zé rǔ
斗筲穿窬	dòu shāo chuān yú
刳脂剔膏	kū zhī tī gāo
冬裘夏葛	dōng qiú xià gě
北宫婴儿	běi gōng yīng ér
碎首縻躯	suì shǒu mí qū
沉烽静柝	chén fēng jìng tuò
斑驳陆离	bān bó lù lí
陆离斑驳	lù lí bān bó
楚腰蛴领	chǔ yāo qí lǐng
挨冻受饿	ái dòng shòu è
抉瑕摘衅	jué xiá zhāi xìn
扭亏增盈	niǔ kuī zēng yíng
撧耳揉腮	yōng ěr róu sāi
挂印悬牌	guà yìn xuán pái
韩潮苏海	hán cháo sū hǎi
韩海苏潮	hán hǎi sū cháo
拔丁抽楔	bá dīng chōu xiē
面缚舆榇	miàn fù yú chèn
淡汝浓抹	dàn zhuāng nóng mǒ
乖僻邪谬	guāi pì xié miù
呵佛骂祖	hē fó mà zǔ
浃髓沦肤	jiā suǐ lún fū
婆娑起舞	pó suō qǐ wǔ
杅穿皮蠹	yú chuān shuǐ dù
邈处歬视	miǎo chǔ jī shì
蓼虫忘辛	liǎo chóng wàng xīn
崟崎历落	yín qí lì luò
雪碗冰瓯	xuě wǎn bīng ōu
讲信修睦	jiǎng xìn xiū mù
聱牙佶屈	áo yá jí qū
佶屈聱牙	jí qū áo yá
筚路蓝缕	bì lù lán lǚ
濯足濯缨	zhuó zú zhuó yīng
抱瓮灌园	bào wèng guàn yuán
增砖添瓦	zēng zhuān tiān wǎ
故宫禾黍	gù gōng hé shǔ
禾黍故宫	hé shǔ gù gōng
珊珊来迟	shān shān lái chí
执鞭坠镫	zhí biān zhuì dèng
夙夜匪懈	sù yè fěi xiè
拱挹指麾	gǒng yì zhǐ huī
记忆犹新	jì yì yóu xīn
各式各样	gè shì gè yàng
青裙缟袂	qīng qún gǎo mèi
余烬复燃	yú jìn fù rán
揭箧探囊	jiē qiè tàn náng
桑枢瓮牖	sāng shū wěng yǒu
瓮牖桑枢	wèng yǒu sāng shū
沿门讬钵	yán mén tuō bō
唯唯诺诺	wěi wěi nuò nuò
伶俐乖巧	líng lì guāi qiǎo
峻宇彫墙	jùn yǔ diāo qiáng
鲜蹦活跳	xiān bèng huó tiào
林籁泉韵	lín lài quán yùn
画荻丸熊	huà dí wán xióng
截辕杜辔	jié yuán dù pèi
揠苗助长	yà miáo zhù zhǎng
街巷阡陌	jiē xiàng qiān mò
鸱鸦嗜鼠	chī yā shì shǔ
赦过宥罪	shè guò yòu zuì
溯端竟委	sù duān jìng wěi
墓木拱矣	mù mù gǒng yǐ
狐埋狐搰	hú mái hú hú
延颈企踵	yán jǐng qǐ zhǒng
纲提领挈	gāng tí lǐng qiè
挈领提纲	qiè lǐng tí gāng
提纲挈领	tí gāng qiè lǐng
挑么挑六	tiāo yāo tiāo liù
简约详核	jiǎn yuē xiáng hé
垂死挣扎	chuí sǐ zhēng zhá
误付洪乔	wù fù hóng qiáo
急脉缓灸	jí mài huǎn jiù
茅茨土阶	máo cì tǔ jiē
铜驼草莽	tóng tuó cǎo mǎng
土阶茅茨	tǔ jiē máo cí
析珪胙土	xī guī zuò tǔ
衙官屈宋	yá guān qū sòng
鬻驽窃价	yù nǔ qiè jià
狡焉思启	jiǎo yān sī qǐ
草满囹圄	cǎo mǎn líng yǔ
扣盘扪钥	kòu pán mén yào
惭凫企鹤	cán fú qǐ hè
撇呆打堕	piě dāi dǎ duò
磨砻镌切	mó lóng juān qiē
刖趾适履	yuè zhǐ shì lǚ
抵瑕陷厄	dǐ xiá xiàn è
巫山洛浦	wū shān luò pǔ
鼷腹鹪枝	xī fù jiāo zhī
露钞雪纂	lù chāo xuě zuǎn
露纂雪钞	lù zuǎn xuě chāo
鼻垩挥斤	bí è huī jīn
笼鸟槛猿	lóng niǎo jiàn yuán
撩蜂吃螫	liáo fēng chī shì
心潮澎湃	xīn cháo péng pài
桃弧棘矢	táo hú jí shǐ
铩羽涸鳞	shā yǔ hé lín
广夏细旃	guǎng xià xì zhān
巍巍荡荡	wēi wēi dàng dàng
硕果仅存	shuò guǒ jǐn cún
堤溃蚁孔	dī kuì yǐ kǒng
织当访婢	zhī dāng fǎng bì
陶熔鼓铸	táo róng gǔ zhù
赫赫炎炎	hè hè yán yán
截镫留鞭	jié dèng liú biān
蠡酌管窥	lǐ zhuó guǎn kuī
磨棱刓角	mó léng liǎng jiǎo
箪瓢屡空	dān piáo lǚ kōng
纷纷扰扰	fēn fēn rǎo rǎo
持衡拥璇	chí héng yōng xuán
温凊定省	wēn qǐng dìng shěng
南橘北枳	nán jú běi zhǐ
顶礼膜拜	dǐng lǐ mó bài
过桥拆桥	guò qiáo chāi qiáo
栗栗危惧	lì lì wēi jù
婢膝奴颜	bì xī nú yán
奴颜婢膝	nú yán bì xī
掀拳裸袖	xiān quán luǒ xiù
郢匠挥斤	yǐng jiàng huī jīn
扫穴擒渠	sǎo xué qín qú
自我牺牲	zì wǒ xī shēng
停妻再娶	tíng qī zài qǔ
姚黄魏品	yáo huáng wèi pǐn
龈龈计较	yín yín jì jiào
直抒胸臆	zhí shū xiōng yì
涕泗流涟	tì sì liú lián
搦朽磨钝	nuò xiǔ mó dùn
潜窃阳剽	qián qiè yáng piāo
敷衍塞责	fū yǎn sè zé
望帝啼鹃	wàng dì tí juān
纲纪废弛	gāng jì fèi chí
服服贴贴	fú fú tiē tiē
夹枪带棒	jiā qiāng dài bàng
装疯作傻	zhuāng fēng zuò shǎ
扼腕抵掌	è wàn dǐ zhǎng
乱点鸳鸯	luàn diǎn yuān yāng
彫肝琢肾	diāo gān zhuó shèn
浓妆艳裹	nóng zhuāng yàn guǒ
幺么小丑	yāo mó xiǎo chǒu
剑戟森森	jiàn jǐ sēn sēn
桑户桊枢	sāng hù juàn shū
桑户棬枢	sāng hù juàn shū
耸壑凌霄	sǒng hè líng xiāo
停辛贮苦	tíng xīn zhù kǔ
季友伯兄	jì yǒu bó xiōng
揎腕攘臂	xuān wàn rǎng bì
绞尽脑汁	jiǎo jìn nǎo zhī
泥猪癞狗	ní zhū lài gǒu
夤缘攀附	yín yuán pān fǔ
阿谀谄媚	ē yú chǎn mèi
攒锋聚镝	cuán fēng jù dí
咂嘴舔唇	zā zuǐ tiǎn chún
巾帼丈夫	jīn guó zhàng fū
馋涎欲滴	chán xián yù dī
自掘坟墓	zì jué fén mù
怀觚握椠	huái gū wò qiàn
怀瑾握瑜	huái jǐn wò yú
握瑜怀瑾	wò yú huái jǐn
宋斤鲁削	sòng jīn lǔ xuē
施绯拖绿	shī fēi tuō lǜ
林寒涧肃	lín hán jiàn sù
榷酒征茶	què jiǔ zhēng chá
飒爽英姿	sà shuǎng yīng zī
英姿飒爽	yīng zī sà shuǎng
骄奢淫佚	jiāo shē yín yì
骄佚奢淫	jiāo yì shē yín
较德焯勤	jiào dé zhuō qín
狼艰狈蹶	láng jiān bèi juě
饭粝茹蔬	fàn lì rú shū
婀娜多姿	ē nuó duō zī
坠溷飘茵	zhuì hùn piāo yīn
邦国殄瘁	bāng guó tiǎn cuì
刀锯斧钺	dāo jù fǔ yuè
绳枢瓮牖	shéng shū wèng yǒu
瓮牖绳枢	wèng yǒu shéng shū
巾帼英雄	jīn guó yīng xióng
泣血稽颡	qì xuè jī sǎng
纨绔子弟	wán kù zǐ dì
朗朗乾坤	lǎng lǎng qián kūn
参伍错综	cēn wǔ cuò zōng
切瑳琢磨	qiē cùn zhuó mó
蠢蠢欲动	chǔn chǔn yù dòng
乃我困汝	nai wo kun nu
蛙鸣蝉噪	wā míng chán zào
餐松啖柏	cān sōng dàn biǎ
山殽野湋	shān yāo yě fù
采葑采菲	cǎi fēng cǎi fēi
搭搭撒撒	dā dā sā sā
迷离徜仿	mí lí cháng fǎng
兰薰桂馥	lán xūn guì fù
荆棘铜驼	jīng jí tóng tuó
铜驼荆棘	tóng tuó jīng jí
梳妆打扮	shū zhuāng dǎ bàn
呜呼哀哉	wū hū āi zāi
罗织构陷	luò zhī gòu xiàn
拈酸泼醋	niān suān pō cù
拽象拖犀	zhuài xiàng tuō xī
屎滚尿流	shǐ gǔn niào liú
怙恩恃宠	hù ēn shì chǒng
谆谆告戒	zhūn zhūn gào jiè
吞符翕景	tūn fú xī jǐng
盐梅舟楫	yán méi zhōu jí
你追我赶	nǐ zhuī wǒ gǎn
又红又专	yòu hóng yòu zhuān
良莠淆杂	liáng yǒu xiáo zá
避面尹邢	bì miàn yǐn xíng
宋画吴冶	sòng huà wú yě
跖犬噬尧	zhí quǎn shì yáo
黄绢幼妇	huáng juàn yòu fù
擢筋剥肤	zhuó jīn bō fū
伺瑕抵蠙	sì xiá dǐ pín
洪乔捎书	hóng qiáo shāo shū
熙熙融融	xī xī róng róng
岳岳磊磊	yuè yuè lěi lěi
侍执巾节	shì zhí jīn jié
缛礼烦仪	rù lǐ fán yí
筑坛拜将	zhù tán bài jiàng
咆哮如雷	páo xiāo rú léi
章甫荐履	zhān fǔ jiàn lǚ
犁庭扫闾	lí tíng sǎo lǚ
兢兢乾乾	jīng jīng qián qián
堕溷飘茵	duò hùn piāo yīn
飘茵堕溷	piāo yīn duò hùn
纶巾羽扇	guān jīn yǔ shàn
羽扇纶巾	yǔ shàn guān jīn
南棹北辕	nán zhào běi yuán
陡壁悬崖	dǒu bì xuán yá
枯枿朽株	kū niǎo xiǔ zhū
桀贪骜诈	jié tān ào zhà
抽抽噎噎	chōu chōu yē yē
横征苛役	hèng zhēng kē yì
串亲访友	chuàn qīn fǎng yǒu
抚今悼昔	fǔ jīn dào xī
佐饔得尝	zuǒ yōng dé cháng
鼻塌脣青	bí tǎ chún qīng
吕武操莽	lǚ wǔ cāo mǎng
鬻宠擅权	yù chǒng shàn quán
膏梁纨裦	gāo liáng wán kù
谆谆教导	zhūn zhūn jiào dǎo
解铃系铃	jiě líng jì líng
韶颜稚齿	sháo yán zhì chǐ
破罐破摔	pò guàn pò shuāi
贡禹弹冠	gòng yǔ tán guān
嵚崎磊落	qīn qí lěi luò
寒耕暑耘	hán gēng shǔ yùn
遗芬剩馥	yí fēn shèng fù
左铅右椠	zuǒ qiān yòu qiàn
搜索肾胃	sōu suǒ shèn wèi
代越庖俎	dài yuè páo zǔ
越俎代庖	yuè zǔ dài páo
枉矢哨壶	wǎng shǐ qiào hú
荜门圭窦	bì mén guī dòu
克绍箕裘	kè shào jī qiú
朴讷诚笃	pǔ nè chéng dǔ
蹈矩循彟	dǎo jǔ xún yuē
收残缀轶	shōu cán zhuì yì
乾端坤倪	qián duān kūn ní
瓜瓞绵绵	guā dié mián mián
绵绵瓜瓞	mián mián guā dié
认奴作鄌	rèn nú zuò láng
瞰瑕伺隙	kàn xiá sì xì
早朝晏罢	zǎo cháo yàn bà
璀璨夺目	cuǐ càn duó mù
扣槃扪烛	kòu pán mén zhú
洗濯磨淬	xǐ zhuó mó cuì
落汤螃蟹	luò tāng páng xiè
兄弟阋墙	xiōng dì xì qiáng
柙虎樊熊	xiá hǔ fán xióng
睚眦必报	yá zì bì bào
栩栩欲活	xǔ xǔ yù huó
芝焚蕙叹	zhī fén huì tàn
银钩虿尾	yín gōu chài wěi
函盖乾坤	hán gài qián kūn
罕譬而喻	hǎn pì ér yù
拽巷攞街	zhuài xiàng luǒ jiē
汲汲忙忙	ji ji mang mang
孜孜汲汲	zī zī jí jí
孤苦仃俜	gū kǔ dīng pīng
悬崕峭壁	xuán yá qiào bì
鼠啮蠹蚀	shǔ niè dù shí
尘垢粃糠	chén gòu bǐ kāng
卷帙浩繁	juàn zhì hào fán
撑肠拄肚	chēng cháng zhǔ dù
男婚女聘	nán hūn nǚ pìn
捭阖纵横	bǎi hé zòng héng
纵横捭阖	zòng héng bǎi hé
寻瘢索绽	xún bān suǒ zhàn
辍毫栖牍	chuò háo qī dú
爬罗剔抉	pá luó tī jué
叩石垦壤	kòu shí kěn rǎng
笔削褒贬	bǐ xuē bāo biǎn
牙签犀轴	yá qiān xī zhóu
获陇望蜀	huò lǒng wāng shǔ
铭诸肺腑	míng zhū fèi fǔ
蒲鞭示辱	pú biān shì rǔ
璇霄丹台	xuán xiāo dān tái
呢喃细语	ní nán xì yǔ
旁求俊彦	páng qiú jùn yàn
陨雹飞霜	yǔn báo fēi shuāng
截趾適履	jié zhǐ shì lǚ
延颈跂踵	yán jǐng qǐ zhǒng
宁缺毋滥	nìng quē wù làn
谢馆秦楼	xiè guǎn qín lóu
讪牙闲嗑	shàn yá xián kē
局骗拐带	jú piàn guǎi dài
齐纨鲁缟	qí wán lǔ gǎo
析圭儋爵	xī guī dān jué
鹰瞵鹗视	yīng lín è shì
澡垢索疵	zǎo gòu suǒ cī
补阙灯檠	bǔ quē dēng qíng
撩蜂剔蝎	liáo fēng tì xiē
剔蝎撩蜂	tī xiē liáo fēng
揭箧担囊	jiē qiè dān náng
讪皮讪脸	shàn pí shàn liǎn
黜奢崇俭	chù shē chóng jiǎn
佩韦佩弦	pèi wéi pèi xián
翻箱倒柜	fān xiāng dǎo guì
右翦左屠	yòu jiǎn zuǒ tú
俠多俠少	jǐn duō jǐn shǎo
七窍玲珑	qī qiào líng lóng
筚门闺窦	bì mén guī dòu
逶迤退食	wēi yí tuì shí
邹缨齐紫	zōu yīng qí zǐ
怒猊渴骥	nù ní kě jì
跻峰造极	jī fēng zào jí
旱魃为虐	hàn bá wèi nüè
奸淫掳掠	jiān yín lǔ lüè
浅尝辄止	qiǎn cháng zhé zhǐ
南阮北阮	nán ruǎn běi ruǎn
井底虾蟆	jǐng dǐ xiā má
饫甘餍肥	yù gān yàn féi
蹙蹙靡骋	cù cù mǐ chěng
仍陋袭简	réng lòu xí jiǎn
蚁萃螽集	yǐ cuì zhōng jí
倾筐倒庋	qīng kuāng dào guǐ
葵藿倾阳	kuí huò qīng yáng
膺箓受图	yīng lù shòu tú
膺图受箓	yīng tú shòu lù
钉头磷磷	ding tou lin lin
示贬于褒	shì biǎn yú bāo
煮豆燃箕	zhǔ dòu rán qí
释缚焚榇	shì fù fén chèn
崇墉百雉	chóng yōng bǎi zhì
鸠工庀材	jiū gōng pǐ cái
鹭序鹓行	lù xù yuān xíng
广譬曲谕	guǎng pì qǔ yù
枭俊禽敌	xiāo jùn qín dí
飞觥献斝	fēi gōng xiàn jiǎ
东曦既驾	dōng xī jì jià
璇霄丹阙	xuán xiāo dān què
夹枪带棍	jiā qiāng dài gùn
北辕适粤	běi yuán shì yuè
选妓征歌	xuǎn jì zhēng gē
丰墙峭址	fēng qiáng qiào zhǐ
幺麽小丑	yāo mǒ xiǎo chǒu
混混噩噩	hún hún è è
抟沙嚼蜡	tuán shā jiáo là
庸中皦皦	yōng zhōng bì tóng
瑶草琪葩	yáo cǎo qí pā
就棍打腿	jiù gùn dǎ tuǐ
浃沦肌髓	jiā lún jī suǐ
浃髓沦肌	jiā suǐ lún jī
沦肌浃髓	lún jī jiā suǐ
沦浃肌髓	lún jiā jī suǐ
蜻蜓点水	qīng tíng diǎn shuǐ
饿殍遍野	è piǎo biàn yě
文质斌斌	wén zhì bīn bīn
峨峨汤汤	é é shāng shāng
看杀卫玠	kàn shā wèi jiè
欹嵚历落	qī qīn lì luò
咫角骖驹	zhǐ jiǎo cān jū
聚讼纷纭	jù sòng fēn yún
波光粼粼	bō guāng lín lín
楛耘伤岁	kǔ yún shāng suì
樵苏失爨	qiáo sū shī cuàn
操觚染翰	cāo gū rǎn hàn
嬴奸买俏	yíng jiān mǎi qiào
久怀慕蔺	jiǔ huái mù lìn
呼庚呼癸	hū gēng hū guǐ
櫜弓戢矢	gāo gōng jí shǐ
围魏救赵	wéi wèi jiù zhào
土豪劣绅	tǔ háo liè shēn
跌宕昭彰	dié dàng zhāo zhāng
攞袖揎拳	luǒ xiù xuān quán
揎拳掳袖	xuān quán lǔ xiù
揎拳攞袖	xuān quán luó xiù
袅袅亭亭	niǎo niǎo tíng tíng
川壅必溃	chuān yōng bì kuì
蔑伦悖理	miè lún bèi lǐ
忧谗畏讥	yōu chán wèi jī
圭璋特达	guī zhāng tè dá
疗疮剜肉	liáo chuāng wān ròu
悬猙素飡	xuán huán sù kòu
二缶锺惑	èr fǒu zhōng huò
珊瑚在网	shān hú zài wǎng
匹夫沟渎	pǐ fū gōu dú
庄舄越吟	zhuāng xì yuè yín
槁项黄馘	gǎo xiàng huáng xù
挦章撦句	lóng zhāng zōng jù
创钜痛仍	chuàng jù tòng réng
檀郎谢女	tán láng xiè nǚ
麇骇雉伏	jūn hài zhì fú
运筹帏幄	yùn chóu wéi wò
鸠僭鹊巢	jiū jiàn què cháo
峨峨洋洋	é é yáng yáng
栖栖遑遑	qī qī huáng huáng
博硕肥腯	bó shuò féi tú
龇牙咧嘴	zī yá liě zuǐ
唐哉皇哉	táng zāi huáng zāi
僭赏滥刑	jiàn shǎng làn xíng
遏渐防萌	è jiàn fáng méng
闾阎安堵	lǔ yán ān dǔ
攀藤附葛	pān téng fù gě
燕颔虬须	yàn hàn qiú xū
鄙吝复萌	bǐ lìn fù méng
耻与哙伍	chǐ yú kuài wǔ
汰劣留良	tài liè liú liáng
稼穑艰难	jià sè jiān nán
雏鹰展翅	chú yīng zhǎn chì
躬擐甲胄	gōng huàn jiǎ zhòu
豆萁燃豆	dòu qí rán dòu
倔强倨傲	jué jiàng jù ào
稍纵即逝	shāo zòng jí shì
井底蛤蟆	jǐng dǐ há má
痛诬丑诋	tòng wū chǒu dǐ
匀脂抹粉	yún zhī mǒ fěn
仿徨失措	báng huáng shī cuò
隔屋撺椽	gé wū cuān chuán
朱辬皂盖	zhū fān zào gài
倒绷孩儿	dào bēng hái ér
诈痴佯呆	zhà chī yáng dāi
含宫咀徵	hán gōng jǔ zhēng
收刀检卦	shōu dāo jiǎn guà
击鞭锤镫	jī biān chuí dèng
梦撒寮丁	mèng sā liáo dīng
舳舻相继	zhú lú xiāng jì
谠论侃侃	dǎng lùn kǎn kǎn
揣奸把猾	chuāi jiān bǎ huá
慷慨淋漓	kāng kǎi lín lí
铁网珊瑚	tiě wǎng shān hú
胡搅蛮缠	hú jiǎo mán chán
层峦迭嶂	céng luán dié zhàng
迭嶂层峦	dié zhàng céng luán
拉帮结派	lā bāng jié pài
瞻望咨嗟	zhān wàng zī jiē
诘诎聱牙	jié qū áo yá
忸怩作态	niǔ ní zuò tài
纷纭杂沓	fēn yún zá tà
韩卢逐块	hán lú zhú kuài
饿莩遍野	è piǎo biàn yě
抽秘骋妍	chōu mì chěng yán
鞋弓袜浅	xié gōng wà qiǎn
淮橘为枳	huái jú wéi zhǐ
旌旗卷舒	jīng qí juǎn shū
渊渟岳峙	yuān tíng yuè zhì
岳峙渊渟	yuè zhì yuān tíng
掂斤估两	diān jīn gū liǎng
梗泛萍漂	gěng fàn píng piāo
夭桃秾李	yāo táo nóng lǐ
夭桃穠李	yāo táo nóng lǐ
念兹在兹	niàn zī zài zī
彫虫篆刻	diāo chóng zhuàn kè
膏场绣浍	gāo cháng xiù kuài
苌弘碧血	cháng hóng bì xuě
桂林杏苑	guì lín xìng yuàn
嗜痂之癖	shì jiā zhī pǐ
陋巷箪瓢	lòu xiàng dān piáo
诃佛骂祖	hē fó mà zǔ
崟崎磊落	yín qí lěi luò
将虾钓鳖	jiāng xiā diào biē
弘毅宽厚	hóng yì kuān hòu
停辛伫苦	tíng xīn zhù kǔ
层峦叠嶂	céng luán dié zhàng
叠嶂层峦	dié zhàng céng luán
侈丽闳衍	chǐ lì hóng yǎn
九垓八埏	jiǔ gāi bā yán
渺渺茫茫	miǎo miǎo máng máng
醒聩震聋	xǐng kuì zhèn lóng
彗汜画涂	huì sì huà tú
枇杷门巷	pí pá mén xiàng
谏尸谤屠	jiàn shī bàng tú
赳赳武夫	jiū jiū wǔ fū
姹紫嫣红	chà zǐ yān hóng
嫣红姹紫	yān hóng chà zǐ
维妙维肖	wéi miào wéi xiào
匹妇沟渠	pǐ fù gōu qú
含商咀徵	hán shāng jǔ zhēng
冬温夏凊	dōng wēn xià qìng
捋袖揎拳	luō xiù xuān quán
捰袖揎拳	luò xiù xuān quán
揎拳拢袖	xuān quán lǒng xiù
揎拳捋袖	xuān quán luō xiù
揎拳捰袖	xuān quán lǒng xiù
鬼蜮技俩	guǐ yù jì liǎng
伺瑕导蠙	sì xiá dǎo pín
鲂鱼趙尾	fáng yú chēng wěi
番窠倒臼	fān kē dǎo jiù
击钵催诗	jī bō cuī shī
截发剉穢	jié fā cuò gǎo
连州跨郡	lián zhōu kuà jùn
隔壁撺椽	gé bì cuān chuán
唐临晋帖	táng lín jìn tiē
彝鼎圭璋	yí dǐng guī zhāng
枕黮藉糟	zhěn qū jiè zāo
贩夫皂隶	fàn fū zào lì
孚尹旁达	fú yǐn páng dá
瘦骨嶙峋	shòu gǔ lí xún
爬梳洗剔	pá shū xǐ tī
油盐酱醋	yóu yán jiàng cù
并蒂芙蓉	bìng dì fú róng
芙蓉并蒂	fú róng bìng dì
蹠犬噬尧	zhí quǎn shì yáo
丰墙峭阯	fēng qiáng qiào zhǐ
敬姜犹绩	jìng jiāng yóu jì
囫囵半片	hú lún bàn piàn
启宠纳侮	qǐ chǒng nà wǔ
谋谟帷幄	móu mó wéi wò
鄐诜高第	xì shēn gāo dì
鸢肩羔膝	yuān jiān gāo xī
霸王别姬	bà wáng bié jī
像模像样	xiàng mó xiàng yàng
旁蒷远绍	páng sōu yuǎn shào
郑昭宋聋	zhèng zhāo sòng lóng
扫锅刮灶	sǎo guō guā zào
撮科打閧	cuō kē dǎ hòng
鸿函钜椟	hóng hán jù dú
麦穗两歧	mài suì liǎng qí
遐州僻壤	xiá zhōu pì rǎng
鲽离鹣背	dié lí jiān bèi
羊触藩篱	yáng chù fān lí
诱秦诓楚	yòu qín kuāng chǔ
询于刍荛	xún yú chú ráo
毂交蹄劘	gǔ jiāo tí mó
羞与哙伍	xiū yǔ kuài wǔ
攫戾执猛	jué lì zhí měng
进退迍邅	jìn tuì chù zǔ
骄奢淫泆	jiāo shē yín yí
橙黄桔绿	chéng huáng jú lǜ
玄酒瓠脯	xuán jiǔ hù fǔ
横拦竖挡	héng lán shù dǎng
丢盔抛甲	diu kuī pāo jiǎ
遵厌兆祥	zūn yàn zhào xiáng
缠绵蕴藉	chán mián yùn jiè
挑茶斡刺	tiāo chá wò cì
冬箑夏裘	dōng zhá xià qiú
诈哑佯聋	zhà yǎ yáng lóng
西赆南琛	xī jìn nán chēn
噩噩浑浑	è è hún hún
浑浑噩噩	hún hún è è
滔滔滚滚	tāo tāo gǔn gǔn
袍笏登场	páo hù dēng chǎng
鹊巢鸠佔	què cháo jiū zhàn
鹭约鸥盟	lù yuē ōu méng
拽巷啰街	zhuài xiàng luó jiē
拽巷逻街	zhuài xiàng luó jiē
光阴荏苒	guāng yīn rěn rǎn
激忿填膺	jī fèn tián yīng
敕始毖终	chì shǐ bì zhōng
苌弘化碧	cháng hóng huà bì
寝关曝纩	qǐn guān pù kuàng
楚楚谡谡	chǔ chǔ sù sù
蜗舍荆扉	wo she jing fei
掐尖落钞	qiā jiān luò chāo
陟岵瞻望	zhì hù zhān wàng
沤珠槿艳	ōu zhū jǐn yàn
呼卢喝雉	hū lú hè zhì
敲榨勒索	qiāo zhà lè suǒ
牧猪奴戏	mù zhòu nú xì
白袷蓝衫	bái jiá lán shān
亟疾苛察	jí jí kē chá
痌瘝在抱	tōng guān zào bào
麦穗两岐	mài suì liǎng qí
搽脂抹粉	chá zhī mǒ fěn
徬徨失措	páng huáng shī cuò
朱辬皁盖	zhū fān hǎi gài
沈腰潘鬓	shěn yāo pān bìn
颓垣废址	tuí yuán fèi zhǐ
陷身囹圄	xiàn shēn líng yǔ
装疯卖傻	zhuāng fēng mài shǎ
岛瘦郊寒	dǎo shòu jiāo hán
郊寒岛瘦	jiāo hán dǎo shòu
隔靴搔痒	gé xuē sāo yǎng
划粥割齑	huà zhōu gē jīu
憨状可掬	hān zhuàng kě jū
玲珑透漏	líng lóng tòu lòu
瘠牛羸豚	jí niú léi tún
臧穣亡羊	zāng gǔ wáng yáng
滥竽充数	làn yú chōng shù
肯构肯堂	kěn gòu kěn táng
肯堂肯构	kěn táng kěn gòu
渊蜎蠖伏	yuān juān huò fú
蹇谔匪躬	jiǎn è fěi gōng
川渟岳峙	chuān tīng yuè zhì
挦绵扯絮	chán mián chě xù
猪突豨勇	zhū tū xī yǒng
播穅眯目	bō kāng mǐ mù
倒廪倾囷	dǎo lǐn qīng qūn
炊粱跨卫	chuī liáng kuà wèi
砥锋挺锷	dǐ fēng tǐng è
螳螂奋臂	táng láng fèn bì
贩夫驺卒	fàn fū zōu zú
捣虚撇抗	dǎo xū piē kàng
衮衮诸公	gǔn gǔn zhū gōng
妇姑勃豨	fù gū bó xī
矜纠收缭	jīn jiū shōu liáo
绷巴吊拷	bēng bā diào kǎo
批隙导竨	pī xì dǎo yín
阿弥陀佛	ē mí tuó fó
渊渟泽汇	yuān tíng zé huì
拊背搤吭	fǔ bèi hè kēng
施衿结褵	shī jīn jié lí
左辅右弼	zuǒ fǔ yòu bì
擅壑专丘	shàn hè zhuān qiū
举要删芜	jǔ yào shān wú
禅絮沾泥	chán xū zhān ní
什围伍攻	shí wéi wǔ gōng
砌词捏控	qì cí niē kòng
研京练都	yán jīng liàn dōu
缠绵床褥	chán mián chuáng rù
饥肠辘辘	jī cháng lù lù
擂鼓筛锣	léi gǔ shāi luó
筛锣擂鼓	shāi luó léi gǔ
鼠齧蠹蚀	shǔ niè dù shí
瓦查尿溺	wǎ chá niào nì
搠笔巡街	shuò bǐ xún jiē
鞋弓襪浅	xié gōng wà qiǎn
隔靴抓痒	gé xuē zhuā yǎng
嗷嗷待哺	áo áo dài bǔ
炊琼爇桂	chuī qióng ruò guì
附赘县疣	fù zhuì xiàn yóu
鼠屎汙羹	shǔ shǐ wū gēng
盲翁扪钥	máng wēng mén yào
贩夫皁隶	fàn fū yě lì
监市履猯	jiān shì lǚ xī
呷醋节帅	xiā cù jié shuài
魑魅罔两	chī mèi wǎng liǎng
灿烂辉煌	càn làn huī huáng
岳岳荦荦	yuè yuè luò luò
爷饭娘羹	yé fàn niáng gēng
爷羹娘饭	yé gēng niáng fàn
鱼瞵鹗睨	yú lín è nì
鲸涛鼍浪	jīng tāo tuó làng
步履蹒跚	bù lǚ pán shān
混混沌沌	hùn hùn dùn dùn
啧啧称赞	zé zé chēng zàn
磇硄混玉	zhì fū hùn yù
丢盔卸甲	diū kuī xiè jiǎ
靖谮庸回	jìng zèn yōng huí
雕楹碧槛	diāo yíng bì kǎn
狩岳巡方	shòu yuè xún fāng
贞松劲柏	zhēn sōng jìng bǎi
息黥补劓	xī qíng bǔ yì
斧钺汤镬	fǔ yuè tāng huò
姗姗来迟	shān shān lái chí
餐霞漱瀣	cān xiá shù xiè
拔葵啖枣	bá kuí dàn zǎo
惩忿窒欲	chéng fèn zhì yù
隔靴爬痒	gé xuē pá yǎng
扭扭捏捏	niǔ niǔ niē niē
怠惰因循	dài duò yīn xún
摇旗呐喊	yáo qí nà hǎn
餐腥啄腐	cān xīng zhuó fǔ
谇帚德锄	suì zhǒu dé chú
麟趾呈祥	lín zhǐ chéng xiáng
优柔餍饫	yōu róu yàn yù
暴戾恣睢	bào lì zì suī
鸷狠狼戾	zhì hěn láng lì
打闷葫芦	dǎ mèn hú lu
祝鲠祝噎	zhù gěng zhù yē
佹形僪状	guǐ xíng yù zhuàng
晴天霹雳	qíng tiān pī lì
挨肩擦膀	āi jiān cā bǎng
豚蹄穰田	tún tí ráng tián
恫疑虚猲	dòng yí xū gé
仆仆亟拜	pú pú jí bài
卤莽灭裂	lǔ mǎng miè liè
佣中佼佼	yòng zhōng jiǎo jiǎo
决疣溃痈	jué yóu kuì yōng
毓子孕孙	yù zǐ yùn sūn
椿庭萱室	chūn tíng xuān shì
桑弧蒿矢	sāng hú hāo shǐ
腾腾兀兀	téng téng wū wū
另辟蹊径	lìng pì xī jìng
左萦右拂	zuǒ yíng yòu fú
飘籵坠溷	piāo fān zhuì hùn
衣衫褴褛	yī shān lán lǚ
扯篷拉纤	chě péng lā qiàn
采兰赠芍	cǎi lán zèng sháo
炒买炒卖	chǎo mǎi chǎo mài
岳镇渊渟	yuè zhèn yuān tīng
被泽蒙庥	bèi zé méng xiū
钩玄猎秘	gōu xuán liè mì
太仓稊米	tài cāng tí mǐ
峣峣易缺	yáo yáo yì quē
羹藜含糗	gēng lí hán qiǔ
早占勿药	zǎo zhān wù yào
抉奥阐幽	jué ào chǎn yōu
咄嗟便办	duō jiē biàn bàn
磨昬抉聩	mó hūn jué kuì
鼪鼬之迳	tiān yòu zhī jìng
每况愈下	měi kuàng yù xià
每下愈况	měi xià yù kuàng
酣畅淋漓	hān chàng lín lí
燃萁煎豆	rán qí jiān dòu
燃萁煮豆	rán qí zhǔ dòu
煮豆燃萁	zhǔ dòu rán qí
挺胸凸肚	tǐng xiōng tū dù
葫芦依样	hú lu yī yàng
依样葫芦	yī yàng hú lu
菩萨低眉	pú sà dī méi
插圈弄套	chā quān nòng tào
今蝉蜕壳	jīn chán tuì ké
往渚还汀	wǎng zhǔ huán tīng
珪璋特达	guī zhāng tè dá
戎马倥偬	róng mǎ kǒng zǒng
戎马倥傯	róng mǎ kǒng zǒng
绳愆纠谬	shéng qiān jiū miù
滴粉搓酥	dī fěn cuō sū
韦裤布被	wéi kù bù bèi
闺英闱秀	guī yīng wéi xiù
陟罚臧否	zhì fá zāng pǐ
鹡鸰在原	xià líng zài yuán
虱胫虮肝	shī jìng jī gān
阮囊羞涩	ruǎn náng xiū sè
刖趾适屦	yuè zhǐ shì jù
剸繁决剧	shí fán jué jù
茕茕孑立	qióng qióng jié lì
谆谆告诫	zhūn zhūn gào jiè
陷于缧绁	xiàn yú léi xiè
叔度陂湖	shū dù bēi hú
珍馐美馔	zhēn xiū měi zhuàn
坑蒙拐骗	kēng méng guǎi piàn
巾帼豪杰	jīn guó háo jié
杷罗剔抉	pá luó tī jué
膏粱纨裦	gāo liáng wán kù
纨裦膏粱	wán kù gāo liáng
妇姑勃溪	fù gū bó xī
蜀锦吴绫	shǔ jǐn wú líng
橡饭菁羹	xiàng fàn jīng gēng
椿萱并茂	chūn xuān bìng mào
启瞶振聋	qǐ guì zhèn lóng
沓冈复岭	tà gāng fù lǐng
配享从汜	pèi xiǎng cóng sì
霸陵醉尉	bà líng zuì wèi
牝哹鸣辰	pìn zhòu míng chén
且食蛤蜊	qiě shí há lí
魁梧奇伟	kuí wǔ qí wěi
骊黄牝牡	lí huáng pìn mǔ
牝牡骊黄	pìn mǔ lí huáng
探囊胠箧	tàn náng wú qiè
镞砺括羽	zú lì kuò yǔ
啧啧称羡	zé zé chēng xiàn
挹彼注兹	yì bǐ zhù zī
螳螂拒辙	táng láng jù zhé
燔书阬儒	fán shū gāng rú
顽父嚚母	wán fù yín mǔ
赍粮藉寇	jī liáng jiè kòu
平原督邮	píng yuán dū yóu
爬梳剔抉	pá shū tī jué
锒铛入狱	láng kāng rù yù
掎裳连襼	jǐ shang lián zhēng
黄杨厄闰	huáng yáng è rùn
浑浑沌沌	hún hún dùn dùn
告朔饩羊	gù shuò xì yáng
镂脂翦楮	lòu zhī jiǎn chǔ
补苴罅漏	bǔ jū xià lòu
荦荦确确	luò luò què què
悉帅敝赋	xī shuài bì fù
狐裘尨茸	hú qiú méng róng
鬼魅伎俩	guǐ mèi jì liǎng
盲翁扪籥	máng wēng mén yuè
磨砻浸灌	mó lóng jìn guàn
刁钻促狭	diāo zuàn cù xiá
批亢抵巇	pī gāng dǐ xī
装傻充愣	zhuāng shǎ chōng lèng
参辰卯酉	shēn chén mǎo yǒu
剸繁治剧	shí fán zhì jù
鹭朋鸥侣	lù péng ōu lǚ
轮扁斫轮	lún biǎn zhuó lún
芬芳馥郁	fēn fāng fù yù
京兆眉妩	jīng zhào méi wǔ
扼襟控咽	è jīn kòng yān
奴颜婢睐	nú yán bì lài
谘经诹史	zī jīng zōu shǐ
詟谀立懦	zhé yú lì nuò
幺豚暮鹨	yāo tún mù liù
桑枢畒牖	sāng shū wèng yǒu
戎马劻勷	róng mǎ dān xiào
狂轰滥炸	kuáng hōng làn zhà
歙漆阿胶	shè qī ē jiāo
馨香祷祝	xīn xiāng dǎo zhù
祝僯祝鲠	zhù lù zhù gěng
蚂蚁缘槐	mǎ yǐ yuán huái
赫赫巍巍	hè hè wēi wēi
洋洋纚纚	yáng yáng sǎ sǎ
苛捐杂税	kē juān zá shuì
雕蚶镂蛤	diāo hān lòu gé
蒙袂辑屦	méng mèi jí jù
鹏抟鹢退	péng tuán huā tuì
寅支卯粮	yín zhī mǎo liáng
攀藤揽葛	pān téng lǎn gě
赈贫贷乏	zhèn pín dài fá
枷脰械手	jiā dòu xiè shǒu
孳孳汲汲	zī zī jí jí
簠簋不饬	fǔ guǐ bù chì
陵劲淬砺	líng jìn cuì lì
瑶环瑜珥	yáo huán yú ěr
鬼蜮伎俩	guǐ yù jì liǎng
搔首踟蹰	sāo shǒu chí chú
磨礲浸灌	mó lóng jìn guàn
条条框框	tiáo tiáo kuàng kuàng
绳愆纠缪	sheng qian jiu miu
恭贺新禧	gōng hè xīn xǐ
拽耙扶犁	zhuāi pá fú lí
猦穅及米	shì kǎn jí mǐ
行崄侥幸	xíng xiǎn jiǎo xìng
撺拳拢袖	cuān quán lǒng xiù
玲珑剔透	líng lóng tī tòu
剔透玲珑	tī tòu líng lóng
丹楹刻桷	dān yíng kè jué
悠悠忽忽	yōu yōu hū hū
扣槃扪籥	kòu pán mén yuè
鄙俚浅陋	bǐ lǐ qiǎn lòu
鄐诜丹桂	xì shēn dān guì
纯属骗局	chún shú piàn jú
徘徊歧路	pái huái qí lù
歧路徘徊	qí lù pái huái
寅吃卯粮	yín chī mǎo liáng
染蓝涅皂	rǎn lán niè zǎo
屡试屡验	lǚ shì lǚ yàn
绷爬吊拷	bēng pá diào kǎo
阋墙御侮	xì qiáng yù wǔ
酩酊烂醉	mǐng dǐng làn zuì
酣嬉淋漓	hān xī lín lí
剔抽秃揣	tī chōu tū chuǎi
亦庄亦谐	yì zhuāng yì xié
掎挈伺诈	jǐ qiè sì zhà
昌歜羊枣	chāng chù yáng zǎo
螽斯衍庆	zhōng sī yǎn qìng
哺糟啜醨	bǔ zāo chuò lí
筚路褴褛	bì lù lán lǚ
褴褛筚路	lán lǚ bì lù
祝咽祝哽	zhù yān zhù gěng
陂湖禀量	bēi hú bǐng liáng
优游涵泳	yōu yóu hán yǒng
羝羊触藩	dī yáng chù fān
狂嫖滥赌	kuáng piáo làn dǔ
叨陪末座	tāo péi mò zuò
抽祕骋妍	chōu bì chěng yán
烘托渲染	hōng tuō xuàn rǎn
跗萼连晖	fū è lián huī
棒打鸳鸯	bàng dǎ yuān yāng
澄沙汰砾	dèng shā tài lì
永矢弗谖	yǒng shǐ fú xuān
辛壬癸甲	xīn rén guǐ jiǎ
袅袅娜娜	niǎo niǎo nuó nuó
祝哽祝噎	zhù gěng zhù yē
湛恩汪濊	zhàn ēn wāng hún
蚕绩蟹匡	cán jì xiè kuāng
磨礲淬励	mó lóng cuì lì
睡眼惺忪	shuì yǎn xīng sōng
拘挛补衲	jū luán bǔ nà
轮焉奂焉	lún yān huàn yān
哺糟歠醨	bǔ zāo chuò lí
鹪巢蚊睫	jiāo cháo wén jié
嫂溺叔援	sǎo nì shū yuán
鬻矛誉榡	yù máo yù dùn
嚼腭搥床	jiáo è chuí chuáng
孜孜砽砽	zī zī kū kū
渔夺侵牟	yú duó qīn móu
阆苑琼楼	làng yuàn qióng lóu
偎慵堕懒	wēi yōng duò lǎn
镌脾琢肾	juān pí zhuó shèn
重纰貤缪	chóng pī yí miù
混混泇泇	hùn hùn chā kē
鹘仑吞枣	hú lún tūn zǎo
敷衍搪塞	fū yǎn táng sè
防芽遏萌	fáng yá è méng
梵册贝叶	fàn cè bèi yè
渤澥桑田	bó xiè sāng tián
俊杰廉悍	jùn jié lián hàn
警愦觉聋	jǐng kuì jué lóng
韩卢逐逡	hán lú zhú qūn
袅袅娉娉	niǎo niǎo píng píng
袅袅婷婷	niǎo niǎo tíng tíng
跋扈恣睢	bá hù zì suī
榆木圪垯	yú mù gē dá
榆木疙瘩	yú mù gē da
咬姜呷醋	yǎo jiāng xiā cù
黎庶涂炭	lí shù tú tàn
樵村渔浦	qiáo cūn yú pǔ
悬鞀建铎	xuán táo jiàn duó
悬鼗建铎	xuán táo jiàn duó
谊切苔岑	yì qiè tái cén
掇菁撷华	duō jīng xié huá
餵糟啜漓	bǔ zāo chuò lí
撼树蚍蜉	hàn shù bí fú
蚍蜉撼树	pí fú hàn shù
绷扒吊拷	bēng bā diào kǎo
阋墙谇帚	xì qiáng suì zhǒu
宗庙社稷	zōng miào shè jì
铮铮佼佼	zhēng zhēng jiǎo jiǎo
缠绵悱恻	chán mián fěi cè
悱恻缠绵	fěi cè chán mián
钩辀格磔	gōu zhōu gé zhé
黾穴鸲巢	měng xué qú cháo
渊涓蠖瀋	yuān juān huò hù
苞苴竿牍	bāo jū gān dú
薏苡蒙谤	yì yǐ méng bàng
忐忐忑忑	tǎn tǎn tè tè
忑忑忐忐	tè tè tǎn tǎn
刁钻促搯	diāo zuàn cù chāo
樗栎庸材	chū lì yōng cái
囫囵吞枣	hú lún tūn zǎo
澧兰沅芷	lǐ lán yuán zhǐ
沅芷澧兰	yuán zhǐ lǐ lán
绸缪帷幄	chóu móu wéi wò
熬姜呷醋	áo jiāng xiā cù
蹑躥担簦	niè juē dān dēng
蹑屩担簦	niè juē dān dēng
救黥医劓	jiù qíng yī yì
坑绷拐骗	kēng bēng guǎi piàn
蹿房越脊	cuān fáng yuè jí
蚍蜉戴盆	pí fú dài pén
餵糟歠漓	bǔ zāo huài lí
祝鲠祝饐	zhù gěng zhù yì
荣谐伉俪	róng xié kàng lì
草藄禽猘	cǎo tì qín xiǎn
伯仲叔季	bó zhòng shū jì
狎雉驯童	xiá zhì xùn tóng
鳌掷鲸呿	áo zhì jīng qù
咄嗟叱咤	duō jiē chì zhà
洒洒潇潇	sǎ sǎ xiāo xiāo
遝冈复岭	tà gāng fù lǐng
踽踽凉凉	jǔ jǔ liáng liáng
冯髈弹铗	féng huān dàn jiá
黼黻皇猷	fǔ fú huáng yóu
批鄐导竨	pī xì dǎo kuǎn
沅芷湘兰	yuán zhǐ xiāng lán
掩骼埋窆	yǎn gé mái biǎn
掩骼埋胔	yǎn gé mái zì
祁奚举午	qí xī jǔ wǔ
卑陋龌龊	bēi lòu wò chuò
涕泗滂沱	tì sì páng tuó
狂吠狴犴	kuáng fèi bì àn
诃佛诋巫	hē fó dǐ wū
妆嫫费黛	zhuāng mó fèi dài
委委佗佗	wēi wēi tuó tuó
蟹匡蝉緌	xiè kuāng chán ruí
缊褐瓢箪	yùn hè piáo dān
卧榻鼾睡	wò tà hān shuì
跗萼联芳	fū è lián fāng
槁苏暍醒	gǎo sū yē xǐng
詹詹炎炎	zhān zhān yán yán
汹涌澎湃	xiōng yǒng péng pài
絮絮叨叨	xù xù dāo dāo
典谟训诰	diǎn mó xùn gào
袅娜娉婷	niǎo nuó pīng tíng
娉婷袅娜	pīng tíng niǎo nuó
餵糟啜醨	tān zāo chuò lí
蜩螗沸羹	tiáo táng fèi gēng
庚癸频呼	gēng guǐ pín hū
陶陶兀兀	táo táo wù wù
綦溪利跂	qí xī lì guì
卑鄙龌龊	bēi bǐ wò chuò
铿镪顿挫	kēng qiāng dùn cuò
徜徉恣肆	cháng yáng zì sì
泓峥萧瑟	hóng zhēng xiāo sè
勤勤恳恳	qín qín kěn kěn
郁郁葱葱	yù yù cōng cōng
郁郁芊芊	yù yù qiān qiān
躲躲闪闪	duǒ duǒ shǎn shǎn
呴湿濡沫	xǔ shī rú mò
橡茹藿歠	xiàng rú huò chuò
瓶罄罍耻	píng qìng léi chǐ
诘屈磝碻	jié qū bìng zhòu
餵糟歠醨	bū zāo chuò lí
滔滔汩汩	tāo tāo gǔ gǔ
醍醐灌顶	tí hú guàn dǐng
冥昭瞢闇	míng zhāo méng àn
饥馑荐臻	jī jǐn jiàn zhēn
猫噬鹦鹉	māo shì yīng wǔ
惙怛伤悴	chuò dá shāng cuì
汹涌彭湃	xiōng yǒng péng pai
汹涌渒湃	xiōng yǒng péng pai
蹑躥檐簦	niè juē dàn dēng
蹑屩檐簦	niè juàn yán dēng
剔抽禿刷	tī chōu tū shuā
沅茝醴兰	yuán chǎi lǐ lán
沅茞澧兰	yuán zhǐ lǐ lán
伯埙仲篪	bó xūn zhòng chí
谆谆诰诫	zhūn zhūn gào jiè
掇臀捧屁	duō tún pěng pì
衽抭囊括	rèn xī náng kuò
窈窕淑女	yǎo tiǎo shū nǚ
掤扒吊拷	bīng bā diào kǎo
沤沫槿艳	ōu mò jǐn yàn
呜呼噫嘻	wū hū yī xī
涕泗滂沲	tì sì pāng tuó
诱掖奖劝	yòu yè jiǎng quàn
恢恑憰怪	huī guǐ lián guài
诎要桡膎	qū yào ráo yù
黼蔀黻纪	fǔ bù fú jì
批砉导竨	pī huā dǎo táo
侃侃谔谔	kǎn kǎn è è
跗萼载韡	fū è zǎi wěi
鶗鴂雕卉	tí jué diāo huì
都俞吁咈	dōu yú xū fú
吁咈都俞	yù fú dōu yú
煦煦孑孑	xù xù jié jié
孳孳砽砽	zī zī kū kū
撅坑撅堑	jué kēng jué qiàn
莼羹鲈脍	chún gēng lú kuài
黏吝缴绕	nián lìn jiǎo rào
挠喉捩嗓	náo hóu liè sǎng
舐痈吮痔	shì yōng shǔn zhì
吮痈舐痔	shǔn yōng shì zhì
蝎蝎螫螫	xiē xiē zhē zhē
绫罗绸缎	líng luó chóu duàn
稚齿婑媠	zhì chǐ wǒ tuǒ
浞訾栗斯	zhuó zī lì sī
侃侃訚訚	kǎn kǎn yín yín
刘毅答诏	liú yì dá zhào
槁项黧馘	gǎo xiàng lí guó
羹藜唅糗	gēng lí hán qiǔ
乜斜缠帐	niè xié chán zhàng
娉婷婀娜	pīng tíng ē nà
炳炳焤焤	bǐng bǐng lǎng lǎng
懵懵懂懂	měng měng dǒng dǒng
裸裎袒裼	luǒ chéng tǎn xī
袒裼裸裎	tǎn xī luǒ chéng
嗫嗫嚅嚅	niè niè rú rú
婆婆妈妈	pó pó mā mā
早韭晚菘	zǎo jiǔ wǎn sōng
唠唠叨叨	lāo lāo dāo dāo
邯郸匍匐	hán dān pú fú
陟岵陟屺	zhì hù zhì qǐ
吮疽舐痔	shǔn jū shì zhì
炰鳖脍鲤	fèng biē kuài lǐ
啛啛喳喳	cuì cuì chā chā
嘁嘁喳喳	qī qī zhā zhā
趑趄嗫嚅	zī jū niè rú
狖轭鼯轩	yòu è wú xuān
喑噁叱咤	yīn wù chì zhà
哼哼唧唧	hēng hēng jī jī
嘟嘟哝哝	dū dū nóng nóng
踉踉跄跄	liàng liàng qiàng qiàng
伈伈睍睍	xǐn xǐn xiàn xiàn
魑魅魍魉	chī mèi wǎng liǎng
吱哩哇啦	zhī lī wā lā
心口不一	xīn kǒu bù yī
无大不大	wú dà bù dà
无一不知	wú yī bù zhī
言行不一	yán xíng bù yī
不日不月	bù rì bù yuè
无人之地	wú rén zhī dì
一天一地	yī tiān yī dì
不言不语	bù yán bù yǔ
一心一意	yī xīn yī yì
无天无日	wú tiān wú rì
不正之风	bù zhèng zhī fēng
不得人心	bù dé rén xīn
不声不气	bù shēng bù qì
人心不古	rén xīn bù gǔ
一言不发	yī yán bù fā
不上不下	bù shàng bù xià
一言一行	yī yán yī xíng
知无不言	zhī wú bù yán
不食之地	bù shí zhī dì
不三不四	bù sān bù sì
不一而足	bù yī ér   zú
一心一力	yī xīn yī lì
不识之无	bù shí zhī wú
天不绝人	tiān bù jué rén
不明不白	bù míng bù bái
一心一计	yī xīn yī jì
心口如一	xīn kǒu rú yī
不上不落	bù shàng bù luò
一德一心	yī dé yī xīn
一心一德	yī xīn yī dé
不见天日	bù jiàn tiān rì
一家之言	yī jiā zhī yán
不名一文	bù míng yī wén
一文不名	yī wén bù míng
一人之交	yī rén zhī jiāo
一日之长	yī rì zhī zhǎng
言无不尽	yán wú bù jìn
不可一世	bù kě yī shì
无所不有	wú suǒ bù yǒu
无所不为	wú suǒ bù wéi
无恶不为	wú è bù wéi
无可不可	wú kě bù kě
一生一世	yī shēng yī shì
一事不知	yī shì bù zhī
有天无日	yǒu tiān wú rì
一心一路	yī xīn yī lù
一心无二	yī xīn wú èr
不毛之地	bù máo zhī dì
人不自安	rén bù zì ān
有口无心	yǒu kǒu wú xīn
一死一生	yī sǐ yī shēng
百无一成	bǎi wú yī chéng
不当不正	bù dāng bù zhèng
一心一腹	yī xīn yī fù
百不失一	bǎi bù shī yī
不世之功	bù shì zhī gōng
不臣之心	bù chén zhī xīn
人心如面	rén xīn rú miàn
言之无物	yán zhī wú wù
有一得一	yǒu yī dé yī
不文不武	bù wén bù wǔ
万不失一	wàn bù shī yī
百不当一	bǎi bù dāng yī
人事不知	rén shì bù zhī
一成不变	yī chéng bù biàn
一成不易	yī chéng bù yì
无所不可	wú suǒ bù kě
一事无成	yī shì wú chéng
文人无行	wén rén wú xíng
不生不灭	bù shēng bù miè
风行一世	fēng xíng yī shì
不败之地	bù bài zhī dì
一物不知	yī wù bù zhī
一口一声	yī kǒu yī shēng
无大无小	wú dà wú xiǎo
不识不知	bù shí bù zhī
无所不知	wú suǒ bù zhī
天大地大	tiān dà dì dà
无千无万	wú qiān wú wàn
大得人心	dà dé rén xīn
不古不今	bù gǔ bù jīn
不今不古	bù jīn bù gǔ
无相无作	wú xiāng wú zuò
一无所有	yī wú suǒ yǒu
不以为意	bù yǐ wéi yì
同心一意	tóng xīn yī yì
不破不立	bù può bù lì
无一不备	wú yī bù bèi
无法无天	wú fǎ wú tiān
有心无力	yǒu xīn wú lì
无所不作	wú suǒ bù zuò
无恶不作	wú è bù zuò
无奇不有	wú qí bù yǒu
不直一文	bù zhí yī wén
风行一时	fēng xíng yī shī
一虎不河	yī hǔ bù hé
求之不得	qiú zhī bù dé
上下一心	shàng xià yī xīn
一得之见	yī dé zhī jiàn
一无所成	yī wú suǒ chéng
百世一人	bǎi shì yī rén
一家一火	yī jiā yī huǒ
人中之龙	rén zhōng zhī lóng
天地不容	tiān dì bù róng
不以为然	bù yǐ wéi rán
一家之作	yī jiā zhī zuò
一手一足	yī shǒu yī zú
人山人海	rén shān rén hǎi
目中无人	mù zhōng wú rén
千人一面	qiān rén yī miàn
金玉之言	jīn yù zhī yán
无为而成	wú wéi ér chéng
心上心下	xīn shàng xīn xià
天下一家	tiān xià yī jiā
大难不死	dà nàn bù sǐ
一言千金	yī yán qiān jīn
不经之语	bù jīng zhī yǔ
世道人心	shì dào rén xīn
如出一口	rú chū yī kǒu
出头之日	chū tóu zhī rì
不死不活	bù sǐ bù huó
一无所长	yī wú suǒ cháng
不闻不问	bù wén bù wèn
不问不闻	bù wèn bù wén
来之不易	lái zhī bù yì
口不应心	kǒu bù yìng xīn
心不应口	xīn bù yīng kǒu
生而知之	shēng ér zhī zhī
同心一力	tóng xīn yī lì
有口无行	yǒu kǒu wú xíng
水天一色	shuǐ tiān yī sè
百无一失	bǎi wú yī shī
人千人万	rén qiān rén wàn
有一无二	yǒu yī wú èr
长生不死	cháng shēng bū sǐ
不绝如发	bù jué rú fà
无所不通	wú suǒ bù tōng
出一头地	chū yī tóu dì
不相上下	bù xiāng shàng xià
一无长物	yī wú cháng wù
万无一失	wàn wú yī shī
不当人子	bù dāng rén zǐ
不知高下	bù zhī gāo xià
知人之明	zhī rén zhī míng
不足为意	bù zú wéi yì
无为自成	wú wéi zì chéng
头一无二	tóu yī wú èr
力不从心	lì bù cóng xīn
无声无色	wú shēng wú sè
不仁不义	bù rén bù yì
无情无义	wú qíng wú yì
一日三月	yī rì sān yuè
无空不入	wú kōng bù rù
一家之计	yī jiā zhī jì
一无所知	yī wú suǒ zhī
言行若一	yán xíng ruò yī
以意为之	yǐ yì wéi zhī
风言风语	fēng yán fēng yǔ
春风风人	chūn fēng fèng rén
成人之善	chéng rén zhī shàn
有文无行	yǒu wén wú xíng
言不顾行	yán bù gù xíng
一心同功	yī xīn tóng gōng
不得而知	bù dé ér zhī
无所不能	wú suǒ bù néng
一面之交	yī miàn zhī jiāo
有心有意	yǒu xīn yǒu yì
无万大千	wú wàn dà qiān
无所不在	wú suǒ bù zài
语不惊人	yǔ bù jīng rèn
成一家言	chěng yī jiān yán
一家一计	yī jiā yī jì
一得之功	yī dé zhī gōng
不世之业	bù shì zhī yè
不知所言	bù zhī suǒ yán
言为心声	yán wéi xīn shēng
不经之说	bù jīng zhī shuō
一长一短	yī cháng yī duǎn
言不尽意	yán bù jìn yì
万众一心	wàn zhòng yī xīn
手不应心	shǒu bù yīng xīn
百无一能	bǎi wú yī néng
不易之论	bù yì zhī lùn
文风不动	wén fēng bù dòng
不言而信	bù yán ér xìn
言而不信	yán ér bù xìn
言之有物	yán zhī yǒu wù
十不当一	shí bù huò yī
风雨不改	fēng yǔ bù gǎi
一无所得	yī wú suǒ dé
心神不定	xīn shén bù dìng
天道人事	tiān dào rén shì
风风雨雨	fēng fēng yǔ yǔ
金石之言	jīn shí zhī yán
可心如意	kě xīn rú yì
日出不穷	rì chū bù qióng
无如之何	wú rú zhī hé
百不一存	bǎi bù yī cún
无所不容	wú suǒ bù róng
同德一心	tóng dé yī xīn
同心一德	tóng xīn yī dé
大天白日	dà tiān bái rì
大而无当	dà ér wú dàng
风马不接	fēng mǎ bù jiē
如日中天	rú rì zhōng tiān
一清如水	yī qīng rú shuǐ
面无人色	miàn wú rén sè
一门心思	yī mén xīn sī
无中生有	wú zhōng shēng yǒu
言不及行	yán bù jí xíng
出人头地	chū rén tóu dì
百无一是	bǎi wú yī shì
有生之年	yǒu shēng zhī nián
长生不老	cháng shēng bù lǎo
风云之志	fēng yún zhī zhì
一目之士	yī mù zhī shì
无所不至	wú suǒ bù zhì
一心同归	yī xīn tóng guī
一身五心	yī shēn wǔ xīn
白首之心	bái shǒu zhī xīn
出其不意	chū qí bù yì
不根之论	bù gēn zhī lùn
天无二日	tiān wú èr rì
自不待言	zì bù dài yán
不经之谈	bù jīng zhī tán
老而不死	lǎo ér bù sǐ
心如金石	xīn rú jīn shí
先天不足	xiān tiān bù zú
有意无意	yǒu yì wú yì
神而明之	shén ér míng zhī
不了不当	bù liǎo bù dàng
如天之福	rú tiān zhī fú
一语中人	yī yǔ zhōng rén
一己之见	yī jǐ zhī jiàn
一席之地	yī xí zhī dì
计无所之	jì wú suǒ zhī
一家之学	yī jiā zhī xué
乐不可言	lè bù kě yán
说一不二	shuō yī bù èr
风云人物	fēng yún rén wù
足不出门	zú bù chū mén
有己无人	yǒu jǐ wú rén
绝口不道	jué kǒu bù dào
一面之辞	yī miàn zhī cí
自成一家	zì chéng yī jiā
故人之意	gù rén zhī yì
深得人心	shēn dé rén xīn
一无可取	yī wú kě qǔ
一家之辞	yī jiā zhī cí
深入人心	shēn rù rén xīn
无所不及	wú suǒ bù jí
一以贯之	yī yǐ guàn zhī
东风人面	dōng fēng rén miàn
不知所以	bù zhī suǒ yǐ
视而不见	shì ér bù jiàn
不义之财	bù yì zhī cái
百死一生	bǎi sǐ yī shēng
有嘴无心	yǒu zuǐ wú xīn
老大无成	lǎo dà wú chéng
分文不名	fēn wén bù míng
苦不可言	kǔ bù kě yán
天高地下	tiān gāo dì xià
有声无气	yǒu shēng wú qì
无头无尾	wú tóu wú wěi
一家无二	yī jiā wú èr
无往不利	wú wǎng bù lì
一生一代	yī shēng yī dài
事不过三	shì bù guò sān
风风火火	fēng fēng huǒ huǒ
以心问心	yǐ xīn wèn xīn
言之有理	yán zhī yǒu lǐ
不得不尔	bù dé bù ěr
万死一生	wàn sǐ yī shēng
百无一用	bǎi wú yī yòng
言之有故	yán zhī yǒu gù
不声不响	bù shēng bù xiǎng
不劳而成	bù láo ér chéng
一无所闻	yī wú suǒ wén
不知所云	bù zhī suǒ yún
如无其事	rú wú qí shì
千金之家	qiān jīn zhī jiā
一无所求	yī wú suǒ qiú
自出一家	zì chū yī jiā
高而不危	gāo ér bù wēi
众口如一	zhòng kǒu rú yī
一面之识	yī miàn zhī shí
天下归心	tiān xià guī xīn
合而为一	hé ér wéi yī
不可胜言	bù kě shèng yán
极而言之	jí ér yán zhī
不根之谈	bù gān zhī tán
不相为谋	bù xiāng wéi móu
可有可无	kě yǒu kě wú
不舞之鹤	bù wǔ zhī hè
落花无言	luò huā wú yán
以一知万	yǐ yī zhī wàn
百不一遇	bǎi bù yī yù
生生不息	shēng shēng bù xī
风流人物	fēng liú rén wù
不拔之志	bù bá zhī zhì
言不达意	yán bù dá yì
好自为之	hào zì wéi zhī
同日而言	tóng rì ér yán
心不由意	xīn bù yóu yì
流水无情	liú shuǐ wú qíng
一面之词	yī miàn zhī cí
天作之合	tiān zuò zhī hé
人一己百	rén yī jǐ bǎi
不知所出	bù zhī suǒ chū
三人成虎	sān rén chéng hǔ
无明无夜	wú míng wú yè
无施不可	wú shī bù kě
有朝一日	yǒu zhāo yī rì
世风日下	shì fēng rì xià
一龙一蛇	yī lóng yī shé
成人之美	chéng rén zhī měi
小小不言	xiǎo xiǎo bù yán
心不两用	xīn bù liǎng yòng
耳食之言	ěr shí zhī yán
文如其人	wén rú qí rén
不以为奇	bù yǐ wéi qí
无方之民	wú fāng zhī mín
千金之子	qiān jīn zhī zǐ
口出大言	kǒu chū dā yán
出有入无	chū yǒu rù wú
下落不明	xià luò bù míng
大而化之	dà ér huà zhī
一无所能	yī wú suǒ néng
百事无成	bǎi shì wú chéng
有气无力	yǒu qì wú lì
贪心不足	tān xīn bù zú
言之成理	yán zhī chéng lǐ
一手一脚	yī shǒu yī jiǎo
不分玉石	bù fēn yù shí
玉石不分	yù shí bù fēn
一日之雅	yī rì zhī yǎ
天外有天	tiān wài yǒu tiān
一日千里	yī rì qiān lǐ
自高自大	zì gāo zì dà
一目五行	yī mù wǔ háng
风俗人情	fēng sú rén qíng
不齿于人	bù chǐ yú rén
高头大马	gāo tóu dà mǎ
无事生事	wú shì shēng shì
见所不见	jiàn suǒ bù jiàn
大有见地	dà yǒu jiàn dì
无风生浪	wú fēng shēng làng
人面狗心	rén miàn gǒu xīn
风行水上	fēng xíng shuǐ shàng
不拔一毛	bù bá yì máo
一毛不拔	yī máo bù bá
不通水火	bù tōng shuǐ huǒ
不谋而同	bù móu ér tóng
无尽无穷	wú jìn wú qióng
无穷无尽	wú qióng wú jìn
以心传心	yǐ xīn chuán xīn
安身之地	ān shēn zhī dì
天不作美	tiān bù zuò měi
大快人心	dà kuài rén xīn
人心大快	rén xīn dà kuài
自知之明	zì zhī zhī míng
和而不同	hé ér bù tóng
不近人情	bù jìn rén qíng
一日万里	yī rì wàn lǐ
有无相通	yǒu wú xiāng tōng
不赏之功	bù shǎng zhī gōng
引而不发	yǐn ér bù fā
贵不可言	guì bù kě yán
人人自危	rén rén zì wēi
水火无情	shuǐ huǒ wú qíng
如不胜衣	rú bù shèng yī
日月不居	rì yuè bù jū
一无所取	yī wú suǒ qǔ
一五一十	yī wú yī shí
一门同气	yī mén tóng qì
不知所可	bù zhī suǒ kě
不名一格	bù míng yī gé
大有人在	dà yǒu rén zài
大方之家	dà fāng zhī jiā
无动为大	wú dòng wéi dà
不同流俗	bù tóng liú sú
有年无月	yǒu nián wú yuè
一世龙门	yī shì lóng mén
水火之中	shuǐ huǒ zhī zhōng
风云不测	fēng yún bù cè
无人之境	wú rén zhī jìng
一体同心	yī tǐ tóng xīn
一心同体	yī xīn tóng tǐ
成事不说	chéng shì bù shuō
无形无影	wú xíng wú yǐng
无影无形	wú yǐng wú xíng
一口同声	yī kǒu tóng shēng
不及之法	bù jí zhī fǎ
大有可为	dà yǒu kě wéi
无为之治	wú wéi zhī zhì
一脚不移	yī jiǎo bù yí
言论风生	yán lùn fēng shēng
有我无人	yǒu wǒ wú rén
一草一木	yī cǎo yī mù
无名之师	wú míng zhī shī
行若无事	xíng ruò wú shì
入地无门	rù dì wú mén
事无大小	shì wú dà xiǎo
道不相谋	dào bù xiāng móu
不白之冤	bù bái zhī yuān
言而无信	yán ér wú xìn
无恶不造	wú è bù zào
人情之常	rén qíng zhī cháng
人之常情	rén zhī cháng qíng
无微不至	wú wēi bù zhì
一文如命	yī wén rú mìng
万人之敌	wàn rén zhī dí
目不知书	mù bù zhī shū
急人之难	jí rén zhī nán
言外之意	yán wài zhī yì
相生相成	xiāng shēng xiāng chéng
重见天日	chóng jiàn tiān rì
不学无识	bù xué wú shí
直口无言	zhí kǒu wú yán
一来一往	yī lái yī wǎng
天行时气	tiān xíng shí qì
不得其死	bù dé qí sǐ
天下为家	tiān xià wéi jiā
是非之心	shì fēi zhī xīn
事不有余	shì bù yǒu yú
心比天高	xīn bǐ tiān gāo
牛之一毛	niú zhī yī máo
一定不易	yī dìng bù yì
前无古人	qián wú gǔ rén
无声无息	wú shēng wú xī
贼心不死	zéi xīn bù sǐ
不存不济	bù cún bù jì
无往不胜	wú wǎng bù shèng
天年不齐	tiān nián bù qí
不丰不杀	bù fēng bù shā
不易一字	bù yì yī zì
一字不易	yī zì bù yì
一箭之地	yī jiàn zhī dì
名高天下	míng gāo tiān xià
一口三舌	yī kǒu sān shé
木人石心	mù rén shí xīn
以言举人	yǐ yán jǔ rén
无名火气	wú míng huǒ qì
食而不化	shí ér bù huà
一步一鬼	yī bù yī guǐ
马如流水	mǎ rú liú shuǐ
不知轻重	bù zhī qīng zhòng
一见如故	yī jiàn rú gù
风门水口	fēng mén shuǐ kǒu
不无小补	bù wú xiǎo bǔ
百世不易	bǎi shì bù yì
风虎云龙	fēng hǔ yún lóng
龙虎风云	lóng hǔ fēng yún
云龙风虎	yún lóng fēng hǔ
一目十行	yī mù shí háng
一败如水	yī bài rú shuǐ
大人先生	dà rén xiān sheng
尽如人意	jìn rú rén yì
无所用之	wú suǒ yòng zhī
暗无天日	àn wú tiān rì
见事风生	jiàn shì fēng shēng
见事生风	jiàn shì shēng fēng
不饥不寒	bù jī bù hán
缺一不可	quē yī bù kě
天理人情	tiān lǐ rén qíng
情同一家	qíng tóng yī jiā
天理不容	tiān lǐ bù róng
相安无事	xiāng ān wú shì
神色不惊	shén sè bù jīng
不可言传	bù kě yán chuán
意气自如	yì qì zì rú
风土人情	fēng tú rén qíng
不管不顾	bù guǎn bù gù
不愧不作	bù kuì bù zuò
一年一度	yī nián yī dù
三夫之言	sān fū zhī yán
无所容心	wú suǒ róng xīn
天人之际	tiān rén zhī jì
一言难尽	yī yán nán jìn
书不尽言	shū bù jìn yán
百无所成	bǎi wú suǒ chéng
不如归去	bù rú guī qù
一以当百	yī yǐ dāng bǎi
无乎不可	wú hū bù kě
万世不易	wàn shì bù yì
不同戴天	bù tóng dài tiān
日月如流	rì yuè rú liú
一定不移	yī dìng bù yí
时不可失	shí bù kě shī
不步人脚	bù bù rén jiǎo
风木之思	fēng mù zhī sī
闭口不言	bì kǒu bù yán
日月无光	rì yuè wú guāng
天生天化	tiān shēng tiān huà
不足轻重	bù zú qīng zhòng
人心所归	rén xīn suǒ guī
一望而知	yī wàng ér zhī
不远千里	bù yuǎn qiān lǐ
天知地知	tiān zhī dì zhī
知地知天	zhī dì zhī tiān
天下无敌	tiān xià wú dí
露影藏形	lù yǐng cáng xíng
情深潭水	qíng shēn tán shuǐ
十变五化	shí biàn wǔ huà
异途同归	yì tú tóng guī
马鹿异形	mǎ lù yì xíng
天华乱坠	tiān huā luàn zhuì
非同寻常	fēi tóng xún cháng
识字知书	shí zì zhī shū
飞鸟惊蛇	fēi niǎo jīng shé
投鞭断流	tóu biān duàn liú
脚高步低	jiǎo gāo bù dī
众难群疑	zhòng nán qún yí
金相玉式	jīn xiāng yù shì
闻鸡起舞	wén jī qǐ wǔ
以身试法	yǐ shēn shì fǎ
道听涂说	dào tīng tú shuō
绝薪止火	jué xīn zhǐ huǒ
十死九活	shí sǐ jiǔ huó
乘势使气	chéng shì shǐ qì
烁石流金	shuò shí liú jīn
文治武功	wén zhì wǔ gōng
希世之宝	xī shì zhī bǎo
元恶大奸	yuán è dà jiān
声名狼藉	shēng míng láng jí
涸鱼得水	hé yú dé shuǐ
去故就新	qù gù jiù xīn
窥见一斑	kuī jiàn yī bān
未识一丁	wèi shí yī dīng
至大至刚	zhì dà zhì gāng
卓绝千古	zhuó jué qiān gǔ
没头没脑	méi tóu méi nǎo
铭感不忘	míng gǎn bù wàng
沉密寡言	chén mì guǎ yán
沉默寡言	chén mò guǎ yán
长驱直进	cháng qū zhí jìn
明知故犯	míng zhī gù fàn
破镜重合	pò jìng zhòng hé
片言只语	piàn yán zhǐ yǔ
只言片语	zhī yán piàn yǔ
百端待举	bǎi duān dài jǔ
百废待举	bǎi fèi dài jǔ
感旧之哀	gǎn jiù zhī āi
盛气凌人	shèng qì líng rén
绣虎雕龙	xiù hǔ diāo lóng
恬不知愧	tián bù zhī kuì
违天害理	wéi tiān hài lǐ
若释重负	ruò shì zhòng fù
屡见不鲜	lǚ jiàn bù xiān
永不磨灭	yǒng bù mó miè
嘴快舌长	zuǐ kuài shé cháng
六朝金粉	liù cháo jīn fěn
诛求无已	zhū qiú wú yǐ
半半路路	bàn bàn lù lù
未可厚非	wèi kě hòu fēi
敬授人时	jìng shòu rén shí
自卖自夸	zì mài zì kuā
闲云野鹤	xián yún yě hè
野鹤闲云	yě hè xián yún
罪逆深重	zuì nì shēn zhòng
来鸿去燕	lái hóng qù yàn
风声鹤唳	fēng shēng hè lì
鹤唳风声	hè lì fēng shēng
抽刀断水	chōu dāo duàn shuǐ
接风洗尘	jiē fēng xǐ chén
打虎牢龙	dǎ hǔ láo lóng
正法直度	zhèng fǎ zhí dù
救世济民	jiù shì jì mín
内助之贤	nèi zhù zhī xián
释知遗形	shì shì yí xíng
姿意妄为	zī yì wàng wéi
电流星散	diàn liú xīng sàn
识礼知书	shí lǐ zhī shū
知书达礼	zhī shū dá lǐ
迟疑不决	chí yí bù jué
啸傲风月	xiào ào fēng yuè
西食东眠	xī shí dōng mián
龙精虎猛	lóng jīng hǔ měng
默默无闻	mò mò wú wén
以升量石	yǐ shēng liáng dàn
兵慌马乱	bīng huāng mǎ luàn
横行直撞	héng xíng zhí zhuàng
不知端倪	bù zhī duān ní
画虎类狗	huà hǔ lèi gǒu
执文害意	zhí wén hài yì
有志竟成	yǒu zhì jìng chéng
望而却步	wàng ér què bù
视如土芥	shì rú tǔ jiè
翻然改进	fān rán gǎi jìn
放纵不拘	fàng zòng bù jū
势穷力竭	shì qióng lì jié
洋洋自得	yáng yáng zì dé
如火燎原	rú huǒ liáo yuán
齿白唇红	chǐ bái chún hóng
唇红齿白	chún hóng chǐ bái
语出月胁	yǔ chū yuè xié
迁善去恶	qiān shàn qù è
齿少心锐	chǐ shǎo xīn ruì
半新半旧	bàn xīn bàn jiù
命若悬丝	mìng ruò xuán sī
计获事足	jì huò shì zú
辉光日新	huī guāng rì xīn
风雨漂摇	fēng yǔ piāo yáo
一把死拿	yī bǎ sǐ ná
枯树开花	kū shù kāi huā
大事去矣	dà shì qù yǐ
丹青不渝	dān qīng bù yú
计穷虑极	jì qióng lǜ jí
五颜六色	wǔ yán liù sè
割地求和	gē dì qiú hé
灭景追风	miè yǐng zhuī fēng
易同反掌	yì tóng fǎn zhǎng
本性难移	běn xìng nán yí
善财难舍	shàn cái nán shě
春宵一刻	chūn xiāo yī kè
闲花野草	xián huā yě cǎo
野草闲花	yě cǎo xián huā
执迷不误	zhí mí bù wù
见风使舵	jiàn fēng shǐ duò
唾面自干	tuò miàn zì gān
随声附和	suí shēng fù hè
海沸山崩	hǎi fèi shān bēng
一簧两舌	yī huáng liǎng shé
功德圆满	gōng dé yuán mǎn
家无斗储	jiā wú dòu chǔ
重理旧业	chóng lǐ jiù yè
归心似箭	guī xīn sì jiàn
贤贤易色	xián xián yì sè
回肠寸断	huí cháng cùn duàn
潜德隐行	qián dé yǐn xíng
刀山剑树	dāo shān jiàn shù
剑树刀山	jiàn shù dāo shān
踵迹相接	zhǒng jì xiāng jiē
心如刀剉	xīn rú dāo yíng
心如刀绞	xīn rú dāo jiǎo
独是独非	dú shì dú fēi
以卵击石	yǐ luǎn jī shí
大摇大摆	dà yáo dà bǎi
死声淘气	sǐ shēng táo qì
闲神野鬼	xián shén yě guǐ
没眉没眼	méi méi méi yǎn
语近指远	yǔ jìn zhǐ yuǎn
雨零星乱	yǔ líng xīng luàn
鹤立鸡群	hè lì jī qún
略见一斑	lüè jiàn yī bān
千载难遇	qiān zǎi nán yù
德浅行薄	dé qiǎn xíng báo
势孤力薄	shì gū lì báo
守口如瓶	shǒu kǒu rú píng
摇尾求食	yáo wěi qiú shí
感戴二天	gǎ dài èr tiān
以牙还牙	yǐ yá huán yá
积习成俗	jī xí chéng sú
共为唇齿	gòng wéi chún chǐ
日坐愁城	rì zuò chóu chéng
多见广识	duō jiàn guǎng shí
见多识广	jiàn duō shí guǎng
墨守成法	mò shǒu chéng fǎ
高步云衢	gāo bù yún qú
各执一词	gè zhí yī cí
出奇致胜	chū qí zhì shèng
轰天烈地	hōng tiān liè dì
轰天裂地	hōng tiān liè dì
长揖不拜	cháng yī bù bài
光彩夺目	guāng cǎi duó mù
吊胆提心	diào dǎn tí xīn
提心吊胆	tí xīn diào dǎn
避难就易	bì nán jiù yì
嫁祸于人	jià huò yú rén
退避三舍	tuì bì sān shè
违世异俗	wéi shì yì sú
丧心病狂	sàng xīn bìng kuáng
餐云卧石	cān yún wò shí
造次行事	zào cì xíng shì
贪利忘义	tān lì wàng yì
凤附龙攀	fèng fù lóng pān
附凤攀龙	fù fèng pān lóng
龙攀凤附	lóng pān fèng fù
攀龙附凤	pān lóng fù fèng
锥刀之末	zhuī dāo zhī mò
大树将军	dà shù jiāng jūn
元龙高卧	yuán lóng gāo wò
战火纷飞	zhàn huǒ fēn fēi
白衣秀士	bái yī xiù shì
绝国殊俗	jué guó shū sú
安分守已	ān fěn shǒu jǐ
病由口入	bìng yóu kǒu rù
毁车杀马	huǐ chē shā mǎ
杀马毁车	shā mǎ huǐ chē
另开生面	lìng kāi shēng miàn
有增无损	yǒu zēng wú sǔn
厚貌深情	hòu mào shēn qíng
破涕为笑	pò tì wéi xiào
凤鸣麟出	fèng míng lín chū
承天之佑	chéng tiān zhī yòu
把持不定	bǎ chí bù dìng
蹑影追风	niè yǐng zhuī fēng
追风蹑影	zhuī fēng niè yǐng
岿然不动	kuī rán bù dòng
云龙井蛙	yún lóng jǐng wā
颠扑不磨	diān pū bù mó
冲云破雾	chōng yún pò wù
三回五次	sān huí wǔ cì
梦中说梦	mèng zhōng shuō mèng
正颜厉色	zhèng yán lì sè
质非文是	zhì fēi wén shì
气骄志满	qì jiāo zhì mǎn
气满志骄	qì mǎn zhì jiāo
志满气骄	zhì mǎn qì jiāo
富贵骄人	fù guì jiāo rén
末节细行	mò jié xì xíng
日旰忘食	rì gàn wàng shí
驴前马后	lǘ qián mǎ hòu
浇风薄俗	jiāo fēng bó sú
溢美之辞	yì měi zhī cí
百结愁肠	bǎi jié chóu cháng
愁肠百结	chóu cháng bǎi jié
知恩报德	zhī ēn bào dé
通工易事	tōng gōng yì shì
风清月皎	fēng qīng yuè jiāo
白衣苍狗	bái yī cāng gǒu
苍狗白衣	cāng gǒu bái yī
危如累卵	wēi rú lěi luǎn
成风尽垩	chéng fēng jìn è
胆裂魂飞	dǎn liè hún fēi
魂飞胆裂	hún fēi dǎn liè
帷薄不修	wéi bó bù xiū
莫可名状	mò kě míng zhuàng
阿意取容	ē yì qǔ róng
恩同山岳	ēn tóng shān yuè
识文谈字	shí wén tán zì
爽心悦目	shuǎng xīn yuè mù
比类从事	bǐ lèi cóng shì
视丹如绿	shì dān rú lǜ
一空依傍	yī kōng yī bàng
博古通今	bó gǔ tōng jīn
通古博今	tōng gǔ bó jīn
通今博古	tōng jīn bó gǔ
豪放不羁	háo fàng bù jī
从壁上观	cóng bì shàng guān
三头六证	sān tóu liù zhèng
餐风露宿	cān fēng lù sù
餐风宿露	cān fēng sù lù
风餐露宿	fēng cān lù sù
露餐风宿	lù cān fēng sù
露宿风餐	lù sù fēng cān
倾盖如故	qīng gài rú gù
人言籍籍	rén yán jí jí
鼻端生火	bí duān shēng huǒ
却行求前	què xíng qiú qián
只轮无反	zhī lún wú fǎn
微服私行	wēi fú sī xíng
擎天之柱	qíng tiān zhī zhù
韬晦之计	tāo huì zhī jì
来者居上	lái zhě jū shàng
为蛇添足	wéi shé tiān zú
随高就低	suí gāo jiù dī
以战养战	yǐ zhàn yǎng zhàn
贪欲无厌	tān yù wú yàn
白骨再肉	bái gǔ zài ròu
逸兴横飞	yì xìng héng fēi
两叶掩目	liǎng yè yǎn mù
老调重弹	lǎo diào zhòng dàn
慰情胜无	wèi qíng shèng wú
覆车之轨	fù chē zhī guǐ
逐影寻声	zhú yǐng xún shēng
户枢不朽	hù shū bù xiǔ
笔走龙蛇	bǐ zǒu lóng shé
三马同槽	sān mǎ tóng cáo
凄风冷雨	qī fēng lěng yǔ
字字珠玉	zì zì zhū yù
情逾骨肉	qíng yú gǔ ròu
十步香草	shí bù xiāng cǎo
自始至终	zì shǐ zhì zhōng
贼头狗脑	zéi tóu gǒu nǎo
与物无竞	yǔ wù wú jìng
屯毛不辨	tún máo bù biàn
前歌后舞	qián gē hòu wǔ
福为祸始	fú wéi huò shǐ
洁身自爱	jié shēn zì ài
仰面唾天	yǎng miàn tuò tiān
针芥之合	zhēn jiè zhī hé
母以子贵	mǔ yǐ zǐ guì
万马奔腾	wàn mǎ bēn téng
眉睫之内	méi jié zhī nèi
买马招兵	mǎi mǎ zhāo bīng
招兵买马	zhāo bīng mǎi mǎ
龙德在田	lóng dé zài tián
甘心瞑目	gān xīn míng mù
爱鹤失众	ài hè shī zhòng
火眼金睛	huǒ yǎn jīn jīng
托公行私	tuō gōng xíng sī
日已三竿	rì yǐ sān gān
目瞪口结	mù dèng kǒu jié
绝长续短	jué cháng xù duǎn
放浪无羁	fàng làng wú jī
先花后果	xiān huā hòu guǒ
神领意造	shén lǐng yì zào
诞妄不经	dàn wàng bù jīng
杳如黄鹤	yǎo rú huáng hè
迷涂知反	mí tú zhī fǎn
益国利民	yì guó lì mín
深切着白	shēn qiē zhe bái
开宗明义	kāi zōng míng yì
红豆相思	hóng dòu xiāng sī
眉欢眼笑	méi huān yǎn xiào
唇齿相依	chún chǐ xiāng yī
乔龙画虎	qiáo lóng huà hǔ
江心补漏	jiāng xīn bǔ lòu
付之一炬	fù zhī yī jù
见性成佛	jiàn xìng chéng fó
背暗投明	bèi àn tóu míng
腹非心谤	fù fēi xīn bàng
心谤腹非	xīn bàng fù fēi
青龙金匮	qīng lóng jīn kuì
死生荣辱	sǐ shēng róng rǔ
死求白赖	sǐ qiú bái lài
杜耳恶闻	dù ěr è wén
乐退安贫	lè tuì ān pín
镜里观花	jìng lǐ guān huā
同病相怜	tóng bìng xiāng lián
厚貌深文	hòu mào shēn wén
仁至义尽	rén zhì yì jìn
和颜说色	hé yán yuè sè
心余力绌	xīn yú lì chù
略胜一筹	lüè shèng yī chóu
总角之好	zǒng jiǎo zhī hǎo
锲而不舍	qiè ér bù shě
冬日可爱	dōng rì kě ài
深更半夜	shēn gēng bàn yè
疾走先得	jí zǒu xiān dé
息息相关	xī xī xiāng guān
反躬自问	fǎn gōng zì wèn
随波逐流	suí bō zhú liú
蔽日遮天	bì rì zhē tiān
遮天蔽日	zhē tiān bì rì
抱恨终天	bào hèn zhōng tiān
柳影花阴	liǔ yǐng huā yīn
兵微将寡	bīng wēi jiàng guǎ
目治手营	mù zhì shǒu yíng
十步香车	shí bù xiāng chē
茫无头绪	máng wú tóu xù
龙姿凤采	lóng zī fèng cǎi
两全其美	liǎng quán qí měi
回邪入正	huí xié rù zhèng
洞若观火	dòng ruò guān huǒ
名实相符	míng shí xiāng fú
不容置喙	bù róng zhì huì
世代书香	shì dài shū xiāng
将功补过	jiāng gōng bǔ guò
轻车熟道	qīng chē shú dào
颠来倒去	diān lái dǎo qù
三阳开泰	sān yáng kāi tài
井渫不食	jǐng xiè bù shí
枉费日月	wǎng fèi rì yuè
趁虚而入	chèn xū ér rù
引虎自卫	yǐn hǔ zì wèi
暗室欺心	àn shì qī xīn
三首六臂	sān shǒu liù bì
轻嘴薄舌	qīng zuǐ bó shé
目光如炬	mù guāng rú jù
相视莫逆	xiāng shì mò nì
气克斗牛	qì kè dǒu niú
横僿不文	héng sài bù wén
可发一噱	kě fā yī jué
蜂拥而上	fēng yōng ér shàng
驰风骋雨	chí fēng chěng yǔ
出纳之吝	chū nà zhī lìn
不媿下学	bù kuì xià xué
学无止境	xué wú zhǐ jìng
前功尽灭	qián gōng jìn miè
管见所及	guǎn jiàn suǒ jí
以权谋私	yǐ quán móu sī
知彼知己	zhī bǐ zhī jǐ
知己知彼	zhī jǐ zhī bǐ
独来独往	dú lái dú wǎng
独往独来	dú wǎng dú lái
任重致远	rèn zhòng zhì yuǎn
致远任重	zhì yuǎn rèn zhàng
将伯之呼	qiāng bó zhī hū
为非作歹	wéi fēi zuò dǎi
作歹为非	zuò dǎi wéi fēi
鱼肉乡里	yú ròu xiāng lǐ
生关死劫	shēng guān sǐ jié
徒劳无益	tú láo wú yì
风雨萧条	fēng yǔ xiāo tiáo
金精玉液	jīn jīng yù yè
生死予夺	shēng sǐ yǔ duó
自甘暴弃	zì gān bào qì
慈眉善目	cí méi shàn mù
自怨自艾	zì yuàn zì yì
气急败丧	qì jí bài sàng
假门假事	jiǎ mén jiǎ shì
横眉怒视	héng méi nù shì
深中隐厚	shēn zhōng yǐn hòu
穿云裂石	chuān yún liè shí
裂石穿云	liè shí chuān yún
犯上作乱	fàn shàng zuò luàn
方以类聚	fāng yǐ lèi jù
好行小慧	hǎo xíng xiǎo huì
口沸目赤	kǒu fèi mù chì
好梦难圆	hǎo mèng nán yuán
饱经世变	bǎo jīng shì biàn
慌不择路	huāng bù zé lù
赫然而怒	hè rán ér nù
惟精惟一	wéi jīng wéi yī
昏迷不醒	hūn mí bù xǐng
只字不提	zhī zì bù tí
蹈人旧辙	dǎo rén jiù zhé
博学多才	bó xué duō cái
强弩之极	qiáng nǔ zhī jí
轻财贵义	qīng cái guì yì
秋毫无犯	qiū háo wú fàn
间不容瞬	jiān bù róng shùn
百代文宗	bǎi dài wén zōng
重气徇命	zhòng qì xùn míng
泥古非今	nì gǔ fēi jīn
万壑争流	wàn hè zhēng liú
生荣死哀	shēng róng sǐ āi
流言混话	liú yán hùn huà
东零西散	dōng líng xī sàn
少小无猜	shào xiǎo wú cāi
以逸击劳	yǐ yì jī láo
天造草昧	tiān zào cǎo mèi
十字街头	shí zì jiē tóu
列风淫雨	liè fēng yín yǔ
穷理尽性	qióng lǐ jìn xìng
惊慌无措	jīng huāng wú cuò
不越雷池	bù yuè léi shi
福寿年高	fú shòu nián gāo
水尽鹅飞	shuǐ jìn é fēi
虚左以待	xū zuǒ yǐ dài
不药而愈	bù yào ér yù
背恩忘义	bèi ēn wàng yì
背义忘恩	bèi yù wàng ēn
忘恩背义	wàng ēn bèi yì
面誉背非	miàn yù bèi fēi
以义割恩	yǐ yì gē ēn
昂然直入	áng rán zhí rù
作福作威	zuò fú zuò wēi
作威作福	zuò wēi zuò fú
察今知古	chá jīn zhī gǔ
放浪无拘	fàng làng wú jū
安居乐业	ān jū lè yè
乐业安居	lè yè ān jū
使心作幸	shǐ xīn zuò xìng
玉卮无当	yù zhī wú dàng
一枕槐安	yī zhěn huái ān
志骄意满	zhì jiāo yì mǎn
言芳行洁	yán fāng xíng jié
流言蜚语	liú yán fēi yǔ
强死强活	qiǎng sǐ qiǎng huó
彩云易散	cǎi yún yì sàn
黄粱一梦	huáng liáng yī mèng
以卵敌石	yǐ luǎn dí shí
是非曲直	shì fēi qǔ zhí
身体发肤	shēn tǐ fà fū
垢面蓬头	gòu miàn péng tóu
蓬头垢面	péng tóu gòu miàn
果于自信	guǒ yú zì xìn
狐鸣鱼书	hú míng yú shū
鱼肉百姓	yú ròu bǎi xìng
进退双难	jìn tuì shuāng nán
表里为奸	biǎo lǐ wéi jiān
山珍海错	shān zhēn hǎi cuò
七步成诗	qī bù chéng shī
甘贫乐道	gān pín lè dào
盗名欺世	dào míng qī shì
欺世盗名	qī shì dào míng
照功行赏	zhào gōng xíng shǎng
鹰视虎步	yīng shì hǔ bù
喜从天降	xǐ cóng tiān jiàng
文章宿老	wén zhāng sù lǎo
开国功臣	kāi guó gōng chén
翻空出奇	fān kōng chū qí
口中雌黄	kǒu zhōng cí huáng
三年化碧	sān nián huà bì
父为子隐	fù wéi zǐ yǐn
子为父隐	zǐ wéi fù yǐn
面面俱圆	miàn miàn jù yuán
不厌其详	bù yàn qí xiáng
隐若敌国	yǐn ruò dí guó
狂风骤雨	kuáng fēng zhòu yǔ
骤雨狂风	zhòu yǔ kuáng fēng
一斑半点	yī bān bàn diǎn
东播西流	dōng bō xī liú
悲歌易水	bēi gē yì shuǐ
以火去蛾	yǐ huǒ qù é
日角珠庭	rì jiǎo zhū tíng
因祸为福	yīn huò wéi fú
孤军深入	gū jūn shēn rù
以假乱真	yǐ jiǎ luàn zhēn
形销骨立	xíng xiāo gǔ lì
赏高罚下	shǎng gāo fá xià
散马休牛	sàn mǎ xiū niú
休牛散马	xiū niú sàn mǎ
坐而待弊	zuò ér dài bì
一脉香烟	yī mài xiāng yān
星流电击	xīng liú diàn jī
贼头鬼脑	zéi tóu guǐ nǎo
整旧如新	zhěng jiù rú xīn
粗中有细	cū zhōng yǒu xì
矜功负气	jīn gōng fǔ qì
鹰扬虎视	yīng yáng hǔ shì
不愧屋漏	bù kuì wū lòu
指东话西	zhǐ dōng huà xī
珠流璧转	zhū liú bì zhuǎn
小眼薄皮	xiǎo yǎn bó pí
感同身受	gǎn tóng shēn shòu
盈满之咎	yíng mǎn zhī jiù
春风沂水	chūn fēng yí shuǐ
沂水春风	yí shuǐ chūn fēng
计穷智极	jì qióng zhì jí
一之谓甚	yī zhī wèi shèn
以往鉴来	yǐ wǎng jiàn lái
顺非而泽	shùn fēi ér zé
东驰西击	dōng chí xī jī
嫌长道短	xián cháng dào duǎn
物伤其类	wù shāng qí lèi
朽棘不雕	xiǔ jí bù diāo
水底摸月	shuǐ dǐ mō yuè
引物连类	yǐn wù lián lèi
安常守故	ān cháng shǒu gù
遁世无闷	dùn shì wú mèn
开雾睹天	kāi wù dǔ tiān
佛眼佛心	fó yǎn fó xīn
东奔西走	dōng bēn xī zǒu
先意承指	xiān yì chéng zhǐ
先意承志	xiān yì chéng zhì
三魂出窍	sān hún chū qiào
俯仰之间	fǔ yǎng zhī jiān
花红柳绿	huā hóng liǔ lǜ
柳绿花红	liǔ lǜ huā hóng
从宽发落	cóng kuān fā luò
撼地摇天	hàn dì yáo tiān
像心适意	xiàng xīn shì yì
孤文只义	gū wén zhī yì
表里相依	biǎo lǐ xiāng yī
束手听命	shù shǒu tīng mìng
创意造言	chuàng yì zào yán
打草惊蛇	dǎ cǎo jīng shé
打草蛇惊	dǎ cǎo shé jīng
断长续短	duàn chāng xù duǎn
前功尽废	qián gōng jìn fèi
滔滔不绝	tāo tāo bù jué
背义负信	bèi yù fù xìn
碧空万里	bì kōng wàn lǐ
相去悬殊	xiāng qù xuán shū
身怀六甲	shēn huái liù jiǎ
触物伤情	chù wù shāng qíng
斗鸡养狗	dòu jī yǎng gǒu
六通四达	liù tōng sì dá
带月披星	dài yuè pī xīng
披星带月	pī xīng dài yuè
轻车简从	qīng chē jiǎn cóng
井井有条	jǐng jǐng yǒu tiáo
虎变龙蒸	hǔ biàn lóng zhēng
横见侧出	héng jiàn cè chū
全功尽弃	quán gōng jìn qì
高城深池	gāo chéng shēn chí
气血方刚	qì xuè fāng gāng
血气方刚	xuè qì fāng gāng
供不应求	gōng bù yìng qiú
运筹千里	yùn chóu qiān lǐ
甘之如荠	gān zhī rú jì
须眉交白	xū méi jiāo bái
陷落计中	xiàn luò jì zhōng
孔席不适	kǒng xí bù shì
四分五剖	sì fēn wǔ pōu
怒目切齿	nù mù qiè chǐ
矫世变俗	jiǎo shì biàn sú
蔚为大观	wèi wéi dà guān
放火烧山	fàng huǒ shāo shān
烟飞星散	yān fēi xīng sàn
漏洞百出	lòu dòng bǎi chū
固执成见	gù zhí chéng jiàn
恩恩相报	ēn ēn xiāng bào
随高逐低	suí gāo zhú dī
雾集云合	wù jí yún hé
云合雾集	yún hé wù jí
好事天悭	hǎo shì tiān qiān
年深岁久	nián shēn suì jiǔ
事火咒龙	shì huǒ zhòu lóng
苦身焦思	kǔ shēn jiāo sī
宝马香车	bǎo mǎ xiāng chē
香车宝马	xiāng chē bǎo mǎ
饱经世故	bǎo jīng shì gù
一柱擎天	yī zhù qíng tiān
旧事重提	jiù shì zhòng tí
路柳墙花	lù liǔ qiáng huā
墙花路柳	qiáng huā lù liǔ
说亲道热	shuō qīn dào rè
大吹大擂	dà chuī dà léi
九天仙女	jiǔ tiān xiān nǚ
遂非文过	suí fēi wén guò
文过遂非	wén guò suí fēi
出处语默	chū chǔ yǔ mò
德言工貌	dé yán gōng mào
颐指风使	yí zhǐ fēng shǐ
历历可见	lì lì kě jiàn
一箪一瓢	yī dān yī piáo
音问两绝	yīn wèn liǎng jué
独学寡闻	dú xué guǎ wén
染神乱志	rǎn shén luàn zhì
鸾凤和鸣	luán fèng hè míng
心慕手追	xīn mù shǒu zhuī
压卷之作	yā juàn zhī zuò
秋月寒江	qiū yuè hán jiāng
至诚高节	zhì chéng gāo jié
楚楚有致	chǔ chǔ yǒu zhì
骨腾肉飞	gǔ téng ròu fēi
夸大其词	kuā dà qí cí
二龙戏珠	èr lóng xì zhū
负恩忘义	fù ēn wàng yì
负义忘恩	fù yì wàng ēn
忘恩负义	wàng ēn fù yì
破涕成笑	pò tì chéng xiào
来龙去脉	lái lóng qù mài
昌言无忌	chāng yán wú jì
适心娱目	shì xīn yú mù
全知全能	quán zhī quán néng
玉石俱焚	yù shí jù fén
惊师动众	jīng shī dòng zhòng
邈以山河	miǎo yǐ shān hé
一官半职	yī guān bàn zhí
指手点脚	zhǐ shǒu diǎn jiǎo
貌合形离	mào hé xíng lí
身名俱灭	shēn míng jù miè
黄雀在后	huáng què zài hòu
长话短说	cháng huà duǎn shuō
话长说短	huà cháng shuō duǎn
说长话短	shuō cháng huà duǎn
总角之交	zǒng jiǎo zhī jiāo
阑风伏雨	lán fēng fú yǔ
告老在家	gào lǎo zài jiā
海沸山裂	hǎi fèi shān liè
此中三昧	cǐ zhōng sān mèi
漫天遍地	màn shān biàn dì
救难解危	jiù nán jiě wēi
旷世奇才	kuàng shì qí cái
东怒西怨	dōng nù xī yuàn
东怨西怒	dōng yuàn xī nù
久历风尘	jiǔ lì fēng chén
舟中敌国	zhōu zhōng dí guó
阿世取容	ē shì qǔ róng
长林丰草	cháng lín fēng cǎo
丰草长林	fēng cǎo cháng lín
艺不压身	yì bù yā shēn
祸福相依	huò fú xiāng yī
枝分叶散	zhī fēn yè sàn
八字打开	bā zì dǎ kāi
犬吠之盗	quǎn fèi zhī dào
得月较先	dé yuè jiào xiān
推东主西	tuī dōng zhǔ xī
慧业才人	huì yè cái rén
肝肠寸断	gān cháng cùn duàn
贞高绝俗	zhēn gāo jué sú
快人快性	kuài rén kuài xìng
身当其境	shēn dāng qí jìng
四面受敌	sì miàn shòu dí
事过景迁	shì guò jǐng qiān
引狼入室	yǐn láng rù shì
谢天谢地	xiè tiān xiè dì
贤良方正	xián liáng fāng zhèng
收成弃败	shōu chéng qì bài
爽心豁目	shuǎng xīn huō mù
鸾孤凤寡	luán gū fèng guǎ
无关痛痒	wú guān tòng yǎng
一元复始	yī yuán fù shǐ
畏影而走	wèi yǐng ér zǒu
慌作一团	huāng zuò yī tuán
佳兵不祥	jiā bīng bù xiáng
人世沧桑	rén shì cāng sāng
风雷火炮	fēng léi huǒ pào
曾不惨然	zeng bu chan ran
声威大震	shēng wēi dà zhèn
豪言壮语	háo yán zhuàng yǔ
一雕双兔	yī diāo shuāng tù
成败兴废	chéng bài xīng fèi
另有洞天	lìng yǒu dòng tiān
声色俱厉	shēng sè jù lì
轻世肆志	qīng shì sì zhì
公私两济	gōng sī liǎng jì
鸡虫得失	jī chóng dé shī
人心叵测	rén xīn pǒ cè
白首相庄	bái shǒu xiāng zhuāng
油干火尽	yóu gān huǒ jìn
白鱼登舟	bái yú dēng zhōu
国尔忘家	guó ěr wàng jiā
轻视傲物	qīng shì ào wù
魂劳梦断	hún láo mèng duàn
梦断魂劳	mèng duàn hún láo
唯所欲为	wéi suǒ yù wéi
疾如雷电	jí rú léi diàn
深仇重怨	shēn chóu zhòng yuàn
更长梦短	gēng cháng mèng duǎn
食少事繁	shí shǎo shì fán
落纸云烟	luò zhǐ yún yān
纸落云烟	zhǐ luò yún yān
深切着明	shēn qiē zhe míng
锦绣河山	jǐn xiù hé shān
锦绣山河	jǐn xiù shān hé
神魂摇荡	shén hún yáo dàng
极智穷思	jí zhì qióng sī
安堵如故	ān dǔ rú gù
对答如流	duì dá rú liú
剖心泣血	pōu xīn qì xuè
三街两市	sān jiē liǎng shì
自出机轴	zì chū jī zhóu
力学笃行	lì xué dǔ xíng
过街老鼠	guò jiē lǎo shǔ
老鼠过街	lǎo shǔ guò jiē
弦外有音	xián wài yǒu yīn
争强好胜	zhēng qiáng hào shèng
逐流忘返	zhú liú wàng fǎn
画水镂冰	huà shuǐ lòu bīng
不事边幅	bù shì biān fú
床上安床	chuáng shàng ān chuáng
口似悬河	kǒu sì xuán hé
笑里藏刀	xiào lǐ cáng dāo
轩然大波	xuān rán dà bō
别风淮雨	bié fēng huái yǔ
五零二落	wǔ líng èr luò
礼贤下士	lǐ xián xià shì
眼观六路	yǎn guān liù lù
发愤忘食	fā fèn wàng shí
旁门邪道	páng mén xié dào
绝裙而去	jué jū ér qù
无动于衷	wú dòng yú zhōng
眷眷之心	juàn juàn zhī xīn
良知良能	liáng zhī liáng néng
高居深拱	gāo jū shēn gǒng
回春妙手	huí chūn miào shǒu
妙手回春	miào shǒu huí chūn
振臂一呼	zhèn bì yī hū
登山涉水	dēng shān shè shuǐ
肺腑之言	fèi fǔ zhī yán
经邦论道	jīng bāng lùn dào
论道经邦	lùn dào jīng bāng
民生在勤	mín shēng zài qín
长歌当哭	cháng gē dàng kū
枯树生华	kū shù shēng huā
木梗之患	mù gěng zhī huàn
时移势迁	shí yí shì qiān
视如陌路	shì rú mò lù
指皂为白	zhǐ zào wéi bái
前程万里	qián chéng wàn lǐ
痛改前非	tòng gǎi qián fēi
杜口结舌	dù kǒu jié shé
结舌杜口	jié shé dù kǒu
窗间过马	chuāng jiān guò mǎ
积年累岁	jī nián lěi suì
八面驶风	bā miàn shǐ fēng
轩盖如云	xuān gài rú yún
招风惹草	zhāo fēng rě cǎo
林下风范	lín xià fēng fàn
服牛乘马	fú niú chéng mǎ
打凤牢龙	dǎ fèng láo lóng
遗形忘性	yí xíng wàng xìng
九年之储	jiǔ nián zhī chǔ
衣锦夜游	yì jǐn yè yóu
去食存信	qù shí cún xìn
防心摄行	fáng xīn shè xíng
垂首丧气	chuí shǒu sàng qì
尊己卑人	zūn jǐ bēi rén
守望相助	shǒu wàng xiāng zhù
咫尺之书	zhǐ chǐ zhī shū
雄才大略	xióng cái dà lüè
惊魂动魄	jīng hún dòng pò
星飞电急	xīng fēi diàn jí
本末源流	běn mò yuán liú
烽鼓不息	fēng gǔ bù xī
白浪掀天	bái làng xiān tiān
格格不吐	gē gē bù tǔ
三毛七孔	sān máo qī kǒng
驷之过隙	sì zhī guò xì
无头告示	wú tóu gào shì
鸦雀无闻	yā què wú wén
堂堂正正	táng táng zhèng zhèng
正正堂堂	zhèng zhèng táng táng
才华盖世	cái huá gài shì
独霸一方	dú bà yī fāng
笔翰如流	bǐ hàn rú liú
拈花弄月	niān huā nòng yuè
身名俱泰	shēn míng jù tai
离奇古怪	lí qí gǔ guài
奇离古怪	qí lí gǔ guài
心闲手敏	xīn xián shǒu mǐn
急流勇进	jí liú yǒng jìn
千恩万谢	qiān ēn wàn xiè
高自标置	gāo zì biāo zhì
目定口呆	mù dìng kǒu dāi
至再至三	zhì zài zhì sān
乐尽悲来	lè jìn bēi lái
尾大难掉	wěi dà nán diào
滔滔不断	tāo tāo bù duàn
背恩负义	bèi ēn fù yì
背义负恩	bèi yù fù ēn
负恩背义	fù ēn bèi yì
颐神养气	yí shén yǎng qì
移风易尚	yí fēng yì shàng
民和年丰	mín hé nián fēng
云集景从	yún jí jǐng cóng
逾山越海	yú shān yuè hǎi
深惟重虑	shēn wéi zhòng lǜ
狐兔之悲	hú tù zhī bēi
全力以赴	quán lì yǐ fù
香象绝流	xiāng xiàng jué liú
面面相觑	miàn miàn xiāng qù
如水赴壑	rú shǔ fù hè
迥乎不同	jiǒng hū bù tóng
通首至尾	tōng shǒu zhì wěi
好逸恶劳	hào yì wù láo
堆金积玉	duī jīn jī yù
积玉堆金	jī yù duī jīn
计研心算	jì yán xīn suàn
功名利禄	gōng míng lì lù
弃暗投明	qì àn tóu míng
弃明投暗	qì míng tóu àn
守正不桡	shǒu zhèng bù ráo
同船合命	tóng chuán hé mìng
负俗之讥	fù sú zhī jī
心悦神怡	xīn yuè shén yí
草草收兵	cǎo cǎo shōu bīng
剖心析肝	pōu xīn xī gān
杜门面壁	dù mén mian bì
太上忘情	tài shàng wàng qíng
十鼠同穴	shí shǔ tóng xué
物极必反	wù jí bì fǎn
遗训余风	yí xùn yú fēng
了如指掌	liǎo rú zhǐ zhǎng
多谋善虑	duō móu shàn lǜ
十转九空	shí zhuǎn jiǔ kōng
诸色人等	zhū sè rén děng
大寒索裘	dà hán suǒ qiú
逆天违理	nì tiān wéi lǐ
违天逆理	wéi tiān nì lǐ
凤毛济美	fèng máo jì měi
辩口利辞	biàn kǒu lì cí
毋望之祸	wú wàng zhī huò
月章星句	yuè zhāng xīng jù
敲冰求火	qiāo bīng qiú huǒ
钻冰求火	zuān bīng qiú huǒ
异闻传说	yì wén chuán shuō
椎心泣血	chuí xīn qì xuè
劫后余生	jié hòu yú shēng
文君新寡	wén jūn xīn guǎ
臭名远扬	chòu míng yuǎn yáng
斗转星移	dǒu zhuǎn xīng yí
星移斗转	xīng yí dǒu zhuǎn
八面受敌	bā miàn shòu dí
见善必迁	jiàn shàn bì qiān
来者可追	lái zhě kě zhuī
璧合珠连	bì hé zhū lián
连珠合璧	lián zhū hé bì
珠连璧合	zhū lián bì hé
鸡豚之息	jī tún zhī xī
粗枝大叶	cū zhī dà yè
耳红面赤	ěr hóng miàn chì
面红耳赤	miàn hóng ěr chì
入幕之宾	rù mù zhī bīn
鬼计多端	guǐ jì duō duān
心殒胆破	xīn yǔn dǎn pò
迁延时日	qiān yán shí rì
耳提面命	ěr tí miàn mìng
面命耳提	miàn mìng ěr tí
日诵五车	rì sòng wǔ chē
人存政举	rén cún zhèng jǔ
千姿百态	qiān zī bǎi tài
八面张罗	bā miàn zhāng luo
诛求无厌	zhū qiú wú yàn
溢于言外	yì yú yán wài
千仞无枝	qiān rèn wú zhī
位卑言高	wèi bēi yán gāo
骨肉至亲	gǔ ròu zhì qīn
至亲骨肉	zhì qīn gǔ ròu
鼓舌扬唇	gǔ shé yáng chún
神灭形消	shén miè xíng xiāo
屈打成招	qū dǎ chéng zhāo
达权知变	dá quán zhī biàn
词穷理极	cí qióng lǐ jí
朝朝暮暮	zhāo zhāo mù mù
暮暮朝朝	mù mù zhāo zhāo
匹夫无罪	pǐ fū wú zuì
河清云庆	hé qīng yún qìng
差三错四	chā sān cuò sì
不啻天渊	bù chì tiān yuān
背信弃义	bèi xìn qì yì
执迷不悟	zhí mí bù wù
听人穿鼻	tīng rén chuān bí
芝草无根	zhi cao wu geng
得失参半	dé shī cān bàn
从长计较	cóng cháng jì jiào
豺狼野心	chái láng yě xīn
断木掘地	duàn mù jué dì
下车泣罪	xià chē qì zuì
寝丘之志	qǐn qiū zhī zhì
龙翔凤舞	lóng xiáng fèng wǔ
枝附影从	zhī fù yǐng cóng
借剑杀人	jiè jiàn shā rén
为虎添翼	wèi hǔ tiān yì
若卵投石	ruò luǎn tóu shí
学富五车	xué fù wǔ chē
巧夺天工	qiǎo duó tiān gōng
庸言庸行	yōng yán yōng xíng
顾影自怜	gù yǐng zì lián
入乡随俗	rù xiāng suí sú
随乡入俗	suí xiāng rù sú
度德量力	duó dé liàng lì
量力度德	liàng lì duó dé
全身远害	quán shēn yuǎn hài
心劳意冗	xīn láo yì rǒng
燕语莺声	yàn yǔ yīng shēng
莺声燕语	yīng shēng yàn yǔ
河东三箧	hé dōng sān qiè
足踏实地	zú tà shí dì
针芥之投	zhēn jiè zhī tóu
约定俗成	yuè dìng sú chéng
自吹自捧	zì chuī zì pěng
霸道横行	bà dào héng xíng
横行霸道	héng xíng bà dào
旁门左道	páng mén zuǒ dào
左道旁门	zuǒ dào páng mén
各从其志	gè cóng qí zhì
风中秉烛	fēng zhōng bǐng zhú
遁世离群	dùn shì lí qún
变幻不测	biàn huà bù cè
地塌天荒	dì tā tiān huāng
燕子衔食	yàn zǐ xián shí
以冠补履	yǐ guān bǔ lǚ
倍道兼行	bèi dào jiān xíng
博采众长	bó cǎi zhòng cháng
轻财好士	qīng cái hǎo shì
狼烟大话	láng yān dà huà
各自为政	gè zì wéi zhèng
拉家带口	lā jiā dài kǒu
顺风使船	shǔn fēng shǐ chuán
见卵求鸡	jiàn luǎn qiú jī
切中时弊	qiè zhòng shí bì
坐吃山空	zuò chī shān kōng
伤心蒿目	shāng xīn hāo mù
蜂出泉流	fēng chū quán liú
一鞭先著	yī biān xiān zhuó
楚歌四合	chǔ gē sì hé
多口阿师	duō kǒu ā shī
一式一样	yī shì yī yàng
抉目悬门	jué mù xuán mén
悬门抉目	xuán mén jué mù
枯木再生	kū mù zài shēng
一反既往	yī fǎn jì wǎng
戛玉鸣金	jiá yù míng jīn
扶摇万里	fú yáo wàn lǐ
贼头鼠脑	zéi tóu shǔ nǎo
三怨成府	sān yuàn chéng fǔ
三差五错	sān chā wǔ cuò
花明柳媚	huā míng liǔ mèi
吴带当风	wú dài dāng fēng
踵武相接	zhǒng wǔ xiāng jiē
直认不讳	zhí rèn bù huì
挥汗成雨	huī hàn chéng yǔ
改头换尾	gǎi tóu huàn wěi
牙牙学语	yá yá xué yǔ
白白朱朱	bái bái zhū zhū
破脑刳心	pò nǎo kū xīn
金谷酒数	jīn gǔ jiǔ shù
贫嘴恶舌	pín zuǐ è shé
与世推移	yǔ shì tuī yí
易如翻掌	yì rú fān zhǎng
破家荡业	pò jiā dàng yè
东南半壁	dōng nán bàn bì
苟安一隅	gǒu ān yī yú
百凡待举	bǎi fán dài jǔ
恍然若失	huǎng rán ruò shī
以玉抵乌	yǐ yù dǐ wū
齿过肩随	chǐ guò jiān suí
火然泉达	huǒ rán quán dá
称孤道寡	chēng gū dào guǎ
道寡称孤	dào guǎ chēng gū
傲睨一世	ào nì yī shì
黑风孽海	hēi fēng niè hǎi
面目可憎	miàn mù kě zēng
大有径庭	dà yǒu jìng tíng
绵言细语	mián yán xì yǔ
约法三章	yuè fǎ sān zhāng
七零八落	qī líng bā luò
泰山梁木	tài shān liáng mù
失道寡助	shī dào guǎ zhù
品而第之	pǐn ér dì zhī
舞弄文墨	wǔ nòng wén mò
舞文弄墨	wǔ wén nòng mò
戴天蹐地	dài tiān jí dì
从俗浮沉	cóng sú fú chén
焕然如新	huàn rán rú xīn
比物连类	bǐ wù lián lèi
连类比物	lián lèi bǐ wù
清灰冷火	qīng huī lěng huǒ
登高履危	dēng gāo lǚ wēi
厚颜无耻	hòu yán wú chǐ
来好息师	lái hǎo xī shī
惊心悼胆	jīng xīn dào dǎn
畏缩不前	wèi suō bù qián
转愁为喜	zhuǎn chóu wéi xǐ
际地蟠天	jì dì pán tiān
能者为师	néng zhě wéi shī
治病救人	zhì bìng jiù rén
伏虎降龙	fú hǔ xiáng lóng
降龙伏虎	xiáng lóng fú hǔ
四海升平	sì hǎi shēng píng
不违农时	bù wéi nóng shí
坚持不渝	jiān chí bù yú
名存实亡	míng cún shí wáng
无服之殇	wú fú zhī shāng
横眉瞪目	héng méi dèng mù
固若金汤	gù ruò jīn tāng
三瓦两巷	sān wǎ liǎng xiàng
堆山积海	duī shān jī hǎi
会者不忙	huì zhě bù máng
正气凛然	zhèng qì lǐn rán
国步艰难	guó bù jiān nán
火尽薪传	huǒ jìn xīn chuán
薪尽火传	xīn jìn huǒ chuán
喝西北风	hē xī běi fēng
凤歌鸾舞	fèng gē luán wǔ
凤舞鸾歌	fèng wǔ luán gē
鸾歌凤舞	luán gē fèng wǔ
师直为壮	shī zhí wéi zhuàng
云起龙骧	yún qǐ lóng xiāng
七张八嘴	qī zhāng bā zuǐ
七嘴八张	qī zuǐ bā zhāng
锦上添花	jǐn shàng tiān huā
终而复始	zhōng ér fù shǐ
若即若离	ruò jì ruò lí
若离若即	ruò lí ruò jí
慧心妙舌	huì xīn miào shé
风驱电击	fēng qū diàn jī
简要不烦	jiǎn yào bù fán
拿云捉月	ná yún zhuō yuè
祝发空门	zhù fā kōng mén
修身洁行	xiū shēn jié xíng
浮云富贵	fú yún fù guì
富贵浮云	fù guì fú yún
为裘为箕	wéi qiú wéi jī
将功折罪	jiāng gōng zhé zuì
改过迁善	gǎi guò qiān shàn
迁善改过	qiān shàn gǎi guò
三差两错	sān chā liǎng cuò
柱小倾大	zhù xiǎo qīng dà
众议成林	zhòng yì chéng lín
谩天昧地	mán tiān mèi dì
昧地谩天	mèi dì mán tiān
民有菜色	mín yǒu cài sè
酒病花愁	jiǔ bìng huā chóu
千辛万苦	qiān xīn wàn kǔ
万苦千辛	wàn kǔ qiān xīn
半斤八面	bàn jīn bā miàn
神流气鬯	shén liú qì chàng
前合后仰	qián hé hòu yǎng
前仰后合	qián yǎng hòu hé
一曝十寒	yī pù shí hán
屏声息气	bǐng shēng xī qì
不差累黍	bù chā lěi shǔ
颜精柳骨	yán jīng liǔ gǔ
一差二误	yī chà èr wù
多言繁称	duō yán fán chēng
放马华阳	fàng mǎ huá yáng
遮天映日	zhē tiān yìng rì
进退中绳	jìn tuì zhōng shéng
攫为己有	jué wéi jǐ yǒu
失精落彩	shī jīng luò cǎi
乱世凶年	luàn shì xiōng nián
断袖之宠	duàn xiù zhī chǒng
强食靡角	qiǎng shí mí jiǎo
求道于盲	qiú dào yú máng
盘龙之癖	pán lóng zhī pǐ
从头到尾	cóng tóu dào wěi
屡教不改	lǚ jiàn bù gǎi
长枕大衾	cháng zhěn dà qīn
以杀止杀	yǐ shā zhǐ shā
贼眉鼠眼	zéi méi shǔ yǎn
令人莫测	lìng rén mò cè
与世沉浮	yú shì chén fú
与世浮沉	yǔ shì fú chén
三复白圭	sān fù bái guī
遁迹空门	dùn jì kōng mén
海水桑田	hǎi shuǐ sāng tián
蜂拥而来	fēng yōng ér lái
八仙过海	bā xiān guò hǎi
捉风捕月	zhuō fēng bǔ yuè
终焉之志	zhōng yān zhī zhì
讳莫高深	huì mò gāo shēn
柔肠百转	róu cháng bǎi zhuǎn
雾散云披	wù sàn yún pī
百废待兴	bǎi fèi dài xīng
自坏长城	zì huài cháng chéng
将机就计	jiāng jī jiù jì
挥戈回日	huī gē huí rì
盲风晦雨	máng fēng huì yǔ
半途而废	bàn tú ér fèi
冰肌玉骨	bīng jī yù gǔ
玉骨冰肌	yù gǔ bīng jī
超然独处	chāo rán dú chǔ
天地诛戮	tiān dì zhū lù
向若而叹	xiàng ruò ér tàn
拜鬼求神	bài guǐ qiú shén
秋水盈盈	qiū shuǐ yíng yíng
盈盈秋水	yíng yíng shuǐ qiū
绿林大盗	lù lín dà dào
井然有序	jǐng rán yǒu xù
积微成著	jī wēi chéng zhù
临危不惧	lín wēi bù jù
燕幕自安	yàn mù zì ān
同床异梦	tóng chuáng yì mèng
黑灯下火	hēi dēng xià huǒ
福寿齐天	fú shòu qí tiān
死眉瞪眼	sǐ méi dèng yǎn
遗形去貌	yí xíng qù mào
得意洋洋	dé yì yáng yáng
洋洋得意	yáng yáng dé yì
纳谏如流	nà jiàn rú liú
暗斗明争	àn dòu míng zhēng
明争暗斗	míng zhēng àn dòu
求仁得仁	qiú rén dé rén
袭人故智	xí rén ɡù zhì
率兽食人	shuài shòu shí rén
电光朝露	diàn guāng zhāo lù
尺兵寸铁	chǐ bīng cùn tiě
寸兵尺铁	cùn bīng chǐ tiě
负才傲物	fù cái ào wù
视死如饴	shì sǐ rú yí
大权在握	dà quán zài wò
千愁万绪	qiān chóu wàn xù
千姿万态	qiān zī wàn tai
九变十化	jiǔ biàn shí huà
确凿不移	què záo bù yí
大庭广众	dà tíng guǎng zhòng
广庭大众	guǎng tíng dà zhòng
斗水活鳞	dòu shuǐ huó lín
进贤达能	jìn xián dá néng
断金零粉	duàn jīn líng fěn
解衣包火	jiě yī bāo huǒ
永垂不朽	yǒng chuí bù xiǔ
千状万端	qiān zhuàng wàn duān
不磷不缁	bù lín bù zī
沧浪老人	cāng láng lǎo rén
望尘而拜	wàng chén ér bài
望眼欲穿	wàng yǎn yù chuān
博学多闻	bó xué duō wén
人亡政息	rén wáng zhèng xī
养虎遗患	yǎng hǔ yí huàn
掩恶扬善	yǎn è yáng shàn
掉臂不顾	diào bì bù gù
光复旧物	guāng fù jiù wù
乐行忧违	lè xíng yōu wéi
长治久安	cháng zhì jiǔ ān
久安长治	jiǔ ān cháng zhì
适俗随时	shì sú suí shí
殊路同归	shū lù tóng guī
一劳永逸	yī láo yǒng yì
退思补过	tuì sī bǔ guò
革面悛心	gé miàn quān xīn
行同狗彘	xíng tóng gǒu zhì
嫣然一笑	yān rán yī xiào
四海鼎沸	sì hǎi dǐng fèi
滴水难消	dī shuǐ nán xiāo
为民除害	wèi mín chú hài
寓意深远	yù yì shēn yuǎn
丰屋之戒	fēng wū zhī jiè
池鱼之殃	chí yú zhī yāng
骨肉未寒	gǔ ròu wèi hán
美人迟暮	měi rén chí mù
设身处地	shè shēn chǔ dì
背恩弃义	bèi ēn qì yì
切齿腐心	qiè chǐ fǔ xīn
委靡不振	wěi mǐ bù zhèn
夫妻反目	fū qī fǎn mù
救时厉俗	jiù shí lì sú
多多益善	duō duō yì shàn
泥车瓦马	ní chē wǎ mǎ
只轮不返	zhī lún bù fǎn
名门世族	míng mén shì zú
指掌可取	zhǐ zhǎng kě qǔ
斗酒百篇	dǒu jiǔ bǎi piān
自取其咎	zì qǔ qí jiù
丰标不凡	fēng biāo bù fán
难乎为继	nán hū wéi jì
应刃而解	yìng rèn ér jiě
玉石俱碎	yù shí jù suì
进贤拔能	jìn xián bá néng
进贤用能	jìn xián yòng néng
慧心巧思	huì xīn qiǎo sī
俯仰随人	fǔ yǎng suí rén
随人俯仰	suí rén fǔ yǎng
甲第连天	jiǎ dì lián tiān
熏天赫地	xūn tiān hè dì
囊空如洗	náng kōng rú xǐ
九江八河	jiǔ jiāng bā hé
希世之珍	xī shì zhī zhēn
十恶五逆	shí è wǔ nì
罚一劝百	fá yī quàn bǎi
心慈面软	xīn cí miàn ruǎn
放虎遗患	fàng hǔ yí huàn
无可比拟	wú kě bǐ nì
后会有期	hòu huì yǒu qī
赏一劝众	shǎng yī quàn zhòng
不识抬举	bù shí tái jǔ
唾手可取	tuò shǒu kě qǔ
出幽升高	chū yōu shēng gāo
魂亡魄失	hún wáng pò shī
亡魂失魄	wáng hún shī hún
魂飞魄丧	hún fēi pò sāng
衣冠礼乐	yī guàn lǐ lè
耸人听闻	sǒng rén tīng wén
变脸变色	biàn liǎn biàn sè
柱天踏地	zhù tiān tà dì
火冒三尺	huǒ mào sān chǐ
东冲西决	dōng chōng xī jué
闭关自守	bì guān zì shǒu
深切著白	shēn qiè zhù bái
一矢双穿	yī shǐ shuāng chuān
贪生畏死	tān shēng wèi sǐ
问柳寻花	wèn liǔ xún huā
寻花问柳	xún huā wèn liǔ
高官重禄	gāo guān zhòng lù
大处着墨	dà chù zhuó mò
止于至善	zhǐ yú zhì shàn
光阴如箭	guāng yīn rú jiàn
变故易常	biàn gǔ yì cháng
茫然若失	máng rán ruò shī
有条不紊	yǒu tiáo bù wěn
柔情密意	róu qíng mì yì
绩学之士	jì xué zhī shì
各尽所能	gè jìn suǒ néng
金科玉条	jīn kē yù tiáo
柔远怀来	róu yuǎn huái lái
了身达命	liǎo shēn dá mìng
一笔勾断	yī bǐ gōu duàn
身遥心迩	shēn yáo xīn ěr
一针一缐	yī zhēn yī yú
随物应机	suí wù yīng jī
釜中游鱼	fǔ zhōng yóu yú
鱼游釜中	yú yóu fǔ zhōng
冷面寒铁	lěng miàn hán tiě
门生故吏	mén shēng gù lì
左右为难	zuǒ yòu wéi nán
体国经野	tǐ guó jīng yě
沁人心肺	qìn rén xīn fèi
震撼人心	zhèn hàn rén xīn
水软山温	shuǐ ruǎn shān wēn
坚甲利兵	jiān jiǎ lì bīng
动静有常	dòng jìng yǒu cháng
白衣宰相	bái yī zǎi xiàng
龙骧虎视	lóng xiāng hǔ shì
干名犯义	gàn míng fàn yì
相形见绌	xiāng xíng jiàn chù
心慈手软	xīn cí shǒu ruǎn
饮恨而终	yǐn hèn ér zhōng
追云逐电	zhuī yún zhú diàn
如山压卵	rú shān yā luǎn
春和景明	chūn hé jǐng míng
高头讲章	gāo tóu jiǎng zhāng
变幻无常	biàn huàn wú cháng
五角六张	wǔ jiǎo liù zhāng
绕梁三日	rǎo liáng sān rì
七了八当	qī le bā dāng
以珠弹雀	yǐ zhū tán què
颠倒是非	diān dǎo shì fēi
是非颠倒	shì fēi diān dǎo
成竹在胸	chéng zhú zài xiōng
挥戈退日	huī gē tuì rì
蒙以养正	méng yǐ yǎng zhèng
整年累月	zhěng nián lèi yuè
革命反正	gé mìng fǎn zhèng
山阴乘兴	shān yīn chéng xīng
厚积薄发	hòu jī bó fā
貌似强大	mào sì qiáng dà
烟消云散	yān xiāo yún sàn
曲尽其妙	qū jìn qí miào
守先待后	shǒu xiān dài hòu
孝子爱日	xiào zǐ ài rì
征敛无度	zhēng liǎn wú dù
大相径庭	dà xiāng jìng tíng
见钱眼开	jiàn qián yǎn kāi
怕鬼有鬼	pà guǐ yǒu guǐ
好善乐施	hào shàn lè shī
乐善好施	lè shàn hào shī
观者如市	guān zhě rú shì
爱日惜力	ài rì xī lì
织楚成门	zhī chǔ chéng mén
心灵性巧	xīn líng xìng qiǎo
千丝万缕	qiān sī wàn lǚ
万缕千丝	wàn lǚ qiān sī
道听途说	dào tīng tú shuō
日暖风恬	rì nuǎn fēng tián
惊世震俗	jīng shì zhèn sú
东郭先生	dōng guō xiān shēng
厉兵粟马	lì bīng sù mǎ
计功量罪	jì gōng liàng zuì
犬牙相错	quǎn yá xiāng cuò
数黄道黑	shu huang dao hei
矜才使气	jīn cái shǐ qì
痛入心脾	tòng rù xīn pí
兵多将广	bīng duō jiàng guǎng
大模大样	dà mó dà yàng
高自标誉	gāo zì biāo yù
喙长三尺	huì cháng sān chǐ
以紫乱朱	yǐ zǐ luàn zhū
履霜之戒	lǚ shuāng zhī jiè
百无聊赖	bǎi wú liáo lài
纸上谈兵	zhǐ shàng tán bīng
浮语虚辞	fú yǔ xū cí
日省月修	rì xǐng yuè xiū
海枯石烂	hǎi kū shí làn
石烂海枯	shí làn hǎi kū
龙骧虎步	lóng xiāng hǔ bù
片文只事	piàn wén zhī shì
趋之若鹜	qū zhī ruò wù
匹马当先	pǐ mǎ dāng xiān
以身许国	yǐ shēng xǔ guó
饮河满腹	yǐn hé mǎn fù
北门南牙	běi mén nán yá
上兵伐谋	shàng bīng fá móu
花花太岁	huā huā tài suì
误人子弟	wù rén zǐ dì
南去北来	nán qù běi lái
牵牛下井	qiān niú xià jǐng
贻笑大方	yí xiào dà fāng
鞍马劳神	ān mǎ láo shén
五月披裘	wǔ yuè pī qiú
雨零星散	yǔ líng xīng sàn
望闻问切	wàng wén wèn qiē
十字街口	shí zì jiē kǒu
瞻情顾意	zhān qíng gù yì
规言矩步	guī yán jǔ bù
以观后效	yǐ guān hòu xiào
一熏一莸	yī xūn yī yóu
依人篱下	yī rén lí xià
恩不放债	ēn bù fàng zhai
着人先鞭	zhuó rén xiān biān
孤恩负义	gū ēn fù yì
恩威并行	ēn wēi bìng xíng
先忧后乐	xiān yōu hòu lè
狗头军师	gǒu tóu jūn shī
闲情逸志	xián qíng yì zhì
晚生后学	wǎn shēng hòu xué
色色俱全	sè sè jù quán
七破八补	qī pò bā bǔ
魂飞魄荡	hún fēi pò dàng
魄荡魂飞	pò dàng hún fēi
自出机杼	zì chū jī zhù
告往知来	gào wǎng zhī lái
相得甚欢	xiāng dé shèn huān
降心俯首	jiàng xīn fǔ shǒu
坚贞不屈	jiān zhēn bù qū
军法从事	jūn fǎ cóng shì
朝折暮折	zhāo shé mù shé
朝成夕毁	zhāo chéng xī huǐ
山崩地塌	shān bēng dì tā
云合响应	yún hé xiǎng yìng
有棱有角	yǒu léng yǒu jiǎo
缩衣节口	suō yī jié kǒu
门可罗雀	mén kě luó què
书缺有间	shū quē yǒu jiàn
货而不售	huo er bu shou
烽火相连	fēng huǒ xiāng lián
八方呼应	bā fāng hū yìng
河梁之谊	hé liáng zhì yí
不甘雌伏	bù gān cí fú
立国安邦	lì guó ān bāng
高自位置	gāo zì wèi zhì
直言贾祸	zhí yán gǔ huò
履霜知冰	lǚ shuāng zhī bīng
居安虑危	jū ān lǜ wēi
霞思天想	xiá sī tiān xiǎng
破矩为圆	pò jǔ wéi yuán
黄冠草履	huáng guàn cǎo lǚ
勃然变色	bó rán biàn sè
不吝指教	bù lìn zhǐ jiào
局地扣天	jú dì kòu tiān
局天扣地	jú tiān kòu dì
避迹藏时	bì jì cáng shí
炳如观火	bǐng rú guān huǒ
强食弱肉	qiáng shí ruò ròu
弱肉强食	ruò ròu qiáng shí
肆意妄为	sì yì wàng wéi
才华超众	cái huá chāo zhòng
执迷不醒	zhí mí bù xǐng
暗箭伤人	àn jiàn shāng rén
随寓而安	suí yù ér ān
独鹤鸡群	dú hè jī qún
虎落平川	hǔ luò píng chuān
明目达聪	míng mù dá cōng
小屈大伸	xiǎo qū dà shēn
贪财好色	tān cái hào sè
镂骨铭心	lòu gǔ míng xīn
铭心镂骨	míng xīn lòu gǔ
腰金衣紫	yāo jīn yī zǐ
衣紫腰金	yī zǐ yāo jīn
清微淡远	qīng wēi dàn yuǎn
外合里差	wài hé lǐ chà
掩过扬善	yǎn guò yáng shàn
安魂定魄	ān hún dìng pò
去末归本	qù mò guī běn
地灵人杰	dì líng rén jié
人杰地灵	rén jié dì líng
大发慈悲	dà fā cí bēi
龙腾凤集	lóng téng fèng jí
悔罪自新	huǐ zuì zì xīn
鸡鸣起舞	jī míng qǐ wǔ
辞穷理屈	cí qióng lǐ qū
镜分鸾凤	jìng fēn luán fèng
不追既往	bù zhuī jì wǎng
去邪归正	qù xié guī zhèng
龙门点额	lóng mén diǎn é
九故十亲	jiǔ gù shí qīn
十亲九故	shí qīn jiǔ gù
反客为主	fǎn kè wéi zhǔ
放虎自卫	fàng hǔ zì wèi
贤身贵体	xián shēn guì tǐ
秀色可餐	xiù sè kě cān
将顺其美	jiāng shùn qí měi
上智下愚	shàng zhì xià yú
不亦乐乎	bù yì lè hū
前思后想	qián sī hòu xiǎng
思前想后	sī qián xiǎng hòu
年谊世好	nián yì shì hào
将本求财	jiāng běn qiú cái
争多论少	zhēng duō lùn shǎo
倒凤颠鸾	dǎo fèng diān luán
颠鸾倒凤	diān luán dǎo fèng
鸾颠凤倒	luán diān fèng dǎo
好语似珠	hǎo yǔ sì zhū
强自取柱	qiáng zì qǔ zhù
坐而待旦	zuò ér dài dàn
独木难支	dú mù nán zhī
守土有责	shǒu tǔ yǒu zé
啮臂之好	niè bì zhī hǎo
玉汝于成	yù rǔ yú chéng
齐家治国	qí jiā zhì guó
胆小怕事	dǎn xiǎo pà shì
执两用中	zhí liǎng yòng zhōng
情文并茂	qíng wén bìng mào
念念不忘	niàn niàn bù wàng
度己以绳	duó jǐ yǐ shéng
甘言厚礼	gān yán hòu lǐ
博闻辩言	bó wén biàn yán
直言极谏	zhí yán jí jiàn
泥多佛大	ní duō fó dà
鼠腹鸡肠	shǔ fù jī cháng
神超形越	shén chāo xíng yuè
染风习俗	rǎn fēng xí sú
长袖善舞	cháng xiù shàn wǔ
厉行节约	lì xíng jié yuē
天塌地陷	tiān tā dì xiàn
霜露之辰	shuāng lù zhī chén
奔走如市	bēn zǒu rú shì
阖门百口	hé mén bǎi kǒu
齿牙余论	chǐ yá yú lùn
拔刀相向	bá dāo xiāng xiàng
钟鼎山林	zhōng dǐng shān lín
冷水浇头	lěng shuǐ jiāo tóu
白发苍颜	bái fà cāng yán
苍颜白发	cāng yán bái fà
强词夺正	qiǎng cí duó zhèng
鬼使神差	guǐ shǐ shén chāi
神差鬼使	shén chāi guǐ shǐ
神使鬼差	shén shǐ guǐ chà
玩时贪日	wán shí tān rì
斗酒学士	dǒu jiǔ xué shì
入乡问俗	rù xiāng wèn sú
玩火自焚	wán huǒ zì fén
转忧为喜	zhuǎn yōu wéi xǐ
贯斗双龙	guàn dòu shuāng lóng
溯水行舟	sù shuǐ xíng zhōu
曲意迎合	qǔ yì yíng hé
皎如日星	jiǎo rú rì xīng
众怒难任	zhòng nù nán rèn
声色货利	shēng sè huò lì
四清六活	sì qīng liù huó
条分节解	tiáo fēn jié jiě
冷暖自知	lěng nuǎn zì zhī
讳恶不悛	huì è bù quān
质而不俚	zhì ér bù lǐ
龙血玄黄	lóng xuě xuán huáng
大度包容	dà dù bāo róng
东荡西驰	dōng dàng xī chí
东飘西荡	dōng piāo xī dàng
析骨而炊	xī gǔ ér chuī
阿平绝倒	ā píng jué dǎo
白面儒冠	bái miàn rú guān
恶积祸盈	è jī huò yíng
遣言措意	qiǎn yán cuò yì
未竟之志	wèi jìng zhī zhì
清廉正直	qīng lián zhèng zhí
依头顺尾	yī tóu shùn wěi
广开才路	guǎng kāi cái lù
温故知新	wēn gù zhī xīn
如箭在弦	rú jiàn zài xián
槁形灰心	gǎo xíng huī xīn
灰心槁形	huī xīn gǎo xíng
形槁心灰	xíng gǎo xīn huī
解甲倒戈	jiě jiǎ dǎo gē
七颠八倒	qī diān bā dǎo
亡羊得牛	wáng yáng dé niú
逾千越万	yú qiān yuè wàn
空谷传声	kōng gǔ chuán shēng
霜行草宿	shuāng xíng cǎo xiǔ
拔剑论功	bá jiàn lùn gōng
黄发台背	huáng fā tái bèi
索隐行怪	suǒ yǐn xíng guài
鸡肤鹤发	jī fū hè fā
忧患余生	yōu huàn yú shēng
屠龙之技	tú lóng zhī jì
不避艰险	bù bì jiān xiǎn
心巧嘴乖	xīn qiǎo zuǐ guāi
连明彻夜	lián míng chè yè
荒诞不经	huāng dàn bù jīng
实获我心	shí huò wǒ xīn
任人唯贤	rèn rén wéi xián
高步阔视	gāo bù kuò shì
高视阔步	gāo shì kuò bù
举措失当	jǔ cuò shī dàng
蹈袭前人	dǎo xí qián rén
贻害无穷	yí hài wú qióng
继古开今	jì gǔ kāi jīn
蜗角之争	wō jiǎo zhī zhēng
地丑德齐	dì chǒu dé qí
事核言直	shì hé yán zhí
杳无信息	yǎo wú xìn xī
粉身灰骨	fěn shēn huī gǔ
灰身粉骨	huī shēn fěn gǔ
真才实学	zhēn cái shí xué
了无惧色	liǎo wū jǔ sè
甘心如荠	gān xīn rú jì
一差两讹	yī chà liǎng é
鼻端出火	bí duān chū huǒ
面面圆到	miàn miàn yuán dào
出奇制胜	chū qí zhì shèng
虚怀若谷	xū huái ruò gǔ
神功圣化	shén gōng shèng huà
愁肠寸断	chóu cháng cùn duàn
比屋而封	bǐ wū ér fēng
不可限量	bù kě xiàn liàng
谷马砺兵	gǔ mǎ lì bīng
因树为屋	yīn shù wéi wū
惊慌失色	jīng huāng shī sè
人困马乏	rén kùn mǎ fá
横刀跃马	héng dāo yuè mǎ
嚣张一时	xiāo zhāng yī shí
丧胆游魂	sàng dǎn yóu hún
烂如指掌	làn rú zhǐ zhǎng
暴腮龙门	pù sāi lóng mén
南山铁案	nán shān tiě àn
嫌好道恶	xián hǎo dào è
满脸春色	mǎn liǎn chūn sè
枯木死灰	kū mù sǐ huī
又生一秦	yòu shēng yī qín
枕干之雠	zhěn gàn zhī chóu
义正辞约	yì zhèng cí yuē
逸态横生	yì tài héng shēng
旷日经久	kuàng rì jīng jiǔ
光明磊落	guāng míng lěi luò
磊落光明	lěi luò guāng míng
牛童马走	niú tóng mǎ zǒu
材疏志大	cái shū zhì dà
无偏无陂	wú piān wú bēi
无偏无颇	wú piān wú pō
埋头顾影	mái tóu gù yǐng
执经问难	zhí jīng wèn nán
诡言浮说	guǐ yán fú shuō
争强斗胜	zhēng qiáng dòu shèng
笔底超生	bǐ dǐ chāo shēng
人琴俱亡	rén qín jù wáng
一丘之貉	yī qiū zhī hè
众星攒月	zhòng xīng cuán yuè
飞灾横祸	fēi zāi hèng huò
横祸飞灾	hèng huò fēi zāi
横灾飞祸	hèng zāi fēi huò
暴衣露冠	pù yī lù guàn
树俗立化	shù sú lì huà
迷途知反	mí tú zhī fǎn
冰清玉润	bīng qīng yù rùn
玉润冰清	yù rùn bīng qīng
惩一戒百	chéng yī jiè bǎi
从头彻尾	cóng tóu chè wěi
强弩之末	qiáng nǔ zhī mò
班功行赏	bān gōng xíng shǎng
急功近利	jí gōng jìn lì
画地作狱	huà dì zuò yù
遗魂亡魄	yí hún wáng pò
劳身焦思	láo shēn jiāo sī
裘马清狂	qiú mǎ qīng kuáng
移山跨海	yí shān kuà hǎi
朝过夕改	zhāo guò xī gǎi
救过不赡	jiù guò bù shàn
长吁短气	cháng xū duǎn qì
喉长气短	hóu cháng qì duǎn
月缺难圆	yuè quē nán yuán
不遑暇食	bù huáng xiá shí
阶前万里	jiē qián wàn lǐ
格格不纳	gē gē bù nà
旷日离久	kuàng rì lí jiǔ
丧胆亡魂	sàng dǎn wáng hún
亡魂丧胆	wáng hún sàng dǎn
强直自遂	qiáng zhí zì suí
疑鬼疑神	yí guǐ yí shén
疑神疑鬼	yí shén yí guǐ
一箭双雕	yī jiàn shuāng diāo
团头聚面	tuàn tóu jù miàn
廉远堂高	lián yuǎn táng gāo
养虎自啮	yǎng hǔ zì niè
巧言如簧	qiǎo yán rú huáng
以党举官	yǐ dǎng jǔ guān
童牛角马	tóng niú jiǎo mǎ
漠然置之	mò rán zhì zhī
祸福相倚	huò fú xiāng yī
身废名裂	shēn fèi míng liè
十万火速	shí wàn huǒ sù
日许多时	rì xǔ duō shí
魂飘神荡	hún piāo shén dàng
神魂飘荡	shén hún piāo dàng
虚度年华	xū dù nián huá
一馈十起	yī kuì shí qǐ
元龙豪气	yuán lóng háo qì
滴水穿石	dī shuǐ chuān shí
水滴石穿	shuǐ dī shí chuān
带罪立功	dài zuì lì gōng
同德协力	tóng dé xié lì
深切著明	shēn qiè zhù míng
包藏奸心	bāo cáng jiān xīn
败将残兵	bài jiàng cán bīng
残兵败将	cán bīng bài jiàng
咎有应得	jiù yǒu yīng dé
枯骨之馀	kū gǔ zhī yú
没里没外	méi lǐ méi wài
肥马轻裘	féi mǎ qīng qiú
轻裘肥马	qīng qiú féi mǎ
裘马轻肥	qiú mǎ qīng féi
荒时暴月	huāng shí bào yuè
出乎意表	chū hū yì biǎo
卓尔不群	zhuó ěr bù qún
触目儆心	chù mù jǐng xīn
设心积虑	shè xīn jī lǜ
衣单食薄	yī dān shí bó
星灭光离	xīng miè guāng lí
滔滔不尽	tāo tāo bù jìn
推贤进善	tuī xián jìn shàn
洋洋大观	yáng yáng dà guān
雾里看花	wù lǐ kàn huā
云屯雨集	yún tún yǔ jí
读书三余	dú shū sān yú
三余读书	sān yú dú shū
赫赫之功	hè hè zhì gōng
燕骏千金	yān jùn qiān jīn
龙跳虎伏	lóng tiào hǔ fú
大呼小叫	dà hū xiǎo jiào
神气活现	shén qì huó xiàn
四不拗六	sì bù niù liù
月明星稀	yuè míng xīng xī
虚往实归	xū wǎng shí guī
杞国之忧	qǐ guó zhī yōu
哭天喊地	kū tiān hǎn dì
不稂不莠	bù láng bù yǒu
啖以重利	dàn yǐ zhòng lì
椎心饮泣	chuí xīn yǐn qì
飞土逐害	fēi tǔ zhú hài
食甘寝安	shí gān qǐn ān
珠翠之珍	zhū cuì zhī zhēn
含明隐迹	hán míng yǐn jì
鸟道羊肠	niǎo dào yáng cháng
羊肠鸟道	yáng cháng niǎo dào
冰魂雪魄	bīng hún xuě pò
云消雾散	yún xiāo wù sàn
灰头土脸	huī tóu tǔ liǎn
雏凤清声	chú fèng qīng shēng
浅见寡闻	qiǎn jiàn guǎ wén
广土众民	guǎng tǔ zhòng mín
持盈守成	chí yíng shǒu chéng
开国元老	kāi guó yuán lǎo
离题万里	lí tí wàn lǐ
进退失图	jìn tuì shī tú
起根发由	qǐ gēn fā yóu
诡诞不经	guǐ dàn bù jīng
靡衣偷食	mǐ yī tōu shí
斯文扫地	sī wén sǎo dì
头痛脑热	tóu tòng nǎo rè
大音希声	dà yīn xī shēng
柔肠百结	róu cháng bǎi jié
胸中万卷	xiōng zhōng wàn juàn
分化瓦解	fēn huà wǎ jiě
谲怪之谈	jué guài zhī tán
扫地俱尽	sǎo dì jù jìn
枝流叶布	zhī liú yè bù
高翔远引	gāo xiáng yuǎn yǐn
屈指可数	qū zhǐ kě shǔ
百世流芬	bǎi shì liú fēn
百花争妍	bǎi huā zhēng yàn
不值一哂	bù zhí yī shěn
效犬马力	xiào quǎn mǎ lì
鸟啼花落	niǎo tí huā luò
金丹换骨	jīn dān huàn gǔ
一口两匙	yī kǒu liǎng chí
钻天打洞	zuān tiān dǎ dòng
博而寡要	bó ér guǎ yào
深文峻法	shēn wén jùn fǎ
两鬓如霜	liǎng bìn rú shuāng
超世绝伦	chāo shì jué lún
绝世超伦	jué shì chāo lún
吐食握发	tǔ shí wò fā
装点门面	zhuāng diǎn mén miàn
清身洁己	qīng shēn jié jǐ
依门卖笑	yī mén mài xiào
敝帷不弃	bǐ wéi bù qì
买上告下	mǎi shàng gào xià
余食赘行	yú shí zhuì xíng
带砺河山	dài lì hé shān
带砺山河	dài lì shān hé
河山带砺	hé shān dài lì
砺带河山	lì dài hé shān
砺山带河	lì shān dài hé
比肩齐声	bǐ jiān qí shēng
挨山塞海	āi shān sè hǎi
官轻势微	guān qīng shì wēi
鬼神莫测	guǐ shén mò cè
神鬼莫测	shén guǐ mò cè
衡短论长	héng duǎn lùn cháng
刻画无盐	kè huà wú yán
从俗就简	cóng sú jiù jiǎ
天地剖判	tiān dì pōu pàn
随珠荆玉	suí zhū jīng yù
蹇视高步	jiǎn shì gāo bù
遗声余价	yí shēng yú jià
染神刻骨	rǎn shén kè gǔ
化鸱为凤	huà chī wéi fèng
传闻异辞	chuán wén yì cí
黄汤淡水	huáng tāng dàn shuǐ
重男轻女	zhòng nán qīng nǚ
严气正性	yán qì zhèng xìng
郁郁不乐	yù yù bù lè
文章巨公	wén zhāng jù gōng
屏气吞声	píng qì tūn shēng
积功兴业	jī gōng xīng yè
裁心镂舌	cái xīn lòu shé
火上加油	huǒ shàng jiā yóu
梦熊之喜	mèng xióng zhī xǐ
糊口度日	hú kǒu dù rì
睹物兴情	dǔ wù xīng qíng
随风倒舵	suí fēng dǎo duò
作舍道边	zuò shě dào biān
心如刀锉	xīn rú dāo cuò
破奸发伏	pò jiān fā fú
东荡西除	dōng dàng xī chú
强本节用	qiáng běn jié yòng
鲜衣良马	xiān yī liáng mǎ
分香卖履	fēn xiāng mài lǚ
卖履分香	mài lǚ fēn xiāng
为好成歉	wéi hǎo chéng qiàn
郑人争年	zhèng rén zhēng nián
倒行逆施	dào xíng nì shī
逆施倒行	nì shī dǎo xíng
逆行倒施	nì xíng dǎo shī
胸有鳞甲	xiōng yǒu lín jiǎ
呼天唤地	hū tiān huàn dì
罪加一等	zuì jiā yī děng
惶恐不安	huáng kǒng bù ān
过甚其辞	guò shèn qí cí
三好两歹	sān hǎo liǎng dǎi
刀光剑影	dāo guāng jiàn yǐng
毛发倒竖	máo fā dǎo shù
身单力薄	shēn dān lì bó
狼烟四起	láng yān sì qǐ
肉颤心惊	ròu chàn xīn jīng
名利双收	míng lì shuāng shōu
穷则思变	qióng zé sī biàn
有凭有据	yǒu píng yǒu jù
支分节解	zhī fēn jié jiě
龟龙鳞凤	guī lóng lín fèng
卓乎不群	zhuó hū bù qún
山呼海啸	shān hū hǎi xiào
进本退末	jìn běn tuì mò
分贫振穷	fēn pín zhèn qióng
星行电征	xīng xíng diàn zhēng
视微知著	shì wēi zhī zhuó
四冲八达	sì chōng bā dá
低眉顺眼	dī méi shùn yǎn
惊魂夺魄	jīng hún duó pò
十里长亭	shí lǐ cháng tíng
留恋不舍	liú liàn bù shě
矫情饰行	jiǎo qíng shì xíng
饰情矫行	shì qíng jiǎo xíng
权宜之策	quán yí zhī cè
任人唯亲	rèn rén wéi qīn
以古喻今	yǐ gǔ yù jīn
逆道乱常	nì dào luàn cháng
清尘浊水	qīng chén zhuó shuǐ
博闻强志	bó wén qiáng zhì
忿然作色	fèn rán zuò sè
与时推移	yǔ shí tuī yí
飞将数奇	fē jiàng shù jī
怕死贪生	pà sǐ tān shēng
贪生怕死	tān shēng pà sǐ
凤舞龙蟠	fèng wǔ lóng pán
暮夜先容	mù yè xiān róng
目瞪舌强	mù dèng shé qiáng
郑重其事	zhèng zhòng qí shì
以手加额	yǐ shǒu jiā é
男女有别	nán nǚ yǒu bié
怀黄握白	huái huáng wò bái
从中作梗	cóng zhōng zuò gěng
瞠目而视	chēng mù ér shì
排沙见金	pái shā jiàn jīn
问鼎中原	wèn dǐng zhōng yuán
谈圆说通	tán yuán shuō tōng
五劳七伤	wǔ láo qī shāng
同甘共苦	tóng gān gòng kǔ
齿危发秀	chǐ wēi fā xiù
堕云雾中	duò yún wù zhōng
凤表龙姿	fèng biǎo lóng zī
单丝不线	dān sī bù xiàn
宅中图大	zhái zhōng tú dà
深谷为陵	shēn gǔ wéi líng
枉费心机	wǎng fèi xīn jī
发扬蹈厉	fā yáng dǎo lì
行尸走肉	xíng shī zǒu ròu
衣绣昼行	yì xiù zhòu xíng
山珍海味	shān zhēn hǎi wèi
倚人庐下	yǐ rén lú xià
昼伏夜行	zhòu fú yè xíng
恶直丑正	è zhí chǒu zhèng
如鸟兽散	rú niǎo shòu sàn
沧海一粟	cāng hǎi yī sù
丢三忘四	diu sān wàng sì
遗文逸句	yí wén yì jù
声情并茂	shēng qíng bìng mào
顽固不化	wán gù bù huà
拱手让人	gǒng shǒu ràng rén
钟鸣鼎重	zhōng míng dǐng zhòng
掩鼻而过	yǎn bí ér guò
老蚌生珠	lǎo bàng shēng zhū
立竿见影	lì gān jiàn yǐng
龙头锯角	lóng tóu jù jiǎo
如梦方醒	rú mèng fāng xǐng
肉跳神惊	ròu tiào shén jīng
惊魂未定	jīng hún wèi dìng
真金不镀	zhēn jīn bù dù
清风劲节	qīng fēng jìn jié
玉软花柔	yù ruǎn huā róu
自厝同异	zì cuò tóng yì
膏腴之地	gāo yú zhī dì
远谋深算	yuǎn móu shēn suàn
生死未卜	shēng sǐ wèi bǔ
财竭力尽	cái jié lì jìn
令人瞩目	lìng rén zhǔ mù
知微知彰	zhī wēi zhī zhāng
鸦鹊无声	yā què wú shēng
弄假成真	nòng jiǎ chéng zhēn
礼让为国	lǐ ràng wéi guó
疏财重义	shū cái zhòng yì
包罗万有	bāo luó wàn yǒu
萍水相逢	píng shuǐ xiāng féng
得未尝有	dé wèi cháng yǒu
首鼠两端	shǒu shǔ liǎng duān
火尽灰冷	huǒ jìn huī lěng
家给民足	jiā jǐ mín zú
优游自在	yōu yóu zì zài
辅世长民	fǔ shì zhǎng mín
腹载五车	fù zài wǔ chē
直内方外	zhí nèi fāng wài
认鸡作凤	rèn jī zuò fèng
声泪俱下	shēng lèi jù xià
解甲投戈	jiě jiǎ tóu gē
独运匠心	dú yùn jiàng xīn
匠心独运	jiàng xīn dú yùn
作法自毙	zuò fǎ zì bì
毫无逊色	háo wú xùn sè
极本穷源	jí běn qióng yuán
连更星夜	lián gèng xīng yè
一辞莫赞	yī cí mò zàn
升山采珠	shēng shān cǎi zhū
寿比南山	shòu bǐ nán shān
鹤处鸡群	hè chǔ jī qún
钻冰取火	zuàn bīng qǔ huǒ
东投西窜	dōng tóu xī cuàn
出手得卢	chū shǒu dé lú
济世安邦	jì shì ān bāng
忠言逆耳	zhōng yán nì ěr
目眩头昏	mù xuàn tóu hūn
头昏目眩	tóu hūn mù xuàn
头眩目昏	tóu xuàn mù hūn
花锦世界	huā jǐn shì jiè
缘木求鱼	yuán mù qiú yú
急公近利	jí gōng jìn lì
从恶是崩	cóng è shì bēng
为渊驱鱼	wèi yuān qū yú
煎水作冰	jiān shuǐ zuò bīng
九霄云外	jiǔ xiāo yún wài
如登春台	rú dé chūn tái
十人九慕	shí rén jiǔ mù
百代过客	bǎi dài guò kè
杯酒言欢	bēi jiǔ yán huān
远年近岁	yuǎn nián jìn suì
望洋而叹	wàng yáng ér tàn
徒负虚名	tú fù xū míng
骤不及防	zhòu bù jí fáng
引吭高声	yǐn háng gāo shēng
水里纳瓜	shuǐ lǐ nà guā
高冠博带	gāo guān bó dài
齐大非偶	qí dà fēi ǒu
十战十胜	shí zhàn shí shèng
入门问讳	rù mén wèn huì
千钧重负	qiān jūn zhòng fù
浪迹天涯	làng jì tiān yá
横戈跃马	héng gē yuè mǎ
肉薄骨并	ròu bó gǔ bìng
适居其反	shì jú qí fǎn
挖空心思	wā kōng xīn sī
花晨月夕	huā chén yuè xī
月夕花晨	yuè xī huā chén
飞黄腾达	fēi huáng téng dá
腾达飞黄	téng dá fēi huáng
谊不敢辞	yì bù gǎn cí
百端交集	bǎi duān jiāo jí
无了根蒂	wú le gēn dì
惨雨酸风	cǎn yǔ suān fēng
逢机立断	féng jī lì duàn
交头互耳	jiāo tóu hù ěr
声振林木	shēng zhèn lín mù
忘乎其形	wàng hū qí xíng
间见层出	jiàn xiàn céng chū
架海金梁	jià hǎi jīn liáng
壮气吞牛	zhuàng qì tūn niú
主守自盗	zhǔ shǒu zì dào
悬河注水	xuán hé zhù shuǐ
以锥刺地	yǐ zhuī cì dì
公门桃李	gōng mén táo lǐ
神来气旺	shén lái qì wàng
飞鹰走狗	fēi yīng zǒu gǒu
雨约云期	yǔ yuē yún qī
云期雨约	yún qī yǔ yuē
前车可鉴	qián chē kě jiàn
随车夏雨	suí chē xià yǔ
横眉竖眼	héng méi shù yǎn
老谋深算	lǎo móu shēn suàn
同美相妒	tóng měi xiāng dù
新益求新	xīn yì qiú xīn
引火烧身	yǐn huǒ shāo shēn
千里骏骨	qiān lǐ jùn gǔ
超今冠古	chāo jīn guàn gǔ
刺心裂肝	cì xīn liè gān
文房四物	wén fáng sì wù
束身受命	shù shēn shòu mìng
挥洒自如	huī sǎ zì rú
即事穷理	jí shì qióng lǐ
正声雅音	zhèng shēng yǎ yīn
漫天开价	màn tiān kāi jià
落草为寇	luò cǎo wéi kòu
短兵接战	duǎn bīng jiē zhàn
柳烟花雾	liǔ yān huā wù
牛衣夜哭	niú yī yè kū
横行逆施	héng xíng nì shī
枉物难消	wǎng wù nán xiāo
重山复岭	chóng shān fù lǐng
木已成舟	mù yǐ chéng zhōu
小本经营	xiǎo běn jīng yíng
聚精会神	jù jīng huì shén
上勤下顺	shàng qín xià shùn
破颜微笑	pò yán wēi xiào
瞒天瞒地	mán tiān mán dì
竭尽全力	jié jìn quán lì
大器晚成	dà qì wǎn chéng
忙中有错	máng zhōng yǒu cuò
鼎食鸣钟	dǐng shí míng zhōng
鼎食钟鸣	dǐng shí zhōng míng
鸣钟食鼎	míng zhōng shí dǐng
钟鸣鼎食	zhōng míng dǐng shí
博闻多识	bó wén duō shí
同心敌忾	tóng xīn dí kài
孤身只影	gū shēn zhī yǐng
只身孤影	zhī shēn gū yǐng
丧魂落魄	sàng hún luò pò
高谈阔论	gāo tán kuò lùn
阔论高谈	kuò lùn gāo tán
文经武略	wén jīng wǔ lüè
寸进尺退	cùn jìn chǐ tuì
进寸退尺	jǐn cùn tuì chǐ
其应若响	qí yìng ruò xiǎng
水泄不透	shuǐ xiè bù tòu
健步如飞	jiàn bù rú fēi
随俗沉浮	suí sú chén fú
随俗浮沉	suí sú fú chén
聋者之歌	lóng zhě zhī gē
完好无缺	wán hǎo wú quē
冠履倒易	guān lǚ dào yì
弃本求末	qì běn qiú mò
计日奏功	jì rì zòu gōng
遗臭千秋	yí chòu qiān qiū
能言巧辩	néng yán qiǎo biàn
大直若诎	dà zhí ruò qū
浑身是胆	hún shēn shì dǎn
乘时乘势	chéng shí chéng shì
时清海宴	shí qīng hǎi yàn
餐风茹雪	cān fēng rú xuě
刻意经营	kè yì jīng yíng
鬼哭神愁	guǐ kū shén chóu
神愁鬼哭	shén chóu guǐ kū
凤食鸾栖	fèng shí luán qī
别鹤离鸾	bié hè lí láun
离鸾别鹤	lí luán bié hè
抹月批风	mǒ yuè pī fēng
批风抹月	pī fēng mò yuè
十室九空	shí shì jiǔ kōng
无所忌讳	wú suǒ jì huì
博识多通	bó shí duō tōng
回肠九转	huí cháng jiǔ zhuǎn
皮里春秋	pí lǐ chūn qiū
衣锦过乡	yì jǐn guò xiāng
露胆披肝	lù dǎn pī gān
披肝露胆	pī gān lù dǎn
披露肝胆	pī lù gān dǎn
急不暇择	jí bù xiá zé
辞严义正	cí yán yì zhèng
义正辞严	yì zhèng cí yán
枕戈汗马	zhěn gē hàn mǎ
缺衣少食	quē yī shǎo shí
变名易姓	biàn míng yì xìng
规行矩步	guī xíng jǔ bù
沦落风尘	lún luò fēng chén
大梦方醒	dà mèng fāng xǐng
迁善远罪	qiān shàn yuǎn zuì
察察而明	chá chá ér míng
随声吠影	suí shēng fèi yǐng
目送手挥	mù sòng shǒu huī
手挥目送	shǒu huī mù sòng
变俗易教	biàn sú yì jiào
戴日戴斗	dài rì dài dòu
山林隐逸	shān lín yǐn yì
格物穷理	gé wù qióng lǐ
振振有辞	zhèn zhèn yǒu cí
百喙难辞	bǎi huì nán cí
匡其不逮	kuāng qí bù dǎi
婢作夫人	bì zuò fū rén
膝语蛇行	xī yǔ shé xíng
倒果为因	dào guǒ wéi yīn
倒因为果	dǎo yīn wéi guǒ
岸谷之变	àn gǔ zhī bìan
岁寒三友	suì hán sā yǒu
打凤捞龙	dǎ fèng lāo lóng
目注心凝	mù zhù xīn níng
望峰息心	wàng fēng xī xīn
自甘堕落	zì gān duò luò
逐名趋势	zhú míng qū shì
开山祖师	kāi shān zǔ shī
举贤使能	jǔ xián shǐ néng
门到户说	mén dào hù shuō
积习生常	jī xí shēng cháng
开花结果	kāi huā jié guǒ
相提并论	xiāng tí bìng lùn
闭月羞花	bì yuè xiū huā
羞花闭月	xiū huā bì yuè
食少事烦	shí shǎo shì fán
装神弄鬼	zhuāng shén nòng guǐ
话中有话	huà zhōng yǒu huà
不敢造次	bù gǎn zào cì
重足屏息	chóng zú bǐng xī
美意延年	měi yì yán nián
昏镜重明	hūn jìng chóng míng
弃末反本	qì mò fǎn běn
胆寒发竖	dǎn hán fā shù
赫赫之光	hè hè zhì guāng
先来后到	xiān lái hòu dào
鼓唇弄舌	gǔ chún nòng shé
得其所哉	dé qí suǒ zāi
触目伤怀	chù mù shāng huái
走马章台	zǒu mǎ zhāng tái
朝闻夕改	zhāo wén xī gǎi
冬日夏云	dōng rì xià yún
鸟惊鱼骇	niǎo jīng yú hài
进退两端	jìn tuì liǎng duān
弄虚作假	nòng xū zuò jiǎ
以冰致蝇	yǐ bīng zhì yíng
鹅毛大雪	é máo dà xuě
推陈出新	tuī chén chū xīn
玉碎香残	yù suì xiāng cán
弃过图新	qì guò tú xīn
损人害己	sǔn rén hài jǐ
居停主人	jū tíng zhǔ rén
深谋远略	shēn móu yuǎn lüè
救火投薪	jiù huò tóu xīn
吉祥如意	jí xiáng rú yì
乱箭攒心	luàn jiàn cuán xīn
市井无赖	shì jǐng wú lài
众星拱月	zhòng xīng gǒng yuè
挥剑成河	huī jiàn chéng hé
以宫笑角	yǐ gōng xiào jué
改邪归正	gǎi xié guī zhèng
谨言慎行	jǐn yán shèn xíng
积本求原	jī běn qiú yuán
闲言泼语	xián yán pō yǔ
空室清野	kōng shì qīng yě
世外桃源	shì wài táo yuán
露水夫妻	lù shuǐ fū qī
操之过蹙	cāo zhī guò cù
不知疼痒	bù zhī téng yǎng
出谋画策	chū móu huà cè
当机立决	dāng jī lì jué
孤魂野鬼	gū hún yě guǐ
虚虚实实	xū xū shí shí
熟视无睹	shú shì wú dǔ
嘴甜心苦	zuǐ tián xīn kǔ
镜里采花	jìng lǐ cǎi huā
九九归原	jiǔ jiǔ guī yuán
遁迹藏名	dùn jì cáng míng
神谋魔道	shén móu mó dào
大动公惯	dà dòng gōng guàn
火急火燎	huǒ jí huǒ liǎo
混沌不分	hùn dùn bù fēn
井底之蛙	jǐng dǐ zhī wā
眼花撩乱	yǎn huā liáo luàn
以鱼驱蝇	yǐ yú qū yíng
日昃忘食	rì zè wàng shí
不忘沟壑	bù wàng gōu hè
浩气长存	hào qì cháng cún
低声细语	dī shēng xì yǔ
安常处顺	ān cháng chǔ shùn
粉骨碎身	fěn gǔ suì shēn
粉身碎骨	fěn shēn suì gǔ
碎骨粉身	suì gǔ fěn shēn
碎身粉骨	suì shēn fěn gǔ
旗开得胜	qí kāi dé shèng
负德孤恩	fù dé gū ēn
敬贤下士	jìng xián xià shì
如切如磋	rú qiē rú cuō
心狠手毒	xīn hěn shǒu dú
枕戈饮胆	zhěn gē yǐn dǎn
鼓乐喧天	gǔ yuè xuān tiān
至善至美	zhì shàn zhì měi
宿水飡风	xiǔ shuǐ cān fēng
智周万物	zhì zhōu wàn wù
宽怀大度	kuān huái dà dù
倒海翻江	dǎo hǎi fān jiāng
翻江倒海	fān jiāng dǎo hǎi
江翻海倒	jiāng fān hǎi dǎo
吹气胜兰	chuī qì shèng lán
养虎自毙	yǎng hǔ zì bì
悔其少作	huǐ qí shǎo zuò
愀然无乐	qiǎo rán wú lè
目兔顾犬	mù tù gù quǎn
旷世逸才	kuàng shì yì cái
通书达礼	tōng shū dá lǐ
裘马轻狂	qiú mǎ qīng kuáng
节衣缩食	jié yī suō shí
缩衣节食	suō yī jié shí
梦见周公	mèng jiàn zhōu gōng
枉直同贯	wǎng zhí tóng guàn
见羹见墙	jiàn gēng jiàn qiáng
见墙见羹	jiàn qiáng jiàn gēng
积德累仁	jī dé lěi rén
酒阑人散	jiǔ lán rén sàn
灭此朝食	miè cǐ zhāo shí
老弱残兵	lǎo ruò cán bīng
确固不拔	què gù bù bá
绝裾而去	jué jū ér qù
格古通今	gé gǔ tōng jīn
风流冤孽	fēng liú yuān niè
无所畏忌	wú suǒ wèi jì
鬼迷心窍	guǐ mí xīn qiào
对床夜雨	duì chuáng yè yǔ
夜雨对床	yè yǔ duì chuáng
取予有节	qǔ yù yǒu jié
仰人鼻息	yǎng rén bí xī
比物此志	bǐ wù cǐ zhì
斗鸡走犬	dòu jī zǒu quǎn
没头没脸	méi tóu méi liǎn
事半功倍	shì bàn gōng bèi
事倍功半	shì bèi gōng bàn
发引千钧	fà yǐn qiān jūn
见风转篷	jiàn fēng zhuǎn péng
好高鹜远	hǎo gāo wù yuǎn
竭智尽力	jié zhì jìn lì
返哺之恩	fǎn bǔ zhī ēn
买东买西	mǎi dōng mǎi xī
云布雨润	yún bù yǔ rùn
深文周内	shēn wén zhōu nà
本相毕露	běn xiàng bì lù
碧血丹心	bì xuè dān xīn
丹心碧血	dān xīn bì xuè
鉴往知来	jiàn wǎng zhī lái
旁逸横出	páng yì héng chū
愤愤不平	fèn fèn bù píng
刻画入微	kè huà rù wēi
玉石皆碎	yù shí jiē suì
盛食厉兵	shèng shí lì bīng
进退可否	jìn tuì kě fǒu
与虎谋皮	yǔ hǔ móu pí
鱼书雁信	yú shū yàn xìn
五湖四海	wǔ hú sì hǎi
犬牙相制	quǎn yá xiāng zhì
心痒难挠	xīn yǎng nán náo
椎天抢地	chuí tiān qiǎng dì
惊惶无措	jīng huáng wú cuò
闲情别致	xián qíng bié zhì
骨鲠之臣	gǔ gěng zhī chén
食前方丈	shí qián fāng zhàng
柏舟之节	bǎi zhōu zhī jié
盗跖之物	dào zhí zhī wù
殷鉴不远	yīn jiàn bù yuǎn
敦风厉俗	dūn fēng lì sú
向声背实	xiàng shēng bèi shí
一代宗臣	yī dài zōng chén
国富民丰	guó fù mín fēng
风回电激	fēng huí diàn jī
樽前月下	zūn qián yuè xià
曲学阿世	qǔ xué ā shì
急公好施	jí gōng hào shī
浮光跃金	fu guang yue jin
改恶向善	gǎi è xiàng shàn
空谷足音	kōng gǔ zú yīn
足音空谷	zú yīn kōng gǔ
仁民爱物	rén mín ài wù
出卖灵魂	chū mài líng hún
福星高照	fú xīng gāo zhào
着书立说	zhù shū lì shuō
鹰击长空	yīng jī cháng kōng
为民请命	wèi mín qǐng mìng
水性杨花	shuǐ xìng yáng huā
杨花水性	yáng hu huǐ xìng
弄嘴弄舌	nòng zuǐ nòng shé
半推半就	bàn tuī bàn jiù
体无完皮	tǐ wú wán pí
畅所欲言	chàng suǒ yù yán
鲜衣怒马	xiān yī nù mǎ
饱以老拳	bǎo yǐ lǎo quán
损人肥己	sǔn rén féi jǐ
席门穷巷	xí mén qióng xiàng
人民城郭	rén mín chéng guō
昼夜兼行	zhòu yè jiān xíng
废书而叹	fèi shū ér tàn
开山始祖	kāi shān shǐ zǔ
朽木难雕	xiǔ mù nán diāo
畅行无碍	chàng xíng wú ài
冷血动物	lěng xuè dòng wù
负阻不宾	fù zǔ bù bīn
惶惶不安	huáng huáng bù ān
连三跨五	lián sān kuà wǔ
凤友鸾交	fèng yǒu luán jiāo
鸾交凤友	luán jiāo fèng yǒu
五色相宣	wǔ sè xiāng xuān
话言话语	huà yán huà yǔ
朽木死灰	xiǔ mù sǐ huī
独断专行	dú duàn zhuān xíng
琴瑟之好	qí sè zhī hǎo
干巴利落	gān bā lì luò
同舟共命	tóng zhōu gòng mìng
天授地设	tiān shòu dì shè
厚古薄今	hòu gǔ bó jīn
厚今薄古	hòu jīn bó gǔ
革面敛手	gé miān liǎn shǒu
土鸡瓦狗	tǔ jī wǎ gǒu
千态万状	qiān tai wàn zhuàng
千状万态	qiān zhuàng wàn tai
诸如此比	zhū rú cǐ bǐ
吹弹得破	chuī tán dé pò
声如洪钟	shēng rú hóng zhōng
丑态百出	chǒu tài bǎi chū
隐居求志	yǐn jū qiú zhì
东倒西歪	dōng dǎo xī wāi
东歪西倒	dōng wāi xī dǎo
行若狗彘	xíng ruò gǒu zhì
道傍之筑	dào bàng zhī zhù
文身翦发	wén shēn jiǎn fā
铁窗风味	tiě chuāng fēng wèi
烈火辨日	liè huǒ biàn rì
精金百炼	jīng jīn bǎi liàn
杯水车薪	bēi shuǐ chē xīn
含血喷人	hán xuè pēn rén
无从置喙	wú cóng zhì huì
涉海登山	shè hǎi dēng shān
五世其昌	wǔ shì qí chāng
草木皆兵	cǎo mù jiē bīng
戴月披星	dài yuè pī xīng
披星戴月	pī xīng dài yuè
投袂而起	tóu mèi ér qǐ
会少离多	huì shǎo lí duō
惟力是视	wéi lì shì shì
刻意求工	kè yì qiú gōng
阔步高谈	kuò bù gāo tán
专心致志	zhuān xīn zhì zhì
适逢其时	shì féng qí shí
救苦救难	jiù kǔ jiù nàn
显露头角	xiǎn lù tóu jiǎo
口含天宪	kǒu hán tiān xiàn
别来无恙	bié lái wú yàng
负气仗义	fù qì zhàng yì
目眩神摇	mù xuàn shén yáo
虎卧龙跳	hǔ wò lóng tiào
龙跳虎卧	lóng tiào hǔ wò
设心处虑	shè xīn chǔ lǜ
一鳞片爪	yī lín piàn zhǎo
白璧三献	bái bì sān xiàn
移步换形	yí bù huàn xíng
移形换步	yí xíng huàn bù
蓬生麻中	péng shēng má zhōng
附上罔下	fù shàng wǎng xià
附下罔上	fù xià wǎng shàng
弃邪从正	qì xié cóng zhèng
百感交集	bǎi gǎn jiāo jí
聊胜一筹	liáo shèng yī chóu
莫衷一是	mò zhōng yī shì
三饥两饱	sān jī liǎng bǎo
毕雨箕风	bì yǔ jī fēng
风雨晦冥	fēng yǔ huì míng
箕风毕雨	jī fēng bì yǔ
寻流逐末	xún liú zhú mò
乐极悲来	lè jí bēi lái
坐以待旦	zuò yǐ dài dàn
踔厉风发	chuō lì fēng fā
纵横开合	zòng héng kāi hé
指皁为白	zhǐ zào wéi bái
十年磨剑	shí nián mó jiàn
游刃有余	yóu rèn yǒu yú
火妻灰子	huǒ qī huī zǐ
田月桑时	tián yuè sāng shí
乔迁之喜	qiáo qiān zhī xǐ
无边无垠	wú biān wú yín
痛入骨髓	tòng rù gǔ suǐ
经验之谈	jīng yàn zhī tán
飞蛾投火	fēi é tóu huǒ
物换星移	wù huàn xīng yí
星移物换	xīng yí wù huàn
朴素无华	pǔ sù wú huá
侈人观听	chǐ rén guān tīng
名实相副	míng shí xiāng fù
词穷理屈	cí qióng lǐ qū
理屈词穷	lǐ qū cí qióng
根深本固	gēn shēn běn gù
深根固本	shēn gēn gù běn
存亡安危	cún wáng ān wēi
金戈铁骑	jīn gē tiě qí
以筌为鱼	yǐ quán wéi yú
弃邪归正	qì xié guī zhèng
自刽以下	zì kuài yǐ xià
典章文物	diǎn zhāng wén wù
奉公正己	fèng gōng zhèng jǐ
楚楚可爱	chǔ chǔ kě ài
五零四散	wǔ líng sì sàn
运开时泰	yùn kāi shí tài
烟炎张天	yān yán zhāng tiān
鼻孔朝天	bí kǒng cháo tiān
金波玉液	jīn bō yù yè
玉液金波	yù yè jīn bō
入海算沙	rù hǎi suàn shā
发纵指使	fā zòng zhǐ shǐ
器二不匮	qì èr bù kuì
死样活气	sǐ yàng huó qì
相貌堂堂	xiàng mào táng táng
杳无音信	yǎo wú yīn xìn
音信杳无	yīn xìn yǎo wú
不腆之仪	bù tiǎn zhī yí
转灾为福	zhuǎn zāi wéi fú
继往开来	jì wǎng kāi lái
开来继往	kāi lái jì wǎng
没衷一是	mò zhōng yī shì
束手束脚	shù shǒu shù jiǎo
高堂大厦	gāo táng dà shà
露往霜来	lù wǎng shuāng lái
上慢下暴	shàng màn xià bào
数黑论白	shù hēi lùn bái
拭目而待	shì mù ér dài
千端万绪	qiān duān wàn xù
千绪万端	qiān xù wàn duān
万绪千端	wàn xù qiān duān
冲昏头脑	chōng hūn tóu nǎo
冰山难靠	bīng shān nán kào
戛然而止	jiá rán ér zhǐ
虎头燕颔	hǔ tóu yàn hàn
燕颔虎头	yàn hàn hǔ tóu
仰人眉睫	yǎng rén méi jié
仁义君子	rén yì jūn zǐ
乘肥衣轻	chéng féi yì qīng
衣轻乘肥	yì qīng chéng féi
材轻德薄	cái qīng dé bó
寒木春华	hán mù chūn huá
才貌两全	cái mào liǎng quán
海约山盟	hǎi yuē shān méng
恶衣蔬食	è yī shū shí
众矢之的	zhòng shǐ zhī dì
龙楼凤池	lóng lóu fèng shi
坦然自若	tǎn rán zì ruò
重兴旗鼓	chóng xīng qí gǔ
白黑颠倒	bái hēi diān dǎo
颠倒黑白	diān dǎo hēi bái
没金饮羽	méi jīn yǐn yǔ
走投没路	zǒu tóu méi lù
刀过竹解	dāo guò zhú jiě
知恩报恩	zhī ēn bào ēn
随机应变	suí jī yìng biàn
名我固当	ming wo gu dang
秘而不宣	mì ér bù xuān
忧国爱民	yōu guó ài mín
楚歌四起	chǔ gē sì qǐ
交口称誉	jiāo kǒu chēng yù
鞍前马后	ān qián mǎ hòu
凡夫俗子	fán fū sú zǐ
负材任气	fù cái rèn qì
改张易调	gǎi zhāng yì diào
神融气泰	shén róng qì tai
以身殉国	yǐ shēng xùn guó
移易迁变	yí yì qiān biàn
暗室求物	àn shì qiú wù
调三惑四	tiáo sān huò sì
朱颜鹤发	zhū yán hè fā
被山带河	pī shān dài hé
土扶成墙	tǔ fú chéng qiáng
称德度功	chēng dé duó gōng
体物缘情	tǐ wù yuán qíng
缘情体物	yuán qíng tǐ wù
上当学乖	shàng dāng xué guāi
颊上三毛	jiá shàng sān máo
敌国通舟	dí guó tōng zhōu
及瓜而代	jí guā ér dài
少年老诚	shǎo nián lǎo chéng
盗亦有道	dào yì yǒu dào
青黄未接	qīng huáng wèi jiē
明辨是非	míng biàn shì fēi
毛发耸然	máo fā sǒng rán
匠心独妙	jiàng xīn dú miào
爱钱如命	ài qián rú mìng
四海波静	sì hǎi bō jìng
山童石烂	shān tóng shí làn
洞察一切	dòng chá yī qiè
弃甲倒戈	qì jiǎ dǎo gē
南来北往	nán lái běi wǎng
走花溜水	zǒu huā liū bīng
怀金垂紫	huái jīn chuí zǐ
蓬头厉齿	péng tóu lì chǐ
月没参横	yuè mò shēn héng
急流勇退	jí liú yǒng tuì
历历在目	lì lì zài mù
临深履薄	lín shēn lǚ bó
履薄临深	lǚ bó lín shēn
兴致索然	xìng zhì suǒ rán
哀声叹气	āi shēng tàn qì
孝思不匮	xiào sī bù kuì
顺水推舟	shùn shuǐ tuī zhōu
行兵布阵	xíng bīng bù zhèn
头昏目晕	tóu hūn mù yūn
炳若日星	bǐng ruò rì xīng
感慨万千	gǎn kǎi wàn qiān
济世匡时	jì shì kuāng shí
匡时济世	kuāng shí jì shì
当门抵户	dāng mén dǐ hù
不可究诘	bù kě jiū jié
束带结发	shù dài jié fā
直捣黄龙	zhí dǎo huáng lóng
神驰力困	shén chí lì kùn
笑逐颜开	xiào zhú yán kāi
残民害物	cán mín hài wù
富于春秋	fù yú chūn qiū
当风秉烛	dāng fēng bǐng zhú
遗老孤臣	yí lǎo gū chén
座无虚席	zuò wú xū xí
飞苍走黄	fēi cāng zǒu huáng
枝附叶连	zhī fù yè lián
诸恶莫作	zhū è mò zuò
面面俱到	miàn miàn jù dào
触目成诵	chù mù chéng sòng
及第成名	jí dì chéng míng
丧魂失魄	sàng hún shī pò
失魂丧魄	shī hún sàng pò
芳年华月	fāng nián huá yuè
丝恩发怨	sī ēn fà yuàn
指手顿脚	zhǐ shǒu dùn jiǎo
烟视媚行	yān shì mèi xíng
群情鼎沸	qún qíng dǐng fèi
月旦春秋	yuè dàn chūn qiū
高阳酒徒	gāo yáng jiǔ tú
度长絜大	dù cháng xié dà
闭门造车	bì mén zào chē
舞刀跃马	wǔ dāo yuè mǎ
析言破律	xī yán pò lǜ
顾全大局	gù quán dà jú
枯木发荣	kū mù fā róng
面朋口友	miàn péng kǒu yǒu
得失荣枯	dé shī róng kū
埋头苦干	mái tóu kǔ gàn
泛泛之交	fàn fàn zhī jiāo
见钱眼红	jiàn qián yǎn hóng
骨化形销	gǔ huà xíng xiāo
惊魂丧魄	jīng hún sàng pò
随声趋和	suí shēng qū hé
兵多者败	bīng duō zhě bài
成败利钝	chéng bài lì dùn
才墨之薮	cái mò zhī sǒu
风吹日晒	fēng chuī rì shài
飘洋过海	piāo yáng guò hǎi
桃李精神	táo lǐ jīng shén
鹤骨鸡肤	hè gǔ jī fū
秋收东藏	qiū shōu dōng cáng
罪不可逭	zuì bù kě huàn
素丝良马	sù sī liáng mǎ
枝布叶分	zhī bù yè fēn
性急口快	xìng jí kǒu kuài
安常履顺	ān cháng lǚ shùn
一座皆惊	yī zuò jiē jīng
誓死不贰	shì sǐ bù èr
狼吞虎餐	láng tūn hǔ cān
春暖花开	chūn nuǎn huā kāi
去本就末	qù běn jiù mò
虚无飘渺	xū wú piāo miǎo
星月交辉	xīng yuè jiāo huī
小时了了	xiǎo shí liǎo liǎo
重气猣名	zhòng qì xùn míng
摧心剖肝	cuī xīn pōu gān
爱别离苦	ài bié lí kǔ
毋望之福	wú wàng zhī fú
南面称孤	nán miàn chēng gū
物至则反	wù zhì zé fǎn
忧国忧民	yōu guó yōu mín
重金袭汤	chóng jīn xí tāng
畅行无阻	chàng xíng wú zǔ
独立王国	dú lì wáng guó
并存不悖	bìng cún bù bèi
玉石俱摧	yù shí jù cuī
作辍无常	zuò chuò wú cháng
多管闲事	duō guǎn xián shì
悠游自得	yōu yóu zì dé
了然于胸	liǎo rán yú xiōng
下塞上聋	xià sāi shàng lóng
虐老兽心	nüè lǎo shòu xīn
兴师动众	xīng shī dòng zhòng
刮目相看	guā mù xiāng kàn
逐影吠声	zhú yǐng fèi shēng
有枝添叶	yǒu zhī tiān yè
鱼烂取亡	yú làn qǔ wáng
江洋大盗	jiāng yáng dà dào
望空捉影	wàng kōng zhuō yǐng
投膏止火	tóu gāo zhǐ huǒ
进贤任能	jìn xián rèn néng
刻木为鹄	kè mù wéi hú
指树为姓	zhǐ shù wéi xìng
物稀为贵	wù xī wéi guì
酒食征逐	jiǔ shí zhēng zhú
源清流洁	yuán qīng liú jié
休养生息	xiū yǎng shēng xī
骑鹤上扬	qí hè shàng yáng
迎头痛击	yíng tóu tòng jī
顶门立户	dǐng mén lì hù
草率从事	cǎo shuài cóng shì
指方画圆	zhǐ fāng huà yuán
议事日程	yì shì rì chéng
家道小康	jiā dào xiǎo kāng
物极将返	wù jí jiāng fǎn
天理昭昭	tiān lǐ zhāo zhāo
狗盗鸡鸣	gǒu dào jī míng
鸡鸣狗盗	jī míng gǒu dào
风栉雨沐	fēng zhì yǔ mù
沐雨栉风	mù yǔ zhì fēng
栉风沐雨	zhì fēng mù yǔ
栉沐风雨	zhì mù fēng yǔ
关门闭户	guēn mén bì hù
聪明正直	cōng míng zhèng zhí
刺刺不休	cì cì bù xiū
一谦四益	yī qiān sì yì
七孔生烟	qī kǒng shēng yān
两脚居间	liǎng jiǎo jū jiān
一股脑儿	yī gǔ nǎo er
李广不侯	lǐ guǎng bù hòu
伐罪吊人	fá zuì diào rén
凤采鸾章	fèng cǎi luán zhāng
枕山臂江	zhěn shān bì jiāng
观隅反三	guān yú fǎn sān
云开雾释	yún kāi wù shì
怆地呼天	chuàng dì hū tiān
怆天呼地	chuàng tiān hū dì
微过细故	wēi guò xì gù
铢两分寸	zhū liǎng fēn cùn
谑而不虐	xuè ér bù nüè
潜心笃志	qián xīn dǔ zhì
东走西撞	dōng zǒu xī zhuàng
昏头昏脑	hūn tóu hūn nǎo
覆舟之戒	fù zhōu zhī jiè
剑头一吷	jiàn tóu yī xuè
酌水知源	zhuó shuǐ zhī yuán
多愁多病	duō chóu duō bìng
饮水食菽	yǐn shuǐ shí shū
声动梁尘	shēng dòng liáng chén
披沙简金	pī shā jiǎn jīn
福不盈眦	fú bù yíng zì
料敌若神	liào dí ruò shén
分甘共苦	fēn gān gòng kǔ
寒腹短识	hán fù duǎn shí
驷马难追	sì mǎ nán zhuī
火烧眉毛	huǒ shāo méi máo
失魂荡魄	shī hún dàng pò
故我依然	gù wǒ yī rán
依然故我	yī rán gù wǒ
过为已甚	guò wéi yǐ shèn
先意承颜	xiān yì chéng yán
拔刀相助	bá dāo xiāng zhù
拨云睹日	bō yún dǔ rì
愁山闷海	chóu shān mèn hǎi
闷海愁山	mèn hǎi chóu shān
渺无音信	miǎo wú yīn xìn
闻宠若惊	wén chǒng ruò jīng
漫天大谎	màn tiān dà huǎng
燎若观火	liáo ruò guān huǒ
耳满鼻满	ěr mǎn bí mǎn
铁壁铜山	tiě bì tóng shān
铜山铁壁	tóng shān tiě bì
革故立新	gé gù lì xīn
调嘴学舌	tiáo zuǐ xué shé
物极则反	wù jí zé fǎn
惟利是求	wéi lì shì qiú
画虎类犬	huà hǔ lèi quǎn
独树一帜	dú shù yī zhì
清平世界	qīng píng shì jiè
悲天悯人	bēi tiān mǐn rén
三六九等	sān liù jiǔ děng
颠簸不破	diān bǒ bù pò
倚门卖笑	yǐ mén mài xiào
鼓乐齐鸣	gǔ yuè qí míng
如指诸掌	rú zhǐ zhū zhǎng
甘冒虎口	gān mào hǔ kǒu
磊浪不羁	lěi làng bù jī
重生父母	chóng shēng fù mǔ
慎小事微	shèn xiǎo shì wēi
长谈阔论	cháng tán kuò lùn
勾心斗角	gōu xīn dòu jiǎo
公买公卖	gōng mǎi gōng mài
正理平治	zhèng lǐ píng zhì
纷乱如麻	fēn luàn rú má
闭合自责	bì gé zì zé
枪声刀影	qiāng shēng dāo yǐng
牛黄狗宝	niú huáng gǒu bǎo
天命攸归	tiān mìng yōu guī
披头盖脑	pī tóu gài nǎo
斜风细雨	xié fēng xì yǔ
正经八板	zhèng jīng bā bǎn
代代相传	dài dài xiāng chuán
惊风怒涛	jīng fēng nù tāo
攀花折柳	pān huā shé liǔ
恶贯满盈	è guàn mǎn yíng
超以象外	chāo yǐ xiàng wài
付诸一笑	fù zhū yī xiào
戴发含齿	dài fā hán chǐ
含齿戴发	hán chǐ dài fā
推己及物	tuī jǐ jí wù
评头论足	píng tóu lùn zú
魂销肠断	hún xiāo cháng duàn
东征西怨	dōng zhēng xī yuàn
分劳赴功	fēn láo fù gōng
云堦月地	yún jiē yuè dì
晋阳之甲	jìn yáng zhī jiǎ
初露头角	chū lù tóu jiǎo
时异势殊	shí yì shì shū
衣冠楚楚	yī guān chǔ chǔ
荒淫无度	huāng yín wú dù
同尘合污	tóng chén hé wū
历兵粟马	lì bīng sù mǎ
向平之愿	xiàng píng zhī yuàn
上援下推	shàng yuán xià tuī
讷口少言	nè kǒu shǎo yán
心乔意怯	xīn qiáo yì qiè
忧公忘私	yōu gōng wàng sī
枉直随形	wǎng zhí suí xíng
女大当嫁	nǚ dà dāng jià
三汤五割	sān tāng wǔ gē
废私立公	fèi sī lì gōng
俭以养德	jiǎn yǐ yǎng dé
千万买邻	qiān wàn mǎi lín
纹丝不动	wén sī bù dòng
鸡飞狗跳	jī fēi gǒu tiào
惑世盗名	huò shì dào míng
易于拾遗	yì yú shí yí
百废俱举	bǎi fèi jù jǔ
柳莺花燕	liǔ yīng huā yàn
面争庭论	miàn zhēng tíng lùn
过甚其词	guò shèn qí cí
登山小鲁	dēng shān xiǎo lǔ
熟能生巧	shú néng shēng qiǎo
金尽裘弊	jīn jìn qiú bì
裘弊金尽	qiú bì jīn jìn
通前彻后	tōng qián chè hòu
东零西碎	dōng líng xī suì
今昔之感	jīn xī zhī gǎn
孔席不暖	kǒng xí bù nuǎn
极寿无疆	jí shòu wú jiāng
不哼不哈	bù hēng bù hā
风谲云诡	fēng jué yún guǐ
火树银花	huǒ shù yín huā
银花火树	yín huā huǒ shù
孤立寡与	gū lì guǎ yǔ
鼠雀之辈	shǔ què zhī bèi
闭关自主	bì guān zì zhǔ
才疏意广	cái shū yì guǎng
意广才疏	yì guǎng cái shū
焚香扫地	fén xiāng sǎo dì
格物致知	gé wù zhì zhī
简在帝心	jiǎn zài dì xīn
进退裕如	jìn tuì yù rú
同类相妒	tóng lèi xiāng dù
贼去关门	zéi qù guān mén
阐扬光大	chǎn yáng guāng dà
抵死漫生	dǐ sǐ màn shēng
善始善终	shàn shǐ shàn zhōng
日中将昃	rì zhōng jiāng zè
星驰电发	xīng chí diàn fā
阴服微行	yīn fú wēi xíng
渴而穿井	kě ér chuān jǐng
丰功厚利	fēng gōng hòu lì
笔底龙蛇	bǐ dǐ lóng shé
高文典策	gāo wén diǎn cè
寡见鲜闻	guǎ jiàn xiǎn wén
拏风跃云	ná fēng yuè yún
爱素好古	ài sù hào gǔ
捷足先得	jié zú xiān dé
鸾歌凤吹	luán gē fèng chuí
铢两相称	zhū liǎng xiāng chèn
多难兴邦	duō nàn xīng bāng
打破迷关	dǎ pò mí guān
脱缰之马	tuō jiāng zhī mǎ
千里鹅毛	qiān lǐ é máo
用管窥天	yòng guǎn kuī tiān
睹物伤情	dǔ wù shāng qíng
心有余悸	xīn yǒu yú jì
蹑足其间	niè zú qí jiān
声音笑貌	shēng yīn xiào mào
消声灭迹	xiāo shēng miè jì
举世瞩目	jǔ shì zhǔ mù
再三再四	zài sān zài sì
尸鸠之平	shī jiū zhī píng
历精为治	lì jīng wéi zhì
梁上君子	liáng shàng jūn zǐ
同工异曲	tóng gōng yì qǔ
异曲同工	yì qǔ tóng gōng
半吐半露	bàn tǔ bàn lù
素隐行怪	sù yǐn xíng guài
争鸡失羊	zhēng jī shī yáng
直言切谏	zhí yán qiē jiàn
老态龙钟	lǎo tài lóng zhōng
齿牙之猾	chǐ yá zhī huá
代人说项	dài rén shuō xiàng
龙战玄黄	lóng zhàn xuán huáng
多愁善病	duō chóu shàn bìng
易于反掌	yì yú fǎn zhǎng
束手自毙	shù shǒu zì bì
三邻四舍	sān lín sì shè
保国安民	bǎo guó ān mín
负气含灵	fù qì hán líng
三好二怯	sān hǎo èr qiè
相庄如宾	xiāng zhuāng rú bīn
学书学剑	xué shū xué jiàn
三汤两割	sān tāng liǎng gē
玄妙入神	xuán miào rù shén
枯鱼病鹤	kū yú bìng hè
以弱制强	yǐ ruò zhì qiáng
诗家三昧	shī jiā sān mèi
作好作歹	zuò hǎo zuò dǎi
闲见层出	xián jiàn céng chū
江南海北	jiāng nán hǎi běi
惊恐失色	jīng kǒng shī sè
观形察色	guān xíng chá sè
金钗十二	jīn chāi shí èr
十二金钗	shí èr jīn chāi
家徒四壁	jiā tú sì bì
气吞湖海	qì tūn hú hǎi
进退失措	jìn tuì shī cuò
如原以偿	rú yuán yǐ cháng
疾恶如雠	jí è rú chóu
过庭之训	guò tíng zhī xùn
杳无消息	yǎo wú xiāo xī
牛蹄中鱼	niú tí zhōng yú
温情密意	wēn qíng mì yì
损人益己	sǔn rén yì jǐ
以此类推	yǐ cǐ lèi tuī
退步抽身	tui bu chou sheng
名符其实	míng fú qí shí
五合六聚	wǔ hé liù jù
恰如其分	qià rú qí fèn
挥日阳戈	huī rì yáng gē
察察为明	chá chá wéi míng
应权通变	yìng quán tōng biàn
遁俗无闷	dùn sú wú mèn
转悲为喜	zhuǎn bēi wéi xǐ
高才卓识	gāo cái zhuó shí
凫短鹤长	fú duǎn hè cháng
鹤长凫短	hè cháng fú duǎn
鹤短凫长	hè duǎn fú cháng
成群结党	chéng qún jié dǎng
毛举细故	máo jǔ xì gù
完事大吉	wán shì dà jí
弥日累夜	mí rì lèi yè
妙舞清歌	miào wǔ qīng gē
清歌妙舞	qīng gē miào wǔ
匹夫之勇	pǐ fū zhī yǒng
腼颜人世	miǎn yán rén shì
弃甲投戈	qì jiǎ tóu gē
拭面容言	shì miàn róng yán
龙威虎震	lóng wēi hǔ zhèn
隔墙有耳	gé qiáng yǒu ěr
追欢作乐	zhuī huān zuò lè
素未谋面	sù wèi móu miàn
改名易姓	gǎi míng yì xìng
别具手眼	bié jù shǒu yǎn
出丑扬疾	chū chǒu yáng jí
程门立雪	chéng mén lì xuě
倾耳注目	qīng ěr zhù mù
拔来报往	bá lái fù wǎng
壮气凌云	zhuàng qì líng yún
旷古奇闻	kuàng gǔ qí wén
令人作呕	lìng rén zuò ǒu
卷席而居	juàn xí ér jū
物离乡贵	wù lí xiāng guì
殊方同致	shū fāng tóng zhì
十成九稳	shí chéng jiǔ wěn
鸿渐之翼	hóng jiàn zhī yì
销声避影	xiāo shēng bì yǐng
寿元无量	shòu yuán wú liàng
负薪救火	fù xīn jiù huǒ
故家乔木	gù jiā qiáo mù
白鱼赤乌	bái yú chì wū
回黄转绿	huí huáng zhuǎn lǜ
捧腹大笑	pěng fù dà xiào
引经据古	yǐn jīng jù gǔ
大雨倾盆	dà yǔ qīng pén
倾盆大雨	qīng pén dà yǔ
曾无与二	céng wú yǔ èr
魂飞魄越	hún fēi pò yuè
分星拨两	fēn xīng bō liǎng
归全反真	guī quán fǎn zhēn
妻离子散	qī lí zǐ sàn
靡知所措	mí zhī suǒ cuò
齿亡舌存	chǐ wáng shé cún
应对如响	yìng duì rú xiǎng
才高运蹇	cái gāo yùn jiǎn
文武双全	wén wǔ shuāng quán
旧调重弹	jiù diào chóng tán
旷日引久	kuàng rì yǐn jiǔ
所在皆是	suǒ zài jiē shì
矫世厉俗	jiǎo shì lì sú
时和岁丰	shí hé suì fēng
掉三寸舌	diào sān cùn shé
闭目塞听	bì mù sè tīng
竹柏异心	zhú bǎi yì xīn
局促不安	jú cù bù ān
舍近求远	shě jìn qiú yuǎn
车击舟连	chē jī zhōu lián
丰神异彩	fēng shén yì cǎi
中流底柱	zhōng liú dǐ zhù
抱玉握珠	bào yù wò zhū
杳无踪影	yǎo wú zōng yǐng
一厢情原	yī xiāng qíng yuán
慈眉善眼	cí méi shàn yǎn
才貌双绝	cái mào shuāng jué
云集景附	yún jí jǐng fù
倾巢出动	qīng cháo chū dòng
击钟鼎食	jī zhōng dǐng shí
四海飘零	sì hǎi piāo líng
头破血淋	tóu pò xuè lín
铄金点玉	shuò jīn diǎn yù
薄物细故	bó wù xì gù
倚老卖老	yǐ lǎo mài lǎo
百舍重茧	bǎi shè chóng jiǎn
太山北斗	tài shān běi dòu
析交离亲	xī jiāo lí qīn
蹈刃不旋	dǎo rèn bù xuán
确乎不拔	què hū bù bá
平起平坐	píng qǐ píng zuò
舍本求末	shě běn qiú mò
残民以逞	cán mín yǐ chěng
披红戴花	pī hóng dài huā
怨入骨髓	yuàn rù gǔ suǐ
雕虫小事	diāo chóng xiǎo shì
怀敌附远	huái dí fù yuǎn
叹为观止	tàn wéi guān zhǐ
鲁戈回日	lǔ gē huí rì
马首是瞻	mǎ shǒu shì zhān
长江天堑	cháng jiāng tiān qiàn
反骄破满	fǎn jiāo pò mǎn
奇谈怪论	qí tán guài lùn
七纵八横	qī zòng bā héng
问道于盲	wèn dào yú máng
借贷无门	jiè dài wú mén
极情纵欲	jí qíng zòng yù
一肢半节	yī zhī bàn jié
劳师动众	láo shī dòng zhòng
醉玉颓山	zuì yù tuí shān
率马以骥	shuài mǎ yǐ jì
污手垢面	wū shǒu gòu miàn
承天之祜	chéng tiān zhī hù
承天之祐	chéng tiān zhī yòu
千条万绪	qiān tiáo wàn xù
另眼相待	lìng yǎn xiāng dài
半斤八两	bàn jīn bā liǎng
黄花晚节	huáng huā wǎn jié
晚节黄花	wǎn jié huáng huā
惨不忍睹	cǎn bù rěn dǔ
为山止篑	wéi shān zhǐ kuì
残年暮景	cán nián mù jǐng
迷头认影	mí tóu rèn yǐng
认影迷头	rèn yǐng mí tóu
随方就圆	suí fāng jiù yuán
随圆就方	suí yuán jiù fāng
九曲回肠	jiǔ qū huí cháng
万事亨通	wàn shì hēng tōng
视为儿戏	shì wéi ér xì
逐机应变	zhú jī yìng biàn
审己度人	shěn jǐ duó rén
雕心雁爪	diāo xīn yàn zhǎo
豺狼当道	chái láng dāng dào
龙楼凤阁	lóng lóu fèng gé
有恃无恐	yǒu shì wú kǒng
见幾而作	jiàn jī ér zuò
别树一帜	bié shù yī zhì
恶醉强酒	wù zuì qiǎng jiǔ
平易近民	píng yì jìn mín
大获全胜	dà huò quán shèng
敬贤重士	jìng xián zhòng shì
不肖子孙	bù xiào zǐ sūn
情投契合	qíng tóu qì hé
问安视寝	wèn ān shì qǐn
竭诚相待	jié chéng xiāng dài
仁心仁术	rén xīn rén shù
驷马高盖	sì mǎ gāo gài
连枝带叶	lián zhī dài yè
唇齿相须	chún chǐ xiāng xū
贯穿今古	guàn chuān jīn gǔ
蜂目豺声	fēng mù chái shēng
两鼠斗穴	liǎng shǔ dòu xué
利灾乐祸	lì zāi lè huò
春秋笔法	chūn qiū bǐ fá
门庭若市	mén tíng ruò shì
指挥可定	zhǐ huī kě dìng
原形败露	yuán xíng bài lù
遗珠弃璧	yí zhū qì bì
涓滴不遗	juān dī bù yí
放言遣辞	fàng yán qiǎn cí
柔肠寸断	róu cháng cùn duàn
志骄气盈	zhì jiāo qì yíng
节用爱民	jié yòng ài mín
文圆质方	wén yuán zhì fāng
弃瑕忘过	qì xiá wàng guò
喘息之间	chuǎn xī zhī jiān
较武论文	jiào wǔ lùn wén
行同狗豨	xíng tóng gǒu xī
词严义正	cí yán yì zhèng
义正词严	yì zhèng cí yán
始终不懈	shǐ zhōng bù xiè
风驰电卷	fēng chí diàn juǎn
乘虚迭出	chéng xū dié chū
青蝇点玉	qīng yíng diǎn yù
消遥自在	xiāo yáo zì zài
覆盂之安	fù yú zhī ān
骇龙走蛇	hài lóng zǒu shé
达权通变	dá quán tōng biàn
通变达权	tōng biàn dá quán
通权达变	tōng quán dá biàn
背本就末	bèi běn jiù mò
赖有此耳	lài yǒu cǐ ěr
束在高阁	shù zài gāo gé
龙腾虎跃	lóng téng hǔ yuè
调神畅情	tiáo shén chàng qíng
抱头痛哭	bào tóu tòng kū
夏日可畏	xià rì kě wèi
枕戈待命	zhěn gē dài mìng
别具一格	bié jù yī gé
振振有词	zhèn zhèn yǒu cí
盲人说象	máng rén shuō xiàng
话里有刺	huà lǐ yǒu cì
话里有话	huà lǐ yǒu huà
墨守成规	mò shǒu chéng guī
功遂身退	gōng suí shēn tuì
春光明媚	chūn guāng míng mèi
过河卒子	guò hé zú zǐ
老羞成怒	lǎo xiū chéng nù
德本财末	dé běn cái mò
强词夺理	qiǎng cí duó lǐ
倘来之物	tǎng lái zhī wù
诞罔不经	dàn wǎng bù jīng
砥节厉行	dǐ jié lì xíng
高歌猛进	gāo gē měng jìn
前庭悬鱼	qián tíng xuán yú
因人制宜	yīn rén zhì yí
兴微继绝	xīng wēi jì jué
决命争首	jué mìng zhēng shǒu
坐失良机	zuò shī liáng jī
发怒穿冠	fà nù chuān guān
闭门合辙	bì kǒu hé shé
逐影随波	zhú yǐng suí bō
词约指明	cí yuē zhǐ míng
蛊惑人心	gǔ huò rén xīn
因祸得福	yīn huò dé fú
大海捞针	dà hǎi lāo zhēn
偷合取容	tōu hé qǔ róng
望尘追迹	wàng chén zhuī jì
海纳百川	hǎi nà bǎi chuān
甘贫守分	gān pín shǒu fēn
明推暗就	míng tuī àn jiù
邈若河山	miǎo ruò hé shān
邈若山河	miǎo ruò shān hé
项背相望	xiàng bèi xiāng wàng
砥身砺行	dǐ shēn lì xíng
瞪目结舌	dèng mù jié shé
权倾中外	quán qīng zhōng wai
回光反照	huí guāng fǎn zhào
旧病复发	jiù bìng fù fā
零珠碎玉	líng zhū suì yù
松形鹤骨	sōng xíng hè gǔ
流溺忘反	liú nì wàng fǎn
折节待士	zhé jié dài shì
鲜衣美食	xiān yī měi shí
比户可封	bǐ hù kě fēng
乌鸟私情	wū niǎo sī qíng
横祸非灾	hèng huò fēi zāi
龙蟠虎伏	lóng pán hǔ fú
依违两可	yī wéi liǎng kě
力倍功半	lì bèi gōng bàn
求浆得酒	qiú jiāng dé jiǔ
放意肆志	fàng yì sì zhì
斩头去尾	zhǎn tóu qù wěi
以疏间亲	yǐ shū jiàn qīn
焚骨扬灰	fén gǔ yáng huī
切身体会	qiē shēn tǐ huì
胡言汉语	hú yán hàn yǔ
精诚所至	jīng chéng suǒ zhì
逢人说项	féng rén shuō xiàng
高情厚谊	gāo qíng hòu yì
行行蛇蚓	háng háng shé yǐn
轻手软脚	qīng shǒu ruǎn jiǎo
汪洋大海	wāng yáng dà hǎi
草间求活	cǎo jiān qiú huó
趋之若骛	qū zhī ruò wù
来踪去迹	lái zōng qù jì
庞眉白发	páng méi bái fà
乐极哀来	lè jí āi lái
惟利是视	wéi lì shì shì
芒寒色正	máng hán sè zhèng
所剩无几	suǒ shèng wú jǐ
深文周纳	shēn wén zhōu nà
雪天萤席	xuě tiān yíng xí
饮马投钱	yìn mǎ tóu qián
生发未燥	shēng fà wèi zào
含仁怀义	hán rén huái yì
卖国求荣	mài guó qiú róng
疾病相扶	jí bìng xiāng fú
鸣雁直木	míng yàn zhí mù
支手舞脚	zhī shǒu wǔ jiǎo
道旁苦李	dào páng kǔ lǐ
孤掌难鸣	gū zhǎng nán míng
难鸣孤掌	nán míng gū zhǎng
龟厌不告	guī yàn bù gào
凤楼龙阙	fèng lóu lóng què
龙楼凤阙	lóng lóu fèng què
与世隔绝	yǔ shì gé jué
举贤任能	jǔ xián rèn néng
外简内明	wài jiǎn nèi míng
对酒当歌	duì jiǔ dāng gē
食饥息劳	shí jī xī láo
鱼肠尺素	yú cháng chǐ sù
合盘托出	hé pán tuō chū
养生送终	yǎng shēng sòng zhōng
匹马一麾	pǐ mǎ yī huī
厚德载物	hòu dé zài wù
蜗行牛步	wō xíng niú bù
大煞风趣	dà shà fēng qù
贪欲无艺	tān yù wú yì
转瞬之间	zhuǎn shùn zhī jiān
褐衣不完	hè yī bù wán
狗血淋头	gǒu xuè lín tóu
良莠不齐	liáng yǒu bù qí
白头偕老	bái tóu xié lǎo
香消玉碎	xiāng xiāo yù suì
玉碎香消	yù suì xiāng xiāo
恨相见晚	hèn xiāng jiàn wǎn
相见恨晚	xiāng jiàn hèn wǎn
九州四海	jiǔ zhōu sì hǎi
四海九州	sì hǎi jiǔ zhōu
富贵利达	fù guì lì dá
六街三市	liù jiē sān shì
三街六市	sān jiē liù shì
愁肠九回	chóu cháng jiǔ huí
真情实感	zhēn qíng shí gǎn
博闻强识	bó wén qiáng zhì
强识博闻	qiǎng shí bó wén
大政方针	dà zhèng fāng zhēn
轻财好施	qīng cái hǎo shī
栋梁之材	dòng liáng zhī cái
意惹情牵	yì rě qíng qiān
目窕心与	mù tiǎo xīn yǔ
衔尾相随	xián wěi xiāng suí
残章断简	cán zhāng duàn jiǎn
追魂夺命	zhuī hún duó mìng
逐末忘本	zhú mò wàng běn
附声吠影	fù shēng fèi yǐng
磐石之固	pán shí zhī gù
白发青衫	bái fà qīng shān
衣锦荣归	yì jǐn róng guī
染旧作新	rǎn jiù zuò xīn
威信扫地	wēi xìn sǎo dì
大呼小喝	dà hū xiǎo hē
碌碌无闻	lù lù wú wén
昏头转向	hūn tóu zhuǎn xiàng
渺无影踪	miǎo wú yǐng zōng
渺无踪影	miǎo wú zōng yǐng
敲山震虎	qiāo shān zhèn hǔ
进退失据	jìn tuì shī jù
流离颠顿	liú lí diān dùn
别有肺肠	bié yǒu fèi cháng
归奇顾怪	guī qí gù guài
旷古未闻	kuàng gǔ wèi wéi
通权达理	tōng quán dá lǐ
稔恶不悛	rěn è bù quān
鹄形鸟面	hú xíng niǎo miàn
鸟面鹄形	niǎo miàn hú xíng
同床共枕	tóng chuáng gòng zhěn
矫言伪行	jiǎo yán wěi xíng
一路神祇	yī lù shén qí
神武挂冠	shén wǔ guà guàn
当刑而王	dāng xíng ér wáng
飞鸾翔凤	fēi luán xiáng fèng
著书立说	zhù shū lì shuō
为鬼为蜮	wéi guǐ wéi yù
便宜行事	biàn yì xíng shì
移风崇教	yí fēng chóng jiào
厚往薄来	hòu wǎng báo lái
引新吐故	yǐn xīn tǔ gù
专欲难成	zhuān yù nán chéng
偃武兴文	yǎn wǔ xīng wén
生荣死衰	shēng róng sǐ shuāi
既成事实	jì chéng shì shí
奉天承运	fèng tiān chéng yùn
博物君子	bó wù jūn zǐ
我行我素	wǒ xíng wǒ sù
焦眉愁眼	jiāo méi chóu yǎn
胆丧魂消	dǎn sàng hún xiāo
魂消胆丧	hún xiāo dǎn sàng
燕岱之石	yān dài zhī shí
水磨工夫	shuǐ mó gōng fū
视如珍宝	shì rú zhēn bǎo
辩才无碍	biàn cái wú ài
张口掉舌	zhāng kǒu diào shé
日增月益	rì zēng yuè yì
琴瑟不调	qín sè bù tiáo
浮名虚誉	fú míng xū yù
发踪指使	fā zōng zhǐ shǐ
嫉恶如仇	jí è rú chóu
病入骨髓	bìng rù gǔ suǐ
虎略龙韬	hǔ lüè lóng tāo
泼水难收	pō shuǐ nán shōu
雁过拔毛	yàn guò bá máo
半截入土	bàn jié rù tǔ
纲举目张	gāng jǔ mù zhāng
仗节死义	zhàng jié sǐ yì
简傲绝俗	jiǎn ào jué sú
飞云掣电	fēi yún chè diàn
井井有绪	jǐng jǐng yǒu xù
吐肝露胆	tǔ gān lù dǎn
恶衣菲食	è yī fēi shí
千推万阻	qiān tuī wàn zǔ
千真万确	qiān zhēn wàn què
长街短巷	cháng jiē duǎn xiàng
虎荡羊群	hǔ dàng yáng qún
随风转舵	suí fēng zhuǎn duò
断根绝种	duàn gēn jué zhǒng
甜言美语	tián yán měi yǔ
尸居余气	shī jū yú qì
情意绵绵	qíng yì mián mián
晚节不保	wǎn jíe bù bǎo
流光易逝	liú guāng yì shì
去故纳新	qù gù nà xīn
情投谊合	qíng tóu yì hé
星罗云布	xīng luó yún bù
杀人如蓺	shā rén rú tiě
进壤广地	jìn rǎng guǎng dì
智尽能索	zhì jìn néng suǒ
宁折不弯	nìng zhé bù wān
如胶如漆	rú jiāo rú qī
亲当矢石	qīn dāng shǐ shí
坐地分脏	zuò dì fēn zāng
碧空如洗	bì kōng rú xǐ
潜精积思	qián jīng jī sī
败俗伤化	bài sú shāng huà
伤化败俗	shāng huà bài sú
低眉垂眼	dī méi chuí yǎn
长绳系日	cháng shéng jì rì
食亲财黑	shí qīn cái hēi
吸风饮露	xī fēnɡ yǐn lù
休明盛世	xiū míng shèng shì
开卷有益	kāi juàn yǒu yì
调嘴弄舌	tiáo zuǐ nòng shé
佛眼相看	fó yǎn xiāng kàn
得寸则寸	dé cùn zé cùn
离情别绪	lí qíng bié xù
蜂附云集	fēng fù yún jí
饮犊上流	yìn dú shàng liú
青霄直上	qīng xiāo zhí shàng
离群索居	lí qún suǒ jū
宽仁大度	kuān rén dà dù
攀花问柳	pān huā wèn liǔ
见兔顾犬	jiàn tù gù quǎn
做鬼做神	zuò guǐ zuò shén
做神做鬼	zuò shén zuò guǐ
情凄意切	qíng qī yì qiē
殊涂同归	shū tú tóng guī
殊致同归	shū zhì tóng guī
同归殊涂	tóng guī shū tú
性命交关	xìng mìng jiāo guān
似笑非笑	sì xiào fēi xiào
切齿拊心	qiè chǐ fǔ xīn
骂天咒地	mà tiān zhòu dì
咒天骂地	zhòu tiān mà dì
软语温言	ruǎn yǔ wēn yán
惟利是命	wéi lì shì mìng
自由放任	zì yóu fàng rèn
老实巴交	lǎo shí bā jiāo
唯力是视	wéi lì shì shì
兴亡继绝	xīng wáng jì jué
追风蹑景	zhuī fēng niè jǐng
返来复去	fǎn lái fù qù
遁迹方外	dùn jì fāng wài
顺风张帆	shùn fēng zhāng fān
聚敛无厌	jù liǎn wú yàn
援笔立成	yuán bǐ lì chéng
随方逐圆	suí fāng zhú yuán
见猎心喜	jiàn liè xīn xǐ
假虎张威	jiǎ hǔ zhāng wēi
家徒壁立	jiā tú bì lì
永永无穷	yǒng shì wú qióng
灭顶之灾	miè dǐng zhī zāi
发财致富	fā cái zhì fù
物归原主	wù guī yuán zhǔ
刻薄寡思	kè bó guǎ sī
里丑捧心	lǐ chǒu pěng xīn
鸣金收军	míng jīn shōu jūn
虚位以待	xū wèi yǐ dài
骄傲自满	jiāo ào zì mǎn
弃车走林	qì chē zǒu lín
家贼难防	jiā zéi nán fáng
识微知著	shí wēi zhī zhuó
以白诋青	yǐ bái dǐ qīng
不失圭撮	bù shī guī cuō
家至户到	jiā zhì hù dào
平流缓进	píng liú huǎn jìn
临事而惧	lín shì ér jù
枝附叶从	zhī fù yè cóng
山崩钟应	shān bēng zhōng yìng
庸人自扰	yōng rén zì rǎo
众口交赞	zhòng kǒu jiāo zàn
丰屋生灾	fēng wū shēng zāi
计功受赏	jì gōng shòu shǎng
坐薪悬胆	zuò xīn xuán dǎn
层见错出	céng chū cuò jiàn
泰山其颓	tài shān qí tuí
四停八当	sì tíng bā dāng
敏而好学	mǐn ér hào xué
走马到任	zǒu mǎ dào rèn
看人眉睫	kàn rén méi jié
以半击倍	yǐ bàn jī bèi
攘臂一呼	rǎng bì yī hū
冰壶秋月	bīng hú qiū yuè
首尾相援	shǒu wěi xiāng yuán
扶摇直上	fú yáo zhí shàng
百品千条	bǎi pǐn qiān tiáo
以屈求伸	yǐ qū qiú shēn
来踪去路	lái zōng qù lù
杯中蛇影	bēi zhōng shé yǐng
打退堂鼓	dǎ tuì táng gǔ
求贤若渴	qiú xián ruò kě
履信思顺	lǚ xìn sī shùn
历历落落	lì lì luò luò
从中渔利	cóng zhōng yú lì
惊惶失色	jīng huáng shī sè
聊表寸心	liáo biǎo cùn xīn
莺飞燕舞	yīng fēi yàn wǔ
西方净国	xī fāng jìng guó
运筹出奇	yùn chóu chū qí
首尾两端	shǒu wěi liǎng duān
令原之戚	líng yuán zhī qī
追本穷源	zhuī běn qióng yuán
归正首丘	guī zhèng shǒu qiū
较短比长	jiào duǎn bǐ cháng
拭目以待	shì mù yǐ dài
兵在其颈	bīng zài qí jǐng
千条万缕	qiān tiáo wàn lǚ
惊喜若狂	jīng xǐ ruò kuáng
一夔一契	yī kuí yī qì
一觞一咏	yī shāng yī yǒng
权变锋出	quán biàn fēng chū
重光累洽	chóng guāng lèi qià
龙盘凤翥	lóng pán fèng zhù
微机四伏	wēi jī sì fú
娱心悦目	yú xīn yuè mù
悦目娱心	yuè mù yú xīn
天假良缘	tiān jiǎ liáng yuán
作小服低	zuò xiǎo fú dī
火中取栗	huǒ zhōng qǔ lì
恣意妄行	zì yì wàng xíng
巧言偏辞	qiǎo yán piān cí
鼻息如雷	bí xī rú léi
哗世取名	huá shì qǔ míng
心痒难抓	xīn yǎng nán zhuā
雄鸡断尾	xióng jī duàn wěi
命辞遣意	mìng cí qiǎn yì
视死犹归	shì sǐ yóu guī
百拙千丑	bǎi zhuō qiān chǒu
位极人臣	wèi jí rén chén
急起直追	jí qǐ zhí zhuī
鱼鱼雅雅	yú yú yǎ yǎ
攒三集五	cuán sān jí wǔ
时来运旋	shí lái yùn xuán
空空如也	kōng kōng rú yě
戴罪立功	dài zuì lì gōng
舍旧谋新	shě jiù móu xīn
跛行千里	bǒ xíng qiān lǐ
积毁销金	jī huǐ xiāo jīn
别置一喙	bié zhì yī huì
红颜薄命	hóng yán bó mìng
先难后获	xiān nán hòu huò
秉文经武	bǐng wén jīng wǔ
安危与共	ān wēi yǔ gòng
梨花带雨	lí hu ài yǔ
群威群胆	qún wēi qún dǎn
闭门塞户	bì kǒu sè hù
半信半疑	bàn xìn bàn yí
半疑半信	bàn yí bàn xìn
机关用尽	jī guān yòng jìn
萧然物外	xiāo rán wù wài
呕心镂骨	ǒu xīn lòu gǔ
虎踞龙盘	hǔ jù lóng pán
踞虎盘龙	jù hǔ pán lóng
龙盘虎踞	lóng pán hǔ jù
霸王风月	bà wáng fēng yuè
辱门败户	rǔ mén bài hù
寻行数墨	xún háng shǔ mò
对景伤情	duì jǐng shāng qíng
太平无象	tài píng wú xiàng
兵强将勇	bīng qiáng àng yǒng
精采秀发	jīng cǎi xiù fā
露面抛头	lù miàn pāo tóu
抛头露面	pāo tóu lù miàn
相忘形骸	xiāng wàng xíng hái
铁树开华	tiě shù kāi huā
恩威并重	ēn wēi bìng zhòng
才疏德薄	cái shū dé bó
德薄才疏	dé bó cái shū
适当其冲	shì dāng qí chōng
移日卜夜	yí rì bǔ yè
涩于言论	sè yú yán lùn
地坼天崩	dì chè tiān bēng
天崩地坼	tiān bēng dì chè
狗血喷头	gǒu xuè pēn tóu
肉眼愚眉	ròu yǎn yú méi
愚眉肉眼	yú méi ròu yǎn
不爽累黍	bù shuǎng lèi shǔ
调唇弄舌	tiáo chún nòng shé
调舌弄唇	tiáo shé nòng chún
怀璧其罪	huái bì qí zuì
呼风唤雨	hū fēng huàn yǔ
胸有悬镜	xiōng yǒu xuán jìng
适情率意	shì qíng shuài yì
割恩断义	gē ēn duàn yì
豪迈不群	háo mài bù qún
野调无腔	yě diào wú qiāng
尺二秀才	chǐ èr xiù cái
众犬吠声	zhòng quǎn fèi shēng
隙穴之窥	xì xué zhī kuī
奥妙无穷	ào miào wú qióng
告贷无门	gào dài wú mén
恨相知晚	hèn xiāng zhī wǎn
相知恨晚	xiāng zhī hèn wǎn
遗德余烈	yí dé yú liè
方寸已乱	fāng cùn yǐ luàn
海啸山崩	hǎi xiào shān bēng
山崩海啸	shān bēng hǎi xiào
换斗移星	huàn dǒu yí xīng
移星换斗	yí xīng huàn dǒu
负重涉远	fù zhòng shè yuǎn
凤愁鸾怨	fèng chóu luán yuàn
戴发含牙	dài fā hán yá
匠石运金	jiàng shí yùn jīn
离乡背土	lí xiāng bèi tǔ
冰解壤分	bīng jiě rǎng fēn
传道受业	chuán dào shòu yè
口诵心维	kǒu sòng xīn wéi
废文任武	fèi wén rèn wǔ
众目共睹	zhòng mù gòng dǔ
愁肠九转	chóu cháng jiǔ zhuǎn
以玉抵鹊	yǐ yù dǐ què
贫贱骄人	pín jiàn jiāo rén
三朋四友	sān péng sì yǒu
明珠弹雀	míng zhū tán què
绿叶成阴	lǜ yè chéng yīn
畅所欲为	chàng suǒ yù wéi
具体而微	jù tǐ ér wēi
病民害国	bìng mín hài guó
进退存亡	jìn tuì cún wáng
告老还家	gào lǎo huán jiā
薰天赫地	xūn tiān hè dì
飞熊入梦	fēi xióng rù mèng
独出新裁	dú chū xīn cái
攀高结贵	pān gāo jié guì
光车骏马	guāng chē jùn mǎ
步雪履穿	bù xuě lǚ chuān
乐往哀来	lè wǎng āi lái
积习难改	jī xí nán gǎi
攒三聚五	cuán sān jù wǔ
朝欢暮乐	zhāo huān mù lè
朝思暮想	zhāo sī mù xiǎng
暮想朝思	mù xiǎng cháo sī
挥戈返日	huī gē fǎn rì
泄露天机	xiè lòu tiān jī
秋高气肃	qiū gāo qì sù
东兔西乌	dōng tù xī wū
冠上加冠	guān shàng jiā guān
草率将事	cǎo lǜ jiāng shì
谈何容易	tán hé róng yì
日削月割	rì xuē yuè gē
将伯之助	qiāng bó zhī zhù
变化多端	biàn huà duō duān
三江七泽	sān jiāng qī zé
尺寸之柄	chǐ cùn zhī bǐng
三户亡秦	sān hù wáng qín
亡秦三户	wáng qín sān hù
损上益下	sǔn shàng yì xià
公听并观	gōng tīng bìng guān
鸡飞狗叫	jī fēi gǒu jiào
烂漫天真	làn màn tiān zhēn
天真烂漫	tiān zhēn làn màn
即物穷理	jí wù qióng lǐ
枭心鹤貌	xiāo xīn hè mào
疾如旋踵	jí rú xuán zhǒng
上方宝剑	shàng fāng bǎo jiàn
惩一警百	chéng yī jǐng bǎi
患得患失	huàn dé huàn shī
男女老小	nán nǚ lǎo xiǎo
真知卓见	zhēn zhī zhuó jiàn
改往修来	gǎi wǎng xiū lái
顽石点头	wán shí diǎn tóu
避难趋易	bì nán qiù yì
混水摸鱼	hùn shuǐ mō yú
笃学不倦	dǔ xué bù juàn
十全十美	shí quán shí měi
暗度金针	àn dù jīn zhēn
十室容贤	shí shì róng xián
见微知萌	jiàn wēi zhī méng
敢作敢为	gǎn zuò gǎn wéi
以邻为壑	yǐ lín wéi hè
将机就机	jiāng jī jiù jī
趋时附势	qū shí fù shì
拱手而降	gǒng shòu ér xiáng
夜以继昼	yè yǐ jì zhòu
以夜继昼	yǐ yè jì zhòu
计过自讼	jì guò zì sòng
尺二冤家	chǐ èr yuān jia
观者云集	guān zhě yún jí
视险如夷	shì xiǎn rú yí
毛骨耸然	máo gǔ sǒng rán
能者多劳	néng zhě duō láo
胆粗气壮	dǎn cū qì zhuàng
胆壮气粗	dǎn zhuàng qì cū
气壮胆粗	qì zhuàng dǎn cū
反听内视	fǎn tīng nèi shì
反听收视	fǎn tīng shōu shì
内视反听	nèi shì fǎn tīng
收视反听	shōu shì fǎn tīng
江东父老	jiāng dōng fù lǎo
龟文鸟迹	guī wén niǎo jì
当家立纪	dāng jiā lì jì
冷若冰霜	lěng ruò bīng shuāng
视如粪土	shì rú fèn tǔ
尊师贵道	zūn shī guì dào
复旧如初	fù jiù rú chū
舌端月旦	shé duān yuè dàn
瓮中之鳖	wèng zhōng zhī biē
深知灼见	shēn zhī zhuó jiàn
蜂拥而至	fēng yōng ér zhì
黄冠草服	huáng guàn cǎo fú
民贵君轻	mín guì jūn qīng
餐风啮雪	cān fēng niè xuě
却金暮夜	què jīn mù yè
矜功自伐	jīn gōng zì fá
自矜功伐	zì jīn gōng fá
轻举妄动	qīng jǔ wàng dòng
悬河注火	xuán hé zhù huǒ
横眉瞪眼	héng méi dèng yǎn
敛声屏气	liǎn shēng bǐng qì
白衣公卿	bái yī gōng qīng
别鹤孤鸾	bié hè gū luán
断羽绝鳞	duàn yǔ jué lín
锦绣江山	jǐn xiù jiāng shān
奇文共赏	qí wén gòng shǎng
冲冠发怒	chōng guàn fā nù
冲冠怒发	chōng guàn nù fà
发怒冲冠	fā nù chōng guàn
怒发冲冠	nù fà chōng guān
从容应对	cóng róng yìng duì
公私兼顾	gōng sī jiān gù
死有余辜	sǐ yǒu yú gū
一息尚存	yī xī shàng cún
裁月镂云	cái yuè lòu yún
镂月裁云	lòu yuè cái yún
春华秋实	chūn huá qiū shí
秋实春华	qiū shí chūn huā
刊心刻骨	kān xīn kè gǔ
国仇家恨	guó chóu jiā hèn
兴高采烈	xìng gāo cǎi liè
寻欢作乐	xún huān zuò lè
破镜重圆	pò jìng chóng yuán
避君三舍	bì jūn sān shè
精益求精	jīng yì qiú jīng
日渐月染	rì jiàn yuè rǎn
与时消息	yǔ shí xiāo xi
粗服乱头	cū fú luàn tóu
乱头粗服	luàn tóu cū fú
齐心涤虑	qí xīn dí lǜ
不甘示弱	bù gān shì ruò
依草附木	yī cǎo fù mù
面面皆到	miàn miàn jiē dào
油嘴花唇	yóu zuǐ huā chún
泾渭不分	jīng wèi bù fēn
使嘴使舌	shǐ zuǐ shǐ shé
狗吠之警	gǒu fèi zhī jǐng
吞刀吐火	tūn dāo tǔ huǒ
岩穴之士	yán xué zhī shì
水底捞月	shuǐ dǐ lāo yuè
君子三戒	jūn zǐ sān jiè
霄壤之别	xiāo rǎng zhī bié
鸦巢生凤	yā cháo shēng fèng
遗闻轶事	yí wén yì shì
轶事遗闻	yì shì yí wén
轶闻遗事	yì wén yí shì
恶湿居下	wù shī jū xià
鼓唇摇舌	gǔ chún yáo shé
鼓舌摇唇	gǔ shé yáo chún
摇唇鼓舌	yáo chún gǔ shé
龙章麟角	lóng zhāng lín jiǎo
参天贰地	cān tiān èr dì
危机四伏	wēi jī sì fú
以疑决疑	yǐ yí jué yí
桑榆之景	sāng yú zhī jǐng
义胆忠肝	yì dǎn zhōng gān
忠肝义胆	zhōng gān yì dǎn
贫嘴薄舌	pín zuǐ bó shé
巧同造化	qiǎo tóng zào huà
花辰月夕	huā chén yuè xī
望尘莫及	wàng chén mò jí
虱多不痒	shī duō bù yǎng
固步自封	gù bù zì fēng
高顾遐视	gāo gù xiá shì
杳无影响	yǎo wú yǐng xiǎng
直眉瞪眼	zhí méi dèng yǎn
点睛之笔	diǎn jīng zhī bǐ
判若天渊	pàn ruò tiān yuān
东抹西涂	dōng mò xī tú
东涂西抹	dōng tú xī mǒ
吞云吐雾	tūn yún tǔ wù
轻手蹑脚	qīng shǒu niè jiǎo
一枕南柯	yī zhěn nán kē
合从连衡	hé zòng lián héng
唯利是求	wéi lì shì qiú
救火扬沸	jiù huǒ yáng fèi
恶言詈辞	è yán lì cí
一薰一莸	yī xūn yī yóu
入邦问俗	rù bāng wèn sú
雍容大度	yōng róng dà dù
呼吸之间	hū xī zhī jiān
五尺竖子	wǔ chǐ shù zǐ
结绳而治	jié shéng ér zhì
累及无辜	lěi jí wú gū
遁世遗荣	dùn shì yí róng
三纲五常	sān gāng wǔ cháng
门殚户尽	mén dān hù jìn
底死谩生	dǐ sǐ màn shēng
群策群力	qún cè qún lì
含章天挺	hán zhāng tiān tǐng
取乱存亡	qǔ luàn cún wáng
如虎傅翼	rú hǔ fù yì
粗通文墨	cū tōng wén mò
如泣草芥	rú qì cǎo jiè
得过且过	dé guò qiě guò
追根穷源	zhuī gēn qióng yuán
乌焉成马	wū yān chéng mǎ
水佩风裳	shuǐ pèi fēng shang
回眸一笑	huí móu yī xiào
鸣琴而治	míng qín ér zhì
同文共轨	tóng wén gòng guǐ
昏聩无能	hūn kuì wú néng
片言只字	piàn yán zhǐ zì
豁达大度	huò dá dà dù
信手拈来	xìn shǒu niān lái
原始见终	yuán shǐ jiàn zhōng
杏花春雨	xìng huā chūn yǔ
应时对景	yìng shí duì jǐng
豺狼横道	chái láng héng dào
胜残去杀	shèng cán qù shā
衣绣夜游	yī xiù yè yóu
屏声静气	píng shēng jìng qì
青州从事	qīng zhōu cóng shì
引狼自卫	yǐn láng zì wèi
魂颠梦倒	hún diān mèng dǎo
梦魂颠倒	mèng hún diān dǎo
布鼓雷门	bù gǔ léi mén
高步通衢	gāo bù tōng qú
徇国忘身	xùn guó wàng shēn
悖言乱辞	bèi yán luàn cí
俭腹高谈	jiǎn fù gāo tán
好善嫉恶	hǎo shàn jí è
知法犯法	zhī fǎ fàn fǎ
放眼世界	fàng yǎn shì jiè
蹐地局天	jí dì jú tiān
局地钥天	jú dì yào tiān
局天蹐地	jú tiān jí dì
爱才若渴	ài cái ruò kě
犬牙盘石	quǎn yá pán shí
力有未逮	lì yǒu wèi dǎi
助我张目	zhù wǒ zhāng mù
谬想天开	miù xiǎng tiān kāi
六道轮回	liù dào lún huí
良时美景	liáng shí měi jǐng
赤身露体	chì shēn lù tǐ
溢言虚美	yì yán xū měi
顿学累功	dùn xué lěi gōng
仗义执言	zhàng yì zhí yán
剥肤之痛	bō fū zhī tòng
凌霄之志	líng xiāo zhī zhì
一塌刮子	yī tā guā zi
五积六受	wǔ jī liù shòu
避军三舍	bì jūn sān shè
金闺玉堂	jīn guī yù táng
七断八续	qī duàn bā sù
无庸置疑	wú yōng zhì yí
肥遁鸣高	féi dùn míng gāo
将飞翼伏	jiāng fēi yì fú
不按君臣	bù àn jūn chén
小心谨慎	xiǎo xīn jǐn shèn
见貌辨色	jiàn mào biàn sè
化若偃草	huà ruò yǎn cǎo
非同儿戏	fēi tóng ér xì
使心作倖	shǐ xīn zuò xìng
拨乱反正	bō luàn fǎn zhèng
反正拨乱	fǎn zhèng bō luàn
六尺之讬	liù chǐ zhī quàn
别创一格	bié chuàng yí gé
野没遗贤	yě méi yí xián
自吹自擂	zì chuī zì léi
乐事劝功	lè shì quàn gōng
家至户察	jiā zhì hù chá
瑕不掩瑜	xiá bù yǎn yú
瑜不掩瑕	yú bù yǎn xiá
恶衣粝食	è yī lì shí
尖言冷语	jiān yán lěng yǔ
倒载干戈	dào zài gān gē
前功皆弃	qián gōng jiē qì
切树倒根	qiē shù dǎo gēn
盲风妒雨	máng fēng dù yǔ
月落乌啼	yuè luò wū tí
熬心费力	áo xīn fèi lì
倚势凌人	yǐ shì líng rén
杳无踪迹	yǎo wú zōng jī
察见渊鱼	chá jiàn yuān yú
吟风咏月	yín fēng yǒng yuè
金科玉律	jīn kē yù lǜ
玉律金科	yù lǜ jīn kē
形枉影曲	xíng wǎng yǐng qū
分崩离析	fēn bēng lí xī
离析分崩	lí xī fēn bēng
开眉展眼	kāi méi zhǎn yǎn
眼开眉展	yǎn kāi méi zhǎn
逆天犯顺	nì tiān fàn shùn
杜门绝客	dù mén jué kè
知我罪我	zhī wǒ zuì wǒ
牛衣病卧	niú yī bìng wò
缓急轻重	huǎn jí qīng zhòng
轻重缓急	qīng zhòng huǎn jí
炼石补天	liàn shí bǔ tiān
别财异居	bié cái yì jū
别居异财	bié jū yì cái
犀牛望月	xī niú wàng yuè
锵金鸣玉	qiāng jīn míng yù
玉箫金管	yù xiāo jīn guǎn
上蒸下报	shàng zhēng xià bào
横从穿贯	héng cóng chuān guàn
九死未悔	jiǔ sǐ wèi huǐ
海誓山盟	hǎi shì shān méng
盟山誓海	méng shān shì hǎi
山盟海誓	shān méng hǎi shì
誓海盟山	shì hǎi méng shān
誓山盟海	shì shān méng hǎi
鱼游沸鼎	yú yóu fèi dǐng
多文强记	duō wén qiáng jì
道殣相望	dào jìn xiāng wàng
比翼连枝	bǐ yì lián zhī
连枝比翼	lián zhī bǐ yì
掩恶扬美	yǎn è yáng měi
哀感中年	āi gǎn zhōng nián
不敢问津	bù gǎn wèn jīn
风驰电赴	fēng chí diàn fù
恩甚怨生	ēn shèn yuàn shēng
莫展一筹	mò zhǎn yī chóu
一筹莫展	yī chóu mò zhǎn
杀衣缩食	shài yī suō shí
众星捧月	zhòng xīng pěng yuè
大题小做	dà tí xiǎo zuò
小题大做	xiǎo tí dà zuò
孔孟之道	kǒng mèng zhī dào
别作良图	bié zuò liáng tú
据义履方	jù yì lǚ fāng
赏罚分明	shǎng fá fēn míng
放马后炮	fàng mǎ hòu pào
山积波委	shān jī bō wěi
十年读书	shí nián dú shū
贫无置锥	pín wú zhì zhuī
欺天诳地	qī tiān kuāng dì
风驱电扫	fēng qū diàn sǎo
一手包办	yī shǒu bāo bàn
弃同即异	qì tóng jí yì
昼日昼夜	zhòu rì zhòu yè
久别重逢	jiǔ bié chóng féng
盘水加剑	pan shui jia jian
闲非闲是	xián fēi xián shì
闲是闲非	xián shì xián fēi
高材捷足	gāo cái jié zú
各得其宜	gè dé qí yí
寒灰更然	hán huī gèng rán
直接了当	zhí jiē liǎo dàng
看风使船	kàn fēng shǐ chuán
掎角之势	jǐ jiǎo zhī shì
繁文末节	fán wén mò jié
杞国忧天	qǐ guó yōu tiān
抱头鼠窜	bào tóu shǔ cuàn
交颈并头	jiāo jǐng bìng tóu
鼓角齐鸣	gǔ jiǎo qí míng
一献三售	yī xiàn sān shòu
事危累卵	shì wēi lèi luǎn
鹰视狼步	yīng shì láng bù
罗掘一空	luó jué yī kōng
雕心鹰爪	diāo xīn yīng zhǎo
雁过留声	yàn guò liú shēng
谠言直声	dǎng yán zhí shēng
家反宅乱	jiā fǎn zhái luàn
诸如此类	zhū rú cǐ lèi
三街六巷	sān jiē liù xiàng
切切私语	qiè qiè sī yǔ
竹报平安	zhú bào píng ān
魂摇魄乱	hún yáo pò luàn
劳民伤财	láo mín shāng cái
河决鱼烂	hé jué yú làn
鱼烂河决	yú làn hé jué
活天冤枉	huó tiān yuān wǎng
蹑足附耳	niè zú fù ěr
踣地呼天	bó dì hū tiān
遗臭万载	yí chòu wàn zǎi
北鄙之音	bēi bǐ zhī yīn
别出新裁	bié chū xīn cái
分道扬镳	fēn dào yáng biāo
沁人心腑	qìn rén xīn fǔ
孤形吊影	gū xíng diào yǐng
形孤影只	xíng gū yǐng zhī
影只形孤	yǐng zhī xíng gū
枕戈饮血	zhěn gē yǐn xuè
龙驰虎骤	lóng chí hǔ zhòu
花街柳市	huā jiē liǔ shì
柳市花街	liǔ shì huā jiē
直木先伐	zhí mù xiān fá
妙趣横生	miào qù héng shēng
逸趣横生	yì qù héng shēng
跌荡不羁	diē dàng bù jī
敌国外患	dí guó wài huàn
望风承旨	wàng fēng chéng zhǐ
富贵逼人	fù guì bī rén
百年谐老	bǎi nián xié lǎo
百废俱兴	bǎi fèi jù xīng
碌碌无能	lù lù wú néng
伐性之斧	fá xìng zhī fǔ
首尾相卫	shǒu wěi xiāng wèi
投机取巧	tóu jī qǔ qiǎo
束手旁观	shù shǒu páng guān
送往事居	sòng wǎng shì jū
雪上加霜	xuě shàng jiā shuāng
认贼为子	rèn zéi wéi zǐ
论功受赏	lùn gōng shòu shǎng
感人肺肝	gǎn rén fèi gān
冰散瓦解	bīng sàn wǎ jiě
参辰日月	shēn chén rì yuè
日月参辰	rì yuè shēn chén
百弊丛生	bǎi bì cóng shēng
徒托空言	tú tuō kōng yán
殷天蔽日	yīn tiān bì rì
申祸无良	shēn huò wú liáng
鸾飞凤翥	luán fēi fèng zhù
大发雷霆	dà fā léi tíng
据理力争	jù lǐ lì zhēng
鲜车怒马	xiān chē nù mǎ
狼飡虎食	láng cān hǔ shí
负石赴河	fù shí fù hé
泛泛之谈	fàn fàn zhī tán
百废具作	bǎi fèi jù zuò
遥相呼应	yáo xiāng hū yìng
深思熟虑	shēn sī shú lǜ
三占从二	sān zhān cóng èr
毛发丝粟	máo fà sī sù
一时半霎	yī shí bàn shà
一时半晌	yī shí bàn shǎng
比翼齐飞	bǐ yì qí fēi
一刀两段	yī dāo liǎng duàn
油头滑面	yóu tóu huá miàn
逐近弃远	zhú jìn qì yuǎn
桑间之咏	sāng jiān zhī yǒng
闳侈不经	hóng chǐ bù jīng
彻上彻下	chè shàng chè xià
语妙绝伦	yǔ miào jué lún
帡天极地	jú tiān jí dì
扑地掀天	pū dì xiān tiān
视同陌路	shì tóng mò lù
洁清自矢	jié qīng zì shǐ
斠若画一	jiào ruò huà yī
珠规玉矩	zhū guī yù jǔ
偃兵修文	yǎn bīng xiū wén
日增月盛	rì zēng yuè shèng
寄迹山林	jì jì shān lín
改容易貌	gǎi róng yì mào
火上添油	huǒ shàng tiān yóu
触石决木	chù shí jué mù
恣意妄为	zì yì wàng wéi
以肉啖虎	yǐ ròu dàn hǔ
负心违愿	fù xīn wéi yuàn
乘利席胜	chéng lì xí shèng
残民害理	cán mín hài lǐ
迷花沾草	mí huā zhān cǎo
解甲休兵	jiě jiǎ xiū bīng
改弦易张	gǎi xián yì zhāng
砥砺风节	dǐ lì fēng jié
鱼龙混杂	yú lóng hùn zá
弊衣疏食	bì yī shū shí
摇尾涂中	yáo wěi tú zhōng
翻来覆去	fān lái fù qù
覆去翻来	fù qù fān lái
借风使船	jiè fēng shǐ chuán
游手偷闲	yóu shǒu tōu xián
五雀六燕	wǔ què liù yàn
弃本逐末	qì běn zhú mò
逐末弃本	zhú mò qì běn
戴头识脸	dài tóu shí liǎn
现身说法	xiàn shēn shuō fǎ
云泥殊路	yún ní shū lù
夺席谈经	duó xí tán jīng
民生涂炭	mín shēng tú tàn
生民涂炭	shēng mín tú tàn
钧天广乐	jūn tiān guǎng yuè
车载斗量	chē zài dǒu liáng
斗量车载	dǒu liáng chē zài
面折庭争	miàn shé tíng zhēng
鱼目混珍	yú mù hùn zhēn
三迭阳关	sān dié yáng guān
阳关三迭	yáng guān sān dié
铁面枪牙	tiě miàn qiāng yá
简要清通	jiǎn yào qīng tōng
龙蟠凤逸	lóng pán fèng yì
得未曾有	dé wèi céng yǒu
生气勃勃	shēng qì bó bó
放诞不羁	fàng dàn bù jī
不稼不穑	bù jià bù sè
不揪不睬	bù chǒu bù cǎi
百辞莫辩	bǎi cí mò biàn
三写成乌	sān xiě chéng wū
虎超龙骧	hǔ chāo lóng xiāng
熊心豹胆	xióng xīn bào dǎn
敲冰索火	qiāo bīng suǒ huǒ
瞬息之间	shùn xī zhī jiān
怒火中烧	nù huǒ zhōng shāo
本乡本土	běn xiāng běn tǔ
进贤退奸	jìn xián tuì jiān
户枢不蠹	hù shū bù dù
途途是道	tú tú shì dào
万象更新	wàn xiàng gēng xīn
长才短驭	cháng cái duǎn yù
少头缺尾	shǎo tóu quē wěi
蓬头历齿	péng tóu lì chǐ
甘死如饴	gān sǐ rú yí
暮景残光	mù jǐng cán guāng
薄技在身	bó jì zài shēn
金尽裘敝	jīn jìn qiú bì
临难无慑	lín nán wú shè
不着边际	bù zhuó biān jì
人急偎亲	rén jí wēi qīn
功高震主	gōng gāo zhèn zhǔ
愤世疾俗	fèn shì jí sú
五尺童子	wǔ chǐ tóng zǐ
通时达务	tōng shí dá wù
括目相待	kuò mù xiāng dài
年华垂暮	nián huá thuí mù
相得益彰	xiāng dé yì zhāng
成群作队	chéng qún zuò duì
三江五湖	sān jiāng wǔ hú
负材矜地	fù cái jīn dì
鲁阳回日	lǔ yáng huí rì
狂风怒号	kuáng fēng nù háo
家学渊源	jiā xué yuān yuán
遣词立意	qiǎn cí lì yì
琼枝玉叶	qióng zhī yù yè
多愁善感	duō chóu shàn gǎn
四亭八当	sì tíng bā dàng
雄鸡夜鸣	xióng jī yè míng
怡志养神	yí zhì yǎng shén
望秋先零	wàng qiū xiān líng
天方夜谭	tiān fāng yè tán
追根求源	zhuī gēn qiú yuán
捕风捉影	bǔ fēng zhuō yǐng
捉风捕影	zhuō fēng bǔ yǐng
捉影捕风	zhuō yǐng bǔ fēng
混俗和光	hùn sú hé guāng
沾风惹草	zhān fēng rě cǎo
翠竹黄花	cuì zhú huáng huā
比屋可封	bǐ wū kě fēng
依头缕当	yī tóu lǚ dàng
血流成渠	xuè liú chéng qú
惠子知我	huì zǐ zhī wǒ
显亲扬名	xiǎn qīn yáng míng
扬名显亲	yáng míng xiǎn qīn
傲慢无礼	ào màn wú lǐ
庐山真面	lú shān zhēn miàn
晚食当肉	wǎn shí dàng ròu
跌荡不拘	diē dàng bù jū
沉冤莫白	chén yuān mò bái
五斗折腰	wǔ dǒu zhé yāo
折腰五斗	shé yāo wǔ dòu
端本正源	duān běn zhèng yuán
倒持干戈	dǎo chí gān gē
矜能负才	jīn néng fù cái
正大堂煌	zhèng dà táng huáng
瓦解星散	wǎ jiě xīng sàn
千载奇遇	qiān zǎi qí yù
进退消息	jìn tuì xiāo xī
入火赴汤	rù huǒ fù tāng
风和日暄	fēng hé rì xuān
东奔西向	dōng bēn xī xiàng
秋行夏令	qiū xíng xià líng
柳暖花春	liǔ nuǎn huā chūn
离乡别土	lí xiāng bié tǔ
远见卓识	yuǎn jiàn zhuó shí
使心用幸	shǐ xīn yòng xìng
乐昌之镜	lè chāng zhī jìng
李白桃红	lǐ bái táo hóng
皮里阳秋	pí lǐ yáng qiū
儿女亲家	ér nǚ qìng jiā
每饭不忘	měi fàn bù wàng
惊采绝艳	jīng cǎi jué yàn
指挥若定	zhǐ huī ruò dìng
迁思回虑	qiān sī huí lǜ
敌众我寡	dí zhòng wǒ guǎ
多才多艺	duō cái duō yì
多艺多才	duō yì duō cái
权移马鹿	quán yí mǎ lù
鸥水相依	ōu shuǐ xiāng yī
傲头傲脑	ào tóu ào nǎo
仗势欺人	zhàng shì qī rén
街头巷尾	jiē tóu xiàng wěi
巷尾街头	xiàng wěi jiē tóu
英雄气短	yīng xióng qì duǎn
凤彩鸾章	fèng cǎi luán zhāng
烦言碎辞	fán yán suì yǔ
触物兴怀	chù wù xīng huái
夫人裙带	fū rén qún dài
泰极而否	tài jí ér pǐ
言近旨远	yán jìn zhǐ yuǎn
不择手段	bù zé shǒu duàn
满打满算	mǎn dǎ mǎn suàn
好高骛远	hào gāo wù yuǎn
歪门邪道	wāi mén xié dào
邪门歪道	xié mén wāi dào
神经过敏	shén jīng guò mǐn
阿时趋俗	ē shí qū sú
操戈同室	cāo gē tóon shì
同室操戈	tóng shì sāo gē
拥兵自固	yōng bīng zì gù
赤贫如洗	chì pín rú xǐ
鼓腹含和	gǔ fù hán hé
尺板斗食	chǐ bǎn dòu shí
利市三倍	lì shì sān bèi
群鸿戏海	qún hóng xì hǎi
闲情逸致	xián qíng yì zhì
珠玉在侧	zhū yù zài cè
断烂朝报	duàn làn cháo bào
日销月铄	rì xiāo yuè shuò
安邦定国	ān bāng dìng guó
定国安邦	dìng guó ān bāng
建功立事	jiàn gōng lì shì
朝更暮改	zhāo gèng mù gǎi
安宅正路	ān zhái zhèng lù
朝升暮合	zhāo shēng mù gě
摇头叹息	yáo tóu tàn xī
呆若木鸡	dāi ruò mù jī
降本流末	jiàng běn liú mò
金瓶落井	jīn píng luò jǐng
安贫乐贱	ān pín lè jiàn
反求诸己	fǎn qiú zhū jǐ
恍如隔世	huǎng rú gé shì
怒气冲冲	nù qì chōng chōng
神龙失埶	shén lóng shī zhì
畏影恶迹	wèi yǐng è jì
各持己见	gè chí jǐ jiàn
唇亡齿寒	chún wáng chǐ hán
朝阳丹凤	cháo yáng dān fèng
丹凤朝阳	dān fèng cháo yáng
慎终如始	shèn zhōng rú shǐ
斗酒只鸡	dǒu jiǔ zhī jī
只鸡斗酒	zhī jī dǒu jiǔ
愁眉泪眼	chóu méi lèi yǎn
放诞不拘	fàng dàn bù jū
如雷灌耳	rú léi guàn ěr
惊鸿艳影	jīng hóng yàn yǐng
攀高接贵	pān gāo jiē guì
仙露明珠	xiān lù míng zhū
一品白衫	yī pǐn bái shān
避祸求福	bì huò qiú fù
唯利是视	wéi lì shì shì
塞上江南	sāi shàng jiāng nán
遮掩耳目	zhē yǎn ěr mù
拥书百城	yōng shū bǎi chéng
匡乱反正	kuāng luàn fǎn zhèng
惊喜交集	jīng xǐ jiāo jí
哑然失笑	yǎ rán shī xiào
老成练达	lǎo chéng liàn dá
练达老成	liàn dá lǎo chéng
抱法处势	bào fǎ chǔ shì
澄神离形	chéng shén lí xíng
超尘拔俗	chāo chén bá sú
成佛作祖	chéng fó zuò zǔ
亲上做亲	qīn shàng zuò qīn
单刀直入	dān dāo zhí rù
对床夜语	duì chuáng yè yǔ
迎风冒雪	yíng fēng mào xuě
惟命是从	wéi mìng shì cóng
心低意沮	xīn dī yì jǔ
日许时间	rì xǔ shí jiān
龙腾虎掷	lóng téng hǔ zhì
迩安远至	ěr ān yuǎn zhì
远至迩安	yuǎn zhì ěr ān
官情纸薄	guān qíng zhǐ báo
黯然失色	àn rán shī sè
比物属事	bǐ wù zhǔ shì
寸阴若岁	cùn yīn ruò suì
托凤攀龙	tuō fèng pān lóng
掀风鼓浪	xiān fēng gǔ làng
饮食男女	yǐn shí nán nǚ
进德修业	jìn dè xiū yè
贵古贱今	guì gǔ jiàn jīn
鸠车竹马	jiū chē zhú mǎ
池鱼林木	chí yú lín mù
病骨支离	bìng gǔ zhī lí
胆小如鼷	dǎn xiǎo rú xī
抽黄对白	chōu huáng duì bái
至圣至明	zhì shèng zhì míng
谩天谩地	màn tiān màn dì
饿虎之蹊	è hǔ zhī xī
面如傅粉	miàn rú fǔ fěn
舞文玩法	wǔ wén wán fǎ
改曲易调	gǎi qǔ yì diào
干名采誉	gān míng cǎi yù
海晏河清	hǎi yàn hé qīng
河海清宴	hé hǎi qīng yàn
河清海宴	hé qīng hǎi yàn
河清海晏	hé qīng hǎi yàn
鹰头雀脑	yīng tóu què nǎo
铭记不忘	míng jì bù wàng
飞阁流丹	fēi gé liú dān
休休有容	xiū xiū yǒu róng
鼠目獐头	shǔ mù zhāng tóu
獐头鼠目	zhāng tóu shǔ mù
神道设教	shén dào shè jiào
琼枝玉树	qióng zhī yù shù
玉树琼枝	yù shù qióng zhī
兴亡祸福	xīng wáng huò fú
厚貌深辞	hòu mào shēn cí
秀才造反	xiù cái zào fǎn
三叠阳关	sān dié yáng guān
故作玄虚	gù zuò xuán xū
在谷满谷	zài gǔ mǎn gǔ
清宫除道	qīng gōng chú dào
造微入妙	zào wēi rù miào
恬言柔舌	tián yán róu shé
革旧从新	gé jiù cóng xīn
诞谩不经	dàn màn bù jīng
燕雁代飞	yàn yàn dài fēi
故甚其词	gù shèn qí cí
微乎其微	wēi hū qí wēi
当家理纪	dāng jiā lǐ jì
同舟共济	tóng zhōu gòng jì
朝歌夜弦	zhāo gē yè xián
局天促地	jú tiān cù dì
梭天摸地	suō tiān mō dì
金辉玉洁	jīn huī yù jié
如锥画沙	rú zhuī huà shā
胸无城府	xiōng wú chéng fǔ
遁世隐居	dùn shì yǐn jū
吞声饮泣	tūn shēng yǐn qì
饮泣吞声	yǐn qì tūn shēng
闭门扫迹	bì kǒu sǎo guǐ
翘足而待	qiáo zú ér dài
赫赫有名	hè hè yǒu míng
比比皆然	bǐ bǐ jiē rán
以桃代李	yǐ táo dài lǐ
削铁如泥	xuē tiě rú ní
四冲六达	sì chōng liù dá
逼上梁山	bī shàng liáng shān
辨若悬河	biàn ruò xuán hé
横扫千军	héng sǎo qiān jūn
惊喜交加	jīng xǐ jiāo jiā
避实就虚	bì shí jiù xū
就虚避实	jiù xū bì shí
解囊相助	jiě náng xiāng zhù
进善黜恶	jìn shàn chù è
袂云汗雨	mèi yún hàn yǔ
鱼网鸿离	yú wǎng hóng lí
河奔海聚	hé bēn hǎi jù
动如脱兔	dòng rú tuō tù
金龟换酒	jīn guī huàn jiǔ
蜚短流长	fēi duǎn liú cháng
扯顺风旗	chě shǔn fēng qí
相去几何	xiāng qù jǐ hé
周而复始	zhōu ér fù shǐ
诈痴不颠	zhà chī bù diān
附庸风雅	fù yōng fēng yǎ
天下汹汹	tiān xià xiōng xiōng
福寿无疆	fú shòu wú jiāng
彻里至外	chè lǐ zhì wài
大书特书	dà shū tè shū
艳如桃李	yàn rú táo lǐ
悬车告老	xuán chē gào lǎo
日益月滋	rì yì yuè zī
日滋月益	rì zī yuè yì
死有余僯	sǐ yǒu yú lù
春暖花香	chūn nuǎn huā xiāng
极乐世界	jí lè shì jiè
拥书南面	yōng shū nán miàn
胡思乱量	hú sī luàn liàng
鬼烂神焦	guǐ làn shén jiāo
神焦鬼烂	shén jiāo guǐ làn
深图远算	shēn tú yuǎn suàn
斗怪争奇	dòu guài zhēng qí
何足介意	hé zú jiè yì
百媚千娇	bǎi mèi qiān jiāo
千娇百媚	qiān jiāo bǎi mèi
一塌胡涂	yī tā hú tú
分条析理	fēn tiáo xī lǐ
雨沾云惹	yǔ zhān yún rě
漫山塞野	màn shān sāi yě
击石弹丝	jī shí tán sī
春意盎然	chūn yì àng rán
高楼大厦	gāo lóu dà shà
排除万难	pái chú wàn nán
枕山栖谷	zhěn shān qī gǔ
触目皆是	chù mù jiē shì
敛骨吹魂	liǎn gǔ chuí hún
双凫一雁	shuāng fú yī yàn
天假因缘	tiān jiǎ yīn yuán
若隐若显	ruò yǐn ruò xiǎn
东穿西撞	dōng chuān xī zhuàng
附肤落毛	fù fū luò máo
桑落瓦解	sāng luò wǎ jiě
海沸河翻	hǎi fèi hé fān
负重含污	fù zhòng hán wū
鸿隐凤伏	hóng yǐn fèng fú
触处机来	chù chǔ jī lái
首下尻高	shǒu xià kāo gāo
杂乱无序	zá luàn wú xù
欢声雷动	huān shēng léi dòng
谭言微中	tán yán wēi zhòng
重操旧业	chóng cāo jiù yè
遗臭万代	yí chòu wàn dài
身临其境	shēn lín qí jìng
背公营私	bèi gōng yíng sī
免怀之岁	miǎn huái zhī suì
楚雨巫云	chǔ yǔ wū yún
巫云楚雨	wū yún chǔ yǔ
瞒神弄鬼	mán shén nòng guǐ
略迹原情	lüè jì yuán qíng
慢易生忧	màn yì shēng yōu
文期酒会	wén qī jiǔ huì
刿目鉥心	guì mù xù xīn
鉥心刿目	tóng xīn guì mù
饥寒交至	jī hán jiāo zhì
弹空说嘴	tán kōng shuō zuǐ
鼎湖龙去	dǐng hú lóng qù
龙去鼎湖	lóng qù dǐng hú
拒虎进狼	jù hǔ jìn láng
拒狼进虎	jù láng jìn hǔ
挠直为曲	náo zhí wéi qū
胸中鳞甲	xiōng zhōng lín jiǎ
凤毛麟角	fèng máo lín jiǎo
麟角凤毛	lín jiǎo fèng máo
阴阳怪气	yīn yáng guài qì
不遑宁处	bù huáng níng chǔ
知往鉴今	zhī wǎng jiàn jīn
翻然改图	fān rán gǎi tú
兵贵神速	bīng guì shén sù
束装就道	shù zhuāng jiù dào
水中著盐	shuǐ zhōng zhuó yán
以蚓投鱼	yǐ yǐn tóu yú
兴邦立国	xīng bāng lì guó
价增一顾	jià zēng yī gù
以螳当车	yǐ táng dāng chē
雨条烟叶	yǔ tiáo yān yè
断雁孤鸿	duàn yàn gū hóng
闲言赘语	xián yán zhuì yǔ
南柯一梦	nán kē yī mèng
颐指气使	yí zhǐ qì shǐ
祸及池鱼	huò jí shi yú
忧国奉公	yōu guó fèng gōng
素昧平生	sù mèi píng shēng
素昧生平	sù mèi shēng píng
土洋结合	tǔ yáng jié hé
匡国济时	kuāng guó jì shí
顺水放船	shùn shuǐ fàng chuán
案牍之劳	àn dú zhī láo
柳营花市	liǔ yíng huā shì
钩深致远	gōu shēn zhì yuǎn
再做道理	zài zuò dào lǐ
类聚群分	lèi jù qún fēn
坚持不懈	jiān chí bù xiè
趁心像意	chèn xīn xiàng yì
年经国纬	nián jīng guó wěi
醇酒美人	chún jiǔ měi rén
契若金兰	qì ruò jīn lán
金屋藏娇	jīn wū cáng jiāo
绕梁之音	rǎo liáng zhī yīn
积厚成器	jī hòu chéng qì
倚马七纸	yǐ mǎ qī zhǐ
识才尊贤	shí cái zūn xián
辞多受少	cí duō shòu shǎo
比权量力	bǐ quán liàng lì
穿花纳锦	chuān huā nà jǐn
轰堂大笑	hōng táng dà xiào
体无完肤	tǐ wú wán fū
调嘴调舌	tiáo zuǐ diào shé
人情汹汹	rén qíng xiōng xiōng
捉生替死	zhuō shēng tì sǐ
十年寒窗	shí nián hán chuāng
提名道姓	tí míng dào xìng
收之桑榆	shōu zhī sāng yú
财迷心窍	cái mí xīn qiào
鼎新革故	dǐng xīn gé gù
革故鼎新	gé gù dǐng xīn
横说竖说	héng shuō shù shuō
悔过自责	huǐ guò zì zè
积毁消骨	jī huǐ xiāo gǔ
力敌千钧	lì dí qiān jūn
肝髓流野	gān suǐ liú yě
无间冬夏	wú jiān dōng xià
烽火连年	fēng huò lián nián
拈花微笑	niān huā wēi xiào
遁迹桑门	dùn jì sāng mén
游回磨转	yóu huí mó zhuǎn
指雁为羹	zhǐ yàn wéi gēng
论黄数黑	lùn huáng shǔ hēi
数黑论黄	shǔ hēi lùn huáng
思归其雌	sī guī qí cí
心服首肯	xīn fú shǒu kěn
破头烂额	pò tóu làn é
牛衣对泣	niú yī duì qì
走马赴任	zǒu mǎ fù rèn
鸡虫得丧	jī chóng dé sàng
山栖谷饮	shān qī gǔ yǐn
强本弱枝	qiáng běn ruò zhī
强枝弱本	qiáng zhī ruò běn
索然寡味	suǒ rán guǎ wèi
兴味索然	xìng wèi suǒ rán
黯淡无光	àn dàn wú guāng
势倾朝野	shì qīng cháo yě
亦复如是	yì fù rú shì
傍花随柳	bàng huā suí liǔ
丢人现眼	diū rén xiàn yǎn
大家闺秀	dà jiā guī xiù
劳逸结合	láo yì jié hé
今愁古恨	jīn chóu gǔ hèn
离本依末	lí běn yī mò
暴衣露盖	pù yī lù gài
拨万轮千	bō wàn lún qiān
妖由人兴	yāo yóu rén xīng
指东划西	zhǐ dōng huà xī
履足差肩	lǚ zú chà jiān
枕中鸿宝	zhěn zhōng hóng bǎo
多藏厚亡	duō cáng hòu wáng
背井离乡	bèi jǐng lí xiāng
背乡离井	bèi xiāng lí jǐng
离乡背井	lí xiāng bèi jǐng
南枝北枝	nán zhī běi zhī
吊死问疾	diào sǐ wèn jí
餐风咽露	cān fēng yàn lù
瑰意奇行	guī yì qí xíng
白蜡明经	bái là míng jīng
见危授命	jiàn wēi shòu mìng
甲第连云	jiǎ dì lián yún
公私交困	gōng sī jiāo kùn
磬石之固	qìng shí zhī gù
如汤泼雪	rú tāng pō xuě
独善吾身	dú shàn wú shēn
画眉举案	huà méi jǔ àn
十病九痛	shí bìng jiǔ tòng
精神焕发	jīng shén huàn fā
孤注一掷	gū zhù yī zhì
白璧微瑕	bái bì wēi xiá
诲人不惓	huì rén bù tiě
十世单传	shí shì dān chuán
步线行针	bù xiàn xíng zhēn
行针步线	xíng zhēn bù xiàn
奇光异彩	qí guāng yì cǎi
横七竖八	héng qī shù bā
七横八竖	qī héng bā shù
五体投诚	wǔ tǐ tóu chéng
眠云卧石	mián yún wò shí
珠圆玉洁	zhū yuán yù jié
腹热心煎	fù rè xīn jiān
险遭不测	xiǎn zāo bù cè
恋恋不舍	liàn liàn bù shě
凭虚公子	píng xū gōng zǐ
鬼头滑脑	guǐ tóu huá nǎo
五方杂处	wǔ fāng zá chǔ
顾盼神飞	gù pàn shén fēi
兵精粮足	bīng jīng liáng zú
驴心狗肺	lǘ xīn gǒu fèi
陈言肤词	chén yán fū cí
真相毕露	zhēn xiāng bì lù
六根清静	liù gēn qīng jìng
由浅入深	yóu qiǎn rù shēn
鲍鱼之肆	bào yú zhī sì
春露秋霜	chūn lù qiū shuāng
欺大压小	qī dà yā xiǎo
妄口巴舌	wàng kǒu bā shé
落阱下石	luò jǐng xià shí
遇难成祥	yù nàn chéng xiáng
移根接叶	yí gēn jiē yè
养家糊口	yǎng jiā hú kǒu
六亲无靠	liù qīn wú kào
卓有成效	zhuó yǒu chéng xiào
私心杂念	sī xīn zá niàn
书读五车	shū dú wǔ chē
故态复作	gù tài fù zuò
骈首就死	pián shǒu jiù sǐ
撒水拿鱼	sā shuǐ ná yú
居官守法	jū guān shǒu fǎ
骨寒毛竖	gǔ hán máo shù
指不胜偻	zhǐ bù shèng lǚ
勉为其难	miǎn wéi qí nán
恬淡无欲	tián dàn wú yù
屐齿之折	jī chǐ zhī zhé
三沐三熏	sān mù sān xūn
三熏三沐	sān xūn sān mù
金匮石室	jīn guì shí shì
石室金匮	shí shì jīn guì
投河奔井	tóu hé bēn jǐng
汗流至踵	hàn liú zhì zhǒng
东鳞西爪	dōng lín xī zhǎo
触景伤情	chù jǐng shāng qíng
解兵释甲	jiě bīng shì jiǎ
大权独揽	dà quán dú lǎn
独揽大权	dú lǎn dà quán
陈言务去	chén yán wù qù
扬眉瞬目	yáng méi shùn mù
华屋山丘	huá wū shān qiū
出夷入险	chū yí rù xiǎn
朝令暮改	zhāo lìng mù gǎi
科班出身	kē bān chū shēn
亘古未有	gèn gǔ wèi yǒu
红飞翠舞	hóng fēi cuì wǔ
缠夹不清	chán jiā bù qīng
束兵秣马	shù bīng mò mǎ
日夜兼程	rì yè jiān chéng
披毛求瑕	pī máo qiú xiá
出处殊涂	chū chǔ shū tú
轻车熟路	qīng chē shú lù
熟路轻车	shú lù qīng chē
奇耻大辱	qí chǐ dà rǔ
鱼烂瓦解	yú làn wǎ jiě
众怒难犯	zhòng nù nán fàn
敛色屏气	liǎn sè bǐng qì
极恶穷凶	jí è qióng xiōng
穷凶极恶	qióng xiōng jí è
说嘴郎中	shuō zuǐ láng zhōng
命词遣意	mìng cí qiǎn yì
报本反始	bào běn fǎn shǐ
消声匿影	xiāo shēng nì yǐng
临敌易将	lín dí yì jiàng
牵鬼上剑	qiān guǐ shàng jiàn
一献三酬	yī xiàn sān chóu
信口雌黄	xìn kǒu cí huáng
例行差事	lì xíng chāi shì
公忠体国	gōng zhōng tǐ guó
吠非其主	fèi fēi qí zhǔ
平地楼台	píng dì lóu tái
龙盘虎拏	lóng pán hǔ ná
寸土必争	cùn tǔ bì zhēng
土龙刍狗	tǔ lóng chú gǒu
资深望重	zī shēng wàng zhòng
焚林而田	fén lín ér tián
弹剑作歌	tán jiàn zuò gē
买静求安	mǎi jìng qiú ān
顺风转舵	shǔn fēng zhuǎn duò
先号后笑	xiān hào hòu xiào
先笑后号	xiān xiào hòu hào
娇声娇气	jiāo shēng jiāo qì
亢龙有悔	kàng lóng yǒu huǐ
穿壁引光	chuān bì yǐn guāng
游山玩景	yóu shān wán jǐng
苦口良药	kǔ kǒu liáng yào
良药苦口	liáng yào kǔ kǒu
雪中鸿爪	xuě zhōng hóng zhǎo
出乎意料	chū hū yì liào
流离转徙	liú lí zhuǎn xǐ
临机应变	lín jī yìng biàn
枕戈坐甲	zhěn gē zuò jiǎ
疾风劲草	jí fēng jìn cǎo
松柏之志	sōng bǎi zhī zhì
抱薪救火	bào xīn jiù huǒ
门单户薄	mén dān hù bó
任重道悠	rèn zhòng dào yōu
拾人唾余	shí rén tuò yú
落拓不羁	luò tuò bù jī
争权夺利	zhēng quán duó lì
飞鸿雪爪	fēi hóng xuě zhǎo
鸿飞雪爪	hóng fēi xuě zhǎo
视同儿戏	shì tóng ér xì
孤军作战	gū jūn zuò zhàn
遁迹黄冠	dùn jì huáng guàn
罪孽深重	zuì niè shēn zhòng
须发皆白	xū fà jiē bái
随物赋形	suí wù fù xíng
惊起梁尘	jīng qǐ liáng chén
托诸空言	tuō zhū kōng yán
雅人韵士	yǎ rén yùn shì
尾生抱柱	wěi shēng bào zhù
离经辨志	lí jīng biàn zhì
倒打一耙	dào dǎ yī pá
不关紧要	bù guān jǐn yào
打破常规	dǎ pò cháng guī
四荒八极	sì huāng bā jí
望影揣情	wàng yǐng chuāi qíng
偿其大欲	cháng qí dà yù
吞声饮恨	tūn shēng yǐn hèn
饮恨吞声	yǐn hèn tūn shēng
洗手奉公	xǐ shǒu fèng gōng
花街柳巷	huā jiē liǔ xiàng
柳街花巷	liǔ jiē huā xiòng
柳巷花街	liǔ xiòng huā jiē
歪不横楞	wāi bù héng léng
革新变旧	gé xīn biàn jiù
一拍即合	yī pāi jí hé
戴眉含齿	dài méi hán chǐ
做好做恶	zuò hǎo zuò è
俯仰由人	fǔ yǎng yóu rén
发蒙振落	fā méng zhèn luò
静极思动	jìng jí sī dòng
仙姿玉色	xiān zī yù sè
朝成暮遍	zhāo chéng mù biàn
虎掷龙拿	hǔ zhì lóng ná
鸣锣开道	míng luó kāi dào
大勇若怯	dà yǒng ruò qiè
还原反本	huán yuán fǎn běn
令人捧腹	lìng rén pěng fǔ
叩心泣血	kòu xīn qì xuè
诞幻不经	dàn huàn bù jīng
愁眉苦脸	chóu méi kǔ liǎn
救死扶危	jiù sǐ fú wēi
摩口膏舌	mó kǒu gāo shé
一雷二闪	yī léi èr shǎn
心凝形释	xīn níng xíng shì
年壮气锐	nián zhuàng qì ruì
深根宁极	shēn gēn níng jí
不伏烧埋	bù fú shāo mái
雪北香南	xuě běi xiāng nán
喜笑颜开	xǐ xiào yán kāi
鸱视虎顾	chī shì hǔ gù
塞翁得马	sài wēng dé mǎ
齿落舌钝	chǐ luò shé dùn
不敢掠美	bù gǎn lüè měi
如堕烟雾	rú duò yān wù
有福同享	yǒu fú tóng xiǎng
濠梁之上	háo liáng zhī shàng
潜光隐德	qián guāng yǐn dé
普度众生	pǔ dù zhòng shēng
云屯鸟散	yún tún niǎo sàn
酒足饭饱	jiǔ zú fàn bǎo
鲍鱼之次	bào yú zhī cì
楚弓遗影	chǔ gōng yí yǐng
返邪归正	fǎn xié guī zhèng
持权合变	chí quán hé biàn
弊帚千金	bì zhǒu qiān jīn
搏手无策	bó shǒu wú cè
千金弊帚	qiān jīn bì zhǒu
食玉炊桂	shí yù chuī guì
裕民足国	yù mín zú guó
长傲饰非	zhǎng ào shì fēi
意兴盎然	yì xìng àng rán
卑以自牧	bēi yǐ zì mù
拟于不伦	nǐ yú bù lún
赤诚相待	chì chéng xiāng dài
迎刃而解	yíng rèn ér jiě
流落江湖	liú luò jiāng hú
厉兵秣马	lì bīng mò mǎ
秣马厉兵	mò mǎ lì bīng
踵武前贤	zhǒng wǔ qián xián
霞思云想	xiá sī yún xiǎng
较短量长	jiào duǎn liáng cháng
全民皆兵	quán mín jiē bīng
勇往直前	yǒng wǎng zhí qián
低声哑气	dī shēng yǎ qì
通文达艺	tōng wén dá yì
见雀张罗	jiàn què zhāng luó
死声唃气	sǐ shēng huó qì
豕分蛇断	shǐ fēn shé duàn
鹰视狼顾	yīng shì láng gù
进利除害	jìn lì chú hài
规行矩止	guī xíng jǔ zhǐ
雅量高致	yǎ liàng gāo zhì
悼心疾首	dào xīn jí shǒu
名实难副	míng shí nán fù
握风捕影	wò fēng bǔ yǐng
柳眉倒竖	liǔ méi dào shù
丹青妙手	dān qīng miào shǒu
妙手丹青	miào shǒu dān qīng
神牵鬼制	shén qiān guǐ zhì
痛定思痛	tòng dìng sī tòng
河斜月落	hé xié yuè luò
朋比为奸	péng bǐ wéi jiān
迎刃而理	yíng rèn ér lǐ
浑水摸鱼	hún shuǐ mō yú
东邻西舍	dōng lín xī shè
飞鹰走犬	fēi yīng zǒu quǎn
随珠和璧	suí zhū hé bì
耳根清净	ěr gēn qīng jìng
盐梅相成	yán méi xiāng chéng
心痒难揉	xīn yǎng nán róu
先睹为快	xiān dǔ wéi kuài
偏三向四	piān sān xiàng sì
暗室亏心	àn shì kuī xīn
倚草附木	yǐ cǎo fù mù
守经达权	shǒu jīng dá quán
恒河一沙	héng hé yī shā
超今越古	chāo jīn yuè gǔ
越古超今	yuè gǔ chāo jīn
不分伯仲	bù fēn bó zhòng
惟利是逐	wéi lì shì zhú
劳筋苦骨	láo jīn kǔ gǔ
蒙在鼓里	méng zài gǔ lǐ
雍容不迫	yōng róng bù pò
矫枉过中	jiǎo wǎng guò zhōng
如醉方醒	rú zuì fāng xǐng
恨入骨髓	hèn rù gǔ suǐ
衡虑困心	héng lǜ kùn xīn
困心衡虑	kùn xīn héng lǜ
两脚野狐	liǎng jiǎo yě hú
殒身不恤	yǔn shēn bú xù
辨物居方	biàn wù jū fāng
仁柔寡断	rén róu guǎ duàn
若隐若现	ruò yǐn ruò xiàn
日省月试	rì xǐng yuè shì
履机乘变	lǚ jī chéng biàn
截长补短	jié cháng bǔ duǎn
管鲍之交	guǎn bào zhī jiāo
东海鲸波	dōng hǎi jīng bō
东海逝波	dōng hǎi shì bō
殊途同归	shū tú tóng guī
同归殊途	tóng guī shū tú
颠颠倒倒	diān diān dǎo dǎo
莫此为甚	mò cǐ wéi shèn
摧身碎首	cuī shēn suì shǒu
言多伤幸	yán duō shāng xìng
没精打采	méi jīng dǎ cǎi
满山遍野	mǎn shān biàn yě
物极必返	wù jí bì fǎn
投卵击石	tóu luǎn jī shí
毁方瓦合	huǐ fāng wǎ hé
归根结底	guī gēn jié dǐ
普济众生	pǔ jì zhòng shēng
有蠙可乘	yǒu bīn kě chéng
灵心慧齿	líng xīn huì chǐ
循次而进	xún cì ér jìn
洁己从公	jié jǐ cóng gōng
超然象外	chāo rán xiàng wài
遗华反质	yí huá fǎn zhì
众毁销骨	zhòng huǐ xiāo gǔ
豪情壮志	háo qíng zhuàng zhì
百丈竿头	bǎi zhàng gān tóu
郑人实履	zhèng rén shí lǚ
席不暇暖	xí bù xiá nuǎn
神工意匠	shén gōng yì jiàng
言者弗知	yán zhě fú zhī
延津之合	yán jīn zhī hé
鸡尸牛从	jī shī niú cóng
略知皮毛	lüè zhī pí máo
拾掇无遗	shi duo wu yi
饰非养过	shì fēi yǎng guò
顺过饰非	shùn guò shì fēi
前徒倒戈	qián tú dǎo gē
攻苦食淡	gōng kǔ shí dàn
白璧青蝇	bái bì qīng yíng
怕风怯雨	pà fēng qiè yǔ
乘顺水船	chéng shùn shuǐ chuán
凤只鸾孤	fèng zhī luán gū
鸾孤凤只	luán gū fèng zhī
道尽涂殚	dào jìn tú dān
赤口毒舌	chì kǒu dú shé
背公向私	bèi gōng xiàng sī
鸡骨支床	jī gǔ zhī chuáng
年高德勋	nián gāo dé xūn
目酣神醉	mù hān shén zuì
根深枝茂	gēn shēn zhī mào
我负子戴	wǒ fù zǐ dài
纤尘不染	xiān chén bù rǎn
侈衣美食	chǐ yī měi shí
超逸绝尘	chāo yì jué chén
流星赶月	liú xīng gǎn yuè
神妙莫测	shén miào mò cè
绿草如茵	lǜ cǎo rú yīn
悠游自在	yōu yóu zì zài
顾影弄姿	gù yǐng nòng zī
浮生切响	fú shēng qiè xiǎng
弄巧成拙	nòng qiǎo chéng zhuō
亢极之悔	kàng jí zhī huǐ
东偷西摸	dōng tōu xī mō
偷东摸西	tōu dōng mō xī
雨愁烟恨	yǔ chóu yān hèn
反唇相稽	fǎn chún xiāng jī
朝钟暮鼓	zhāo zhōng mù gǔ
暮鼓朝钟	mù gǔ cháo zhōng
指腹为婚	zhǐ fù wéi hūn
昂昂自若	áng áng zì roò
安常习故	ān cháng xí gù
习故安常	xí gù ān cháng
吞言咽理	tūn yán yān lǐ
下逐客令	xià zhú kè lìng
登高能赋	dēng gāo néng fù
寸长尺技	cùn cháng chǐ jì
往蹇来连	wǎng jiǎn lái lián
辅车相将	fǔ chē xiāng jiāng
开山鼻祖	kāi shān bí zǔ
负气斗狠	fù qì dǒu hěn
日无暇晷	rì wú xiá guǐ
打家截舍	dǎ jiā jié shě
吊古伤今	diào gǔ shāng jīn
大喊大叫	dà hǎn dà jiào
以身试险	yǐ shēn shì xiǎn
鞭长莫及	biān cháng mò jí
蓬首垢面	péng shǒu gòu miàn
上溢下漏	shàng yì xià lòu
平原易野	píng yuán yì yě
兴观群怨	xìng guān qún yuàn
悬壶问世	xián hú wèn shì
成群集党	chéng qún jí dǎng
兹事体大	zī shì tǐ dà
碍难从命	ài nán cóng mìng
天理昭彰	tiān lǐ zhāo zhāng
指鸡骂狗	zhǐ jī mà gǒu
降格以求	jiàng gé yǐ qiú
反躬自责	fǎn gōng zì zé
顺风使帆	shùn fēng shǐ fān
吹吹打打	chuī chuī dǎ dǎ
枕席过师	zhěn xí guò shī
凡夫肉眼	fán fū ròu yǎn
肉眼凡夫	ròu yǎn fán fū
短褐不完	duān hè bù wán
坚甲厉兵	jiān jiǎ lì bīng
惹事招非	rě shì zhāo fēi
招事惹非	zhāo shì rě fēi
秽德垢行	huì dé gòu xíng
深雠大恨	shēn chóu dà hèn
鱼传尺素	yú chuán chǐ sù
临难铸兵	lín nàn zhù bīng
朱颜绿发	zhū yán lǜ fā
虚废词说	xū fèi cí shuō
西邻责言	xī lín zé yán
开路先锋	kāi lù xiān fēng
识微见几	shí wēi jiàn jǐ
相沿成习	xiāng yán chéng xí
柳门竹巷	liǔ mén zhú xiàng
迷魂夺魄	mí hún duó pò
衡门深巷	héng mén shēn xiàng
沁人心脾	qìn rén xīn pí
推三阻四	tuī sān zǔ sì
源源本本	yuán yuán běn běn
公事公办	gōng shì gōng bàn
东冲西撞	dōng chōng xī zhuàng
通材达识	tōng cái dá shí
苟合取容	gǒu hé qǔ ān
乌衣子弟	wū yī zǐ dì
进善惩恶	jìn shàn chéng è
膏火自煎	gāo huǒ zì jiān
龟龙麟凤	guī lóng lín fèng
麟凤龟龙	lín fèng guī lóng
以快先睹	yǐ kuài xiān dǔ
青史传名	qīng shǐ chuán míng
景星凤皇	jǐng xīng fèng huáng
路叟之忧	lù sǒu zhī yōu
肝胆欲碎	gān dǎn yù suì
青枝绿叶	qīng zhī lǜ yè
鹿裘不完	lù qiú bù wán
冰雪聪明	bīng xuě cōng míng
雕心刻肾	diāo xīn kè shèn
奉为至宝	fèng wéi zhì bǎo
能说惯道	néng shuō guàn dào
杨生黄雀	yáng shēng huáng què
武断乡曲	wǔ duàn xiāng qū
断发纹身	duàn fā wén shēn
鬼泣神号	guǐ qì shén hào
神号鬼泣	shén hào guǐ qì
响遏行云	xiǎng è xíng yún
分章析句	fēn zhāng xī jù
狂三诈四	kuáng sān zhà sì
一模二样	yī mó èr yàng
入境问俗	rù jìng wèn sú
泪干肠断	lèi gān cháng duàn
子女玉帛	zǐ nǚ yù bó
散兵游勇	sǎn bīng yóu yǒng
日中必昃	rì zhōng bì zè
一家眷属	yī jiā juàn shǔ
穷当益坚	qióng dāng yì jiān
登堂入室	dēng táng rù shì
齿少气锐	chǐ shǎo qì ruì
鱼贯雁比	yú guàn yàn bǐ
不忍卒读	bù rěn zú dú
顺水推船	shùn shuǐ tuī chuán
改操易节	gǎi cāo yì jié
改节易操	gǎi jié yì cāo
弃公营私	qì gōng yíng sī
摧兰折玉	cuī lán zhé yù
兰摧玉折	lán cuī yù zhé
累屋重架	lěi wū chóng jià
怀道迷邦	huái dào mí bāng
举止失措	jǔ zhǐ shī cuò
招花惹草	zhāo huā rě cǎo
虎穴狼巢	hǔ xué láng cháo
指空话空	zhǐ kōng huà kōng
对薄公堂	duì bù gōng táng
皆大欢喜	jiē dà huān xǐ
吹毛求瑕	chuī máo qiú xiá
得薄能鲜	dé bó néng xiān
精彩逼人	jīng cǎi bī rén
出何经典	chū hé jīng diǎn
结发夫妻	jié fà fū qī
愤时疾俗	fèn shí jí sú
曲尽奇妙	qǔ jìn qí miào
起承转合	qǐ chéng zhuǎn hé
罪恶贯盈	zuì è guàn yíng
破绽百出	pò zhàn bǎi chū
精美绝伦	jīng měi jué lún
开柙出虎	kāi xiá chū hǔ
神采英拔	shén cǎi yīng bá
眼中拔钉	yǎn zhōng bá dīng
玉碎香销	yù suì xiāng xiāo
将信将疑	jiāng xìn jiāng yí
识变从宜	shí biàn cóng yí
洪福齐天	hóng fú qí tiān
齐天洪福	qí tiān hóng fú
跑马观花	pǎo mǎ guān huā
痛痒相关	tòng yǎng xiāng guān
生死攸关	shēng sǐ yōu guān
妄言妄听	wàng yán wàng tīng
槐南一梦	huái nán yī mēng
末路穷途	mò lù qióng tú
穷途末路	qióng tú mò lù
黄童白颠	huáng tóng bái diān
巴高枝儿	bā gāo zhī ér
枝分缕解	zhī fēn lǚ jiě
易如拾芥	yì rú shí jiè
米粒之珠	mǐ lì zhī zhū
积羞成怒	jī xiū chéng nù
文房四士	wén fáng sì shì
莫之与京	mò zhī yǔ jīng
半真半假	bàn zhēn bàn jiǎ
重温旧梦	chóng wēn jiù mèng
闻过则喜	wén guò zé xǐ
如芒刺背	rú máng cì bèi
众寡势殊	zhòng guǎ shì shū
贼头贼脑	zéi tóu zéi nǎo
亡魂丧魄	wáng hún sàng pò
百川赴海	bǎi chuān fù hǎi
弃旧图新	qì jiù tú xīn
大才榱盘	dà cái cuī pán
缓急相济	huǎn jí xiāng jì
枉口嚼舌	wǎng kǒu jiáo shé
乱琼碎玉	luàn qióng suì yù
碎琼乱玉	suì qióng luàn yù
利深祸速	lì shēn huò sù
不遑宁息	bù huáng níng xī
瞒心昧己	mán xīn mèi jǐ
昧己瞒心	mèi jǐ mán xīn
落荒而逃	luò huāng ér táo
援笔成章	yuán bǐ chéng zhāng
视为畏途	shì wéi wèi tú
旁见侧出	páng jiàn cè chū
乘风转舵	chéng fēng zhuǎn duò
然糠自照	rán kāng zì zhào
久负盛名	jiǔ fù shèng míng
如汤浇雪	rú tāng jiāo xuě
鹰心雁爪	yīng xīn yàn zhǎo
暴跳如雷	bào tiào rú léi
求神问卜	qiú shén wèn bǔ
匡时济俗	kuāng shí jì sú
匡俗济时	kuāng sú jì shí
比肩接迹	bǐ jiān jiē jì
姑射神人	gū yè shén rén
秦晋之好	qín jìn zhī hǎo
丧胆销魂	sàng hún xiāo hún
舍本逐末	shě běn zhú mò
逐末舍本	zhú mò shě běn
染指于鼎	rǎn zhǐ yú dǐng
弹铗无鱼	dàn jiá wú yú
追风掣电	zhuī fēng chè diàn
骈门连室	pián mén lián shì
干净利落	gān jìng lì luò
杜绝后患	dù jué hòu huàn
假仁假意	jiǎ rén jiǎ yì
离乡别井	lí xiāng bié jǐng
掷地赋声	zhì dì fù shēng
拊心泣血	fǔ xīn qì xuè
鳞次相比	lín cì xiāng bǐ
半吞半吐	bàn tūn bàn tǔ
梗顽不化	gěng wán bù huà
顽梗不化	wán gěng bù huà
文深网密	wén shēn wǎng mì
衣紫腰黄	yī zǐ yāo huáng
跋山涉水	bá shān shè shuǐ
手到拿来	shǒu dào ná lái
旷日持久	kuàng rì chí jiǔ
避之若浼	bì zhī ruò měi
衣香鬓影	yī xiāng bìn yǐng
旧燕归巢	jiù yàn guī cháo
井井有序	jǐng jǐng yǒu xù
乱世英雄	luàn shì yīng xióng
尔汝之交	ěr rǔ zhī jiāo
触目兴叹	chù mù xīng tàn
适情任欲	shì qíng rèn yù
避俗趋新	bì sú qū xīn
如蝇逐臭	rú yíng zhú chòu
鸡声鹅斗	jī shēng é dòu
露胆披诚	lù dǎn pī chéng
历井扪天	lì jǐng mén tiān
高牙大纛	gāo yá dà dào
弃文存质	qì wén cún zhì
向风慕义	xiàng fēng mù yì
沧海遗珠	cāng hǎi yí zhū
脚踏实地	jiǎo tà shí dì
五花大绑	wǔ huā dà bǎng
销毁骨立	xiāo huǐ gǔ lì
文君司马	wén jūn sī mǎ
齿如含贝	chǐ rú hán bèi
强干弱枝	qiáng gān ruò zhī
金貂取酒	jīn diāo qǔ jiǔ
东冲西突	dōng chōng xī tū
星移漏转	xīng yí lòu zhuǎn
杖履相从	zhàng lǚ xiāng cóng
山亏一篑	shān kuī yī kuì
壮发冲冠	zhuàng fā chōng guàn
寒心酸鼻	hán xīn suān bí
恐后无凭	kǒng hòu wú píng
坐吃山崩	zuò chī shān bēng
坎止流行	kǎn zhǐ liú xíng
流行坎止	liú xíng kǎn zhǐ
抵足而眠	dǐ zú ér mián
实繁有徒	shí fán yǒu tú
雪泥鸿迹	xuě ní hóng jì
郢中白雪	yǐng zhōng bái xuě
名副其实	míng fù qí shí
各色名样	gè sè gè yàng
妙手偶得	miào shǒu ǒu dé
大路椎轮	dà lù zhuī lún
民困国贫	mín kùn guó pín
外方内圆	wài fāng nèi yuán
外圆内方	wài yuán nèi fāng
寝皮食肉	qǐn pí shí ròu
食肉寝皮	shí ròu qǐn pí
更深夜静	gēng shēn yè jìng
夜静更深	yè jìng gēng shēn
灵牙利齿	líng yá lì chǐ
避实击虚	bì shí jī xū
行者让路	xíng zhě ràng lù
饮水辨源	yǐn shuǐ biàn yuán
跳丸日月	tiào wán rì yuè
侯服玉食	hóu fú yù shí
共枝别干	gòng zhī bié gàn
宦海风波	huàn hǎi fēng bō
坐而待毙	zuò ér dài bì
渊停山立	yuān tíng shān lì
下乔入幽	xià qiáo rù yōu
靦颜人世	tiǎn yán rén shì
近交远攻	jìn jiāo yuǎn gōng
远交近攻	yuǎn jiāo jìn gōng
鹤发童颜	hè fà tóng yán
童颜鹤发	tóng yán hè fà
百二金瓯	bǎi èr jīn ōu
烂醉如泥	làn zuì rú ní
蛇口蜂针	shé kǒu fēng zhēn
铁板一块	tiě bǎn yī kuài
如泣如诉	rú qì rú sù
龙雕凤咀	lóng diāo fèng jǔ
属毛离里	zhǔ máo lí lǐ
骨瘦如豺	gǔ shòu rú chái
锋发韵流	fēng fā yùn liú
济贫拔苦	jì pín bá kǔ
层出迭见	céng chū dié jiàn
层见迭出	céng chū dié jiàn
土鸡瓦犬	tǔ jī wǎ quǎn
八方支持	bā fāng zhī chí
阻山带河	zǔ shān dài hé
天打雷劈	tiān dǎ léi pī
假公济私	jiǎ gōng jì sī
舞文饰智	wǔ wén shì zhì
出出律律	chū chū lǜ lǜ
贼眉贼眼	zéi méi zéi yǎn
官法如炉	guān fǎ rú lú
军临城下	jūn lín chéng xià
深情厚谊	shēn qíng hòu yì
余波未平	yú bō wèi píng
打鸡骂狗	dǎ jī mà gǒu
神乎其技	shén hū qí jì
斗志昂扬	dòu zhì áng yáng
计功程劳	jì gōng chéng láo
才夸八斗	cái kuā bā dǒu
坚如磐石	jiān rú pán shí
毁方投圆	huǐ fāng tóu yuán
卵与石斗	luǎn yǔ shí dòu
木讷寡言	mù nè guǎ yán
德薄才鲜	dé báo cái xiān
束手就困	shù shǒu jiù kùn
功成弗居	gōng chéng fú jū
情景交融	qíng jǐng jiāo róng
金瓯无缺	jīn ōu wú quē
寒花晚节	hán huā wǎn jié
银山铁壁	yín shān tiě bì
火灭烟消	huǒ miè yān xiāo
烟消火灭	yān xiāo huǒ miè
刻雾裁风	kè wù cái fēng
堆金迭玉	duī jīn dié yù
进贤屏恶	jìn xián píng è
重规累矩	chóng guī lèi jǔ
妙算神机	miào suàn shén jī
神机妙算	shén jī miào suàn
仪态万千	yí tài wàn qiān
兴高彩烈	xìng gāo cǎi liè
至亲好友	zhì qīn hǎo yǒu
铜头铁臂	tóng tóu tiě bì
永生永世	yǒng shēng yǒng shì
鼓衰力尽	gǔ shuāi lì jìn
买空卖空	mǎi kōng mài kōng
卖空买空	mài kōng mǎi kōng
凭城借一	píng chéng jiè yī
没石饮羽	méi shí yǐn yǔ
争风吃醋	zhēng fēng chī cù
英英玉立	yīng yīng yù lì
敛手屏足	liǎn shǒu píng zú
长算远略	cháng suàn yuǎn lüè
昆山片玉	kūn shān piàn yù
柳絮才高	liǔ xù cái gāo
神输鬼运	shén shū guǐ yùn
神运鬼输	shén yùn guǐ shū
权衡轻重	quán héng qīng zhòng
正容亢色	zhèng róng kàng sè
危言耸听	wēi yán sǒng tīng
废寝忘食	fèi qǐn wàng shí
忘寝废食	wàng qǐn fèi shí
怦然心动	pēng rán xīn dòng
鸡鸣狗吠	jī míng gǒu fèi
完美无缺	wán měi wú quē
参横斗转	shēn héng dǒu zhuǎn
斗转参横	dǒu zhuǎn shēn héng
百宝万货	bǎi bǎo wàn huò
咫尺天颜	zhǐ chǐ tiān yán
隐约其辞	yǐn yuē qí cí
面誉背毁	miàn yù bèi huǐ
伏龙凤雏	fú lóng fèng chú
恣心纵欲	zì xīn zòng yù
山溜穿石	shān liù chuān shí
牛角挂书	niú jiǎo guà shū
龙腾虎啸	lóng téng hǔ xiào
丰筋多力	fēng jīn duō lì
读书得间	dú shū dé jiàn
如运诸掌	rú yùn zhū zhǎng
奔走相告	bēn zǒu xiāng gào
浑俗和光	hún sú hé guāng
庞眉黄发	páng méi huáng fā
笼络人心	lǒng luò rén xīn
滚瓜流水	gǔn guā liú shuǐ
开利除害	kāi lì chú hài
城门鱼殃	chéng mén yú yāng
进退应矩	jìn tuì yīng jǔ
负重吞污	fù zhòng tūn wū
溢于言表	yì yú yán biǎo
黄口孺子	huáng kǒu rú zǐ
诛尽杀绝	zhū jìn shā jué
避害就利	bì hài jiù lì
言约旨远	yán yuē zhǐ yuǎn
途遥日暮	tú yáo rì mù
典身卖命	diǎn shēn mài mìng
桂枝片玉	guì zhī piàn yù
化腐为奇	huà fǔ wéi qí
有案可稽	yǒu àn kě jī
协心戮力	xié xīn lù lì
和盘托出	hé pán tuō chū
钩深图远	gōu shēn tú yuǎn
出奴入主	chū nú rù zhǔ
入主出奴	rù zhǔ chū nú
百孔千疮	bǎi kǒng qiān chuāng
千疮百孔	qiān chuāng bǎi kǒng
惊心骇瞩	jīng xīn hài zhǔ
本末倒置	běn mò dào zhì
瞒上欺下	mán shàng qī xià
欺上瞒下	qī shàng mán xià
欺上罔下	qī shàng wǎng xià
西方净土	xī fāng jìng tǔ
仗气使酒	zhàng qì shǐ jiǔ
若合符节	ruò hé fú jié
燕颔书生	yàn hàn shū shēng
升官发财	shēng guān fā cái
颐精养神	yí jīng yǎng shén
颐养精神	yí yǎng jīng shén
相呴相济	xiāng xǔ xiāng jì
朝章国典	cháo zhāng guó diǎn
丑类恶物	chǒu lèi è wù
同床各梦	tóng chuáng gè mèng
头昏眼晕	tóu hūn yǎn yūn
三亲四眷	sān qīn sì juàn
标新立异	biāo xīn lì yì
深恶痛嫉	shēn wù tòng jí
五男二女	wǔ nán èr nǚ
倒置干戈	dào zhì gān gē
行侠好义	xíng xiá hào yì
磨厉以须	mó lì yǐ xū
清水衙门	qīng shuǐ yá mén
唯命是从	wéi mìng shì cóng
咫尺千里	zhǐ chǐ qiān lǐ
国家栋梁	guó jiā dòng liáng
情孚意合	qíng fú yì hé
肠肥脑满	cháng féi nǎo mǎn
肥肠满脑	féi cháng mǎn nǎo
脑满肠肥	nǎo mǎn cháng féi
两头和番	liǎng tóu hé fān
神术妙计	shén shù miào jì
何足道哉	hé zú dào zāi
小屈大申	xiǎo qū dà shēn
铜盘重肉	tóng pán zhòng ròu
弓折刀尽	gōng zhé dāo jìn
昼度夜思	zhòu duó yè sī
勇冠三军	yǒng guàn sān jūn
方兴未已	fāng xīng wèi yǐ
补过拾遗	bǔ guò shí yí
枕戈待敌	zhěn gē dài dí
恨海难填	hèn hǎi nán tián
顺风使舵	shùn fēng shǐ duò
枯蓬断草	kū péng duàn cǎo
食必方丈	shí bì fāng zhàng
酣然入梦	hān rán rù mèng
冰魂素魄	bīng hún sù pò
奉公守法	fèng gōng shǒu fǎ
戛玉敲金	jiá yù qiāo jīn
敲金戛玉	qiāo jīn jiá yù
抵掌而谈	dǐ zhǎng ér tán
君子固穷	jūn zǐ gù qióng
敖世轻物	áo shì qīng wù
龟龙片甲	guī lóng piàn jiǎ
立业安邦	lì yè ān bāng
漫无止境	màn wú zhǐ jìng
之死靡它	zhī sǐ mǐ tā
拱手听命	gǒng shǒu tīng mìng
生杀予夺	shēng shā yù duó
予夺生杀	yǔ duó shēng shā
命中注定	mìng zhōng zhù dìng
三智五猜	sān zhì wǔ cāi
乐新厌旧	lè xīn yàn jiù
含冤莫白	hán yuān mò bái
鱼水和谐	yú shuǐ hé xié
蛇蝎心肠	shé xiē xīn cháng
穷幽极微	qióng yōu jí wēi
瞒天大谎	mán tiān dà huǎng
以汤止沸	yǐ tāng zhǐ fèi
翩若惊鸿	piān ruò jīng hóng
忘战必危	wàng zhàn bì wēi
撼天震地	hàn tiān zhèn dì
研精苦思	yán jīng kǔ sī
挟山超海	xié shān chāo hǎi
履汤蹈火	lǚ tāng dǎo huǒ
墨迹未干	mò jì wèi gān
朝歌暮弦	zhāo gē mù xián
危言核论	wēi yán hé lùn
忍垢偷生	rěn gòu tōu shēng
白发苍苍	bái fà cāng cāng
姑妄听之	gū wàng tīng zhī
家道消乏	jiā dào xiāo fá
民安物阜	mín ān wù fù
物阜民安	wù fǔ mín ān
左右两难	zuǒ yòu liǎng nán
挂冠求去	guà guān qiú qù
正冠纳履	zhèng guàn nà lǚ
将遇良才	jiàng yù liáng cái
任贤使能	rèn xián shǐ néng
使贤任能	shǐ xián rèn néng
指李推张	zhǐ lǐ tuī zhāng
赔身下气	péi shēn xià qì
不知丁董	bù zhī dīng dǒng
蹈仁履义	dǎo rén lǚ yì
履仁蹈义	lǚ rén dǎo yì
送往劳来	sòng wǎng láo lái
秽言污语	huì yán wū yǔ
始乱终弃	shǐ luàn zhōng qì
草庐三顾	cǎo lú sān gù
三顾草庐	sān gù cǎo lú
倒持手板	dǎo chí shǒu bǎn
飘泊无定	piāo bó wú dìng
声振屋瓦	shēng zhèn wū wǎ
鬼哭神号	guǐ kū shén hào
神号鬼哭	shén háo guǐ kū
五子登科	wǔ zǐ dēng kē
文章钜公	wén zhāng jù gōng
沐雨经霜	mù yǔ jīng shuāng
拨乱为治	bō luàn wéi zhì
魄散魂消	pò sàn hún xiāo
魄消魂散	pò xiāo hún sàn
画土分疆	huà tǔ fēn jiāng
骚人墨士	sāo rén mò shì
遗篇断简	yí piān duàn jiǎn
胯下之辱	kuà xià zhī rǔ
脚忙手乱	jiǎo máng shǒu luàn
手忙脚乱	shǒu máng jiǎo luàn
刃树剑山	rèn shù jiàn shān
思如涌泉	sī rú yǒng quán
杀鸡为黍	shā jī wéi shǔ
生栋覆屋	shēng dòng fù wū
乌面鹄形	wū miàn hú xíng
柳啼花怨	liǔ tí huā yuàn
雀角鼠牙	què jiǎo shǔ yá
鼠牙雀角	shǔ yá què jiǎo
笃学好古	dǔ xué hào gǔ
了若指掌	liǎo ruò zhǐ zhǎng
悬石程书	xuán dàn chéng shū
归正守丘	guī zhèng shǒu qiū
众口交詈	zhòng kǒu jiāo lì
不差毫厘	bù chā háo lí
蜗名微利	wō míng wēi lì
焦思苦虑	jiāo sī kǔ lǜ
唇辅相连	chún fǔ xiāng lián
策马飞舆	cè mǎ fēi yú
跃然纸上	yuè rán zhǐ shàng
臭味相投	xiù wèi xiāng tóu
古圣先贤	gǔ shèng xiān xián
修短随化	xiū duǎn suí huà
画龙刻鹄	huà lóng kè hú
若涉渊水	ruò shè yuān shuǐ
层出叠见	céng chū dié jiàn
层见叠出	céng jiàn dié chū
画蛇著足	huà shé zhuó zú
颂声载道	sòng shēng zǎi dào
位不期骄	wèi bù qī jiāo
进退狐疑	jìn tuì hú yí
像心像意	xiàng xīn xiàng yì
诸有此类	zhū yǒu cǐ lèi
亿兆一心	yì zhào yī xīn
卖狗悬羊	mài gǒu xuán yáng
百年偕老	bǎi nián xié lǎo
靡所适从	mí suǒ shì cóng
忍辱负重	rěn rǔ fù zhòng
重振旗鼓	chóng zhèn qí gǔ
授人以柄	shòu rén yǐ bǐng
枯木逢春	kū mù féng chūn
衣锦昼游	yì jǐn zhòu yóu
革邪反正	gé xié fǎn zhèng
骨瘦如柴	gǔ shòu rú chái
瘦骨如柴	shòu gǔ rú chái
分钗断带	fēn chāi duàn dài
抵死瞒生	dǐ sǐ mán shēng
通幽动微	tōng yōu dòng wēi
星星点点	xīng xīng diǎn diǎn
跨凤乘龙	kuà fèng chéng lóng
池鱼堂燕	chí yú táng yàn
优游岁月	yōu yóu suì yuè
无所畏惧	wú suǒ wèi jù
风鬟雨鬓	fēng huán yǔ bìn
雨鬓风鬟	yǔ bìn fēng huán
消声匿迹	xiāo shēng nì jì
恋酒迷花	liàn jiǔ mí huā
堆金叠玉	duī jīn dié yù
旷若发蒙	kuàng ruò fā méng
火耕水种	huǒ gēng shuǐ zhòng
一噎止餐	yī yē zhǐ cān
一蹴可几	yī cù kě jǐ
枕戈披甲	zhěn gē pī jiǎ
海底捞月	hǎi dǐ lāo yuè
厌难折冲	yàn nán zhé chōng
折冲厌难	zhé chōng yàn nán
屋下架屋	wū xià jià wū
抱火卧薪	bào huǒ wò xīn
冒大不韪	mào dà bù wěi
鲁连蹈海	lǔ lián dǎo hǎi
雁泊人户	yàn bó rén hù
居仁由义	jū rén yóu yì
藏器待时	cáng qì dài shí
狐死首丘	hú sǐ shǒu qiū
谄上傲下	chǎn shàng ào xià
记功忘过	jì gōng wàng guò
驰声走誉	chí shēng zǒu yù
聪明才智	cōng míng cái zhì
梦寐以求	mèng mèi yǐ qiú
臂有四肘	bì yǒu sì zhǒu
事过境迁	shì guò jìng qiān
决一雌雄	jué yī cí xióng
一决雌雄	yī jué cí xióng
四角俱全	sì jiǎo jù quán
词钝意虚	cí dùn yì xū
观者如织	guān zhě rú zhī
使羊将狼	shǐ yáng jiàng láng
习与性成	xí yǔ xìng chéng
灰身灭智	huī shēn miè zhì
饮泉清节	yǐn quán qīng jié
心旷神愉	xīn kuàng shén yú
莺歌燕语	yīng gē yàn yǔ
小肚鸡肠	xiǎo dù jī cháng
地瘠民贫	dì jí mín pín
高岸深谷	gāo àn shēn gǔ
涣发大号	huàn fā dà hào
碌碌无奇	lù lù wú qí
逢时遇节	féng shí yù jié
盲人瞎马	máng rén xiā mǎ
藏形匿影	cáng xíng nì yǐng
匿影藏形	nì yǐng cáng xíng
虎据龙蟠	hǔ jù lóng pán
艰难曲折	jiān nán qū zhé
朝趁暮食	zhāo chèn mù shí
论功封赏	lùn gōng fēng shǎng
器宇不凡	qì yǔ bù fán
操戈入室	cāo gē rù shì
入室操戈	rù shǐ cāo gē
众寡悬殊	zhòng guǎ xuán shū
柳下借阴	liǔ xià jiè yīn
郑重其辞	zhèng zhòng qí cí
连街倒巷	lián jiē dǎo xiàng
瘠己肥人	jí jǐ féi rén
瘠人肥己	jí rén féi jǐ
青梅竹马	qīng méi zhú mǎ
潜心涤虑	qián xīn dí lǜ
镂金错采	lòu jīn cuò cǎi
安良除暴	ān liáng chú bào
除暴安良	chú bào ān liáng
进退履绳	jìn tuì lǚ shéng
救死扶伤	jiù sǐ fú shāng
比翼双飞	bǐ yì shuāng fēi
原原本本	yuán yuán běn běn
公尔忘私	gōng ěr wàng sī
痛悔前非	tòng huǐ qián fēi
望尘靡及	wàng chén mí jí
拨乱济时	bō luàn jì shí
信口开喝	xìn kǒu kāi hē
纵横交贯	zòng héng jiāo guàn
开诚布公	kāi chéng bù gōng
金迷纸碎	jīn mí zhǐ suì
百孔千创	bǎi kǒng qiān chuāng
举案齐眉	jǔ àn qí méi
齐眉举案	qí méi jǔ àn
鸡鹜相争	jī wù xiāng zhēng
东窗事犯	dōng chuāng shì fàn
一搭一档	yī dā yī dàng
东驰西撞	dōng chí xī zhuàng
自投罗网	zì tóu luó wǎng
见哭兴悲	jiàn kū xīng bēi
悲痛欲绝	bēi tòng yù jué
下马冯妇	xià mǎ féng fù
热可炙手	rè kě zhì shǒu
炙手可热	zhì shǒu kě rè
三好两歉	sān hǎo liǎng qiàn
烂若披锦	làn ruò pī jǐn
称体载衣	chèn tǐ cái yī
不存芥蒂	bù cún jiè dì
鹑衣百结	chún yī bǎi jié
断还归宗	duàn huán guī zōng
犬牙交错	quǎn yá jiāo cuò
王佐之才	wáng zuǒ zhī cái
近火先焦	jìn huǒ xiān jiāo
谨终如始	jǐn zhōng rú shǐ
死亡枕藉	sǐ wáng zhěn jiè
重温旧业	chóng wēn jiù yè
气急败坏	qì jí bài huài
道边苦李	dào biān kǔ lǐ
灰飞烟灭	huī fēi yān miè
去粗取精	qù cū qǔ jīng
鼠目麞头	shǔ mù zhāng tóu
记功忘失	jì gōng wàng shī
寄人篱下	jì rén lí xià
养虎自齧	yǎng hǔ zì niè
龙翔虎跃	lóng xiáng hǔ yuè
长篇大套	cháng piān dà tào
搬口弄舌	bān kǒu nòng shé
金闺国士	jīn guī guó shì
坐享其成	zuò xiǎng qí chéng
相映成趣	xiāng yìng chéng qù
风禾尽起	fēng hé jìn qǐ
蒲柳之姿	pú liǔ zhī zī
鸟得弓藏	niǎo dé gōng cáng
买臣覆水	mǎi chén fù shuǐ
身价百倍	shēn jià bǎi bèi
宫邻金虎	gōng lín jīn hǔ
出尔反尔	chū ěr fǎn ěr
追魂夺魄	zhuī hún duó pò
纯正无邪	chún zhèng wú xié
男室女家	nán shì nǚ jiā
章决句断	zhāng jué jù duàn
以肉驱蝇	yǐ ròu qū yíng
云屯雾散	yún tún wù sàn
为虎傅翼	wèi hǔ fù yì
云屯星聚	yún tún xīng jù
大禹治水	dà yǔ zhì shuǐ
著作等身	zhù zuò děng shēn
少私寡欲	shǎo sī guǎ yù
盛情难却	shèng qíng nán què
咫尺万里	zhǐ chǐ wàn lǐ
乘胜逐北	chéng shèng zhú běi
刚柔相济	gāng róu xiāng jì
三旬九食	sān xún jiǔ shí
哀毁骨立	āi huǐ gǔ lì
附耳射声	fù ěr shè shēng
首施两端	shǒu shī liǎng duān
阿世媚俗	ē shì mèi sú
拈花弄柳	niān huā nòng liǔ
弥天大谎	mí tiān dà huǎng
怡情理性	yí qíng lǐ xìng
史无前例	shǐ wú qián lì
秋风团扇	qiū fēng tuán shàn
车笠之盟	chē lì zhī méng
好问决疑	hào wèn jué yí
驴唇马嘴	lǘ chún mǎ zuǐ
牢甲利兵	láo jiǎ lì bīng
动如参商	dòng rú cān shāng
七穿八烂	qī chuān bā làn
身历其境	shēn lì qí jìng
百啭千声	bǎi zhuàn qiān shēng
倍道兼进	bèi dào jiān jìn
遁迹销声	dùn jì xiāo shēng
迷途知返	mí tú zhī fǎn
议论英发	yì lùn yīng fā
齿如齐贝	chǐ rú qí bèi
花样翻新	huā yàng fān xīn
花样新翻	huā yàng xīn fān
龙睁虎眼	lóng zhēng hǔ yǎn
锦胸绣口	jǐn xiōng xiù kǒu
夜行被绣	yè xíng bèi xiù
经文纬武	jīng wén wěi wǔ
纬武经文	wěi wǔ jīng wén
文经武纬	wén jīng wǔ wěi
老当益壮	lǎo dāng yì zhuàng
昆弟之好	kūn dì zhī hǎo
何去何从	hé qù hé cóng
独夫民贼	dú fū mín zéi
民贼独夫	mín zéi dú fū
弓调马服	gōng diào mǎ fú
逞己失众	chěng jǐ shī zhòng
青出于蓝	qīng chū yú lán
开门延盗	kāi mén yán dào
气决泉达	qì jué quán dá
七慌八乱	qī huāng bā luàn
斩尽杀绝	zhǎn jìn shā jué
回头是岸	huí tóu shì àn
矢在弦上	shǐ zài xián shàng
承星履草	chéng xīng lǚ cǎo
常备不懈	cháng bèi bù xiè
伤教败俗	shāng jiào bài sú
漫天匝地	màn tiān zā dì
币重言甘	bì zhòng yán gān
海内鼎沸	hǎi nèi dǐng fèi
物竞天择	wù jìn tiān zé
柔情蜜意	róu qíng mì yì
违利赴名	wéi lì fù míng
争名竞利	zhēng míng jìng lì
钜学鸿生	jù xué hóng shēng
拿手好戏	ná shǒu hǎo xì
点指画字	diǎn zhǐ huà zì
遭逢不偶	zāo féng bù ǒu
手零脚碎	shǒu líng jiǎo suì
心慌撩乱	xīn huāng liáo luàn
凫鹤从方	fú hè cóng fāng
恍然大悟	huǎng rán dà wù
豁然大悟	huò rán dà wù
高官极品	gāo guān jí pǐn
伏而唂天	fú ér shì tiān
龙章凤函	lóng zhāng fèng hán
赤手空拳	chì shǒu kōng quán
吉星高照	jí xīng gāo zhào
金钗细合	jīn chāi xì hé
物腐虫生	wù fǔ chóng shēng
叶瘦花残	yè shòu huā cán
怅然自失	chàng rán zì shī
存亡继绝	cún wáng jì jué
继绝存亡	jì jué cún wáng
冰消瓦解	bīng xiāo wǎ jiě
瓦解冰消	wǎ jiě bīng xiāo
多能多艺	duō néng duō yì
机心械肠	jī xīn xiè cháng
朝穿暮塞	zhāo chuān mù sāi
世扰俗乱	shì rǎo sú luàn
何足挂齿	hé zú guà chǐ
枝别条异	zhī bié tiáo yì
托物连类	tuō wù lián lèi
鸿业远图	hóng yè yuǎn tú
桃花潭水	táo huā tán shuǐ
拉三扯四	lā sān chě sì
戴盆望天	dài pén wàng tiān
各执己见	gè zhí jǐ jiàn
闷闷不乐	mèn mèn bù lè
变本加厉	biàn běn jiā lì
雨凑云集	yǔ còu yún jí
尽忠竭力	jìn zhōng jié lì
按行自抑	àn xíng zì yì
追欢取乐	zhuī huān qǔ lè
曲意逢迎	qū yì féng yíng
尽忠报国	jìn zhōng bào guó
竭力虔心	jíe lì qián xīn
大澈大悟	dà chè dà wù
喜逐颜开	xǐ zhú yán kāi
象齿焚身	xiàng chǐ fén shēn
暧昧不明	ài mèi bù míng
宏图大志	hóng tú dà zhì
肝胆楚越	gān dǎn chǔ yuè
见诮大方	jiàn qiào dà fāng
比肩并起	bǐ jiān bìng qǐ
论列是非	lùn liè shì fēi
横眉努目	héng méi nǔ mù
塞翁失马	sài wēng shī mǎ
失马塞翁	shī mǎ sài wēng
临去秋波	lín qù qiū bō
恩同再造	ēn tóng zài zào
晖光日新	huī guāng rì xīn
楚楚作态	chǔ chǔ zuò tài
青蓝冰水	qīng lán bīng shuǐ
历历在耳	lì lì zài ěr
尺幅千里	chǐ fú qiān lǐ
分家析产	fēn jiā xī chǎn
履险如夷	lǚ xiǎn rú yí
旷古绝伦	kuàng gǔ jué lún
孤芳自赏	gū fāng zì shǎng
随波逐尘	suí bō zhú chén
淑人君子	shū rén jūn zǐ
坐失机宜	zuò shī jī yí
黄垆之痛	huáng lú zhī tòng
化腐成奇	huà fǔ chéng qí
销声敛迹	xiāo shēng liǎn jì
改口沓舌	gǎi kǒu tà shé
严陈以待	yán chén yǐ dài
狐鸣狗盗	hú míng gǒu dào
表里相符	biǎo lǐ xiāng fú
南郭先生	nán guō xiān shēng
迎刃以解	yíng rèn yǐ jiě
当轴处中	dāng zhóu chǔ zhōng
毒手尊前	dú shǒu zūn qián
一笔勾消	yī bǐ gōu xiāo
进退亡据	jìn tuì wáng jù
无理取闹	wú lǐ qǔ nào
日濡月染	rì rú yuè rǎn
坐拥百城	zuò yōng bǎi chéng
为民父母	wéi mín fù mǔ
施命发号	shī mìng fā hào
赏贤使能	shǎng xián shǐ néng
挂冠归去	guà guān guī qù
横殃飞祸	hèng yāng fēi huò
连二赶三	lián èr gǎn sān
特立独行	tè lì dú xíng
斐然乡风	fěi rán xiāng fēng
口干舌燥	kǒu gān shé zào
游目骋观	yóu mù chěng guān
滔滔不竭	tāo tāo bù jié
箭在弦上	jiàn zài xián shàng
浪子宰相	làng zǐ zǎi xiàng
十步芳草	shí bù fāng cǎo
含牙带角	hán yá dài jiǎo
闭壁清野	bì bì qīng yiě
夜阑人静	yè lán rén jìng
浮光略影	fú guāng lüè yǐng
随波逐浪	suí bō zhú làng
逐浪随波	zhú làng suí bō
长材小试	cháng cái xiǎo shì
黯然伤神	àn rán shāng shén
黯然神伤	àn rán shén shāng
首尾共济	shǒu wěi gòng jì
揭地掀天	jiē dì xiān tiān
掀天揭地	xiān tiān jiē dì
感遇忘身	gǎn yù wàng shēn
破家败产	pò jiā bài chǎn
双管齐下	shuāng guǎn qí xià
高谈雄辩	gāo tán xióng biàn
雄辩高谈	xióng biàn gāo tán
毙而后已	bì ér hòu yǐ
泥沙俱下	ní shā jù xià
神枢鬼藏	shén shū guǐ cáng
上漏下湿	shàng lòu xià shī
如获至宝	rú huò zhì bǎo
万民涂炭	wàn mín tú tàn
滴水不羼	dī shuǐ bù chàn
矫国更俗	jiǎo guó gēng sú
啧有烦言	zé yǒu fán yán
人模狗样	rén mú gǒu yàng
逸闻趣事	yì wén qù shì
兴灭继绝	xīng miè jì jué
相切相磋	xiāng qiē xiāng cuō
忧盛危明	yōu shèng wēi míng
缄口结舌	jiān kǒu jié shé
楚得楚弓	chǔ dé chǔ gōng
楚弓楚得	chǔ gōng chǔ dé
壁间蛇影	bì jiān shé yǐng
乱臣贼子	luàn chén zéi zǐ
贼臣乱子	zéi chén luàn zǐ
贼子乱臣	zéi zǐ luàn chén
悼心失图	dào xīn shī tú
奇形异状	qí xíng yì zhuàng
载酒问字	zài jiǔ wèn zì
打家劫舍	dǎ jiā jié shè
爱毛反裘	ài máo fǎn qiú
利析秋毫	lì xī qiū háo
三徙成都	sān xǐ chéng dōu
吹角连营	chuī jiǎo lián yíng
赏同罚异	shǎng tóng fá yì
木鸡养到	mù jī yǎng dào
渊亭山立	yuān tíng shān lì
龙腾虎踞	lóng téng hǔ jù
怀金拖紫	huái jīn tuō zǐ
景星庆云	jǐng xīng qìng yún
蛮不讲理	mán bù jiǎng lǐ
洗心涤虑	xǐ xīn dí lǜ
五陵年少	wǔ líng nián shào
女长当嫁	nǚ zhǎng dāng jià
前街后巷	qián jiē hòu xiàng
不揪不採	bù jiū bù cǎi
怙终不悔	hù zhōng bù huǐ
街头巷底	jiē tóu xiàng dǐ
宝刀未老	bǎo dāo wèi lǎo
辞富居贫	cí fù jū pín
油光可鉴	yóu guāng kě jiàn
感恩怀德	gǎn ēn huái dé
云集响应	yún jí xiǎng yìng
土崩鱼烂	tǔ bēng yú làn
鱼烂土崩	yú làn tǔ bēng
自愧弗如	zì kuì fú rú
两败俱伤	liǎng bài jù shāng
摇席破坐	yáo xí pò zuò
鸾音鹤信	luán yīn hè xìn
羊肠九曲	yáng cháng jiǔ qǔ
愁云惨雾	chóu yún cǎn wù
雾惨云愁	wù cǎn yún chóu
解甲归田	jiě jiǎ guī tián
鸣于乔木	míng yú qiáo mù
危急存亡	wēi jí cún wáng
千变万轸	qiān biàn wàn zhěn
迷踪失路	mí zōng shī lù
狗恶酒酸	gǒu è jiǔ suān
患难与共	huàn nàn yǔ gòng
万古留芳	wàn gǔ liú fāng
鸱张门户	chī zhāng mén hù
出乎反乎	chū hū fǎn hū
邈如旷世	miǎo rú kuàng shì
心在魏阙	xīn zài wèi què
长虑却顾	cháng lǜ què gù
破玩意儿	pò wán yì ér
昭昭在目	zhāo zhāo zài mù
普天同庆	pǔ tiān tóng qìng
谢家活计	xiè jiā huó jì
积素累旧	jī sù lěi jiù
坚壁清野	jiān bì qīng yiě
拔新领异	bá xīn lǐng yì
强颜欢笑	qiǎng yán huān xiào
为虎作伥	wèi hǔ zuò chāng
卖公营私	mài gōng yíng sī
两豆塞耳	liǎng dòu sāi ěr
两耳塞豆	liǎng ěr sāi dòu
矫枉过正	jiǎo wǎng guò zhèng
损兵折将	sǔn bīng zhé jiàng
纵风止燎	zòng fēng zhǐ liáo
革旧鼎新	gé jiù dǐng xīn
官样文章	guān yàng wén zhāng
望其项背	wàng qí xiàng bèi
片言折狱	piàn yán zhé yù
随乡入乡	suí xiāng rù xiāng
生动活泼	shēng dòng huó pō
卑身屈体	bēi shēn qū tǐ
率土宅心	shuài tǔ zhái xīn
火烛银花	huǒ zhú yín huā
斯斯文文	sī sī wén wén
进种善群	jìn zhǒng shàn qún
没颠没倒	méi diān méi dǎo
乘龙配凤	chéng lóng pèi fèng
财殚力尽	cái dān lì jìn
改弦易调	gǎi xián yì diào
无所畏惮	wú suǒ wèi dàn
稳步前进	wén bù qián jìn
视若儿戏	shì ruò ér xì
来因去果	lái yīn qù guǒ
疾言倨色	jí yán jù sè
伤言扎语	shāng yán zhā yǔ
破琴绝弦	pò qín jué xián
荡析离居	dàng xī lí jū
弃瑕取用	qì xiá qǔ yòng
临危致命	lín wēi zhì mìng
冤沉海底	yuān chén hǎi dǐ
肚里泪下	dù lǐ lèi xià
高山峻岭	gāo shān jùn lǐng
道殣相枕	dào jìn xiāng zhěn
偷鸡盗狗	tōu jī dào gǒu
契合金兰	qì hé jīn lán
乘热打铁	chéng rè dǎ tiě
鹊反鸾惊	què fǎn luán jīng
颊上三毫	jiá shàng sān háo
鹤归华表	hè guī huá biǎo
魂消魄夺	hún xiāo pò duó
额手相庆	é shǒu xiāng qìng
牵强附合	qiān qiáng fù hé
忙不择价	máng bù zé jià
崛地而起	jué dì ér qǐ
避祸就福	bì huò jiù fú
切理餍心	qiē lǐ yàn xīn
双足重茧	shuāng zú chóng jiǎn
日迈月征	rì mài yuè zhēng
日征月迈	rì zhēng yuè mài
轻车减从	qīng chē jiǎn cóng
各有所职	gè yǒu suǒ zhí
凤箫龙管	fèng xiāo lóng guǎn
蠹众木折	dù zhòng mù zhé
闲杂人等	xián zá rén děng
晓以利害	xiǎo yǐ lì hài
束装盗金	shù zhuāng dào jīn
沐雨梳风	mù yǔ shū fēng
共贯同条	gòng guàn tóng tiáo
同条共贯	tóng tiáo gòng guàn
强本弱末	qiáng běn ruò mò
弱本强末	ruò běn qiáng mò
翼翼飞鸾	yì yì fēi luán
鬼设神使	guǐ shè shén shǐ
皓首穷经	hào shǒu qióng jīng
攻瑕指失	gōng xiá zhǐ shī
铄金毁骨	shuò jīn huǐ gǔ
炳若观火	bǐng ruò guān huǒ
入孝出弟	rù xiào chū tì
牛刀割鸡	niú dāo gē jī
鸟惊鱼溃	niǎo jīng yú kuì
分星劈两	fēn xīng pī liǎng
委曲成全	wěi qǔ chéng quán
琼林玉树	qióng lín yù shù
兴废继绝	xīng fèi jì jué
瓜李之嫌	guā lǐ zhī xián
骋怀游目	chěng huái yóu mù
游目骋怀	yóu mù chěng huái
出处殊途	chū chǔ shū tú
露红烟绿	lù hóng yān lǜ
敝帚千金	bì zhǒu qiān jīn
千金敝帚	qiān jīn bì zhǒu
杀人越货	shā rén yuè huò
狐假虎威	hú jiǎ hǔ wēi
针芥相投	zhēn jiè xiāng tóu
语焉不详	yǔ yān bù xiáng
事必躬亲	shì bì gōng qīn
不屑毁誉	bù xiè huǐ yù
禁暴正乱	jìn bào zhèng luàn
精妙绝伦	jīng miào jué lún
饥寒交切	jī hán jiāo qiē
莫为已甚	mò wéi yǐ shèn
遗恩余烈	yí ēn yú liè
室怒市色	shì nù shì sè
破除迷信	pò chú mí xìn
欺三瞒四	qī sān mán sì
砥柱中流	dǐ zhù zhōng liú
中流砥柱	zhōng liú dǐ zhù
察颜观色	chá yán guān sè
谋财害命	móu cái hài mìng
时过境迁	shí guò jìng qiān
河伯为患	hé bó wéi huàn
闭门读书	bì mén dú shū
怙恶不悛	hù è bù quān
梧鼠之技	wú shǔ zhī jì
重床迭屋	chóng chuáng dié wū
山栖谷隐	shān qī gǔ yǐn
破桐之叶	pò tóng zhī yè
洒心更始	sǎ xīn gèng shǐ
轻财敬士	qīng cái jìng shì
读书三到	dú shū sān dào
焦唇干舌	jiāo chún gàn shé
举直错枉	jǔ zhí cuò wǎng
一抔黄土	yī póu huáng tǔ
悲欢离合	bēi huān lí hé
离合悲欢	lí hé bēi huān
利惹名牵	lì rě míng qiān
兰艾难分	lán ài nán fēn
如汤灌雪	rú tāng guàn xuě
金紫银青	jīn zǐ yín qīng
渔翁之利	yú wēng zhī lì
男大当婚	nán dà dāng hūn
伤筋动骨	shāng jīn dòng gǔ
简贤附势	jiǎn xián fù shì
远愁近虑	yuǎn chóu jìn lǜ
判若云泥	pàn ruò yún ní
黄冠野服	huáng guàn yě fú
固执己见	gù zhí jǐ jiàn
文武兼备	wén wǔ jiān bèi
北郭先生	běi guō xiān shēng
草木俱朽	cǎo mù jù xiǔ
冷眼旁观	lěng yǎn páng guān
勇者不惧	yǒng zhě bù jù
质疑问难	zhì yí wèn nàn
东掩西遮	dōng yǎn xī zhē
东遮西掩	dōng zhē xī yǎn
随事制宜	suí shì zhì yí
条入叶贯	tiáo rù yè guàn
乱七八遭	luàn qī bā zāo
雄材大略	xióng cái dà lüè
兴师问罪	xīng shī wèn zuì
额外主事	é wai zhǔ shì
无的放矢	wú dì fàng shǐ
齐名并价	qí míng bìng jià
风激电骇	fēng jī diàn hài
精疲力尽	jīng pí lì jìn
透骨酸心	tòu gǔ suān xīn
山崩地坼	shān bēng dì chè
白蚁争穴	bái yǐ zhēng xué
枯枝败叶	kū zhī bài yè
瓮声瓮气	wèng shēng wèng qì
大放厥辞	dà fàng jué cí
破军杀将	pò jūn shā jiāng
兔走乌飞	tù zǒu wū fēi
乌飞兔走	wū fēi tù zǒu
发奋图强	fā fèn tú qiáng
奋发图强	fèn fā tú qiáng
云雾迷蒙	yún wù mí méng
主少国疑	zhǔ shǎo guó yí
纵横交错	zòng héng jiāo cuò
镂心呕血	lòu xīn ǒu xuè
镂心鉥肝	lòu xīn fèng gān
移根换叶	yí gēn huàn yè
愧天怍人	kuì tiān zuò rén
随才器使	suí cái qì shǐ
蓬头赤脚	péng tóu chì jiǎo
双喜临门	shuāng xǐ lín mén
朱门绣户	zhū mén xiù hù
芝兰之室	zhī lán zhī shì
禁止令行	jìn zhǐ lìng xíng
令行禁止	lìng xíng jìn zhǐ
如法炮制	rú fǎ páo zhì
朝经暮史	zhāo jīng mù shǐ
拘文牵义	jū wén qiān yì
才德兼备	cái dé jiān bèi
德才兼备	dé cái jiān bèi
跷足而待	qiāo zú ér dài
心织笔耕	xīn zhī bǐ gēng
直木必伐	zhí mù bì fá
垂名青史	chuí míng qīng shǐ
名垂青史	míng chuí qīng shǐ
青史垂名	qīng shǐ chuí míng
补过饰非	bǔ guò shì fēi
百堕俱举	bǎi huī jù jǔ
因地制宜	yīn dì zhì yí
划地为牢	huá dì wéi láo
付诸东流	fù zhū dōng liú
人莫予毒	rén mò yú dú
弹冠振衣	tán guān zhèn yī
无所忌惮	wú suǒ jì dàn
江郎才尽	jiāng láng cái jìn
穷源溯流	qióng yuán sù liú
溯流穷源	sù liú qióng yuán
溯源穷流	sù yuán qióng liú
完名全节	wán míng quán jié
弄璋之喜	nòng zhāng zhī xǐ
造车合辙	zào chē hé zhé
适性任情	shì xìng rèn qíng
张本继末	zhāng běn jì mò
鉴影度形	jiàn yǐng duó xíng
贪多务得	tān duō wù dé
谄上欺下	chǎn shàng qī xià
当场出彩	dāng chǎng chū cǎi
小恩小惠	xiǎo ēn xiǎo huì
百废具举	bǎi fèi jù jǔ
变贪厉薄	biǎn tān lì bó
根深叶茂	gēn shēn yè mào
事与原违	shì yǔ yuán wéi
打富济贫	dǎ fù jì pín
黑更半夜	hēi gēng bàn yè
全能全智	quán néng quán zhì
全智全能	quán zhì quán néng
道傍苦李	dào páng kǔ lǐ
花遮柳隐	huā zhē liǔ yǐn
用逸待劳	yòng yì dài láo
淘沙得金	táo shā dé jīn
吹牛拍马	chuī niú pāi mǎ
风雨凄凄	fēng yǔ qī qī
历日旷久	lì rì kuàng jiǔ
蚌病生珠	bàng bìng shēng zhū
汗流接踵	hàn liú jiē zhǒng
居下讪上	jú xià shàn shàng
焚枯食淡	fén kū shí dàn
反躬自省	fǎn gōng zì xǐng
毛羽零落	máo yǔ líng luò
忐忑不安	tǎn tè bù ān
微文深诋	wēi wén shēn dǐ
瑶草奇花	yáo cǎo qí huā
士饱马腾	shì bǎo mǎ téng
视同拱璧	shì tóng gǒng bì
弃末返本	qì mò fǎn běn
蒲柳之质	pú liǔ zhī zhì
冰雪严寒	bīng xuě yán hán
引虎拒狼	yǐn hǔ jù láng
引狼拒虎	yǐn láng jù hǔ
拆白道字	chāi bái dào zì
高谈弘论	gāo tán hóng lùn
好丹非素	hào dān fēi sù
计不旋跬	jì bù xuán kuǐ
弃旧迎新	qì jiù yíng xīn
迎新弃旧	yíng xīn qì jiù
斐然成章	fěi rán chéng zhāng
绿衣使者	lǜ yī shǐ zhě
坐以待毙	zuò yǐ dài bì
四平八稳	sì píng bā wěn
笔扫千军	bǐ sǎo qiān jūn
计穷势迫	jì qióng shì pò
惬心贵当	qiè xīn guì dāng
心神恍惚	xīn shén huǎng hū
超群绝伦	chāo qún jué lún
黄梁美梦	huáng liáng měi mèng
朝攀暮折	zhāo pān mù shé
冠履倒置	guān lǚ dào zhì
豺狼成性	chái láng chéng xìng
四体百骸	sì tǐ bǎi hái
防微虑远	fáng wēi lǜ yuǎn
俯首听命	fǔ shǒu tīng mìng
蠹国残民	dù guó cán mín
沽名卖直	gū míng mài zhí
教导有方	jiào dǎo yǒu fāng
违世乖俗	wéi shì guāi sú
撒豆成兵	sǎ dòu chéng bīng
博文约礼	bó wén yuè lǐ
安邦治国	ān bāng zhì guó
治国安邦	zhì guó ān bāng
菲食薄衣	fěi shí bó yī
陌路相逢	mò lù xiāng féng
聚米为谷	jù mǐ wéi gǔ
宏才大略	hóng cái dà lüè
车驰马骤	chē chí mǎ zhòu
言简意该	yán jiǎn yì gāi
言简意赅	yán jiǎn yì gāi
圣君贤相	shèng jīng xián xiàng
魂飘魄散	hún piāo pò sàn
魄散魂飘	pò sàn hún piāo
上窜下跳	shàng cuàn xià tiào
心悦诚服	xīn yuè chéng fú
殊涂同会	shū tú tóng huì
引喻失义	yǐn yù shī yì
拾人牙慧	shí rén yá huì
平澹无奇	píng dàn wú qí
不辨真伪	bù biàn zhēn wěi
一命呜呼	yī mìng wū hū
渊涌风厉	yuān yǒng fēng lì
积毁销骨	jī huǐ xiāo gǔ
楞眉横眼	lèng méi héng yǎn
鹤困鸡群	hè kùn jī qún
像形夺名	xiàng xíng duó míng
鸟啼花怨	niǎo tí huā yuàn
道尽途殚	dào jìn tú dān
黄金铸象	huáng jīn zhù xiàng
前因后果	qián yīn hòu guǒ
名声籍甚	míng shēng jí shèn
代为说项	dài wéi shuō xiàng
击中要害	jī zhòng yào hài
偃鼠饮河	yǎn shǔ yǐn hé
稠人广众	chóu rén guǎng zhòng
叩马而谏	kòu mǎ ér jiàn
雾起云涌	wù qǐ yún yǒng
满腹狐疑	mǎn fù hú yí
势如劈竹	shì rú pī zhú
狼顾狐疑	láng gù hú yí
追亡逐北	zhuī bēn zhú běi
识时达务	shí shí dá wù
去本趋末	qù běn qū mò
买牛息戈	mǎi niú xī gē
不着疼热	bù zhuó téng rè
寡二少双	guǎ èr shǎo shuāng
通才硕学	tōng cái shuò xué
鱼沉雁静	yú chén yàn jìng
析肝吐胆	xī gān tǔ dǎn
北面称臣	běi miàn chēng chén
饱食暖衣	bǎo shí nuǎn yī
暖衣饱食	nuǎn yī bǎo shí
班师得胜	bān shī dé shèng
避影敛迹	bì yǐng liǎn jì
妻儿老小	qī ér lǎo xiǎo
身败名隳	shēn bài míng huī
买马招军	mǎi mǎ zhāo jūn
招军买马	zhāo jūn mǎi mǎ
大肆铺张	dà sì pū zhāng
鸡肠狗肚	jī cháng gǒu dù
历兵秣马	lì bīng mò mǎ
电掣风驰	diàn chè fēng chí
风驰电掣	fēng chí diàn chè
风驰电逝	fēng chí diàn shì
丁一确二	dīng yī què èr
错节盘根	cuò jié pán gēn
盘根错节	pán gēn cuò jié
重床叠屋	chóng chuáng dié wū
鼻青眼紫	bí qīng yǎn zǐ
股肱之力	gǔ gōng zhī lì
刚中柔外	gāng zhōng róu wài
口呆目瞪	kǒu dāi mù dèng
口呆目钝	kǒu dāi mù dùn
目瞪口呆	mù dèng kǒu dāi
目瞪口歪	mù dèng kǒu wāi
九关虎豹	jiǔ guān hǔ bào
挨门逐户	āi mén zhú hù
攻城略地	gōng chéng lüè dì
赫斯之威	hè sī zhī wēi
妄生穿凿	wàng shēng chuān záo
玉润珠圆	yù rùn zhū yuán
珠圆玉润	zhū yuán yù rùn
粉面朱唇	fěn miàn zhū chún
朱唇粉面	zhū chún fěn miàn
怙过不悛	hù guò bù quān
爱如珍宝	ài rú zhēn bǎo
凛如霜雪	lǐn rú shuāng xuě
横枪跃马	héng qiāng yuè mǎ
柳暗花遮	liǔ àn huā zhē
颠仆流离	diān pú liú lí
遏恶扬善	è è yán shàn
参回斗转	shēn huí dǒu zhuǎn
没精打彩	méi jīng dǎ cǎi
兴妖作乱	xīng yāo zuò luàn
鸟焚鱼烂	niǎo fén yú làn
涕泪交下	tì lèi jiāo xià
间不容瞚	jiān bù róng xǐ
三等九格	sān děng jiǔ gé
雾兴云涌	wù xīng yún yǒng
属辞比事	zhǔ cí bǐ shì
隐约其词	yǐn yuē qí cí
琪花玉树	qí huā yù shù
盈科后进	yíng kē hòu jìn
直眉楞眼	zhí méi léng yǎn
斐然向风	fěi rán xiàng fēng
隐迹埋名	yǐn jì mái míng
胡思乱想	hú sī luàn xiǎng
含章挺生	hán zhāng tǐng shēng
天壤悬隔	tiān rǎng xuán gé
明火执仗	míng huǒ zhí zhàng
比肩随踵	bǐ jiān suí zhǒng
哀兵必胜	āi bīng bì shèng
百步穿杨	bǎi bù chuān yáng
苍黄反复	cāng huáng fǎn fù
全盘托出	quán pán tuō chū
麟角凤嘴	lín jiǎo fèng zuǐ
惩一儆百	chéng yī jǐng bǎi
街谈巷语	jiē tán xiàng yǔ
尺水丈波	chǐ shuǐ zhàng bō
投阱下石	tóu jǐng xià shí
孔情周思	kǒng qíng zhōu sī
孔思周情	kǒng sī zhōu qíng
周情孔思	zhōu qíng kǒng sī
毋翼而飞	wú yì ér fēi
日陵月替	rì líng yuè tì
丝来线去	sī lái xiàn qù
画虎刻鹄	huà hǔ kè hú
毛森骨立	máo sēn gǔ lì
半涂而罢	bàn tú ér bà
雕文刻镂	diāo wén kè lòu
张眉努目	zhāng méi nǔ mù
宋玉东墙	sòng yù dōng qiáng
东奔西撞	dōng bēn xī zhuàng
慈悲为本	cí bēi wéi běn
水过鸭背	shuǐ guò yā bèi
吉光凤羽	jí guāng fèng yǔ
日月逾迈	rì yuè yú mài
哀痛欲绝	āi tòng yù jué
承平盛世	chéng píng shèng shì
龙翔凤跃	lóng xiáng fèng yuè
磨盘两圆	mò pán liǎng yuán
销声匿影	xiāo shēng nì yǐng
盂方水方	yú fāng shuǐ fāng
香消玉损	xiāng xiāo yù sǔn
齿弊舌存	chǐ bì shé cún
见噎废食	jiàn yē fèi shí
青黄沟木	qīng huáng gōu mù
司马称好	sī mǎ chēng hǎo
独坐愁城	dú zuò chóu chéng
含霜履雪	hán shuāng lǚ xuě
帏薄不修	wéi báo bù xiū
冰消雾散	bīng xiāo wù sàn
赞叹不已	zàn tàn bù yǐ
狂犬吠日	kuáng quǎn fèi rì
门墙桃李	mén qiáng táo lǐ
桃李门墙	táo lǐ mén qiáng
明火持杖	míng huǒ chí zhàng
居重驭轻	jū zhòng yù qīng
权重望崇	quán zhòng wàng chóng
以夜续昼	yǐ yè xù zhòu
柳宠花迷	liǔ chǒng huà mí
随时施宜	suí shí shī yí
恶紫夺朱	wù zǐ duó zhū
闭口捕舌	bì kǒu bǔ shé
全神关注	quán shén guān zhù
露红烟紫	lù hóng yān zǐ
舜日尧天	shùn rì yáo tiān
尧天舜日	yáo tiān shùn rì
兼朱重紫	jiān zhū zhòng zǐ
谨身节用	jǐn shēn jié yòng
呼吸相通	hū xī xiāng tōng
拾带重还	shí dài zhòng huán
贱敛贵出	jiàn liǎn guì chū
命里注定	mìng lǐ zhù dìng
巴三揽四	bā sān lǎn sì
蹑影藏形	niè yǐng cáng xíng
墨子泣丝	mò zǐ qì sī
劚玉如泥	zhú yù rú ní
戟指怒目	jǐ zhǐ nǔ zhāng
打小算盘	dǎ xiǎo suàn pán
气焰熏天	qì yàn xūn tiān
轻身殉义	qīng shēn xùn yì
党同伐异	dǎng tóng fá yì
伐异党同	fá yì dǎng tóng
危于累卵	wēi yú lěi luǎn
谦尊而光	qiān zūn ér guāng
铅刀一割	qiān dāo yī gē
玉柱擎天	yù zhù qíng tiān
跃马扬鞭	yuè mǎ yáng biān
改姓更名	gǎi xìng gēng míng
更名改姓	gèng míng gǎi xìng
答非所问	dá fēi suǒ wèn
尊贤使能	zūn xián shǐ néng
屠门大嚼	tú mén dà jiáo
回文织锦	huí wén zhī jǐn
衣锦还乡	yì jǐn huán xiāng
楚楚可怜	chǔ chǔ kě lián
游戏三昧	yóu xì sān mèi
贸首之仇	mào shǒu zhī chóu
秦庭之哭	qín tíng zhī kū
燕处危巢	yàn chǔ wēi cháo
有问必答	yǒu wèn bì dá
出震继离	chū zhèn jì lí
巴山蜀水	bā shān shǔ shuǐ
分朋引类	fēn péng yǐn lèi
贩夫俗子	fàn fū sú zǐ
脂膏不润	zhī gāo bù rùn
通元识微	tōng yuán shí wēi
浑身解数	hún shēn xiè shù
清辞丽曲	qīng cí lì qǔ
九流宾客	jiǔ liú bīn kè
闭阁思过	bì gé sī guò
东差西误	dōng chà xī wù
东迁西徙	dōng qiān xī xǐ
东徙西迁	dōng xǐ xī qiān
七穿八洞	qī chuān bā dòng
至尊至贵	zhì zūn zhì guì
笔歌墨舞	bǐ gē mò wǔ
福善祸淫	fú shàn huò yín
音容笑貌	yīn róng xiào mào
哗世动俗	huá shì dòng sú
衣食父母	yī shí fù mǔ
简贤任能	jiǎn xián rèn néng
湮没无闻	yān mò wú wén
避强打弱	bì qiáng dǎ ruò
细枝末节	xì zhī mò jié
背腹受敌	bèi fù shòu dí
腹背受敌	fù bèi shòu dí
去住两难	qù zhù liǎng nán
悲观厌世	bēi guān yàn shì
随行逐队	suí xíng zhú duì
豁然贯通	huò rán guàn tōng
和容悦色	hé róng yuè sè
举手加额	jǔ shǒu jiā é
河清难俟	hé qīng nán sì
黔驴之计	qián lǘ zhī jì
唇竭齿寒	chún jié chǐ hán
鼠偷狗盗	shǔ tōu gǒu dào
铜唇铁舌	tóng chún tiě shé
奋笔直书	fèn bǐ zhí shū
兵强则灭	bīng qiáng zé miè
景星麟凤	jǐng xīng lín fèng
溯流求源	sù liú qiú yuán
老罴当道	lǎo pí dāng dào
拔毛连茹	bá máo lián rú
驾鹤西游	jià hè xī yóu
托骥之蝇	tuō jì zhī yíng
岸然道貌	àn rán dào mào
道貌岸然	dào mào àn rán
道貌凛然	dào mào lǐn rán
弃逆归顺	qì nì guī shùn
支离破碎	zhī lí pò suì
一片汪洋	yī piàn wāng yáng
楚弓复得	chǔ gōng fù dé
另谋高就	lìng móu gāo jiù
角立杰出	jiao li jie chu
抚掌大笑	fǔ zhǎng dà xiào
偃甲息兵	yǎn jiǎ xī bīng
暴殄天物	bào tiǎn tiān wù
作育人材	zuò yù rén cái
河沙世界	hé shā shì jiè
竞短争长	jìng duǎn zhēng cháng
争长竞短	zhēng cháng jìng duǎn
金城汤池	jīn chéng tāng chí
闭关绝市	bì guān jué shì
茵席之臣	yīn xí zhī chén
豪情逸致	háo qíng yì zhì
改换门庭	gǎi huàn mén tíng
遇物持平	yù wù chí píng
临危受命	lín wēi shòu mìng
九间大殿	jiǔ jiān dà diàn
谋臣武将	móu chén wǔ jiàng
除害兴利	chú hài xīng lì
兴利除害	xīng lì chú hài
轻骑简从	qīng jì jiǎn cóng
轻装简从	qīng zhuāng jiǎn cóng
喜气洋洋	xǐ qì yáng yáng
英风亮节	yīng fēng liàng jié
楚尾吴头	chǔ wěi wú tóu
吴头楚尾	wú tóu chǔ wěi
五陵豪气	wǔ líng háo qì
头痛额热	tóu tòng é rè
蜂起云涌	fēng qǐ yún yǒng
雷霆之怒	léi tíng wàn j
身先士卒	shēn xiān shì zú
悠闲自在	yōu xián zì zài
乘胜追击	chéng shèng zhuī jī
遗哂大方	yí shěn dà fāng
因公假私	yīn gōng jiǎ sī
鬼形怪状	guǐ xíng guài zhuàng
穷极要妙	qióng jí yào miào
背生芒刺	bèi shēng máng cì
民和年稔	mín hé nián rěn
正儿巴经	zhèng ér bā jīng
割臂之盟	gē bì zhī méng
杯蛇鬼车	bēi shé guǐ chē
矫枉过当	jiǎo wǎng guò dāng
抚时感事	fǔ shí gǎn shì
汗流洽衣	hàn liú qià yī
迁莺出谷	qiān yīng chū gǔ
无羐无碍	wú guà wú ài
光前启后	guāng qián qǐ hòu
醉山颓倒	zuì shān tuí dǎo
砥节砺行	dǐ jié lì xíng
油光水滑	yóu guāng shuǐ huá
打击报复	dǎ jī bào fù
高爵重禄	gāo jué zhòng lù
高位重禄	gāo wèi zhòng lù
蓝田生玉	lán tián shēng yù
杀妻求将	shā qī qiú jiàng
才占八斗	cái zhān bā dǒu
羽毛丰满	yǔ máo fēng mǎn
持戈试马	chí gē shì mǎ
秉节持重	bǐng jié chí zhòng
东奔西窜	dōng bēn xī cuàn
忍辱偷生	rěn rǔ tōu shēng
剑态箫心	jiàn tai xiāo xīn
强聒不舍	qiǎng guō bù shě
零七八碎	líng qī bā suì
七零八碎	qī líng bā suì
野心勃勃	yě xīn bó bó
还朴反古	huán pǔ fǎn gǔ
多闻强记	duō wén qiáng jì
纠缠不清	jiū chán bù qīng
倾城倾国	qīng chéng qīng guó
倾国倾城	qīng guó qīng chéng
盲风涩雨	máng fēng sè yǔ
揣骨听声	chuāi gǔ tīng shēng
奉头鼠窜	fèng tóu shǔ cuàn
鬼瞰高明	guǐ kàn gāo míng
枝对叶比	zhī duì yè bǐ
目别汇分	mù bié huì fēn
引吭高歌	yǐn háng gāo gē
蒙头转向	mēng tóu zhuàn xiàng
抱子弄孙	bào zǐ nòng sūn
画蛇添足	huà shé tiān zú
原始反终	yuán shǐ fǎn zhōng
土壤细流	tǔ rǎng xì liú
敬业乐群	jìng yè yào qún
雍容大雅	yōng róng dà yǎ
文修武偃	wén xiū wǔ yǎn
武偃文修	wǔ yǎn wén xiū
修文偃武	xiū wén yǎn wǔ
偃武修文	yǎn wǔ xiū wén
断袖之癖	duàn xiù zhī pǐ
饶有风趣	ráo yǒu fēng qù
拔本塞源	bá běn sè yuán
犬吠之警	quǎn fèi zhī jǐng
愁眉锁眼	chóu méi suǒ yǎn
北窗高卧	bēi chuāng gāo wò
戎马生涯	róng mǎ shēng yá
多言或中	duō yán huò zhōng
鸡零狗碎	jī líng gǒu suì
弃好背盟	qì hǎo bèi méng
长材茂学	cháng cái mào xué
口碑载道	kǒu bēi zài dào
势穷力蹙	shì qióng lì cù
祸国殃民	huò guó yāng mín
风驰电骋	fēng chí diàn chěng
哄堂大笑	hōng táng dà xiào
见豕负涂	jiàn shǐ fù tú
一夔已足	yī kuí yǐ zú
随时制宜	suí shí zhì yí
一榻横陈	yī tà héng chén
火耕流种	huǒ gēng liú zhǒng
贵少贱老	guì shǎo jiàn lǎo
视如寇仇	shì rú kòu chóu
进贤黜恶	jìn xián chù è
礼仪之邦	lǐ yí zhī bāng
伯劳飞燕	bó láo fēi yàn
灰容土貌	huī róng tǔ mào
折箭为誓	shé jiàn wéi shì
火上浇油	huǒ shàng jiāo yóu
寻幽入微	xún yōu rù wēi
看破红尘	kàn pò hóng chén
连锁反应	lián suǒ fǎn yìng
广见洽闻	guǎng jiàn qià wén
殊涂同致	shū tú tóng zhì
火伞高张	huǒ sǎn gāo zhāng
一阶半职	yī jiē bàn zhí
诱敌深入	yòu dí shēn rù
狼狈不堪	láng bèi bù kān
还年却老	huán nián què lǎo
比量齐观	bǐ liàng qí guān
避影匿形	bì yǐng nì xíng
齿颊生香	chǐ jiá shēng xiāng
心烦意冗	xīn fán yì rǒng
令人喷饭	lìng rén pēn fàn
如应斯响	rú yìng sī xiǎng
溺心灭质	nì xīn miè zhì
起偃为竖	qǐ yǎn wéi shù
分金掰两	fēn jīn bāi liǎng
公私两便	gōng sī liǎng biàn
惊心褫魄	jīng xīn chǐ pò
刍荛之言	chú ráo zhī yán
抵死谩生	dǐ sǐ màn shēng
暗锤打人	àn chuí dǎ rén
深文傅会	shēn wén fù huì
止戈兴仁	zhǐ gē xīng rén
犯言直谏	fàn yán zhǐ jiǎn
闭境自守	bì jìng zì shǒu
分花拂柳	fēn huā fú liǔ
惟命是听	wéi mìng shì tīng
志广才疏	zhì guǎng cái shū
优游自适	yōu yóu zì shì
了身脱命	le shēn tuō mìng
珠沉沧海	zhū chén cāng hǎi
在所难免	zài suǒ nán miǎn
河清社鸣	hé qīng shè míng
急赤白脸	jí chì bái liǎn
细微末节	xì wēi mò jié
头没杯案	tóu mò bēi àn
改朝换代	gǎi cháo huàn dài
私相授受	sī xiāng shòu shòu
好酒贪杯	hào jiǔ tān bēi
如狼牧羊	rú láng mù yáng
夺眶而出	duó kuàng ér chū
庞眉鹤发	páng méi hè fā
普度群生	pǔ dù qún shēng
骚人雅士	sāo rén yǎ shì
裁长补短	cái cháng bǔ duǎn
朗目疏眉	lǎng mù shū méi
远怀近集	yuǎn huái jìn jí
绝伦逸群	jué lún yì qún
逸群绝伦	yì qún jué lún
志洁行芳	zhì jié xíng fāng
干将莫邪	gān jiàng mò yé
忧愤成疾	yōu fèn chéng jí
讽一劝百	fěng yī quàn bǎi
劝百讽一	quàn bǎi fěng yī
狗吠非主	gǒu fèi fēi zhǔ
神色仓皇	shén sè cāng huáng
官官相卫	guān guān xiāng wèi
安富恤穷	ān fù xù qióng
坚贞不渝	jiān zhēn bù yú
煽风点火	shān fēng diǎn huǒ
风潇雨晦	fēng xiāo yǔ huì
针锋相对	zhēn fēng xiāng duì
重熙累叶	chóng xī lěi yè
遁名匿迹	dùn míng nì jì
光彩溢目	guāng cǎi yì mù
违天悖理	wéi tiān bèi lǐ
脸红耳热	liǎn hóng ěr rè
一片宫商	yī piàn gōng shāng
丰富多采	fēng fù duō cǎi
雕虎焦原	diāo hǔ jiāo yuán
反老还童	fǎn lǎo huán tóng
十面埋伏	shí miàn mái fú
傲霜斗雪	ào shuāng dòu xuě
斗霜傲雪	dòu shuāng ào xuě
三省吾身	sān xǐng wú shēn
此发彼应	cǐ fā bǐ yīng
必里迟离	bì lǐ chí lí
赏善罚恶	shǎng shàn fá è
金浆玉液	jīn jiāng yù yè
玉液金浆	yù yè jīn jiāng
躬行节俭	gōng xíng jié jiǎn
德薄能鲜	dé bó néng xiǎn
承上启下	chéng shàng qǐ xià
独竖一帜	dú shù yī zhì
水落归槽	shuǐ luò guī cáo
齐足并驱	qí zú bìng qū
金迷纸醉	jīn mí zhǐ zuì
迷金醉纸	mí jīn zuì zhǐ
纸醉金迷	zhǐ zuì jīn mí
青蝇染白	qīng yíng rǎn bái
鸣玉曳履	míng yù yè lǚ
惊皇失措	jīng huáng shī cuò
朝令夕改	zhāo lìng xī gǎi
倾耳细听	qīng ěr xì tīng
方来未艾	fāng lái wèi ài
与时偕行	yǔ shí xié xíng
悬河泻水	xuán hé xiè shuǐ
散带衡门	sàn dài héng mén
拔树寻根	bá shù xún gēn
认贼作子	rèn zéi zuò zǐ
文修武备	wén xiū wǔ bèi
草木愚夫	cǎo mù yú fū
前辙可鉴	qián zhé kě jiàn
余业遗烈	yú yè yí liè
凤狂龙躁	fèng kuáng lóng zào
小隙沉舟	xiǎo xì chén zhōu
节哀顺变	jié āi shùn biàn
英雄本色	yīng xióng běn sè
燕雀处屋	yàn què chǔ wū
鱼溃鸟离	yú kuì niǎo lí
鱼帛狐声	yú bó hú shēng
柳骨颜筋	jiǔ gǔ yán jīn
颜骨柳筋	yán gǔ liǔ jīn
颜筋柳骨	yán jīn liǔ gǔ
荒淫无耻	huāng yín wú chǐ
泣血枕戈	qì xuè zhěn gē
枕戈泣血	zhěn gē qì xuè
钓名欺世	diào míng qī shì
讳树数马	huì shù shù mǎ
旁行斜上	páng xíng xié shàng
胁不沾席	xié bù zhān xí
祖宗成法	zǔ zōng chéng fǎ
解弦更张	jiě xián gēng zhāng
以强凌弱	yǐ qiáng líng ruò
一点灵犀	yī diǎn líng xī
竭诚尽节	jié chéng jìn jié
尽诚竭节	jìn chéng jié jié
痴心妄想	chī xīn wàng xiǎng
兵未血刃	bīng wèi xuě rèn
树倒根摧	shù dǎo gēn cuī
器小易盈	qì xiǎo yì yíng
小器易盈	xiǎo qì yì yíng
催人泪下	cuī rén lèi xià
东奔西逃	dōng bēn xī táo
阿娇金屋	ā jiāo jīn wū
傲睨一切	ào nì yī qiè
无冬历夏	wú dōng lì xià
千沟万壑	qiān gōu wàn hè
千岩万壑	qiān yán wàn hè
万壑千岩	wàn hè qiān yán
题名道姓	tí míng dào xìng
漫天蔽野	màn tiān bì yě
极目迥望	jí mù jiǒng wàng
逞强好胜	chěng qiáng hào shèng
公子王孙	gōng zǐ wáng sūn
王孙公子	wáng sūn gōng zǐ
沙里淘金	shā lǐ táo jīn
耳目昭彰	ěr mù zhāo zhāng
笔老墨秀	bǐ lǎo mò xiù
鬼哭粟飞	guǐ kū sù fēi
漫天要价	màn tiān yào jià
冷酷无情	lěng kù wú qíng
普济群生	pǔ jì qún shēng
口讲指画	kǒu jiǎng zhǐ huà
挈瓶之知	qiè píng zhī zhì
谄上骄下	chǎn shàng jiāo xià
三茶六礼	sān chá liù lǐ
刀俎余生	dāo zǔ yú shēng
诗礼之训	shī lǐ zhī xùn
背本趋末	bèi běn qū mò
全受全归	quán shòu quán guī
挑三拨四	tiāo sān bō sì
送往视居	sòng wǎng shì jū
退藏于密	tuì cáng yú mì
中原逐鹿	zhōng yuán zhú lù
逐鹿中原	zhú lù zhōng yuán
拨雨撩云	bō yǔ liáo yún
拨云撩雨	bō yún liáo yǔ
撩云拨雨	liáo yún bō yǔ
握雨携云	wò yǔ xié yún
携云握雨	xié yún wò yǔ
魄荡魂摇	pò dàng hún yáo
强文假醋	qiǎng wén jiǎ cù
入室升堂	rù shì shēng táng
升堂入室	shēng táng rù shì
垂范百世	chuí fàn bǎi shì
尊古卑今	zūn gǔ bēi jīn
驰魂夺魄	chí hún duó pò
魂消魄丧	hún xiāo pò sàng
色授魂与	sè shòu hún yǔ
揣时度力	chuǎi shí duó lì
剑及履及	jiàn jí lǚ jí
平步青霄	píng bù qīng xiāo
樽酒论文	zūn jiǔ lùn wén
舌尖口快	shé jiān kǒu kuài
趋时奉势	qū shí fèng shì
户告人晓	hù gào rén xiǎo
众星拱极	zhòng xīng gǒng jí
不遑枚举	bù huáng méi jǔ
法外施仁	fǎ wài shī rén
祸近池鱼	huò jìn shi yú
衡石量书	héng shí liàng shū
极则必反	jí zé bì fǎn
膏肓之疾	gāo huāng zhī jí
矫情干誉	jiǎo qíng gān yù
奔逸绝尘	bēn yì jué chén
悬旌万里	xuán jīng wàn lǐ
七子八婿	qī zǐ bā xù
将功抵罪	jiāng gōng dǐ zuì
牛刀小试	niú dāo xiǎo shì
苦尽甜来	kǔ jìn tián lái
咸五登三	xián wǔ dēng sān
正襟危坐	zhèng jīn wēi zuò
高抬贵手	gāo tái guì shǒu
寄人檐下	jì rén yán xià
柳弱花娇	liǔ ruò huā jiāo
手脚干净	shǒu jiǎo gàn jìng
积习难除	jī xí nán chú
火冒三丈	huǒ mào sān zhàng
金钗换酒	jīn chāi huàn jiǔ
拨草瞻风	bō cǎo zhān fēng
须眉男子	xū méi nán zǐ
披毛戴角	pī máo dài jiǎo
诗礼传家	shī lǐ chuán jiā
倒冠落佩	dǎo guān luò pèi
屠龙之伎	tú lóng zhī jì
计穷力诎	jì qióng lì qū
雨栋风帘	yǔ dòng fēng lián
侯门似海	hóu mén sì hǎi
钝学累功	dùn xué lěi gōng
随珠弹雀	suí zhū tán què
遁世幽居	dùn shì yōu jū
不乏先例	bù fá xiān lì
返观内视	fǎn guān nèi shì
明察秋毫	míng chá qiū háo
白虹贯日	bái hóng guàn rì
后拥前呼	hòu yōng qián hū
前呼后拥	qián hū hòu yōng
知荣守辱	zhī róng shǒu rǔ
骈肩累足	pián jiān lěi zú
三贞五烈	sān zhēn wǔ liè
柳泣花啼	liǔ qì huā tí
案兵束甲	àn bīng shù jiǎ
卷甲束兵	juàn jiǎ shù bīng
拔本塞原	bá běn sè yuán
矫国革俗	jiǎo guó gé sú
重蹈覆辙	chóng dǎo fù zhé
子子孙孙	zǐ zǐ sūn sūn
一岁载赦	yī suì zài shè
束马县车	shù mǎ xiàn chē
针头削铁	zhēn tóu xuē tiě
嗟悔无及	jiē huǐ wú jí
善男信女	shàn nán xìn nǚ
不耻最后	bù chǐ zuì hòu
鳞集仰流	lín jí yǎng liú
菜蔬之色	cài shū zhī sè
除患兴利	chú huàn xīng lì
纳新吐故	nà xīn tǔ gù
吐故纳新	tǔ gù nà xīn
恋酒贪花	liàn jiǔ tān huā
长夜漫漫	cháng yè màn màn
凤凰于飞	fèng huáng yú fēi
反裘负薪	fǎn qiú fù xīn
抱火寝薪	bào huǒ qǐn xīn
片长薄技	piàn cháng bó jì
政以贿成	zhèng yǐ huì chéng
目乱睛迷	mù luàn jīng mí
才貌兼全	cái mào jiān quán
造言捏词	zào yán niē cí
克己慎行	kè jǐ shèn xíng
魏鹊无枝	wèi què wú zhī
龙翰凤翼	lóng hàn fèng yì
泰山磐石	tài shān pán shí
堕甑不顾	duò zèng bù gù
肃然生敬	sù rán shēng jìng
远涉重洋	yuǎn shè chóng yáng
绝圣弃智	jué shèng qì zhì
以狸至鼠	yǐ lí zhì shǔ
夸强道会	kuā qiáng dào huì
忘战者危	wàng zhàn zhě wēi
神閒气定	shén xián qì dìng
河涸海干	hé hé hǎi qián
曲意承迎	qǔ yì chéng yíng
轻财仗义	qīng cái zhàng yì
侃侃而言	kǎn kǎn ér yán
泥古拘方	nì gǔ jū fāng
精忠报国	jīng zhōng bào guó
凤枭同巢	fèng xiāo tóng cháo
折节读书	zhé jié dú shū
割席分坐	gē xí fēn zuò
化零为整	huà líng wéi zhěng
化整为零	huà zhěng wéi líng
离经叛道	lí jīng pàn dào
另眼相看	lìng yǎn xiāng kàn
日薄桑榆	rì báo sāng yú
析律舞文	xī lǜ wǔ wēn
履盈蹈满	lǚ yíng dǎo mǎn
漱流枕石	shù liú zhěn shí
漱石枕流	shù shí zhěn liú
枕流漱石	zhěn liú shù shí
枕石漱流	zhěn shí sòu liú
旁文剩义	páng wén shèng yì
藏头亢脑	cáng tóu kàng nǎo
昏镜重磨	hūn jìng chóng mó
星驰电走	xīng chí diàn zǒu
蛟龙戏水	jiāo lóng xì shuǐ
片语只辞	piàn yán zhǐ cí
独具匠心	dú jù jiàng xīn
匠心独具	jiàng xīn dú jù
遁逸无闷	dùn yì wú mèn
吠形吠声	fèi xíng fèi shēng
无庸置辩	wú yōng zhì biàn
如饥似渴	rú jī sì kě
巧舌如簧	qiǎo shé rú huáng
日旰忘餐	rì gàn wàng cān
全神贯注	quán shén guàn zhù
更仆难尽	gèng pú nán jìn
驽马十舍	nú mǎ shí shè
扪虱而言	mén shī ér yán
以刑去刑	yǐ xíng qù xíng
男女老少	nán nǚ lǎo shào
丰功茂德	fēng gōng mào dé
蚌病成珠	bàng bìng chéng zhū
鄙于不屑	bǐ yú bù xiè
儗不于伦	lǐ bù yú lún
雨井烟垣	yǔ jǐng yān yuán
脱颖而出	tuō yǐng ér chū
颖脱而出	yǐng tuō ér chū
肆虐横行	sì nüè héng xíng
旁枝末节	páng zhī mò jié
切中要害	qiē zhōng yào hài
美女簪花	měi nǚ zān huā
载歌载舞	zài gē zài wǔ
改名换姓	gǎi míng huàn xìng
官场如戏	guān chǎng rú xì
傲睨自若	ào nì zì ruò
看家本领	kān jiā běn lǐng
三写易字	sān xiě yì zì
失张冒势	shī zhāng mào shì
牵物引类	qiān wù yǐn lèi
日中则昃	rì zhōng zé zè
受宠若惊	shòu chǒng ruò jīng
粜风卖雨	tiào fēng mài yǔ
排忧解难	pái yōu jiě nán
聪明智能	cōng míng zhì néng
敦世厉俗	dūn shì lì sú
涕泪交流	tì lèi jiāo liú
疚心疾首	jiù xīn jí shòu
铜头铁额	tóng tóu tiě é
款语温言	kuǎn yǔ wēn yán
破家丧产	pò jiā sàng chǎn
文章宗工	wén zhāng zōng gōng
真独简贵	zhēn dú jiǎn guì
沉毅寡言	chén yì guǎ yán
纤介之失	xiān jiè zhī shī
云起龙襄	yún qǐ lóng xiāng
暧昧之情	ài mèi zhī qíng
扶危定乱	fú wēi dìng luàn
混水捞鱼	hùn shuǐ lāo yú
嗤之以鼻	chī zhī yǐ bí
妄尘而拜	wàng chén ér bài
飞殃走祸	fēi yāng zǒu huò
骚人词客	sāo rén cí kè
食辨劳薪	shí biàn láo xīn
融洽无间	róng qià wú jiàn
累土聚沙	lěi tǔ jù shā
多闻阙疑	duō wén quē yí
睹景伤情	dǔ jǐng shāng qíng
贵不召骄	guì bù zhào jiāo
亘古新闻	gèn gǔ xīn wén
败鳞残甲	bài lín cán jiǎ
床上施床	chuáng shàng shī chuáng
矫邪归正	jiǎo xié guī zhèng
外宽内明	wài kuān nèi míng
和气致祥	hé qì zhì xiáng
错彩镂金	cuò cǎi lòu jīn
镂金错彩	lòu jīn cuò cǎi
壮志凌云	zhuàng zhì líng yún
积思广益	jī sī guǎng yì
进退失踞	jìn tuì shī jù
望尘奔北	wàng chén bēn běi
气充志骄	qì chōng zhì jiāo
公报私仇	gōng bào sī chóu
七窍生烟	qī qiào shēng yān
心摹手追	xīn mó shǒu zhuī
高枕勿忧	gāo zhěn wù yōu
鼠肚鸡肠	shǔ dù jī cháng
风流蕴藉	fēng liú yùn jiè
欧风美雨	ōu fēng měi yǔ
使性傍气	shǐ xìng bàng qì
重山峻岭	chóng shān jùn lǐng
沥血叩心	lì xuè kòu xīn
蠖屈不伸	huò qū bù shēn
俯仰无愧	fǔ yǎng wú kuì
顺手牵羊	shùn shǒu qiān yáng
怫然不悦	fú rán bù yuè
口衔天宪	kǒu xián tiān xiàn
食子徇君	shí zǐ xùn jūn
浮头滑脑	fú tóu huá nǎo
村夫俗子	cūn fū sú zǐ
指破迷团	zhǐ pò mí tuán
简切了当	jiǎn qiè liǎo dàng
抜格不入	hàn gé bù rù
视同秦越	shì tóng qín yuè
奇货可居	qí huò kě jū
牵衣肘见	qiān yī zhǒu jiàn
齐烟九点	qí yān jiǔ diǎn
评头论脚	píng tóu lùn jiǎo
触目恸心	chù mù tòng xīn
刿目怵心	guì mù chù xīn
刿心怵目	guì xīn chù mù
冷水浇背	lěng shuǐ jiāo bèi
旧愁新恨	jiù chóu xīn hèn
旧恨新愁	jiù hèn xīn chóu
新愁旧恨	xīn chóu jiù hèn
争奇斗艳	zhēng qí dòu yàn
五谷丰登	wǔ gǔ fēng dēng
富家巨室	fù jiā jù shì
石烂江枯	shí làn jiāng kū
营私作弊	yíng sī zuò bì
一仍旧贯	yī réng jiù guàn
嘲风咏月	cháo fēng yǒng yuè
咏嘲风月	yǒng cháo fēng yuè
咏月嘲风	yǒng yuè cháo fēng
三沐三薰	sān mù sān xūn
三薰三沐	sān xūn sān mù
青红皂白	qīng hóng zào bái
龙吟虎啸	lóng yīn hǔ xiào
魂飞胆颤	hún fēi dǎn chàn
甘井先竭	gān jǐng xiān jié
外宽内深	wài kuān nèi shēn
斗色争妍	dòu sè zhēng yán
金友玉昆	jīn yǒu yù kūn
玉昆金友	yù kūn jīn yǒu
玉友金昆	yù yǒu jīn kūn
异端邪说	yì duān xié shuō
枕典席文	zhěn diǎn xí wén
神湛骨寒	shén zhàn gǔ hán
不瞅不睬	bù chǒu bù cǎi
腥闻在上	xíng wén zài shàng
遭遇不偶	zāo yù bù ǒu
外强中瘠	wài qiáng zhōng jí
跌宕风流	diē dàng fēng liú
风流跌宕	fēng liú diē dàng
集矢之的	jí shǐ zhī de
打入冷宫	dǎ rù lěng gōng
互为表里	hù wéi biǎo lǐ
养虎留患	yǎng hǔ liú huàn
如获至珍	rú huò zhì zhēn
独出机杼	dú chū jī zhù
单见浅闻	dān jiàn qiǎn wén
鼎鱼幕燕	dǐng yú mù yàn
幕燕鼎鱼	mù yàn dǐng yú
处堂燕雀	chǔ táng yàn què
燕雀处堂	yàn què chǔ táng
春秋鼎盛	chūn qiū dǐng shèng
打狗看主	dǎ gǒu kàn zhǔ
倚门窥户	yǐ mén kuī hù
韬形灭影	tāo xíng miè yǐng
颂古非今	sòng gǔ fēi jīn
与民更始	yǔ rén gēng shǐ
空中楼阁	kōng zhōng lóu gé
厚德载福	hòu dé zǎi fú
陈陈相因	chén chén xiāng yīn
没头苍蝇	méi tóu cāng ying
沾沾自好	zhān zhān zì hào
处实效功	chǔ shí xiào gōng
东飘西徙	dōng piāo xī xǐ
解甲休士	jiě jiǎ xiū shì
空费词说	kōng fèi cí shuō
粉白墨黑	fěn bái mò hēi
破家荡产	pò jiā dàng chǎn
龙跃虎踞	lóng yuè hǔ jù
笃志好学	dǔ zhì hǎo xué
针头线脑	zhēn tóu xiàn nǎo
无可柰何	wú kě nài hé
三茶六饭	sān chá liù fàn
慌做一团	huāng zuò yī tuán
鸟尽弓藏	niǎo jìn gōng cáng
五尺之僮	wǔ chǐ zhī tóng
屈节辱命	qū jié rǔ mìng
行号卧泣	xíng háo wò qì
旁观者清	páng guān zhě qīng
常胜将军	cháng shèng jiāng jūn
此问彼难	cǐ wèn bǐ nán
刻木为吏	kè mù wéi lì
驰高鹜远	chí gāo wù yuǎn
沉思熟虑	chén sī shú lǜ
嚎天喊地	háo tiān hǎn dì
圆孔方木	yuán kǒng fāng mù
星火燎原	xīng huǒ liáo yuán
大放厥词	dà fàng jué cí
怡性养神	yí xìng yǎng shén
人言啧啧	rén yán zé zé
流离播迁	liú lí bō qiān
好说歹说	hǎo shuō dǎi shuō
说好说歹	shuō hǎo shuō dǎi
朱弦三叹	zhū xián sān tàn
柳腰花态	liǔ yāo huā tài
雾鳞云爪	wù lín yún zhǎo
东海捞针	dōng hǎi lāo zhēn
短垣自逾	duǎn yuán zì yú
指亲托故	zhǐ qīn tuō gù
班荆道故	bān jīng dào gù
以售其奸	yǐ shòu qí jiān
桀傲不恭	jié ào bù gōng
烘堂大笑	hōng táng dà xiào
惟利是图	wéi lì shì tú
鬼斧神工	guǐ fǔ shén gōng
神工鬼斧	shén gōng guǐ fǔ
欢呼鼓舞	huān hū gǔ wǔ
神采焕发	shén cǎi huàn fā
室迩人遥	shì ěr rén yáo
沉博绝丽	chén bó jué lì
灵心慧性	líng xīn huì xìng
望其肩项	wàng qí jiān xiàng
昙花一现	tán huā yī xiàn
头梢自领	tóu shāo zì lǐng
才薄智浅	cāi bó zhì qiǎn
济窍飘风	jì qiào piāo fēng
除疾遗类	chú jí yí lèi
眼尖手快	yǎn jiān shǒu kuài
东南竹箭	dōng nán zhú jiàn
强凫变鹤	qiǎng fú biàn hè
香火因缘	xiāng huǒ yīn yuán
轻虑浅谋	qīng lǜ qiǎn móu
大有迳庭	dà yǒu jìng tíng
自我解嘲	zì wǒ jiě cháo
长恶靡悛	cháng è mǐ quān
后悔莫及	hòu huǐ mò jí
朱衣使者	zhū yī shǐ zhě
挨三顶五	āi sān dǐng wǔ
枝辞蔓语	zhī cí màn yǔ
鼻青眼乌	bí qīng yǎn wū
以伪乱真	yǐ wěi luàn zhēn
根牙盘错	gēn yá pán cuò
躬耕乐道	gōng gēng lè dào
收离聚散	shōu lí jù sàn
在陈之厄	zài chén zhī è
开科取士	kāi kē qǔ shì
投闲置散	tóu xián zhì sàn
洞彻事理	dòng chè shì lǐ
根深蒂结	gēn shēn dì jié
推诚接物	tuī chéng jiē wù
忍耻偷生	rěn chǐ tōu shēng
杯酒解怨	bēi jiǔ jiě yuàn
一槌定音	yī chuí dìng yīn
一锤定音	yī chuí dìng yīn
万应灵丹	wàn yìng líng dān
恋栈不去	liàn zhàn bù qù
红紫乱朱	hóng zǐ luàn zhū
面如凝脂	miàn rú níng zhī
敛声匿迹	liǎn shēng nì jì
匿迹销声	nì jì xiāo shēng
销声匿迹	xiāo shēng nì jì
画野分疆	huà yě fēn jiāng
东野败驾	dōng yě bài jià
吠影吠声	fèi yǐng fèi shēng
凄然泪下	qī rán lèi xià
追根问底	zhuī gēn wèn dǐ
胡越同舟	hú yuè tóng zhōu
交臂历指	jiāo bì lì zhǐ
造化小儿	zào huà xiǎo ér
弹冠相庆	tán guān xiāng qìng
朝气蓬勃	zhāo qì péng bó
穷猿投林	qióng yuán tóu lín
杀气腾腾	shā qì téng téng
冰销叶散	bīng xiāo yè sàn
永无止境	yǒng wú zhǐ jìng
遁迹潜形	dùn jì qián xíng
斤斤自守	jīn jīn zì shǒu
焦眉苦脸	jiāo méi kǔ liǎn
骈兴错出	pián xīng cuò chū
才貌双全	cái mào shuāng quán
珠沉璧碎	zhū chén bì suì
怀才抱器	huái cái bào qì
矜己自饰	jīn jǐ zhì shì
见兔放鹰	jiàn tù fàng yīng
衣钵相传	yī bō xiāng chuán
踨蹐不安	jú jí bù ān
返照回光	fǎn zhào huí guāng
回光返照	huí guāng fǎn zhào
曲意奉迎	qǔ yì fèng yíng
东寻西觅	dōng xún xī mì
牵经引礼	qiān jīng yǐn lǐ
贩交买名	fàn jiāo mǎi míng
逆来顺受	nì lái shùn shòu
麾之即去	huī zhī jì qù
水底纳瓜	shuǐ dǐ nà guā
击楫中流	jī jí zhōng liú
中流击楫	zhōng liú jī jí
酒酸不售	jiǔ suān bù shòu
敛容屏气	liǎn róng bǐng qì
神差鬼遣	shén chà guǐ qiǎn
别具匠心	bié jù jiàng xīn
从长商议	cóng cháng shāng yì
积非习贯	jī fēi xí guàn
昏昏沉沉	hūn hūn chén chén
浮声切响	fú shēng qiè xiǎng
三百瓮齑	sān bǎi wèng jī
查无实据	chá wú shí jù
因缘为市	yīn yuán wéi shì
海沸波翻	hǎi fèi bō fān
角巾东路	jiǎo jīn dōng lù
狠心辣手	hěn xīn là shǒu
心狠手辣	xīn hěn shǒu là
心辣手狠	xīn là shǒu hěn
陈言老套	chén yán lǎo tào
剑首一吷	jiàn shǒu yī guī
炊沙成饭	chuī shā chéng fàn
雪鸿指爪	xuě hóng zhǐ zhǎo
铁郭金城	tiě guō jīn chéng
进贤退愚	jìn xián tuì yú
鲁戈挥日	lǔ gē huī rì
盗食致饱	dào shí zhì bǎo
蜗角虚名	wō jiǎo xū míng
忽忽不乐	hū hū bù lè
愁云惨淡	chóu yún cǎn dàn
调三窝四	tiáo sān wō sì
帷幕不修	wéi mù bù xiū
杯羹之让	bēi gēng zhī ràng
指南攻北	zhǐ nán gōng běi
贱敛贵发	jiàn liǎn guì fā
瓮天蠡海	wèng tiān lí hǎi
将错就错	jiāng cuò jiù cuò
冰天雪窖	bīng tiān xuě jiào
冰天雪窑	bīng tiān xuě jiào
雪窖冰天	xuě jiào bīng tiān
雪窑冰天	xuě jiào bīng tiān
杜口裹足	dù kǒu guǒ zú
怛然失色	dá rán shī sè
漏泄天机	lòu xiè tiān jī
泄漏天机	xiè lòu tiān jī
靡所底止	mí suǒ dǐ zhǐ
追风摄景	zhuī fēng niè jǐng
鸡栖凤巢	jī qī fèng cháo
历历可数	lì lì kě shǔ
安内攘外	ān nèi rǎng wài
攘外安内	rǎng wài ān nèi
百废具兴	bǎi fèi jù xīng
韬光隐迹	tāo guāng yǐn jì
东讨西伐	dōng tǎo xī fá
拔类超群	bá lèi chāo qún
超群拔类	chāo qún bá lèi
固壁清野	gù bì qīng yě
针头线尾	zhēn tóu xiàn wěi
青堂瓦舍	qīng táng wǎ shè
磕头如捣	kē tóu rú dǎo
桃李之馈	táo lǐ zhī kuì
摘胆剜心	zhāi dǎn wān xīn
中饱私囊	zhōng bǎo sī náng
东窗消息	dōng chuāng xiāo xi
计穷途拙	jì qióng tú zhuō
兔死犬饥	tù sǐ quǎn jī
迟回观望	chí huí guān wàng
肝胆胡越	gān dǎn hú yuè
众目昭彰	zhòng mù zhāo zhāng
黄钟毁弃	huáng zhōng huǐ qì
拔萃出群	bá cuì chū qún
拔群出萃	bá qún chū cuì
出群拔萃	chū qún bá cuì
生拖死拽	shēng tuō sǐ zhuāi
矫枉过直	jiǎo wǎng guò zhí
饰非掩过	shì fēi yǎn guò
掩过饰非	yǎn guò shì fēi
善始令终	shàn shǐ lìng zhōng
里谈巷议	lǐ tán xiàng yì
呵壁问天	hē bì wèn tiān
牖中窥日	yǒu zhōng kuī rì
吹毛利刃	chuī máo lì rèn
列功覆过	liè gōng fù guò
皮里抽肉	pí lǐ chōu ròu
谋无遗谞	móu wú yí ér
饱经霜雪	bǎo jīng shuāng xuě
苍蝇见血	cāng yíng jiàn xuě
进退惟谷	jìn tuì wéi gǔ
一揽包收	yī lǎn bāo shōu
土崩瓦解	tǔ bēng wǎ jiě
瓦解土崩	wǎ jiě tǔ bēng
暮翠朝红	mù cuì cháo hóng
鞭长驾远	biān cháng jià yuǎn
谋夫孔多	móu fū kǒng duō
九鼎大吕	jiǔ dǐng dà lǚ
亡猿祸木	wáng yuán huò mù
开阶立极	kāi jiē lì jí
火树琪花	huǒ shù qí huā
由近及远	yóu jìn jí yuǎn
顾后瞻前	gù hòu zhān qián
前瞻后顾	qián zhān hòu gù
瞻前顾后	zhān qián gù hòu
变化莫测	biàn huà mò cè
修旧利废	xiū jiù lì fèi
以指挠沸	yǐ zhǐ náo fèi
自讨苦吃	zì tǎo kǔ chī
指手划脚	zhǐ shǒu huà jiǎo
严霜烈日	yán shuāng liè rì
罪有攸归	zuì yǒu yōu guī
锦囊妙计	jǐn náng miào jì
多端寡要	duō duān guǎi yào
河东狮子	hé dōng shī zi
单枪独马	dān qiāng dú mǎ
玩物丧志	wán wù sàng zhì
鸟惊鼠窜	niǎo jīng shǔ cuàn
观貌察色	guān mào chá sè
依阿取容	yī ē qǔ róng
消息盈虚	xiāo xī yíng xū
墙高基下	qiáng gāo jī xià
束置高阁	shù zhì gāo gé
流星掣电	liú xīng chè diàn
德輶如毛	dé yóu rú máo
调墨弄笔	tiáo mò nòng bǐ
惹火烧身	rě huǒ shāo shēn
羽翼已成	yǔ yì yǐ chéng
难得糊涂	nán dé hú tú
漏尽钟鸣	lòu jìn zhōng míng
钟鸣漏尽	zhōng míng lòu jìn
目眐心骇	mù zhēng xīn hài
走花溜冰	zǒu huā liū bīng
骄兵必败	jiāo bīng bì bài
属词比事	zhǔ cí bǐ shì
养老送终	yǎng lǎo sòng zhōng
日堙月塞	rì yīn yuè sāi
群居穴处	qún jū xué chǔ
有案可查	yǒu àn kě chá
黄麻紫书	huáng má zǐ shū
歌舞升平	gē wǔ shēng píng
窃玉偷香	qiè yù tōu xiāng
偷香窃玉	tōu xiāng qiè yù
返老归童	fǎn lǎo guī tóng
挂肚牵心	guà dù qiān xīn
寓情于景	yù qíng yú jǐng
下车伊始	xià chē yī shǐ
兰质熏心	lán zhì xūn xīn
降志辱身	jiàng zhì rǔ shēn
习俗移性	xí sú yí xìng
兴利除弊	xīng lì chú bì
举棋若定	jǔ qí ruò dìng
恶贯已盈	è guàn yǐ yíng
迁延岁月	qiān yán suì yuè
书香门第	shū xiāng mén dì
带水拖泥	dài shuǐ tuō ní
拖泥带水	tuō ní dài shuǐ
蚁穴自封	yǐ xué zì fēng
祸稔恶积	huò rěn è jī
擎天架海	qíng tiān jià hǎi
鱼游釜内	yú yóu fǔ nèi
狼吞虎噬	láng tūn hǔ shì
六韬三略	liù tāo sān lüè
沉冤莫雪	chén yuān mò xuě
会逢其适	huì féng qí shì
适逢其会	shì féng qí huì
弹雨枪林	dàn yǔ qiāng lín
枪林弹雨	qiāng lín dàn yǔ
乐极则忧	lè jí zé yōu
钻坚仰高	zuàn jiān yǎng gāo
猫鼠同处	māo shǔ tóng chǔ
哀思如潮	āi sī rú cháo
以忍为阍	yǐ rěn wéi hūn
活剥生吞	huó bāo shēng tūn
生吞活剥	shēng tūn huó bō
违害就利	wéi hài jiù lì
驷马莫追	sì mǎ mò zhuī
及锋而试	jí fēng ér shì
膏车秣马	gào chē mò mǎ
温情蜜意	wēn qíng mì yì
蠹国病民	dù guó bìng mín
连更彻夜	lián gèng chè yè
化险为夷	huà xiǎn wéi yí
溘然长往	kè rán cháng wǎng
助桀为恶	zhù jié wéi è
卖法市恩	mài fǎ shì ēn
怫然作色	fú rán zuò sè
食味方丈	shí wèi fāng zhàng
逆取顺守	nì qǔ shùn shǒu
敬老尊贤	jìng lǎo zūn xián
徙善远罪	xǐ shàn yuǎn zuì
十二金牌	shí èr jīn pái
油壁香车	yóu bì xiāng chē
假仁假义	jiǎ rén jiǎ yì
别出机杼	bié chū jī zhù
披麻救火	pī má jiù huǒ
布衣蔬食	bù yī shū shí
烽火四起	fēng huǒ sì qǐ
铸山煮海	zhù shān zhǔ hǎi
飞升腾实	fēi shēng téng shí
骨瘦形销	gǔ shòu xíng xiāo
盘根问底	pán gēn wèn dǐ
遗寝载怀	yí qǐn zài huái
瓦解冰销	wǎ jiě bīng xiāo
粉骨糜身	fěn gǔ mí shēn
毫发丝粟	háo fā sī sù
豺狼当路	chái láng dāng lù
鸡鹜争食	jī wù zhēng shí
三冬二夏	sān dōng èr xià
胡里胡涂	hú lǐ hú tú
温香艳玉	wēn xiāng yàn yù
忿忿不平	fèn fèn bù píng
立地书厨	lì dì shū chú
立地书橱	lì dì shū chú
谋如涌泉	móu rú yǒng quán
卵覆鸟飞	luán fù niǎo fēi
风驰霆击	fēng chí tíng jī
问官答花	wèn guān dá huā
齿颊挂人	chǐ jiá guà rén
引以为憾	yǐn yǐ wéi hàn
防患未然	fáng huàn wèi rán
百般折磨	bǎi bān zhé mó
怡情养性	yí qíng yǎng xìng
近悦远来	jìn yuè yuǎn lái
悦近来远	yuè jìn lái yuǎn
朋比作奸	péng bǐ zuò jiān
爬山涉水	pá shān shè shuǐ
贪蛇忘尾	tān shé wàng wěi
勤学好问	qín xué hǎo wèn
寸积铢累	cùn jī zhū lěi
积铢累寸	jī zhū lěi cùn
铢寸累积	zhū cùn lèi jī
铢积寸累	zhū jī cùn lěi
铢累寸积	zhū lèi cùn jī
深根蟠结	shēn gēn pán jié
否去泰来	pǐ qù tài lái
前俯后仰	qián fǔ hòu yǎng
独清独醒	dúu qīng dú xǐng
乔松之寿	qiáo sōng zhī shòu
松乔之寿	sōng qiáo zhī shòu
呕心抽肠	ǒu xīn chōu cháng
杨穿三叶	yáng chuān sān yè
家至户晓	jiā zhì hù xiǎo
罔知所措	wǎng zhī suǒ cuò
傍人篱落	bàng rén lí luò
海沸江翻	hǎi fèi jiāng fān
江翻海沸	jiāng fān hǎi fèi
袖手旁观	xiù shǒu páng guān
博施济众	bó shī jì zhòng
割地称臣	gē dì chēng chén
飞鸿踏雪	fēi hóng tà xuě
白纸黑字	bái zhǐ hēi zì
戮力壹心	lù lì yī xīn
改弦更张	gǎi xián gēng zhāng
髀里肉生	bì lǐ ròu shēng
倾家破产	qīng jiā pò chǎn
逢场作乐	féng chǎng zuò lè
掷杖成龙	zhì zhàng chéng lóng
凤引九雏	fèng yǐn jiǔ chú
劳思逸淫	láo sī yì yín
大相迳庭	dà xiāng jìng tíng
横无忌惮	hèng wú jì dàn
唯唯连声	wěi wěi lián shēng
心旌摇摇	xīn jīng yáo yáo
畅通无阻	chàng tōng wú zǔ
鹤发松姿	hè fà sōng zī
风尘碌碌	fēng chén lù lù
一笔勾销	yī bǐ gōu xiāo
潜德秘行	qián dé mì xíng
计功受爵	jì gōng shòu jué
凤翥鸾回	fèng zhù luán huí
鸾回凤翥	luán huí fèng zhù
息迹静处	xī jì jìng chù
假公营私	jiǎ gōng yíng sī
恶迹昭着	è jì zhāo zhe
炊臼之痛	chuī jiù zhī tòng
负类反伦	fù lèi fǎn lún
张袂成阴	zhāng mèi chéng yīn
七损八伤	qī sǔn bā shāng
杀鸡取卵	shā jī qǔ luǎn
弃其馀鱼	qì qí yú yú
喜新厌故	xǐ xīn yàn gù
厌故喜新	yàn gù xǐ xīn
造谣生事	zào yáo shēng shì
才貌俱全	cái mào jù quán
机关算尽	jī guān suàn jìn
发愤图强	fā fèn tú qiáng
比比皆是	bǐ bǐ jiē shì
师道尊严	shī dào zūn yán
师严道尊	shī yán dào zūn
天付良缘	tiān fù liáng yuán
计穷势蹙	jì qióng shì cù
招架不住	zhāo jià bù zhù
与世偃仰	yǔ shì yǎn yǎng
济河焚舟	jì hé fén zhōu
政由己出	zhèng yóu jǐ chū
东讨西征	dōng tǎo xī zhēng
东征西讨	dōng zhēng xī tǎo
好事多悭	hǎo shì duō qiān
天崩地坍	tiān bēng dì tān
失诸交臂	shī zhū jiāo bì
返虚入浑	fǎn xū rù hún
反朴归真	fǎn pǔ guī zhēn
归真反朴	guī zhēn fǎn pǔ
甘苦与共	gān kǔ yǔ gòng
买牛卖剑	mǎi niú mài jiàn
卖剑买牛	mài jiàn mǎi niú
诡计多端	guǐ jì duō duān
反唇相讥	fǎn chún xiāng jī
郑人买履	zhèng rén mǎi lǚ
与受同科	yǔ shòu tóng kē
贫嘴贱舌	pín zuǐ jiàn shé
千呼万唤	qiān hū wàn huàn
椎心呕血	chuí xīn ǒu xuè
直言勿讳	zhí yán wù huì
疾恶若雠	jí è ruò chóu
戴圆履方	dài yuán lǚ fāng
田夫野老	tián fū yě lǎo
民保于信	mín bǎo yú xìn
狗走狐淫	gǒu zǒu hú yín
颖悟绝人	yǐng wù jué rén
云迷雾锁	yún mí wù suǒ
东扯西拉	dōng chě xī lā
东拉西扯	dōng lā xī chě
通风报讯	tōng fēng bào xùn
釜底游鱼	fǔ dǐ yóu yú
鱼游釜底	yú yóu fǔ dǐ
暴虎冯河	bào hǔ píng hé
冯河暴虎	féng hé bào hǔ
欲盖而彰	yù gài ér zhāng
迎风招展	yíng fēng zhāo zhǎn
快马加鞭	kuài mǎ jiā biān
讲古论今	jiǎng gǔ lùn jīn
静影沉璧	jing ying chen bi
卖俏行奸	mài qiào xíng jiān
行奸卖俏	xíng jiān mài qiào
连绵起伏	lián mián qǐ fú
日升月恒	rì shēng yuè gèng
一时伯仲	yī shí bó zhòng
蹑手蹑足	niè shǒu niè zú
闳意妙指	hóng yì miào zhǐ
喷薄欲出	pēn bó yù chū
顶门壮户	dǐng mén zhuàng hù
街谈巷说	jiē tán xiàng shuō
气贯长虹	qì guàn cháng hóng
有口皆碑	yǒu kǒu jiē bēi
沾泥带水	zhān ní dài shuǐ
秉文兼武	bǐng wén jiān wǔ
此起彼落	cǐ qǐ bǐ luò
手到拈来	shǒu dào niān lái
啸咤风云	xiào zhà fēng yún
哭天抹泪	kū tiān mǒ lèi
弃道任术	qì dào rèn shù
欲言又止	yù yán yòu zhǐ
居安资深	jū ān zī shēn
引古喻今	yǐn gǔ yù jīn
聊以自娱	liáo yǐ zì yú
乱七八糟	luàn qī bā zāo
离鸾别鹄	lí luán bié hú
涓滴之劳	juān dī zhī láo
利令智昏	lì lìng zhì hūn
来迎去送	lái yíng qù sòng
送去迎来	sòng qù yíng lái
匿迹隐形	nì jì yǐn xíng
投木报琼	tóu mù bào qióng
求忠出孝	qiú zhōng chū xiào
破柱求奸	pò zhù qiú jiān
除旧布新	chú jiù bù xīn
载沉载浮	zài chén zài fú
昂头阔步	áng tóu kuò bù
有闻必录	yǒu wén bì lù
不遑启处	bù huáng qǐ chǔ
患难夫妻	huàn nàn fū qī
期颐之寿	qī yí zhī shòu
强死赖活	qiǎng sǐ lài huó
偷合苟从	tōu hé gǒu cóng
表里受敌	biǎo lǐ shòu dí
无愧衾影	wú kuì qīn yǐng
恻怛之心	cè dá zhī xīn
白丁俗客	bái dīng sú kè
举枉措直	jǔ wǎng cuò zhí
举直措枉	jǔ zhí cuò wǎng
通真达灵	tōng zhēn dá líng
浑金璞玉	hún jīn pú yù
璞玉浑金	pú yù hún jīn
月值年灾	yuè zhí nián zāi
天缘凑合	tiān yuán còu hé
豪干暴取	háo gàn bào qǔ
徒拥虚名	tú yōng xū míng
牵五挂四	qiān wǔ guà sì
泽被后世	zé bèi hòu shì
除恶务尽	chú è wù jìn
含笑九泉	hán xiào jiǔ quán
龙屈蛇伸	lóng qū shé shēn
羊质虎皮	yáng zhì hǔ pí
必也正名	bì yě zhèng míng
吹弹歌舞	chuī tán gē wǔ
唯命是听	wéi mìng shì tīng
惊喜欲狂	jīng xǐ ruò kuáng
风骨峭峻	fēng gǔ qiào jùn
齐心併力	qí xīn bìng lì
搔头摸耳	sāo tóu mō ěr
使臂使指	shǐ bì shǐ zhǐ
茶余酒后	chá yú jiǔ hòu
酒后茶余	jiǔ hòu chá yú
酒余茶后	jiǔ yú chá hòu
劬劳之恩	qú láo zhī ēn
敢怒敢言	gǎn nù gǎn yán
容光焕发	róng guāng huàn fā
杜门晦迹	dù mén huì jì
逸闻轶事	yì wén yì shì
泽及枯骨	zé jí kū gǔ
先知先觉	xiān zhī xiān jué
花遮柳掩	huā zhē liǔ yǎn
犹解倒悬	yóu jiě dào xuán
求田问舍	qiú tián wèn shě
问舍求田	wèn shě qiú tián
与世俯仰	yǔ shì fǔ yǎng
女中丈夫	nǚ zhōng zhàng fū
百炼成刚	bǎi liàn chéng gāng
贫病交加	pín bìng jiāo jiā
幼学壮行	yòu xué zhuàng xíng
青史留名	qīng shǐ liú míng
敬授民时	jìng shòu mín shí
比肩迭迹	bǐ jiān dié jì
悬梁刺骨	xuán liáng cì gǔ
东驰西骋	dōng chí xī chěng
使心用倖	shǐ xīn yòng xìng
鸿飞霜降	hóng fēi shuāng jiàng
移孝为忠	yí xiào wéi zhōng
妇人孺子	fù rén rú zǐ
除旧更新	chú jiù gēng xīn
标同伐异	biāo tóng fá yì
如花似朵	rú huā sì duǒ
未卜先知	wèi bǔ xiān zhī
登高必赋	dēng gāo bì fù
品头题足	pǐn tóu tí zú
销魂夺魄	xiāo hún duó pò
秉笔直书	bǐng bǐ zhí shū
年近古稀	nián jìn gǔ xī
丰取刻与	fēng qǔ kè yǔ
精耕细作	jīng gēng xì zuò
跬步千里	kuǐ bù qiān lǐ
百身莫赎	bǎi shēn mò shú
无关紧要	wú guān jǐn yào
涅而不缁	niè ér bù zī
辅车相依	fǔ chē xiāng yī
乘间投隙	chéng jiān tóu xì
争前恐后	zhēng qián kǒng hòu
才华横溢	cái huá héng yì
安富尊荣	ān fù zūn róng
犬马恋主	quǎn mǎ liàn zhǔ
含牙戴角	hán yá dài jiǎo
睹着知微	dǔ zhe zhī wēi
斗而铸锥	dòu ér zhù zhuī
秋毫见捐	qiū háo jiàn juān
百鬼众魅	bǎi guǐ zhòng mèi
当场出丑	dāng chǎng chū chǒu
淫言诐行	yín yán bì xíng
践土食毛	jiàn tǔ shí máo
食毛践土	shí máo jiàn tǔ
依门傍户	yī mén bàng hù
孤标独步	gū biāo dú bù
弄玉吹箫	nòng yù chuí xiāo
七折八扣	qī zhé bā kòu
放歌纵酒	fàng gē zòng jiǔ
冤冤相报	yuān yuān xiāng bào
遗德休烈	yí dé xiū liè
北叟失马	běi sǒu shī mǎ
玉毁椟中	yù huǐ dú zhōng
惟利是营	wéi lì shì yíng
残军败将	cán jūn bài jiàng
攻苦食俭	gōng kǔ shí jiǎn
珠盘玉敦	zhū pán yù dūn
百喙难辩	bǎi huì nán biàn
青肝碧血	qīng gān bì xuè
敢作敢当	gǎn zuò gǎn dāng
破家竭产	pò jiā jié chǎn
枕经籍书	zhěn jīng jí shū
咎由自取	jiù yóu zì qǔ
一碧万顷	yī bì wàn qǐng
繁花似锦	fán huā sì jǐn
不露锋铓	bù lù fēng huì
大杖则走	dà zhàng zé zǒu
赍志而没	jī zhì ér mò
逐新趣异	zhú xīn qù yì
六通四辟	liù tōng sì pì
甜言软语	tián yán ruǎn yǔ
草菅人命	cǎo jiān rén mìng
吊死扶伤	diào sǐ fú shāng
弹尽援绝	dàn jìn yuán jué
又作别论	yòu zuò bié lùn
父母之邦	fù mǔ zhī bāng
兔死凫举	tǔ sǐ fú jǔ
雁南燕北	yàn nán yàn běi
征名责实	zhēng míng zé shí
钳口结舌	qián kǒu jié shé
六街三陌	liù jiē sān mò
东支西吾	dōng zhī xī wú
扶危济急	fú wēi jì jí
破烂流丢	pò làn liú diū
反攻倒算	fǎn gōng dǎo suàn
内外交困	nèi wài jiāo kùn
颐神养性	yí shén yǎng xìng
抹月秕风	mǒ yuè pī fēng
偷狗戏鸡	tōu gǒu xì jī
冰解的破	bīng jiě dì pò
危言竦论	wēi yán sǒng lùn
柳绿桃红	liǔ lǜ táo hóng
桃红柳绿	táo hóng liǔ lǜ
量金买赋	liàng jīn mǎi fù
言谈林薮	yán tán lín sǒu
宅心忠厚	zhái xīn zhōng hòu
水到渠成	shuǐ dào qú chéng
脉脉相通	mài mài xiāng tōng
过市招摇	guò shì zhāo yáo
招摇过市	zhāo yáo guò shì
罕言寡语	hǎn yán guǎ yǔ
断袖余桃	duàn xiù yú táo
舌战群儒	shé zhàn qún rú
彻头彻尾	chè tóu chè wěi
成群逐队	chéng qún zhú duì
逐队成群	zhú duì chéng qún
蹈其覆辙	dǎo qì fù zhé
纪纲人论	jì gāng rén lún
丢三拉四	diu sān lā sì
不堪设想	bù kān shè xiǎng
妙语解烦	miào yǔ jiě fán
下乔迁谷	xià qiáo qiān gǔ
冒名接脚	mào míng jiě jiǎo
化为泡影	huà wéi pāo yǐng
闲愁万种	xián chóu wàn zhǒng
董狐之笔	dǒng hú zhī bǐ
鸾交凤俦	luán jiāo fèng chóu
歌莺舞燕	gē yíng wǔ yàn
燕舞莺歌	yàn wǔ yīng gē
莺歌燕舞	yīng gē yàn wǔ
不咎既往	bù jiù jì wǎng
既往不咎	jì wǎng bù jiù
韬神晦迹	tāo shén huì jì
鸿渐之仪	hóng jiàn zhī yí
不修边幅	bù xiū biān fú
托物引类	tuō wù yǐn lèi
过江之鲫	guò jiāng zhī jì
的一确二	dí yī què èr
春梦无痕	chūn mèng wú hén
敛后疏前	liǎn hòu shū qián
剪发杜门	jiǎn fà dù mén
洗兵牧马	xǐ bīng mù mǎ
明火执杖	míng huǒ zhí zhàng
事在萧墙	shì zài xiāo qiáng
直截了当	zhí jié liǎo dàng
东猜西疑	dōng cāi xī yí
饮冰内热	yǐn bīng nèi rè
卖主求荣	mài zhǔ qiú róng
甘棠之爱	gān táng zhī ài
虚词诡说	xū cí guǐ shuō
目使颐令	mù shǐ yí lìng
沐日浴月	mù rì yù yuè
愁绪如麻	chóu xù rú má
桂子飘香	guì zǐ piāo xiāng
形单影双	xíng dān yǐng shuāng
修辞立诚	xiū cí lì chéng
柳营花阵	liǔ yíng huā zhèn
卖笑追欢	mài xiào zhuī huān
追欢卖笑	zhuī huān mài xiào
舞爪张牙	wǔ zhǎo zhāng yá
张牙舞爪	zhāng yá wǔ zhǎo
讹言惑众	é yán huò zhòng
妖言惑众	yāo yán huò zhòng
朱干玉戚	zhū gān yù qī
通儒达识	tōng rú dá shí
通才练识	tōng cái liàn shí
故弄虚玄	gù nòng xū xuán
故弄玄虚	gù nòng xuán xū
狐死兔泣	hú sǐ tù qì
孤标傲世	gū biāo ào shì
花枝招展	huā zhī zhāo zhǎn
多财善贾	duō cái shàn gǔ
片长末技	piàn cháng mò jì
波光鳞鳞	bō guāng lín lín
尽入彀中	jìn rù gòu zhōng
寸丝半粟	cùn sī bàn sù
重门击柝	chóng mén jī tuò
多快好省	duō kuài hǎo shěng
难弟难兄	nán dì nán xiōng
难兄难弟	nàn xiōng nàn dì
霞明玉映	xiá míng yù yìng
枝附叶着	zhī fù yiè zhuó
低眉折腰	dī méi zhé yāo
亘古通今	gèn gǔ tōng jīn
严阵以待	yán zhèn yǐ dài
东闯西走	dōng chuǎng xī zǒu
由表及里	yóu biǎo jí lǐ
交口称赞	jiāo kǒu chēng zàn
衔玉贾石	xián yù jiǎ shí
毫厘千里	háo lí qiān lǐ
刻舟求剑	kè zhōu qiú jiàn
履霜坚冰	lǚ shuāng jiān bīng
箕帚之使	jī zhǒu zhī shǐ
挑三豁四	tiāo sān huō sì
遮三瞒四	zhē sān mán sì
鹤怨猿惊	hè yuàn yuán jīng
猿惊鹤怨	yuán jīng hè yuàn
遗闻琐事	yí wén suǒ shì
睹始知终	dǔ shǐ zhī zhōng
暴躁如雷	bào zào rú léi
片接寸附	piàn jiē cùn fù
居轴处中	jū zhóu chǔ zhōng
单兵孤城	dān bīng gū chéng
弃故揽新	qì gù lǎn xīn
高官厚禄	gāo guān hòu lù
厚禄高官	hòu lù gāo guān
绵力薄材	mián lì bó cái
吹影镂尘	chuī yǐng lòu chén
镂尘吹影	lòu chén chuī yǐng
床上迭床	chuáng shàng dié chuáng
虎穴龙潭	hǔ xué lóng tán
龙潭虎穴	lóng tán hǔ xué
呕心滴血	ǒu xīn dī xuè
呕心沥血	ǒu xīn lì xuè
自取罪戾	zì qǔ zuì lì
弃之敝屣	qì zhī bì xǐ
霄壤之殊	xiāo rǎng zhī shū
煞费苦心	shà fèi kǔ xīn
人中骐骥	rén zhōng qí jì
开华结果	kāi huā jié guǒ
长虺成蛇	zhǎng huǐ chéng shé
鹤背扬州	hè bèi yáng zhōu
与物无忤	yǔ wù wú wǔ
流落他乡	liú luò tā xiāng
垂涎三尺	chuí xián sān chǐ
休声美誉	xiū shēng měi yù
龙腾豹变	lóng téng bào biàn
眼花缭乱	yǎn huā liáo luàn
花攒锦聚	huā cuán jǐn jù
擂鼓鸣金	léi gǔ míng jīn
以郄视文	yǐ xì shì wén
遐迩一体	xiá ěr yī tǐ
六根清净	liù gēn qīng jìng
神逝魄夺	shén shì pò duó
一箭上垛	yī jiàn shàng duò
引古证今	yǐn gǔ zhèng jīn
束手就缚	shù shǒu jiù fù
遥遥无期	yáo yáo wú qī
不胜杯杓	bù shèng bēi sháo
骨肉团圆	gǔ ròu tuán yuán
鼎铛有耳	dǐng chēng yǒu ěr
命在旦夕	mìng zài dàn xī
香消玉减	xiāng xiāo yù jiǎn
玉减香消	yù jiǎn xiāng xiāo
霁风朗月	jī fēng lǎng yuè
弃义倍信	qì yì bèi xìn
晏开之警	yàn kāi zhī jǐng
各司其事	gè sī qí shì
惊肉生髀	jīng ròu shēng bì
踢天弄井	tī tiān nòng jǐng
众星拱北	zhòng xīng gǒng běi
竹头木屑	zhú tóu mù xiè
比肩叠迹	bǐ jiān dié jì
钻皮出羽	zuān pí chū yǔ
纷纷扬扬	fēn fēn yáng yáng
龙骧凤矫	lóng xiāng fèng jiǎo
以蠡测海	yǐ lǐ cè hǎi
囿于成见	yòu yú chéng jiàn
韬光灭迹	tāo guāng miè jì
季孙之忧	jì sūn zhī yōu
顾此失彼	gù cǐ shī bǐ
稍胜一筹	shāo shèng yī chóu
众喣山动	zhòng xǔ shān dòng
急处从宽	jí chù cóng kuān
东张西觑	dōng zhāng xī qù
头稍自领	tóu shāo zì lǐng
沾沾自满	zhān zhān zì mǎn
使愚使过	shǐ yú shǐ guò
孤独矜寡	gū dú guān guǎ
靡有孑遗	mǐ yǒu jié yí
众星环极	zhòng xīng huán jí
隋珠和玉	suí zhū hé yù
潜形匿影	qián xíng nì yǐng
肩劳任怨	jiān láo rèn yuàn
矜功伐善	jīn gōng fá shàn
积恶余殃	jī è yú yāng
前覆后戒	qián fù hòu jiè
经纬万端	jīng wěi wàn duān
顶名替身	dǐng míng tì shēn
卓立鸡群	zhuó lì jī qún
看风使帆	kàn fēng shǐ fān
临池学书	lín chí xué shū
嫉恶若仇	jí è ruò chóu
日中必彗	rì zhōng bì huì
避强击弱	bì qiáng jī ruò
两肩荷口	liǎng jiān hé kǒu
通计熟筹	tōng jì shú chóu
云次鳞集	yún cì lín jí
寻根问底	xún gēn wèn dǐ
有例可援	yǒu lì kě yuán
才疏计拙	cái shū jì zhuō
珠歌翠舞	zhū gē cuì wǔ
比肩皆是	bǐ jiān jiē shì
探本穷源	tàn běn qióng yuán
蹈厉奋发	dǎo lì fèn fā
奋发蹈厉	fèn fā dǎo lì
奇形怪状	qí xíng guài zhuàng
吊形吊影	diào xíng diào yǐng
传风搧火	chuán fēng yǒu huǒ
身后萧条	shēn hòu xiāo tiáo
冰肌雪肠	bīng jī xuě cháng
随寓随安	suí yù suí ān
遂迷忘反	suí mí wàng fǎn
经纶济世	jing lun ji shi
牛鼎烹鸡	niú dǐng pēng jī
点胸洗眼	diǎn xiōng xǐ yǎn
束身就缚	shù shēn jiù fù
研精致思	yán jīng zhì sī
毫厘不爽	háo lí bù shuǎng
出谷迁乔	chū gǔ qiān qiáo
迁乔出谷	qiān qiáo chū gǔ
量才器使	liàng cái qì shǐ
上和下睦	shàng hé xià mù
撅天扑地	juē tiān pū dì
妄谈祸福	wàng tán huò fú
山崩川竭	shān bēng chuān jié
赏罚信明	shǎng fá xìn míng
赏信罚明	shǎng xìn fá míng
枯燥无味	kū zào wú wèi
半饥半饱	bàn jī bàn bǎo
齿牙为猾	chǐ yá wéi huá
昏头搭脑	hūn tóu dā nǎo
冁然而笑	chǎn rán ér xiào
违乡负俗	wéi xiāng fù sú
博物洽闻	bó wù qià wén
扭曲作直	niǔ qū zuò zhí
扭直作曲	niǔ zhí zuò qū
雨淋日炙	yǔ lín rì zhì
残篇断简	cán piān duàn jiǎn
观者如堵	guān zhě rú dǔ
比肩接踵	bǐ jiān jiē zhǒng
接踵比肩	jiē zhǒng bǐ jiān
暗中摸索	àn zhōng mō suǒ
脸红耳赤	liǎn hóng ěr chì
自觉自愿	zì jué zì yuàn
晓行夜宿	xiǎo xíng yè sù
惊愚骇俗	jīng yú hài sú
冰消雪释	bīng xiāo xuě shì
辱国丧师	rǔ guó sàng shī
丧师辱国	sàng shī rǔ guó
大廷广众	dà tíng guǎng zhòng
和如琴瑟	hé rú qín sè
积善余庆	jī shàn yú qìng
战战业业	zhàn zhàn yè yè
零零星星	líng líng xīng xīng
不分轩轾	bù fēn xuān zhì
轩轾不分	xuān zhì bù fēn
迷魂淫魄	mí hún yín pò
气竭声嘶	qì jié shēng sī
举世混浊	jǔ shì hún zhuó
怜新弃旧	lián xīn qì jiù
弃旧怜新	qì jiù lián xīn
兔死狐悲	tù sǐ hú bēi
鸡鸣犬吠	jī míng quǎn fèi
惟利是趋	wéi lì shì qú
破崖绝角	pò yá jué jiǎo
九衢三市	jiǔ qú sān shì
返本朝元	fǎn běn cháo yuán
肝胆披沥	gān dǎn pī lì
沥胆披肝	lì dǎn pī gān
披肝沥胆	pī gān lì dǎn
披沥肝胆	pī lì gān dǎn
非昔是今	fēi xī shì jīn
今是昔非	jīn shì xī fēi
武断专横	wǔ duàn zhuān héng
愁红怨绿	chóu hóng yuàn lǜ
涎言涎语	xián yán xián yǔ
不失黍絫	bù shī shǔ lěi
趁水和泥	chèn shuǐ huò ní
枯枝再春	kū zhī zài chūn
早出暮归	zǎo chū mù guī
反裘伤皮	fǎn qiú shāng pí
枕石寝绳	zhěn shí qǐn shéng
飞砂走石	fēi shā zǒu shí
根连株拔	gēn lián zhū bá
没精没彩	méi jīng méi cǎi
亡可奈何	wáng kě nài hé
蠹国害民	dù guó hài mín
逐句逐字	zhú jù zhú zì
逐字逐句	zhú zì zhú jù
遣词造意	qiǎn cí zào yì
敲骨取髓	qiāo gǔ qǔ suǐ
寸草衔结	cùn cǎo xián jié
九烈三贞	jiǔ liè sān zhēn
三贞九烈	sān zhēn jiǔ liè
枉尺直寻	wǎng chǐ zhí xún
千龄万代	qiān líng wàn dài
老泪纵横	lǎo lèi zòng héng
惨绿年华	cǎn lǜ nián huá
昼思夜想	zhòu sī yè xiǎng
年湮世远	nián yān shì yuǎn
流光瞬息	liú guāng shùn xī
三亲六眷	sān qīn liù juàn
涓滴不漏	juān dī bù lòu
凤吟鸾吹	fèng yín luán chuī
所向披靡	suǒ xiàng pī mǐ
仓皇无措	cāng huáng wú cuò
恶籍盈指	è jí yíng zhǐ
超类绝伦	chāo lèi jué lún
云屯雾集	yún tún wù jí
循环无端	xún huán wú duān
枯树逢春	kū shù féng chūn
通南彻北	tōng nán chè běi
绿林强盗	lù lín qiáng dào
黄齑白饭	huáng jī bái fàn
裁云剪水	cái yún jiǎn shuǐ
二竖为虐	èr shù wéi nüè
鹄面鸠形	hú miàn jiū xíng
鸠形鹄面	jiū xíng hú miàn
甜言媚语	tián yán mèi yǔ
独胆英雄	dú dǎn yīng xióng
排沙简金	pái shā jiǎn jīn
冰销雾散	bīng xiāo wù sàn
柏舟之誓	bǎi zhōu zhī shì
悬头刺股	xuán tóu cì gǔ
黑漆一团	hēi qī yī tuán
漆黑一团	qī hēi yī tuán
一团漆黑	yī tuán qī hēi
真龙活现	zhēn lóng huó xiàn
土木形骸	tǔ mù xíng hái
斩头沥血	zhǎn tóu lì xuè
枯本竭源	kū běn jié yuán
寂寂无闻	jì jì wú wén
羌无故实	qiāng wú gù shí
妄下雌黄	wàng xià cí huáng
读书君子	dú shū jūn zǐ
笃实好学	dǔ shí hào xué
乡书难寄	xiāng shū nán jì
行号巷哭	xíng háo xiàng kū
和颜悦色	hé yán yuè sè
与虎添翼	yǔ hǔ tiān yì
昼伏夜动	zhòu fú yè dòng
一狠二狠	yī hěn èr hěn
秉公任直	bǐng gōng rèn zhí
狗盗鸡啼	gǒu dào jī tí
众川赴海	zhòng chuān fù hǎi
床上叠床	chuáng shàng dié chuáng
习焉不察	xī yān bù chá
鸾姿凤态	luán zī fèng tài
忍俊不禁	rěn jùn bù jìn
属垣有耳	zhǔ yuán yǒu ěr
区区之众	qū qū zhī zhòng
家传户诵	jiā chuán hù sòng
十捉九着	shí zhuō jiǔ zhe
漫天遍野	màn shān biàn yě
丰富多彩	fēng fù duō cǎi
云窗霞户	yún chuāng xiá hù
唇腐齿落	chún fǔ chǐ luò
剖腹藏珠	pōu fù cáng zhū
朝华夕秀	zhāo huá xī xiù
目眩头晕	mù xuàn tóu yūn
头晕目眩	tóu yūn mù xuàn
择邻而居	zé lín ér jū
衔石填海	xián shí tián hǎi
聊备一格	liáo bèi yī gé
才学兼优	cái xué jiān yōu
屏气凝神	bǐng qì níng shén
黑言诳语	hēi yán kuáng yǔ
龙御上宾	lóng yù shàng bīn
斗筲之器	dǒu shāo zhī qì
陈古刺今	chén gǔ cì jīn
封己守残	fēng jǐ shǒu cán
借水推船	jiè shuǐ tuī chuán
槁木死灰	gǎo mù sǐ huī
死灰槁木	sǐ huī kū mù
笔伐口诛	bǐ fá kǒu zhū
口诛笔伐	kǒu zhū bǐ fá
一邱之貉	yī qiū zhī hè
凌上虐下	líng shàng nüè xià
茹毛饮血	rú máo yǐn xuè
饮血茹毛	yǐn xuè rú máo
谬采虚声	miù cǎi xū shēng
镂玉裁冰	lòu yù cái bīng
通儒达士	tōng rú dá shì
觉人觉世	jué rén jué shì
磨牙凿齿	mó yá záo chǐ
贫病交攻	pín bìng jiāo gōng
明明赫赫	míng míng hè hè
食案方丈	shí àn fāng zhàng
乡利倍义	xiāng lì bèi yì
蔼然可亲	ǎi rán kě qīn
前赴后继	qián fù hòu jì
贵远贱近	guì yuǎn jiàn jìn
唯利是图	wéi lì shì tú
作奸犯罪	zuò jiān fàn zuì
大刀阔斧	dà dāo kuò fǔ
大厦将倾	dà shà jiāng qīng
过屠大嚼	guò tú dà jué
凤翥龙翔	fèng zhù lóng xiáng
龙翔凤翥	lóng xiáng fèng zhù
救焚投薪	jiù fén tóu xīn
舍己芸人	shě jǐ yún rén
假誉驰声	jiǎ yù chí shēng
信口开呵	xìn kǒu kāi hē
础泣而雨	chǔ qì ér yǔ
旋得旋失	xuán dé xuán shī
兵凶战危	bīng xiōng zhàn wēi
积雪封霜	jī xuě fēng shuāng
以柔制刚	yǐ róu zhì gāng
拿云握雾	ná yún wò wù
握云拿雾	wò yún ná wù
攻守同盟	gōng shǒu tóng méng
合眼摸象	hé yǎn mō xiàng
丽句清辞	lì jù qīng cí
清辞丽句	qīng cí lì jù
惟口起羞	wéi kǒu qǐ xiū
惨绿少年	cǎn lǜ shào nián
杜门屏迹	dù mén píng jì
迁于乔木	qiān yú qiáo mù
醇酒妇人	chún jiǔ fù rén
妇人醇酒	fù rén chún jiǔ
抓破面皮	zhuā pò miàn pí
蹄间三寻	tí jìan sān xún
半懂不懂	bàn dǒng bù dǒng
仁者能仁	rén zhě néng rén
明耻教战	míng chǐ jiào zhàn
货赂大行	huò lù dà xíng
隙大墙坏	xì dà qiáng huài
沉痼自若	chén gù zì ruò
德容兼备	dé róng jiān bèi
蚕头燕尾	cán tóu yàn wěi
吐丝自缚	tǔ sī zì fù
羊续悬鱼	yáng xù xuán yú
投机倒把	tóu jī dǎo bǎ
覆盆之冤	fù pén zhī yuān
金刚努目	jīn gāng nǔ mù
家鸡野鹜	jiā jī yě wù
室徒四壁	shì tú sì bì
出乖露丑	chū guāi lù chǒu
雨昫时若	yǔ yáng shí ruò
发棠之请	fā táng zhī qǐng
鱼龙漫衍	yú lóng màn yǎn
刑期无刑	xíng qī wú xíng
费财劳民	fèi cái láo mín
劳民费财	láo mín fèi cái
一笔抹煞	yī bǐ mǒ shā
塞耳盗钟	sāi ěr dào zhōng
德音莫违	dé yīn mò wéi
枝词蔓语	zhī cí màn yǔ
改弦易辙	gǎi xián yì zhé
易辙改弦	yì zhé gǎi xián
驷之过蠙	sì zhī guò pín
班师回朝	bān shī huí cháo
拘俗守常	jū sú shǒu cháng
抉目吴门	jué mù wú mén
一弹指顷	yī tán zhǐ qǐng
鸱视狼顾	chī shì láng gù
神施鬼设	shén shī guǐ shè
一误再误	yī wù zài wù
家翻宅乱	jiā fān zhái luàn
草率收兵	cǎo shuài shōu bīng
遗编绝简	yí biān jué jiǎn
割襟之盟	gē jīn zhī méng
悬鼓待椎	xuán gǔ dài zhuī
飞砂转石	fēi shā zhuǎn shí
祖武宗文	zǔ wǔ zōng wén
调兵遣将	diào bīng qiǎn jiàng
遣兵调将	qiǎn bīng diào jiàng
遣将调兵	qiǎn jiāng diào bīng
木干鸟栖	mù gàn niǎo qī
惹是招非	rě shì zhāo fēi
招是惹非	zhāo shì rě fēi
朗朗上口	lǎng lǎng shàng kǒu
迁善黜恶	qiān shàn chù è
黄汤辣水	huáng tāng là shuǐ
轻徙鸟举	qīng xǐ niǎo jǔ
张皇失措	zhāng huáng shī cuò
乌衣门第	wū yī mén dì
鸦飞雀乱	yā fēi què luàn
绵里薄材	mián lǐ bó cái
成群结队	chéng qún jié duì
深文巧诋	shēn wén qiǎo dǐ
狼吞虎咽	láng tūn hǔ yàn
横倒竖卧	héng dǎo shù wò
三令五申	sān lìng wǔ shēn
五申三令	wǔ shēn sān lìng
好整以暇	hào zhěng yǐ xiá
蔓草难除	màn cǎo nán chú
未老先衰	wèi lǎo xiān shuāi
泛泛而谈	fàn fàn ér tán
弊衣箪食	bì yī dān shí
青过于蓝	qīng guò yú lán
体恤入微	tǐ xù rù wēi
褚小怀大	zhǔ xiǎo huái dà
如法砲制	rú fǎ pào zhì
唇尖舌利	chún jiān shé lì
青林黑塞	qīng lín hēi sài
相煎何急	xiāng jiān hé jí
敩学相长	zuàn xué xiāng cháng
笔墨横姿	bǐ mò héng zī
吹毛索垢	chuī máo suǒ gòu
高官尊爵	gāo guān zūn jué
卓尔独行	zhuó ěr dú xíng
少条失教	shǎo tiáo shī jiào
焦金烁石	jiāo jīn shuò shí
视险若夷	shì xiǎn ruò yí
齐王舍牛	qí wáng shě niú
门阶户席	mén jiē hù xí
逸韵高致	yì yùn gāo zhì
归根到底	guī gēn dào dǐ
三皇五帝	sān huáng wǔ dì
矜智负能	jīn zhì fù néng
头昏脑眩	tóu hūn nǎo xuàn
言多伤倖	yán duō shāng xìng
击节称赏	jī jié chēng shǎng
分路扬镳	fēn lù yáng biāo
比物丑类	bǐ wù chǒu lèi
钻头就锁	zuàn tóu jiù suǒ
迁客骚人	qiān kè sāo rén
骚人逸客	sāo rén yì kè
白话八股	bái huà bā gǔ
软红香土	ruǎn hóng xiāng yù
否极泰来	pǐ jí tài lái
泰来否极	tai lái fǒu jí
文房四宝	wén fáng sì bǎo
枕戈寝甲	zhěn gē qǐn jiǎ
奋起直追	fèn qǐ zhí zhuī
秋波盈盈	qiū bō yíng yíng
鸿鹄将至	hóng hú jiāng zhì
墨突不黔	mò tū bù qián
一推两搡	yī tuī liǎng sǎng
连章累牍	lián zhāng lèi dú
做张做势	zuò zhāng zuò shì
讫情尽意	qì qíng jìn yì
揆理度情	kuí lǐ duó qíng
揆情度理	kuí qíng duó lǐ
详情度理	xiáng qíng dù lǐ
重明继焰	chóng míng jì yàn
恩威并用	ēn wēi bìng yòng
明正典刑	míng zhèng diǎn xíng
殚精竭力	dān jīng jié lì
断梗飞蓬	duàn gěng fēi péng
狗逮老鼠	gǒu dǎi lǎo shǔ
含垢藏疾	hán gǒu cáng jí
遮空蔽日	zhē kōng bì rì
辞微旨远	cí wēi zhǐ yuǎn
东飘西泊	dōng piāo xī bó
大厦将颠	dà shà jiāng diān
飞扬浮躁	fēi yáng fú zào
鲁阳挥日	lǔ yáng huī rì
啸聚山林	xiào jù shān lín
垂拱而治	chuí gǒng ér zhì
一榻胡涂	yī tà hú tú
兔死狗烹	tù sǐ gǒu pēng
显祖扬名	xiǎn zǔ yáng míng
狗党狐群	gǒu dǎng hú qún
狐群狗党	hú qún gǒu dǎng
狼餐虎噬	láng cān hǔ shì
革旧图新	gé jiù tú xīn
进退唯谷	jìn tuì wéi gǔ
方领矩步	fāng lǐng jǔ bù
置若罔闻	zhì ruò wǎng wén
室如悬磬	shì rú xuán qìng
我武惟扬	wǒ wǔ wéi yáng
声罪致讨	shēng zuì zhì tǎo
低头搭脑	dī tóu dā nǎo
卑身贱体	bēi shēn jiàn tǐ
花阶柳市	huā jiē liǔ shì
胡天胡帝	hú tiān hú dì
燕处焚巢	yàn chǔ fén cháo
丁一卯二	dīng yī mǎo èr
巴头探脑	bā tóu tàn nǎo
韬声匿迹	tāo shēng nì jì
丢魂失魄	diū hún shī pò
穴居野处	xué jū yě chǔ
飞鹰奔犬	fēi yīng bēn quǎn
弄性尚气	nòng xìng shàng qì
吾膝如铁	wú xī rú tiě
存亡绝续	cún wáng jué xù
存亡续绝	cún wáng xù jué
温生绝裾	wēn shēng jué jū
等闲之辈	děng xián zhī bèi
看风使舵	kàn fēng shǐ duò
绳其祖武	shéng qí zǔ wǔ
才短思涩	cái duǎn sī sè
率尔成章	shuài ěr chéng zhāng
长幼有序	zhǎng yòu yǒu xù
捷足先登	jié zú xiān dēng
龟年鹤寿	guī nián hè shòu
狼奔鼠偷	láng bēn shǔ tōu
倚门献笑	yǐ mén xiàn xiào
仪态万方	yí tài wàn fāng
朱颜翠发	zhū yán cuì fā
败材伤锦	bài cái shāng jǐn
沸沸扬扬	fèi fèi yáng yáng
趾踵相接	zhǐ zhǒng xiāng jiē
踵趾相接	zhǒng zhǐ xiāng jiē
文韬武略	wén tāo wǔ lüè
蒸蒸日上	zhēng zhēng rì shàng
德重恩弘	dé zhòng ēn hóng
共商国是	gòng shāng guó shì
调理阴阳	tiáo lǐ yīn yáng
与民除害	yǔ hǔ chú hài
与狐谋皮	yǔ hú móu pí
轻装上阵	qīng zhuāng shàng zhèn
描头画角	miáo tóu huà jiǎo
涣如冰释	huàn rú bīng shì
王侯将相	wáng hóu jiàng xiàng
精兵简政	jīng bīng jiǎn zhèng
兔角牛翼	tù jiǎo niú yì
仁言利溥	rén yán lì pǔ
怅然若失	chàng rán ruò shī
攀今吊古	pān jīn diào gǔ
彼众我寡	bǐ zhòng wǒ guǎ
如愿以偿	rú yuàn yǐ cháng
潜移暗化	qián yí àn huà
高悬秦镜	gāo xuán qín jìng
秦镜高悬	qín jìng gāo xuán
酒池肉林	jiǔ chí ròu lín
强本弱支	qiáng běn ruò zhī
推诚布公	tuī chéng bù gōng
瓜田之嫌	guā tián zhī xián
李广难封	lǐ guǎng nán fēng
返本还源	fǎn běn huán yuán
器满将覆	qì mǎn jiāng fù
妙语解颐	miào yǔ jiě yí
挥霍无度	huī huò wú dù
惜客好义	xī kè hǎo yì
玄辞冷语	xuán cí lěng yǔ
三台八座	sān tái bā zuò
祖宗家法	zǔ zōng jiā fǎ
暗香疏影	àn xiāng shū yǐng
分居异爨	fēn jū yì cuàn
枯苗望雨	kū miáo wàng yǔ
里勾外连	lǐ gōu wài lián
予齿去角	yǔ chǐ qù jiǎo
要死要活	yào sǐ yào huó
豁口截舌	huō kǒu jié shé
粲然可观	càn rán kě guān
胸有城府	xiōng yǒu chéng fǔ
应答如响	yìng dá rú xiǎng
东完西缺	dōng wán xī quē
悬河泻火	xuán hé xiè huǒ
奋袂而起	fèn mèi ér qǐ
惹草沾花	rě cǎo zhān huā
沾花惹草	zhān huā rě cǎo
厉精更始	lì jīng gēng shǐ
施仁布德	shī rén bù dé
浮笔浪墨	fú bǐ làng mò
宜家宜室	yí jiā yí shì
宜室宜家	yí shì yí jiā
同袍同泽	tóng páo tóng zé
方领圆冠	fāng lǐng yuán guàn
鸟散鱼溃	niǎo sàn yú kuì
鱼溃鸟散	yú kuì niǎo sàn
山肴海错	shān yáo hǎi cuò
捕影系风	bǔ yǐng xì fēng
系风捕影	xì fēng bǔ yǐng
花街柳陌	huā jiē liǔ mò
柳陌花街	liǔ mò huā jiē
眠花卧柳	mián huā wò liǔ
描神画鬼	miáo shén huà guǐ
公正廉洁	gōng zhèng lián jié
锦绣肝肠	jǐn xiù gān cháng
惊恐万状	jīng kǒng wàn zhuàng
百结悬鹑	bǎi jié xuán chún
悬鹑百结	xuán chún bǎi jié
计勋行赏	jì xūn xíng shǎng
钩深索隐	gōu shēn suǒ yǐn
笃定泰山	dǔ dìng tài shān
声誉鹊起	shēng yù què qǐ
大浪淘沙	dà làng táo shā
齑身粉骨	jī shēn fěn gǔ
嫁狗随狗	jià gǒu suí gǒu
登高去梯	dēng gāo qù tī
轻怜重惜	qīng lián zhòng xī
鼓盆之戚	gǔ pén zhī qī
慨当以慷	kǎi dāng yǐ kāng
凿空投隙	záo kōng tóu xì
后进领袖	hòu jìn lǐng xiù
迷迷荡荡	mí mí dàng dàng
亡不旋跬	wáng bù xuán kuǐ
出谋献策	chū móu xiàn cè
瓢泼大雨	piáo pō dà yǔ
凤协鸾和	fèng xié luán hé
萎靡不振	wěi mǐ bù zhèn
脱天漏网	tuō tiān lòu wǎng
束手就擒	shù shǒu jiù qín
行思坐忆	xíng sī zuò yì
波澜老成	bō lán lǎo chéng
奋笔疾书	fèn bǐ jí shū
距跃三百	jū yuè sān bǎi
吞声忍泪	tūn shēng rěn lèi
梦想颠倒	mèng xiǎng diān dǎo
近水楼台	jìn shuǐ lóu tái
摇笔即来	yáo bǐ jí lái
分茅裂土	fēn máo liè tǔ
裂土分茅	liè tǔ fēn máo
通忧共患	tōng yōu gòng huàn
圣经贤传	shèng jīng xián zhuàn
博洽多闻	bó qià duō wén
洽博多闻	qià bó duō wén
汗出洽背	hàn chū qià bèi
恶迹昭著	è jì zhāo zhù
使料所及	shǐ liào suǒ jí
痛心伤臆	tòng xīn shāng yì
东搜西罗	dōng sōu xī luó
分斤拨两	fēn jīn bō liǎng
枯鱼衔索	kū yú xián suǒ
击电奔星	jī diàn bēn xīng
更姓改物	gēng xìng gǎi wù
一厢情愿	yī xiāng qíng yuàn
榆次之辱	yú cì zhī rǔ
恋新忘旧	liàn xīn wàng jiù
遣辞措意	qiǎn cí cuò yì
半间半界	bàn gān bàn gà
饮胆尝血	yǐn dǎn cháng xuè
流离播越	liú lí bō yuè
驰马试剑	chí mǎ shì jiàn
油嘴油舌	yóu zuǐ yóu shé
带金佩紫	dài jīn pèi zǐ
偷合苟容	tōu hé gǒu róng
管鲍分金	guǎn bào fēn jīn
播弄是非	bō nòng shì fēi
耸入云霄	sǒng rù yún xiāo
手到病除	shǒu dào bìng chú
海怀霞想	hǎi huái xiá xiǎng
暴取豪夺	bào qǔ háo duó
魂惊胆颤	hún jīng dǎn chàn
毛羽未丰	máo yǔ wèi fēng
羽毛未丰	yǔ máo wèi fēng
便宜从事	bián yú cóng shì
大辩若讷	dà biàn ruò nè
图财害命	tú cái hài mìng
波流茅靡	bō liú máo mǐ
束手缚脚	shù shǒu fù jiǎo
左宜右有	zuǒ yí yòu fú
审曲面势	shěn qǔ miàn shì
星流霆击	xīng liú tíng jī
刮野扫地	guā yě sǎo dì
鲜艳夺目	xiān yàn duó mù
齐驱并进	qí qū bìng jìn
泥中隐刺	ní zhōng yǐn cì
烂若披掌	làn ruò pī zhǎng
冰洁渊清	bīng jié yuān qīng
断简遗编	duàn jiǎn yí biān
遗编断简	yí biān duàn jiǎn
百堵皆作	bǎi dǔ jiē zuò
蛮触相争	mán chù xiāng zhēng
稠人广坐	chóu rén guǎng zuò
痛哭流涕	tòng kū liú tì
消息灵通	xiāo xī líng tōng
班荆道旧	bān jīng dào jiù
愁长殢酒	chóu cháng tì jiǔ
飞针走线	fēi zhēn zǒu xiàn
伐功矜能	fá gōng jīn néng
矜功伐能	jīn gōng fá néng
洗脚上船	xǐ jiǎo shàng chuán
豹头环眼	bào tóu huán yǎn
离本趣末	lí běn qū mò
巴前算后	bā qián suàn hòu
洋洋盈耳	yáng yáng yíng ěr
骚人墨客	sāo rén mò kè
不避斧钺	bù bì fǔ yuè
惊慌失措	jīng huāng shī cuò
昼伏夜游	zhòu fú yè yóu
讲是说非	jiǎng shì shuō fēi
艰难困苦	jiān nán kùn kǔ
淫辞邪说	yín cí xié shuō
祖功宗德	zǔ gōng zōng dé
岂有是理	qǐ yǒu shì lǐ
因事制宜	yīn shì zhì yí
万马齐喑	wàn mǎ qí yīn
蹐地踨天	jí dì jú tiān
踨天蹐地	jú tiān jí dì
虚堂悬镜	xū táng xuán jìng
龙驭上宾	lóng yù shàng bīn
坑家败业	kēng jiā bài yè
宠辱若惊	chǒng rǔ ruò jīng
欢喜若狂	huān xǐ ruò kuáng
半丝半缕	bàn sī bàn lǜ
雄心勃勃	xióng xīn bó bó
大莫与京	dà mò yǔ jīng
诸若此类	zhū ruò cǐ lèi
凿凿有据	záo záo yǒu jù
乃心王室	nǎi xīn wáng shì
熟读深思	shú dú shēn sī
旦种暮成	dàn zhòng mù chéng
张眼露睛	zhāng yǎn lù jīng
师老兵疲	shī lǎo bīng pí
毁形灭性	huǐ xíng miè xìng
豺狼之吻	chái láng zhī wěn
被甲持兵	pī jiǎ chí bīng
东藏西躲	dōng cáng xī duǒ
东躲西藏	dōng duǒ xī cáng
托公报私	tuō gōng bào sī
擘两分星	bó liǎng fēn xīng
分星擘两	fēn xīng bò liǎng
争强显胜	zhēng qiáng xiǎn shèng
望岫息心	wàng xiù xī xīn
阴阳交错	yīn yáng jiāo cuò
偷鸡摸狗	tōu jī mō gǒu
猛志常在	měng zhì cháng zài
铢积丝累	zhū jī sī lèi
干干翼翼	gàn gàn yì yì
积羽沉舟	jī yǔ chén zhōu
断织之诫	duàn zhī zhī jiè
望风希旨	wàng fēng xī zhǐ
冰壸秋月	bīng kǔn qiū yuè
欺人太甚	qī rén tài shèn
将夺固与	jiāng duó gū yǔ
恐后争先	kǒng hòu zhēng xiān
争先恐后	zhēng xiān kǒng hòu
祸在旦夕	huò zài dàn xī
寻消问息	xún xiāo wèn xī
诡变多端	guǐ biàn duō duān
兰芷之室	lán zhǐ zhī shì
畏影避迹	wèi yǐng bì jì
重整旗鼓	chóng zhěng qí gǔ
达官贵要	dá guān guì yào
待价而沽	dài jià ér gū
呼不给吸	hū bù jǐ xī
鹤骨松姿	hè gǔ sōng zī
曲肱而枕	qǔ gōng ér zhěn
鼾声如雷	hān shēng rú léi
所费不赀	suǒ fèi bù zī
审时度势	shěn shí duó shì
载欢载笑	zài huān zài xiào
进荣退辱	jìn róng tuì rǔ
进退荣辱	jìn tuì róng rǔ
过从甚密	guò cóng shèn mì
鉴机识变	jiàn jī shí biàn
风度翩翩	fēng dù piān piān
翩翩风度	piān piān fēng dù
砥砺名节	dǐ lì míng jié
蒸沙为饭	zhēng shā wéi fàn
除恶务本	chú è wù běn
磨砺以须	mó lì yǐ xū
火烧火燎	huǒ shāo huǒ liǎo
丧权辱国	sàng quán rǔ guó
楚云湘雨	chǔ yún xiāng yǔ
切齿痛恨	qiè chǐ tòng hèn
挨肩并足	āi jiān bìng zú
钳口吞舌	qián kǒu tūn shé
弊衣蔬食	bì yī shū shí
横冲直撞	héng chōng zhí zhuàng
直撞横冲	zhí zhuàng héng chōng
象牙之塔	xiàng yá zhī tǎ
解纷排难	jiě fēn pái nán
排难解纷	pái nàn jiě fēn
兼程前进	jiān chéng qián jìn
手到擒来	shǒu dào qín lái
销魂荡魄	xiāo hún dàng pò
锦营花阵	jǐn yíng huā zhèn
锦阵花营	jǐn zhèn huā yíng
风雨飘飖	fēng yǔ piāo yáo
天涯比邻	tiān yá bǐ lín
漫无边际	màn wú biān jì
鸡胸龟背	jī xiōng guī bèi
鸟迹虫丝	niǎo jì chóng sī
龙拏虎跳	lóng ná hǔ tiào
真知灼见	zhēn zhī zhuó jiàn
灼见真知	zhuó jiàn zhēn zhī
夙世冤家	sù shì yuān jiā
头会箕敛	tóu kuàn jī liǎn
剖析肝胆	pōu xī gān dǎn
光芒万丈	guāng máng wàn zhàng
形诸笔墨	xíng zhū bǐ mò
屏气敛息	bǐng qì liǎn xī
饥火烧肠	jī huǒ shāo cháng
鲍子知我	bào zǐ zhī wǒ
鱼游沸釜	yú yóu fèi fǔ
烟消雾散	yān xiāo wù sàn
以佚待劳	yǐ yì dài láo
黄风雾罩	huáng fēng wù zhào
膝行肘步	xī xíng zhǒu bù
肘行膝步	zhǒu xíng xī bù
笃信好学	dǔ xìn hào xué
塞井焚舍	sāi jǐng fén shě
睹微知著	dǔ wēi zhī zhù
睹著知微	dǔ zhù zhī wēi
金貂换酒	jīn diāo huàn jiǔ
引车卖浆	yǐn chē mài jiāng
殚思极虑	dān sī jí lǜ
发屋求狸	fā wū qiú lí
舟车劳顿	zhōu chē láo dùn
苦心孤诣	kǔ xīn gū yì
泛应曲当	fàn yīng qǔ dāng
东西南朔	dōng xī nán shuò
挑三嫌四	tiāo sān xián sì
返本还原	fǎn běn huán yuán
雷电交加	léi diàn jiāo jiā
马齿徒增	mǎ chǐ tú zēng
马腹逃鞭	mǎ fù táo biān
含血噀人	hán xuè xùn rén
春色满园	chūn sè mǎn yuán
满园春色	mǎn yuán chūn sè
去甚去泰	qù shèn qù tài
去泰去甚	qù tài qù shèn
追亡逐遁	zhuī wáng zhú dùn
热气腾腾	rè qì téng téng
径行直遂	jìng xíng zhí suí
望洋兴叹	wàng yáng xīng tàn
戴霜履冰	dài shuāng lǚ bīng
瞠目结舌	chēng mù jié shé
拿班作势	ná bān zuò shì
否往泰来	pǐ wǎng tài lái
泰来否往	tài lái pǐ wǎng
迁延顾望	qiān yán gù wàng
涂歌巷舞	tú gē xiàng wǔ
改途易辙	gǎi tú yì zhé
改辙易途	gǎi zhé yì tú
传为笑柄	chuán wéi xiào bǐng
终成泡影	zhōng chéng pào yǐng
齿甘乘肥	chǐ gān chéng féi
绝顶聪明	jué dǐng cōng míng
顾影惭形	gù yǐng cán xíng
官仓老鼠	guān cāng láo shǔ
普天率土	pǔ tiān shuài tǔ
饭蔬饮水	fàn shū yǐn shuǐ
夙夜在公	sù yè zài gōng
凤皇来仪	fèng huáng lái yí
心虔志诚	xīn qián zhì chéng
造因得果	zào yīn dé guǒ
老迈龙钟	lǎo mài lóng zhōng
额蹙心痛	é cù xīn tòng
夏虫语冰	xià chóng yǔ bīng
金刚眼睛	jīn gāng yǎn jīng
戴高帽子	dài gāo mào zǐ
搔头弄姿	sāo tóu nòng zī
贵壮贱老	guì zhuàng jiàn lǎo
赍志以没	jī zhì yǐ méi
毛骨竦然	máo gǔ sǒng rán
软香温玉	ruǎn xiāng wēn yù
软玉温香	ruǎn yù wēn xiāng
时和岁稔	shí hé suì rěn
倚傍门户	yǐ bàng mén hù
倚门傍户	yǐ mén bàng hù
相女配夫	xiàng nǚ pèi fū
龟年鹤算	guī nián hè suàn
软裘快马	ruǎn qiú kuài mǎ
称雨道晴	chēng yǔ dào aíng
一触即溃	yī chù jí kuì
怒气填胸	nù qì tián xiōng
沉舟破釜	chén zhōu pò fǔ
破釜沉舟	pò fǔ chén zhōu
不落窠臼	bù luò kē jiù
都头异姓	dū tóu yì xìng
枕戈待旦	zhěn gē dài dàn
力排众议	lì pái zhòng yì
艴然不悦	fú rán bù yuè
养贤纳士	yǎng xián nà shì
淘沙取金	táo shā qǔ jīn
上陵下替	shàng líng xià tì
上替下陵	shàng tì xià líng
下陵上替	xià líng shàng tì
瞬息万变	shùn xī wàn biàn
莫可奈何	mò kě nài hé
偏听偏言	piān tīng piān yán
衣冠土枭	yī guān tǔ xiāo
寸男尺女	cùn nán chǐ nǚ
为善最乐	wéi shàn zuì lè
只争朝夕	zhǐ zhēng zhāo xī
布衣粝食	bù yī lì shí
凿饮耕食	záo yǐn gēng shí
饿虎扑食	è hǔ pū shí
同音共律	tóng yīn gòng lǜ
龙跃鸿矫	lóng yuè hóng jiǎo
束手就毙	shù shǒu jiù bì
南船北车	nán chuán běi chē
丢魂丧胆	diu1 hún sàng dǎn
青红皁白	qīng hóng tóu bái
反复推敲	fǎn fù tuī qiāo
雨巾风帽	yǔ jīn fēng mào
孜孜以求	zī zī yǐ qiú
壹败涂地	yī bài tú dì
官虎吏狼	guān hǔ lì láng
匿迹潜形	nì jì qián xíng
潜形匿迹	qián xíng nì jì
广寒仙子	guǎng hán xiān zǐ
断章截句	duàn zhāng jié jù
兴妖作怪	xīng yāo zuò guài
比手划脚	bǐ shǒu huà jiǎo
闲情逸趣	xián qíng yì qù
蚁封穴雨	yǐ fēng xué yǔ
朝梁暮陈	zhāo liáng mù chén
熟门熟路	shú mén shú lù
席门蓬巷	xí mén péng xiàng
弃家荡产	qì jiā dàng chǎn
不偢不倸	bù chǒu bù cǎi
不尴不尬	bù gān bù gà
不猧不魀	bù wō bù gà
飞蛾赴火	fēi é fù huǒ
飞文染翰	fēi wén rǎn hàn
风旋电掣	fēng xuán diàn chè
瓜田李下	guā tián lǐ xià
李下瓜田	lǐ xià guā tián
鼎铛玉石	dǐng chēng yù shí
范水模山	fàn shuǐ mó shān
模山范水	mó shān fàn shuǐ
亘古奇闻	gèn gǔ qī wén
风尘仆仆	fēng chén pú pú
仆仆风尘	pú pú fēng chén
四马攒蹄	sì mǎ cuán tí
坐享其功	zuò xiǎng qí gōng
弹尽粮绝	dàn jìn liáng jué
打牙犯嘴	dǎ yá fàn zuǐ
灯红酒绿	dēng hóng jiǔ lǜ
酒绿灯红	jiǔ lǜ dēng hóng
绿酒红灯	lǜ jiǔ hóng dēng
蝇飞蚁聚	yíng fēi yǐ jù
借身报仇	jiè shēn bào chóu
遮前掩后	zhē qián yǎn hòu
显姓扬名	xiǎn xìng yáng míng
群轻折轴	qún qīng zhé zhóu
弄巧反拙	nòng qiǎo fǎn zhuō
红粉青楼	hóng fěn qīng lóu
深仇宿怨	shēn chóu xiǔ yuàn
全始全终	quán shǐ quán zhōng
伴食中书	bàn shí zhōng shū
张冠李戴	zhāng guān lǐ dài
枝附叶著	zhī fù yiè zhuó
没可奈何	méi kě nài hé
醉酒饱德	zuì jiǔ bǎo dé
纤介之祸	xiān jiè zhī huò
一浆十饼	yī jiāng shí bǐng
油头滑脑	yóu tóu huá nǎo
敦默寡言	dūn mò guǎ yán
良贾深藏	liáng jiǎ shēn cáng
德隆望重	dé lóng wàng zhòng
买王得羊	mǎi wáng dé yáng
白饭青刍	bái fàn qīng chú
霄鱼垂化	xiāo yú chuí huà
安坐待毙	ān zuò dài bì
神采奕然	shén cǎi yì rán
势若脱兔	shì ruò tuō tù
格于成例	gé yú chéng lì
矫时慢物	jiǎo shí màn wù
报李投桃	bào lǐ tóu táo
投桃报李	tóu táo bào lǐ
寻花觅柳	xún huā mì liǔ
仰首伸眉	yǎng shǒu shēn méi
鹅湖之会	é hú zhī huì
风樯阵马	fēng qiáng zhèn mǎ
阵马风樯	zhèn mǎ fēng qiáng
送往迎来	sòng wǎng yíng lái
迎来送往	yíng lái sòng wǎng
千补百衲	qiān bǔ bǎi nà
秦失其鹿	qín shī qí lù
毛发悚然	máo fā sǒng rán
以狸致鼠	yǐ lǐ zhì shǔ
活龙活现	huó lóng huó xiàn
狼顾鸱张	láng gù chī zhāng
深仁厚泽	shēn rén hòu zé
趋利避害	qū lì bì hài
年衰岁暮	nián shuāi suì mù
充类至尽	chōng lèi zhì jìn
欢喜冤家	huān xǐ yuān jiā
感恩戴德	gǎn ēn dài dé
出乖弄丑	chū guāi nòng chǒu
敬贤礼士	jìng xián lǐ shì
博通经籍	bó tōng jīng jí
讲文张字	jiǎng wén zhāng zì
伏低做小	fú dī zuò xiǎo
做小伏低	zuò xiǎo fú dī
筑室道谋	zhù shì dào móu
乐极则悲	lè jí zé bēi
恩将仇报	ēn jiāng chóu bào
不敢旁骛	bù gǎn páng wù
能屈能伸	néng qū néng shēn
能伸能屈	néng shēn néng qū
采凤随鸦	cǎi fèng suí yā
两瞽相扶	liǎng gǔ xiāng fú
颠倒阴阳	diān dǎo yīn yáng
纡朱怀金	yū zhū huái jīn
拳拳盛意	quán quán shèng yì
更阑人静	gēng lán rén jǐng
龙蟠虎绕	lóng pán hǔ rào
拍案而起	pāi àn ér qǐ
左家娇女	zuǒ jiā jiāo nǚ
长安棋局	cháng ān qí jú
琼林玉质	qióng lín yù zhì
坚韧不拔	jiān rèn bù bá
朽棘不彫	xiǔ jí bù diāo
干脆利落	gān cuì lì luò
铺胸纳地	pū xiōng nà dì
日炙风筛	rì zhì fēng shāi
循名责实	xún míng zé shí
责实循名	zé shí xún míng
叨在知己	tāo zài zhī jǐ
支纷节解	zhī fēn jié jiě
材朽行秽	cái xiǔ xíng huì
罪该万死	zuì gāi wàn sǐ
倾肝沥胆	qīng gān lì dǎn
雁过拨毛	yàn guò bō máo
拿三搬四	ná sān bān sì
海屋筹添	hǎi wū chóu tiān
海屋添筹	hǎi wū tiān chóu
塞北江南	sāi běi jiāng nán
大有裨益	dà yǒu bì yì
喜新厌旧	xǐ xīn yàn jiù
高斋学士	gāo zhāi xué shì
重作冯妇	zhòng zuò féng fù
金榜挂名	jīn bǎng guà míng
褎然举首	yòu rán jǔ shǒu
一梦华胥	yī mèng huá xū
禅世雕龙	chán shì diāo lóng
闻噎废食	wén yē fèi shí
想望丰采	xiǎng wàng fēng cǎi
闭目塞聪	bì mù sāi cōng
与日俱增	yǔ rì jù zēng
云屯蚁聚	yún tún yǐ jù
傍观冷眼	bàng guān lěng yǎn
投壶电笑	tóu hú diàn xiào
略窥一斑	lüè kuī yī bān
家常便饭	jiā cháng biàn fàn
见素抱朴	xiàn sù bào pǔ
尺壁寸阴	chǐ bì cùn yīn
迎头赶上	yíng tóu gǎn shàng
心存芥蒂	xīn cún jiè dì
选贤举能	xuǎn xián jǔ néng
孤鸿寡鹄	gū hóng guǎ hú
铺谋定计	pù móu dìng jì
病国殃民	bìng guó yāng mín
关心民瘼	guān xīn mín mò
学识渊博	xué shí yuān bó
织白守黑	zhī bái shǒu hēi
攀龙附骥	pān lóng fù jì
熊经鸟引	xióng jīng niǎo yǐn
未了公案	wèi liǎo gōng àn
万应灵药	wàn yìng líng yào
江云渭树	jiāng yún wèi shù
敬谢不敏	jìng xiè bù mǐn
冥顽不灵	míng wán bù líng
匹夫有责	pǐ fū yǒu zé
盛名难副	shèng míng nán fù
东床择对	dōng chuáng zé duì
华封三祝	huá fēng sān zhù
碧落黄泉	bì luò huáng quán
河汾门下	hé fén mén xià
交口赞誉	jiāo kǒu zàn yù
汗流洽背	hàn liú qià bèi
摧刚为柔	cuī gāng wéi róu
优柔寡断	yōu róu guǎ duàn
胁肩累足	xié jiān lěi zú
通前澈后	tōng qián chè hòu
自我表现	zì wǒ biǎo xiàn
取诸宫中	qǔ zhū gōng zhōng
负土成坟	fù tǔ chéng fén
如痴似醉	rú chī sì zuì
似醉如痴	sì zuì rú chī
昏头晕脑	hūn tóu yūn nǎo
头昏脑闷	tóu hūn nǎo mèn
侈侈不休	chǐ chǐ bù xiū
攒眉苦脸	zǎn méi kǔ liǎn
海盟山咒	hǎi méng shān zhòu
推陈致新	tuī chén zhì xīn
操刀伤锦	cāo dāo shāng jǐn
枕戈达旦	zhěn gē dá dàn
感慨系之	gǎn kǎi xì zhī
唇干口燥	chún gān kǒu zào
口燥唇干	kǒu zào chún gān
数米而炊	shǔ mǐ ér chuī
倦鸟知还	juàn niǎo zhī huán
沉思默想	chén sī mò xiǎng
寝食俱废	qǐn shí jù fèi
退让贤路	tuì ràng xián lù
投河觅井	tóu hé mì jǐng
情投意忺	qíng tóu yì xiān
孤鸾寡鹄	gū luán guǎ hú
寡鹄孤鸾	guǎ hú gū luán
蜂合蚁聚	fēng hé yǐ jù
十里洋场	shí lǐ yáng chǎng
耳濡目染	ěr rǔ mù rǎn
目染耳濡	mù rǎn ěr rú
目濡耳染	mù rǔ ěr rǎn
顺美匡恶	shùn měi kuāng è
运计铺谋	yùn jì pù móu
危言覈论	wēi yán hé lùn
遭际不偶	zāo jì bù ǒu
使酒骂坐	shǐ jiǔ mà zuò
沃野千里	wò yě qiān lǐ
案无留牍	àn wú liú dú
抚景伤情	fǔ jǐng shāng qíng
双宿双飞	shuāng sù shuāng fēi
茫无端绪	máng wú duān xù
力钧势敌	lì jūn shì dí
势钧力敌	shì jūn lì dí
片鳞残甲	piàn lín cán jiǎ
万里鹏翼	wàn lǐ péng yì
精打细算	jīng dǎ xì suàn
求益反损	qiú yì fǎn sǔn
烘云托月	hōng yún tuō yuè
诗肠鼓吹	shī chá gǔ chuì
龙蛇混杂	lóng shé hùn zá
逾年历岁	yú nián lì suì
法轮常转	fǎ lún cháng zhuàn
度长絜短	dù cháng xié duǎn
花貎蓬心	huā ní péng xīn
脍炙人口	kuài zhì rén kǒu
好奇尚异	hǎo qí shàng yì
未敢苟同	wèi gǎn gǒu tóng
先圣先师	xiān shèng xiān shī
招财进宝	zhāo cái jìn bǎo
五侯七贵	wǔ hòu qī guì
村生泊长	cūn shēng bó cháng
十眠九坐	shí mián jiǔ zuò
送故迎新	sòng gù yíng xīn
迎新送故	yíng xīn sòng gù
韬光敛迹	tāo guāng liǎn jì
惊惶万状	jīng huáng wàn zhuàng
寻行逐队	xún xíng zhú duì
孤陋寡闻	gū lòu guǎ wén
瞽言妄举	gǔ yán wàng jǔ
詹言曲说	zhān yán qǔ shuō
亲临其境	qīn lín qí jìng
宵鱼垂化	xiāo yú chuí huà
束手待毙	shù shǒu dài bì
嫁狗逐狗	jià gǒu zhú gǒu
唇枪舌剑	chún qiāng shé jiàn
舌剑唇枪	shé jiàn chún qiāng
惠风和畅	huì fēng hé chàng
席卷而逃	xí juǎn ér táo
一岁再赦	yī suì zài shè
神圣工巧	shén shèng gōng qiǎo
徇情枉法	xùn qíng wǎng fǎ
怪形怪状	guài xíng guài zhuàng
宽豁大度	kuān huō dà dù
灯尽油干	dēng jìn yóu gàn
油干灯尽	yóu gàn dēng jìn
人琴俱逝	rén qín jù shì
东补西凑	dōng bǔ xī còu
丰功硕德	fēng gōng shuò dé
张眉努眼	zhāng méi nǔ yǎn
颠倒衣裳	diān dǎo yī cháng
弃甲曳兵	qì jiǎ yè bīng
曳兵弃甲	yè bīng qì jiǎ
游思妄想	yóu sī wàng xiǎng
旧话重提	jiù huà chóng tí
多历年稔	duō lì nián rěn
策名就列	cè míng jiù liè
活神活现	huó shén huó xiàn
借面吊丧	jiè miàn diào sāng
响和景从	xiǎng hé jǐng cóng
委重投艰	wěi zhòng tóu jiān
十载寒窗	shí zǎi hán chuāng
踨天促地	jú tiān cù dì
鹰扬虎噬	yīng yáng hǔ shì
屯积居奇	tún jī jū qí
止暴禁非	zhǐ bào jìn fēi
臧否人物	zāng pǐ rén wù
寒酸落魄	hán suān luò pò
因时制宜	yīn shí zhì yí
敬贤爱士	jìng xián ài shì
遐尔闻名	xiá ěr wén míng
不辨菽粟	bù biàn shū sù
原形毕露	yuán xíng bì lù
穷源朔流	qióng yuán shuò liú
任劳任怨	rèn láo rèn yuàn
任怨任劳	rèn yuàn rèn láo
威风祥麟	wēi fēng xiáng lín
不待蓍龟	bù dài shī guī
冢中枯骨	zhǒng zhōng kū gǔ
黄钟大吕	huáng zhōng dà lǚ
蒸沙成饭	zhēng shā chéng fàn
同仇敌慨	tóng chóu dí kǎi
鼓鼓囊囊	gǔ gǔ nāng nāng
破铜烂铁	pò tóng làn tiě
东摇西摆	dōng yáo xī bǎi
外感内伤	wài gǎn nèi shāng
太平盛世	tài píng shèng shì
熬清守谈	áo qīng shǒu tán
聚众滋事	jù zhòng zī shì
百废咸举	bǎi fèi xián jǔ
疑信参半	yí xìn cān bàn
毅然决然	yì rán jué rán
辞巧理拙	cí qiǎo lǐ zhuō
调停两用	tiáo tíng liǎng yòng
又当别论	yòu dāng bié lùn
迟日旷久	chí rì kuàng jiǔ
傲睨万物	ào nì wàn wù
柴毁骨立	chái huǐ gǔ lì
今非昔比	jīn fēi xī bǐ
形单影只	xíng dān yǐng zhī
形只影单	xíng zhī yǐng dān
影只形单	yǐng zhī xíng dān
光彩耀目	guāng cǎi yào mù
业精于勤	yè jīng yú qín
讨是寻非	tǎo shì xún fēi
求马唐肆	qiú mǎ táng sì
月满则亏	yuè mǎn zé kuī
凤翥龙蟠	fèng zhù lóng pán
龙蟠凤翥	lóng pán fèng zhù
室如悬罄	shì rú xuán qìng
雕虫小巧	diāo chóng xiǎo qiǎo
咄嗟之间	duō jiē zhī jiān
惨绝人寰	cǎn jué rén huán
束手就禽	shù shǒu jiù qín
愤世疾邪	fèn shì jí xié
口蜜腹剑	kǒu mì fù jiàn
弄竹弹丝	nòng zhú dàn sī
曾参杀人	zēng shēn shā rén
忠贞不渝	zhōng zhēn bù yú
遗声坠绪	yí shēng zhuì xù
白驹空谷	bái jū kōng gǔ
空谷白驹	kōng gǔ bái jū
并驱争先	bìng qū zhēng xiān
七鄐八手	qī xì bā shǒu
狐藉虎威	hú jiè hǔ wēi
根结盘固	gēn jié pán gù
捻土为香	niǎn tǔ wéi xiāng
适性忘虑	shì xìng wàng lǜ
朴斫之材	pǔ zhuó zhī cái
作茧自缚	zuò jiǎn zì fù
坚甲利刃	jiān jiǎ lì rèn
英声茂实	yīng shēng mào shí
才过屈宋	cái guò qū sòng
跋来报往	bá lái fù wǎng
关怀备至	guān huái bèi zhì
炮凤烹龙	páo fèng pēng lóng
炮龙烹凤	pào lóng pēng fèng
烹龙炮凤	pēng lóng páo fèng
朝秦暮楚	zhāo qín mù chǔ
暮楚朝秦	mù chǔ cháo qín
众望攸归	zhòng wàng yōu guī
危在旦夕	wēi zài dàn xī
仰屋着书	yǎng wū zhù shū
百身何赎	bǎi shēn hé shú
石城汤池	shí chéng tāng chí
蹄闲三寻	tí xián sān xún
半梦半醒	bàn mèng bàn xǐng
煞费心机	shà fèi xīn jī
休戚相关	xiū qī xiāng guān
民穷财匮	mín qióng cái kuì
迁延观望	qiān yán guān wàng
鬼话连篇	guǐ huà lián piān
牵强附会	qiān qiáng fù huì
虎踞龙蟠	hǔ jù lóng pán
龙蟠虎踞	lóng pán hǔ jù
旦旦而伐	dàn dàn ér fá
杵臼之交	chǔ jiù zhī jiāo
臼杵之交	jiù chǔ zhī jiāo
东逃西窜	dōng táo xī cuàn
还珠返璧	huán zhū fǎn bì
青钱学士	qīng qián xué shì
光怪陆离	guāng guài lù lí
陆离光怪	lù lí guāng guài
和蔼近人	hé ǎi jìn rén
珠投璧抵	zhū tóu bì dǐ
校短推长	xiào duǎn tuī cháng
拨乱济危	bō luàn jì wēi
拔丛出类	bá cóng chū lèi
拔萃出类	bá cuì chū lèi
出类拔萃	chū lèi bá cuì
驾鹤成仙	jià hè chéng xiān
凶相毕露	xiōng xiàng bì lù
大败亏轮	dà bài kuī lún
歌功颂德	gē gōng sòng dé
颂德歌功	sòng dé gē gōng
水净鹅飞	shuǐ jìng é fēi
黄袍加身	huáng páo jiā shēn
功亏一篑	gōng kuī yī kuì
刻骨仇恨	kè gǔ chóu hèn
千峰万壑	qiān fēng wàn hè
干霄蔽日	gàn xiāo bì rì
短吃少穿	duǎn chī shǎo chuān
寻根追底	xún gēn zhuī dǐ
追根寻底	zhuī gēn xún dǐ
纵虎出匣	zòng hǔ chū xiá
遗休余烈	yí xiū yú liè
官逼民反	guān bī mín fǎn
逢恶导非	féng è dǎo fēi
痛贯心膂	tòng guàn xīn lǚ
含瑕积垢	hán xiá jī gòu
青灯古佛	qīng dēng gǔ fó
枕方寝绳	zhěn fāng qǐn shéng
欺善怕恶	qī shàn pà è
以筦窥天	yǐ guǎn kuī tiān
驱羊攻虎	qū yáng gōng hǔ
狼餐虎咽	láng cān hǔ yàn
旧恨新仇	jiù hèn xīn chóu
新仇旧恨	xīn chóu jiù hèn
栎阳雨金	lì yáng yǔ jīn
枕席还师	zhěn xí huán shī
牛星织女	niú xīng zhī nǚ
徒讬空言	tú tún kōng yán
箪豆见色	dān dòu jiàn sè
权时制宜	quán shí zhì yí
铺张扬厉	pū zhāng yáng lì
扬厉铺张	yáng lì pù zhāng
夸父逐日	kuā fù zhú rì
鼎食鸣锺	dǐng shí míng zhōng
阳煦山立	yáng xù shān lì
穿窬之盗	chuān yú zhī dào
俭以养廉	jiǎn yǐ yǎng lián
凤鸣鹤唳	fèng míng hè lì
迟疑顾望	chí yí gù wàng
死乞百赖	sǐ qǐ bǎi lài
丽句清词	lì jù qīng cí
清词丽句	qīng cí lì jù
才疏学浅	cái shū xué qiǎn
学浅才疏	xué qiǎn cái shū
学疏才浅	xué shū cái qiǎn
日薄虞渊	rì báo yú yuān
后台老板	hòu tái lǎo bǎn
游响停云	yóu xiǎng tíng yún
目瞪口僵	mù dèng kǒu jiāng
古调单弹	gǔ diào dān tán
束教管闻	shù jiào guǎn wén
骐骥一毛	qí jì yī máo
齿豁头童	chǐ huō tóu tóng
头童齿豁	tóu tóng chǐ huò
龙拏虎掷	lóng ná hǔ zhì
潜精研思	qián jīng yán sī
静言庸违	jìng yán yōng wéi
坚苦卓绝	jiān kǔ zhuó jué
校短量长	jiào duǎn liáng cháng
革图易虑	gé tú yì lǜ
振衣濯足	zhèn yī zhuó zú
魂驰梦想	hún chí mèng xiǎng
趾踵相错	zhǐ zhǒng xiāng cuò
断鹤继凫	duan he xu fu
白驹过隙	bái jū guò xì
过隙白驹	guò xī bái jū
鬼泣神嚎	guǐ qì shén háo
慎终追远	shèn zhōng zhuī yuǎn
追远慎终	zhuī yuǎn shèn zhōng
擢发难数	zhuó fà nán shǔ
归根结蒂	guī gēn jié dì
天壤王郎	tiān rǎng wáng láng
绵里藏针	mián lǐ cáng zhēn
至圣先师	zhì shèng xiān shī
卖友求荣	mài yǒu qiú róng
穿房入户	chuān fáng rù hù
拈花惹草	niān huā rě cǎo
惹草拈花	rě cǎo niān huā
冰清玉粹	bīng qīng yù cuì
老王卖瓜	lǎo wáng mài guā
寿不压职	shòu bù yā zhí
适时应务	shì shí yīng wù
善贾而沽	shàn jià ér gū
六马仰秣	liù mǎ yǎng mò
弥留之际	mí liú zhī jì
呼来喝去	hū lái hè qù
邪魔外道	xié mó wài dào
谈空说幻	tán kōng shuō huàn
以刑止刑	yǐ xíng zhǐ xíng
怀真抱素	huái zhēn bào sù
拔树撼山	bá shù hàn shān
采椽不斫	cǎi chuán bù zhuó
迟徊不决	chí huái bù jué
文章憎命	wén zhāng zèng mìng
镌骨铭心	juān gǔ míng xīn
镌心铭骨	juān xīn míng gǔ
狼虫虎豹	láng chóng hǔ bào
兔起乌沉	tù qǐ wū chén
应节合拍	yìng jié hé pāi
五味俱全	wǔ wèi jù quán
倒持泰阿	dào chí tài ē
纤芥之疾	xiān jiè zhī jí
熟路轻辙	shú lù qīng zhé
庸医杀人	yōng yī shā rén
针芥之契	zhēn jiè zhī qì
燕石妄珍	yān shí wàng zhēn
瞒天要价	mán tiān yào jià
柔茹寡断	róu rú guǎ duàn
炊金馔玉	chuī jīn zhuàn yù
馔玉炊金	zhuàn yù chuī jīn
狗盗鼠窃	gǒu dào shǔ qiè
鼠盗狗窃	shǔ dào gǒu qiè
鼠窃狗盗	shǔ qiè gǒu dào
择福宜重	zé fú yí zhòng
养儿防老	yǎng ér fáng lǎo
敬陈管见	jìng chén guǎn jiàn
面黄肌瘦	miàn huáng jī shòu
宾客盈门	bīn kè yíng mén
彻里彻外	chè lǐ chè wài
名标青史	míng biāo qīng shǐ
青史标名	qīng shǐ biāo míng
渊谋远略	yuān móu yuǎn lüè
蝇名蜗利	yíng míng wō lì
爱憎分明	ài zēng fēn míng
憎爱分明	zēng ài fēn míng
昭然若揭	zhāo rán ruò jiē
顺风扯帆	shùn fēng chě fān
鸟伏兽穷	niǎo fú shòu qióng
豪夺巧取	háo duó qiǎo qǔ
巧取豪夺	qiǎo qǔ háo duó
巴三览四	bā sān lǎn sì
鸟覆危巢	niǎo fù wēi cháo
冥思苦索	míng sī kǔ suǒ
由来已久	yóu lái yǐ jiǔ
临别赠言	lín bié zèng yán
秋风纨扇	qiū fēng wán shàn
摧眉折腰	cuī méi zhé yāo
方兴未艾	fāng xīng wèi ài
未艾方兴	wèi ài fāng xīng
兰心蕙性	lán xīn huì xìng
殢雨尤云	tì yǔ yóu yún
殢云尤雨	tì yún yóu yǔ
尤云殢雨	yóu yún zhì yǔ
云尤雨殢	yún yóu yǔ tì
原封未动	yuán fēng wèi dòng
条三窝四	tiáo sān wō sì
三告投杼	sān gào tóu zhù
新发于硎	xīn fā yú xíng
谈玄说妙	tán xuán shuō miào
欲益反弊	yù yì fǎn bì
东敲西逼	dōng qiāo xī bī
倾肠倒肚	qīng cháng dào dǔ
年逾古稀	nián yú gǔ xī
誓以皦日	shì yǐ wéi rì
浮迹浪踪	fú jì làng zōng
浮踪浪迹	fú zōng làng jì
浪迹浮踪	làng jì fú zōng
声价十倍	shēng jià shí bèi
安于现状	ān yú xiàn zhuàng
沉着痛快	chén zhuó tòng kuài
哀哀欲绝	āi āi yù jué
精雕细刻	jīng diāo xì kè
以柔克刚	yǐ róu kè gāng
盲人摸象	máng rén mō xiàng
中馈乏人	zhōng kuì fá rén
探囊取物	tàn náng qǔ wù
雅俗共赏	yǎ sú gòng shǎng
博采众议	bó cǎi zhòng yì
开门揖盗	kāi mén yī dào
揖盗开门	yī dào kāi mén
大匠运斤	dà jiàng yùn jīn
修旧起废	xiū jiù qǐ fèi
不欺闇室	bù qī àn shì
累瓦结绳	lěi wǎ jié shéng
讨类知原	tǎo lèi zhī yuán
豪门巨室	háo mén jù shì
昂藏七尺	áng zàng qī chǐ
隋侯之珠	suí hóu zhī zhū
心拙口夯	xīn zhuō kǒu bèn
新故代谢	xīn gù dài xiè
藏巧于拙	cáng qiǎo yú zhuō
按兵束甲	àn bīng shù jiǎ
帝王将相	dì wáng jiòn xiàng
促膝谈心	cù xī tán xīn
家常茶饭	jiā cháng chá fàn
寸指测渊	cùn zhǐ cè yuān
拿云攫石	ná yún jué shí
偃武息戈	yǎn wǔ xī gē
托物感怀	tuō wù gǎn huái
触景伤怀	chù jǐng shāng huái
燕市悲歌	yān shì bēi gē
以肉喂虎	yǐ ròu wèi hǔ
以肉餧虎	yǐ ròu sì hǔ
复蹈前辙	fù dǎo qián zhé
更令明号	gēng lìng míng hào
明媒正礼	míng méi zhèng lǐ
小姑独处	xiǎo gū dú chǔ
迁善塞违	qiān shàn sāi wéi
买笑追欢	mǎi xiào zhuī huān
追欢买笑	zhuī huān mǎi xiào
传为佳话	chuán wéi jiā huà
朝梁暮周	zhāo liáng mù zhōu
破巢余卵	pò cháo yú luǎn
以泽量尸	yǐ zé liáng shī
青史流芳	qīng shǐ liú fāng
柔远能迩	róu yuǎn néng ěr
空话连篇	kōng huà lián piān
劳师袭远	láo shī xí yuǎn
家弦户诵	jiā xián hù sòng
富贵荣华	fù guì róng huá
荣华富贵	róng huá fù guì
龙雏凤种	lóng chú fèng zhǒng
析微察异	xī wēi chá yì
整衣敛容	zhěng yī liǎn róng
抱枝拾叶	bào zhī shí yè
奋勇当先	fèn yǒng dāng xiān
敢勇当先	gǎn yǒng dāng xiān
事生肘腋	shì shēng zhǒu yè
龙腾虎蹴	lóng téng hǔ cù
瑶林玉树	yáo lín yù shù
龚行天罚	gōng xíng tiān fá
打情骂趣	dǎ qíng mà qù
黄卷青灯	huáng juàn qīng dēng
青灯黄卷	qīng dēng huáng juàn
寡信轻诺	guǎ xìn qīng nuò
轻诺寡信	qīng nuò guǎ xìn
干净利索	gàn jìng lì suǒ
焦沙烂石	jiāo shā shí làn
指麾可定	zhǐ huī kě dìng
枕戈尝胆	zhěn gē cháng dǎn
虎背熊腰	hǔ bèi xióng yāo
熊腰虎背	xióng yāo hǔ bèi
嫁鸡逐鸡	jià jī zhú jī
爱屋及乌	ài wū jí wū
枭视狼顾	xiāo shì láng gù
三尸暴跳	sān shī bào tiào
枝词蔓说	zhī cí màn shuō
造谣生非	zào yáo shēng fēi
丝丝入扣	sī sī rù kòu
桃腮柳眼	táo sāi liǔ yǎn
沉谋研虑	chén móu yán lǜ
醋海翻波	cù hǎi fān bō
飞黄腾踏	fēi huáng téng tà
炊沙作饭	chuī shā zuò fàn
先意承旨	xiān yì chéng zhǐ
乞穷俭相	qǐ qióng jiǎn xiāng
争权攘利	zhēng quán rǎng lì
贻臭万年	yí chòu wàn nián
傲然挺立	ào rán tǐng lì
傲慢不逊	ào màn bù xùn
风姿绰约	fēng zī chuō yué
大腹便便	dà fù pián pián
体规画圆	tǐ guī huà yuán
分钗破镜	fēn chāi pò jìng
镜破钗分	jìng pò chāi fēn
破镜分钗	pò jìng fēn chāi
洞鉴古今	dòng jiàn gǔ jīn
铜筋铁骨	tóng jīn tiě gǔ
利齿伶牙	lì chǐ líng yā
倾家败产	qīng jiā bài chǎn
案甲休兵	àn jiǎ xiū bīng
调和阴阳	tiáo hé yīn yáng
摇手触禁	yáo shǒu chù jìn
清都紫微	qīng dōu zǐ wēi
半部论语	bàn bù lún yǔ
遁迹匿影	dùn jì nì yǐng
土偶蒙金	tǔ ǒu méng jīn
嗔目切齿	chēn mù qiē chǐ
渴而掘井	kě ér jué jǐng
杜弊清源	dù bì qīng yuán
妻儿老少	qī ér lǎo shǎo
待月西厢	dài yuè xī xiāng
减师半德	jiǎn shī bàn dé
根结盘据	gēn jié pán jù
曝书见竹	pù shū jiàn zhú
鼠窜狗盗	shǔ cuàn gǒu dào
晕头转向	yūn tóu zhuàn xiàng
百兽率舞	bǎi shòu shuài wǔ
三豕涉河	sān shǐ shè hé
多材多艺	duō cái duō yì
木坏山颓	mù huài shān tuí
山颓木坏	shān tuí mù huài
抚躬自问	fǔ gōng zì wèn
投笔从戎	tóu bǐ cóng róng
分房减口	fēn fáng jiǎn kǒu
比肩连袂	bǐ jiān lián mèi
攀龙讬凤	pān lóng xiù fèng
山川米聚	shān chuān mǐ jù
凡才浅识	fán cái qiǎn shí
钉嘴铁舌	dīng zuǐ tiě shé
饮水栖衡	yǐn shuǐ qī héng
讲经说法	jiǎng jīng shuō fǎ
雕文织采	diāo wén zhī cǎi
两般三样	liǎng bān sān yàng
三般两样	sān bān liǎng yàng
移缓就急	yí huǎn jiù jí
铢分毫析	zhū fēn háo xī
迭矩重规	dié jǔ chóng guī
规重矩迭	guī zhòng jǔ dié
重规迭矩	chóng guī dié jǔ
改姓易代	gǎi xìng yì dài
趋权附势	qū quán fù shì
蹈锋饮血	dǎo fēng yǐn xuè
粥粥无能	zhōu zhōu wú néng
偃武休兵	yǎn wǔ xiū bīng
匠门弃材	jiàng mén qì cái
遣词措意	qiǎn cí cuò yì
众毛攒裘	zhòng máo cuán qiú
拆东补西	chāi dōng bǔ xī
拆西补东	chāi xī bǔ dōng
狐潜鼠伏	hú qián shǔ fú
裹血力战	guǒ xuè lì zhàn
敛影逃形	liǎn yǐng táo xíng
祸盈恶稔	huò yíng è rěn
遥遥相对	yáo yáo xiāng duì
材剧志大	cái jù zhì dà
汗出浃背	hàn chū jiā bèi
燕巢飞幕	yàn cháo fēi mù
跨山压海	kuà shān yā hǎi
斗米尺布	dǒu mǐ chǐ bù
禁情割欲	jìn qíng gē yù
浮翠流丹	fú cuì liú dān
刍荛之见	chú ráo zhī jiàn
发号施令	fā hào shī lìng
施号发令	shī hào fā lìng
隳节败名	huī jié bài míng
年高德劭	nián gāo dé shào
年高德卲	nián gāo dé ér
四肢百体	sì zhī bǎi tǐ
爱莫能助	ài mò néng zhù
狗仗官势	gǒu zhàng guān shì
亡国灭种	wáng guó miè zhǒng
驹齿未落	jū chǐ wèi luò
救急扶伤	jiù jí fú shāng
家鸡野雉	jiā jī yě zhì
郎才女貌	láng cái nǚ mào
女貌郎才	nǚ mào láng cái
眠花宿柳	mián huā sù liǔ
眠花醉柳	mián huā zuì liǔ
跋履山川	bá lǚ shān chuān
奉公克己	fèng gōng kè jǐ
克己奉公	kè jǐ fèng gōng
盗钟掩耳	dào zhōng yǎn ěr
掩耳盗钟	yǎn ěr dào zhōng
掐头去尾	qiā tóu qù wěi
进道若蜷	jìn dào ruò quán
进道若踡	jìn dào ruò quán
赏功罚罪	shǎng gōng fá zuì
毛举细务	máo jǔ xì wù
追奔逐北	zhuī bēn zhú běi
别籍异居	bié jí yì jū
胸怀磊落	xiōng huái lěi luò
交相辉映	jiāo xiāng huī yìng
杯弓市虎	bēi gōng shì hǔ
广陵散绝	guǎng líng sǎn jué
为国捐躯	wèi guó juān qū
歪打正着	wāi dǎ zhèng zháo
挺而走险	tǐng ér zǒu xiǎn
覆军杀将	fù jūn shā jiāng
行住坐卧	xíng zhù zuò wò
奋武扬威	fèn wǔ yáng wēi
避坑落井	bì kēng luò jǐng
稀奇古怪	xī qí gǔ guài
方底圆盖	fāng dǐ yuán gài
余勇可贾	yú yǒng kě gǔ
画龙点睛	huà lóng diǎn jīng
鸿渐于干	hóng jiàn yú gàn
卖身投靠	mài shēn tóu kào
雾阁云窗	wù gé yún chuāng
云窗雾阁	yún chuāng wù gé
坐拥书城	zuò yōng shū chéng
安堵乐业	ān dǔ lè yè
风雨晦暝	fēng yǔ huì míng
恩荣并济	ēn róng bìng jì
有脚书厨	yǒu jiǎo shū chú
有脚书橱	yǒu jiǎo shū chú
捉鸡骂狗	zhuō jī mà gǒu
谨毛失貌	jǐn máo shī mào
直捷了当	zhí jié liǎo dàng
锥处囊中	zhuī chǔ náng zhōng
寝不聊寐	qǐn bù liáo mèi
狼号鬼哭	láng háo guǐ kū
触机便发	chù jī biàn fā
好佚恶劳	hǎo yì wù láo
卷甲倍道	juǎn jiǎ bèi dào
握蛇骑虎	wò shé qí hǔ
秀外慧中	xiù wài huì zhōng
面从腹诽	miàn cóng fù fěi
背若芒刺	bèi ruò máng cì
寸阴尺璧	cùn yīn chǐ bì
东捱西问	dōng ái xī wèn
立此存照	lì cǐ cún zhào
穿红着绿	chuān hóng zhuó lǜ
水落归漕	shuǐ luò guī cáo
玉减香销	yù jiǎn xiāng xiāo
福倚祸伏	fú yǐ huò fú
祸福倚伏	huò fú yǐ fú
摩厉以须	mó lì yǐ xū
东挨西撞	dōng āi xī zhuàng
百舍重趼	bǎi shè chóng jiǎn
放屁添风	fàng pì tiān fēng
今夕何夕	jīn xī hé xī
吴市之箫	wú shì zhī xiāo
草创未就	cǎo chuàng wèi jiù
别有滋味	bié yǒu zī wèi
耻居王后	chǐ jū wáng hòu
闭阁自责	bì gé zì zé
文章魁首	wén zhāng kuí shǒu
以刑致刑	yǐ xíng zhì xíng
鸡争鹅斗	jī zhēng é dòu
调三斡四	tiáo sān wò sì
分丝析缕	fēn sī xī lǚ
形色仓皇	xíng sè cāng huáng
心驰魏阙	xīn chí wèi què
矜名嫉能	jīn míng jì néng
拍板成交	pāi bǎn chéng jiāo
章句小儒	zhāng jù xiāo rú
握素披黄	wò sù pī huáng
生机勃勃	shēng jī bó bó
牵引附会	qiān yǐn fù huì
芒芒苦海	máng máng kǔ hǎi
鼓腹击壤	gǔ fù jī rǎng
击壤鼓腹	jī rǎng gǔ fù
时运亨通	shí yùn hēng tōng
连阶累任	lián jiē lèi rèn
室迩人遐	shì ěr rén xiá
负屈含冤	fù qū hán yuān
含冤负屈	hán yuān fù qū
盖世英雄	gài shì yīng xióng
颠来播去	diān lái bō qù
磊落豪横	lěi luò háo héng
珠璧交辉	zhū bì jiāo huī
含糊其辞	hán hú qí cí
帮虎吃食	bāng hǔ chī shí
燕巢幕上	yàn cháo mù shàng
狼狈为奸	láng bèi wéi jiān
柳娇花媚	liǔ jiāo huā mèi
西装革履	xī zhuāng gé lǚ
荣古虐今	róng gǔ nüè jīn
鬼哭神嚎	guǐ kū shén háo
神嚎鬼哭	shén háo guǐ kū
描龙绣凤	miáo lóng xiù fèng
内忧外患	nèi yōu wài huàn
盗憎主人	dào zēng zhǔ rén
浇瓜之惠	jiāo guā zhī huì
凝瞩不转	níng zhǔ bù zhuǎn
款学寡闻	kuǎn xué guǎ wén
革凡成圣	gé fán chéng shèng
尺步绳趋	chǐ bù shéng qū
绳趋尺步	shéng qū chǐ bù
舌敝耳聋	shé bì ěr lóng
攘权夺利	rǎng quán duó lì
迟疑观望	chí yí guān wàng
松柏之寿	sōng bǎi zhī shòu
目眦尽裂	mù zì jìn liè
鱼游濠上	yú yóu háo shàng
豺狼当涂	chái láng dāng tú
比肩继踵	bǐ jiān jì zhǒng
建功立业	jiàn gōng lì yè
天诱其衷	tiān yòu qí zhōng
鸾翔凤集	luán xiáng fèng jí
者也之乎	zhě yě zhī hū
之乎者也	zhī hū zhě yě
溯流追源	sù liú zhuī yuán
捉刀代笔	zhuō dāo dài bǐ
挑三拣四	tiāo sān jiǎn sì
量己审分	liàng jǐ shěn fēn
诡雅异俗	guǐ yǎ yì sú
拔山扛鼎	bá shān gāng dǐng
扛鼎拔山	gāng dǐng bá shān
损本逐末	sǔn běn zhú mò
高朋满座	gāo péng mǎn zuò
恩同父母	ēn tóng fù mǔ
死标白缠	sǐ biāo bái chán
授柄于人	shòu bǐng yú rén
驾雾腾云	jià wù téng yún
腾云驾雾	téng yún jià wù
其道亡繇	qí dào wáng yáo
繁枝细节	fán zhī xì jié
遗音余韵	yí yīn yú yùn
衔橛之变	xián jué zhī biàn
前仆后继	qián pū hòu jì
民膏民脂	mín gāo mín zhī
民脂民膏	mín zhī mín gāo
啼笑皆非	tí xiào jiē fēi
乘轻驱肥	chéng qīng qū féi
断壁残垣	duàn bì cán yuán
断垣残壁	duàn yuán cán bì
重熙累盛	chóng xī lěi shèng
出丑放乖	chū chǒu fàng guāi
铄古切今	shuò gǔ qiē jīn
五洲四海	wǔ zhōu sì hǎi
满谷满坑	mǎn gǔ mǎn kēng
满坑满谷	mǎn kēng mǎn gǔ
高掌远跖	gāo zhǎng yuǎn zhí
吹网欲满	chuī wǎng yù mǎn
胫大于股	jìng dà yú gǔ
敛声屏息	liǎn shēng píng xī
屏声敛息	píng shēng liǎn xī
日程月课	rì chéng yuè kè
日省月课	rì xǐng yuè kè
风韵犹存	fēng yùn yóu cún
束戈卷甲	shù gē juàn jiǎ
富堪敌国	fù kān dí guó
逞性妄为	chěng xìng wàng wéi
怙终不悛	hù zhōng bù quān
压倒元白	yā dǎo yuán bái
悬崖转石	xuán yá zhuǎn shí
披裘负薪	pī qiú fù xīn
缓步代车	huǎn bù dài chē
偷安旦夕	tōu ān dàn xī
纵曲枉直	zòng qǔ wǎng zhí
见弹求鸮	jiàn dàn qiú háo
釜底游魂	fǔ dǐ yóu hún
含垢弃瑕	hán gòu qì xiá
使性谤气	shǐ xìng bàng qì
孜孜不倦	zī zī bù juàn
视如敝屣	shì rú bì xǐ
五音六律	wǔ yīn liù lǜ
如汤沃雪	rú tāng wò xuě
拨乱反治	bō luàn fǎn zhì
信及豚鱼	xìn jí tún yú
男大当娶	nán dà dāng qǔ
飘零书剑	piāo líng shū jiàn
骈肩累迹	pián jiān lěi jì
叠矩重规	dié jǔ chóng guī
规重矩叠	guī chóng jǔ dié
重规叠矩	chóng guī dié jǔ
更仆难终	gēng pú nán zhōng
沥血披肝	lì xuè pī gān
披肝沥血	pī gān lì xuè
凿壁偷光	záo bì tōu guāng
富国裕民	fù guó yù mín
民殷国富	mín yīn guó fù
将李代桃	jiāng lǐ dài táo
龙眉豹颈	lóng méi bào jǐng
风流潇洒	fēng liú xiāo sǎ
潇洒风流	xiāo sǎ fēng liú
完美无疵	wán měi wú cī
雪鬓霜毛	xuě bìn shuāng máo
敬小慎微	jìng xiǎo shèn wēi
深猷远计	shēn yóu yuǎn jì
被甲枕戈	pī jiǎ zhěn gē
寿终正寝	shòu zhōng zhèng qǐn
问柳评花	wèn liǔ píng huā
运筹决胜	yùn chóu jué shèng
放鹰逐犬	fàng yīng zhú quǎn
披沙拣金	pī shā jiǎn jīn
压良为贱	yā liáng wéi jiàn
东睃西望	dōng suō xī wàng
破家县令	pò jiā xiàn lìng
悲喜交集	bēi xǐ jiāo jí
威望素着	wēi wàng sù zhù
惜指失掌	xī zhǐ shī zhǎng
慕古薄今	mù gǔ bó jīn
履穿踵决	lǚ chuān zhǒng jué
概日凌云	gài rì líng yún
吞舟是漏	tūn zhōu shì lòu
尖言尖语	jiān yán jiān yǔ
委曲求全	wěi qǔ qiú quán
彼弃我取	bǐ qì wǒ qǔ
刿心刳腹	guì xīn kū fù
博学洽闻	bó xué qià wén
看朱成碧	kàn zhū chéng bì
招是揽非	zhāo shì lǎn fēi
丑声远播	chǒu shēng yuǎn bō
如梦初醒	rú mèng chū xǐng
蹈赴汤火	dǎo fù tāng huǒ
蹈火赴汤	dǎo huǒ fù tāng
蹈汤赴火	dǎo tāng fù huǒ
赴汤蹈火	fù tāng dǎo huǒ
巴山度岭	bā shān dù lǐng
飞沿走壁	fēi yán zǒu bì
兰质薰心	lán zhì xūn xīn
人喊马嘶	rén hǎn mǎ sī
龙骧虎啸	lóng xiāng hǔ xiào
发政施仁	fā zhèng shī rén
哀鸿遍地	āi hóng biàn dì
颐神养寿	yí shén yǎng shòu
进善惩奸	jìn shàn chéng jiān
疾言遽色	jí yán jù sè
穷奢极欲	qióng shē jí yù
否极阳回	pǐ jí yáng huí
尺布斗粟	chǐ bù dǒu sù
斗粟尺布	dǒu sù chǐ bù
圣主垂衣	shèng zhǔ chuí yī
揆时度势	kuí shí dù shì
生张熟魏	shēng zhāng shú wèi
熟魏生张	shú wèi shēng zhāng
雁杳鱼沉	yàn yǎo yú chén
鱼沉雁杳	yú chén yàn yǎo
鸱张鱼烂	chī zhāng yú làn
允执其中	yǔn zhí qí zhōng
白兔赤乌	bái tù chì wū
供过于求	gōng guò yú qiú
求过于供	qiú guò yú gòng
通幽洞微	tōng yōu dòng wēi
名列前茅	míng liè qián máo
贞风亮节	zhēn fēng liàng jié
万念俱灰	wàn niàn jù huī
张灯结采	zhāng dēng jié cǎi
飞鸿印雪	fēi hóng yìn xuě
语无诠次	yǔ wú quán cì
析精剖微	xī jīng pōu wēi
宽洪大度	kuān hóng dà dù
诸亲好友	zhū qīn hǎo yǒu
借镜观形	jiè jìng guān xíng
鞭辟入里	biān pì rù lǐ
推贤让能	tuī xián ràng néng
旋生旋灭	xuán shēng xuán miè
干父之蛊	gàn fù zhī gǔ
波骇云属	bō hài yún zhǔ
研精钩深	yán jīng gōu shēn
臭肉来蝇	chòu ròu lái yíng
话中带刺	huà zhōng dài cì
沽名干誉	gū míng gàn yù
故态复还	gù tài fù huán
牛听弹琴	niú tīng tán qín
好戴高帽	hǎo dài gāo mào
念念有词	niàn niàn yǒu cǐ
直抒己见	zhí shū jǐ jiàn
消息盈冲	xiāo xī yíng chōng
七损八益	qī sǔn bā yì
问寒问暖	wèn hán wèn nuǎn
抗颜为师	kàng yán wéi shī
戳无路儿	chuō wú lù ér
主客颠倒	zhǔ kè diān dǎo
苟全性命	gǒu quán xìng mìng
红男绿女	hóng nán lǜ nǚ
绿女红男	lǜ nǚ hóng nán
云蒸雾集	yún zhēng wù jí
历世磨钝	lì shì mó dùn
抱诚守真	bào chéng shǒu zhēn
踵决肘见	zhǒng jué zhǒu jiàn
三环五扣	sān huán wǔ kòu
情见埶竭	qíng jiàn zhōu jié
鸾胶凤丝	luán jiāo fèng sī
改朝换姓	gǎi cháo huàn xìng
发策决科	fā cè jué kē
触类旁通	chù lèi páng tōng
诗庭之训	shī tíng zhī xùn
五谷丰熟	wǔ gǔ fēng shú
束肩敛息	shù jiān liǎn xī
三牲五鼎	sān shēng wǔ dǐng
漫天叫价	màn tiān jiào jià
掉舌鼓唇	diào shé gǔ chún
蛇食鲸吞	shé shí jīng tūn
离弦走板	lí xián zǒu bǎn
搬弄是非	bān nòng shì fēi
植善倾恶	zhí shàn qīng è
迷惑视听	mí huò shì tīng
狗偷鼠窃	gǒu tōu shǔ qiè
鼠窃狗偷	shǔ qiè gǒu tōu
违条舞法	wéi tiáo wǔ fǎ
凡桃俗李	fán táo sú lǐ
喷血自污	pēn xuè zì wū
粗衣淡饭	cū yī dàn fàn
焦头烂额	jiāo tóu làn é
烂额焦头	làn é jiāo tóu
头焦额烂	tóu jiāo é làn
发蒙解惑	fā méng jiě huò
化及豚鱼	huà jí tún yú
雄姿英发	xióng zī yīng fā
叱嗟风云	chì jiē fēng yún
沐露梳风	mù lù shū fēng
耳闻则诵	ěr wén zé sòng
生灵涂炭	shēng líng tú tàn
涂炭生灵	tú tàn shēng líng
探头探脑	tàn tóu tàn nǎo
满腹疑团	mǎn fù yí tuán
疑团满腹	yí tuán mǎn fù
辞尊居卑	cí zūn jū bēi
水母目虾	shuǐ mǔ mù xiā
逍遥自得	xiāo yáo zì dé
历精更始	lì jīng gèng shǐ
望尘拜伏	wàng chén bài fú
蜗角蝇头	wō jiǎo yíng tóu
蝇头蜗角	yíng tóu wō jiǎo
饮水曲肱	yǐn shuǐ qū gōng
毛举缕析	máo jǔ lǚ xī
毛骨悚然	máo gǔ sǒng rán
飞珠溅玉	fēi zhū jiàn yù
名贸实易	míng mào shí yì
傍观者清	bàng guān zhě qīng
负恩昧良	fù ēn mèi liáng
省身克己	xǐng shēn kè jǐ
鸾只凤单	luán zhī fèng dān
笃近举远	dǔ jìn jǔ juǎn
燕语莺啼	yàn yǔ yīng tí
莺啼燕语	yīng tí yàn yǔ
铮铮有声	zhēng zhēng yǒu shēng
纵虎出柙	zòng hǔ chū xiá
魂惊魄惕	hún jīng pò tì
大肆厥辞	dà sì jué cí
引咎自责	yǐn jiù zì zé
因乌及屋	yīn wū jí wū
服低做小	fú dī zuò xiǎo
遭逢时会	zāo féng shí huì
恍如梦境	huǎng rú mèng jìng
怀珠韫玉	huái zhū yùn yù
阴谋诡计	yīn móu guǐ jì
讷言敏行	nè yán mǐn xíng
狼贪鼠窃	láng tān shǔ qiè
如法泡制	rú fǎ pào zhì
救亡图存	jiù wáng tú cún
量体裁衣	liàng tǐ cái yī
成团打块	chéng tuán dǎ kuài
财殚力竭	cái dān lì jié
殚财竭力	dān cái jié lì
力殚财竭	lì dān cái jié
被甲执兵	pī jiǎ zhí bīng
云屯席卷	yún tún xí juǎn
汗流浃背	hàn liú jiā bèi
浃背汗流	jiā bèi hàn liú
流汗浃背	liú hàn jiā bèi
殚精极虑	dān jīng jí lǜ
乘虚蹈隙	chéng xū dǎo xì
桑荫不徙	sāng yīn bù xǐ
拾人涕唾	shí rén tì tuò
拾人唾涕	shí rén tuò tì
厉精图治	lì jīng tú zhì
海桑陵谷	hǎi sāng líng gǔ
廓达大度	kuò dá dà dù
徒劳往返	tú láo wǎng fǎn
往返徒劳	wǎng fǎn tú láo
自郐无讥	zì kuài wú jī
残圭断璧	cán guī duàn bì
仓卒主人	cāng cù zhǔ rén
神机鬼械	shén jī guǐ xiè
整装待发	zhěng zhuāng dài fā
腰金拖紫	yāo jīn tuō zǐ
冠山戴粒	guàn shān dài lì
八方支援	bā fāng zhī yuán
乡壁虚造	xiāng bì xū zào
力竭声嘶	lì jié shēng sī
声嘶力竭	shēng sī lì jié
摩顶至足	mó dǐng zhì zú
大梦初醒	dà mèng chū xǐng
康庄大道	kāng zhuāng dà dào
作善降祥	zuò shàn jiàng xiáng
把玩无厌	bǎ wán wǔ yàn
扬汤止沸	yáng tāng zhǐ fèi
归正邱首	guī zhèng qiū shǒu
归正首邱	guī zhèng shǒu qiū
鞍马劳顿	ān mǎ láo dùn
饰非遂过	shì fēi suí guò
迎刃立解	yíng rèn lì jiě
摇头摆脑	yáo tóu bǎi nǎo
刳精鉥心	kū jīng jiū xīn
龙威燕颔	lóng wēi yàn hàn
拘神遣将	jū shén qiǎn jiàng
啮血为盟	niè xuè wéi méng
咬血为盟	yǎo xuè wéi méng
女大须嫁	nǚ dà xū jià
当务始终	dang wu shi zhong
浮光掠影	fú guāng lüè yǐng
掠影浮光	lüè yǐng fú guāng
普天匝地	pǔ tiān zā dì
铜围铁马	tóng wéi tiě mǎ
官报私仇	guān bào sī chóu
西台痛哭	xī tái tòng kū
南征北战	nán zhēng běi zhàn
韬晦待时	tāo huì dài shí
千刀万剁	qiān dāo wàn duò
千刀万剐	qiān dāo wàn guǎ
曝骨履肠	pù gǔ lǚ cháng
相逢恨晚	xiāng féng hèn wǎn
还淳反古	huán chún fǎn gǔ
瓜葛相连	guā gě xiāng lián
寿陵失步	shòu líng shī bù
烹龙煮凤	pēng lóng zhǔ fèng
规圆矩方	guī yuán jǔ fāng
众目具瞻	zhòng mù jù zhān
游辞巧饰	yóu cí qiǎo shì
俭故能广	jiǎn gù néng guǎng
抓破脸子	zhuā pò liǎn zǐ
贞下起元	zhēn xià qǐ yuán
黜衣缩食	chù yī suō shí
攻城野战	gōng chéng yě zhàn
向隅而泣	xiàng yú ér qì
戛玉敲冰	jiá yù qiāo bīng
敲冰戛玉	qiāo bīng jiá yù
劈风斩浪	pī fēng zhǎn làng
击节叹赏	jī jié tàn shǎng
曹社之谋	cáo shè zhī móu
惘然若失	wǎng rán ruò shī
心广体胖	xīn guǎng tǐ pán
张慌失措	zhāng huāng shī cuò
马革盛尸	mǎ gé shèng shī
良宵好景	liáng xiāo hǎo jǐng
鸾鸣凤奏	luán míng fèng zòu
定倾扶危	dìng qīng fú wēi
扶危定倾	fú wēi dìng qīng
有的放矢	yǒu dǐ fàng shǐ
铺眉蒙眼	pū méi méng yǎn
饮冰食檗	yǐn bīng shí bò
雁逝鱼沉	yàn shì yú chén
鱼沉雁渺	yú chén yàn miǎo
使智使勇	shǐ zhì shǐ yǒng
茧丝牛毛	jiǎn sī niú máo
肩从齿序	jiān cóng chǐ xù
如胶投漆	rú jiāo tóu qī
敢为敢做	gǎn wéi gǎn zuò
断章摘句	duàn zhāng zhāi jù
三番五次	sān fān wǔ cì
家传户颂	jiā chuán hù sòng
集思广益	jí sī guǎng yì
麟肝凤髓	lín gān fèng suǐ
雨歇云收	yǔ xiē yún shōu
回天乏术	huí tiān fá shù
仰屋著书	yǎng wū zhù shū
大才槃槃	dà cái pán pán
呼群结党	hū qún jié dǎng
铩羽而归	shā yǔ ér guī
回筹转策	huí chóu zhuǎn cè
居心叵测	jū xīn pǒ cè
云树遥隔	yún shù yáo gé
举例发凡	jǔ lì fā fán
营营逐逐	yíng yíng zhú zhú
罪恶昭著	zuì è zhāo zhù
蹇之匪躬	jiǎn zhī fěi gōng
吹毛洗垢	chuī máo xǐ gòu
棋逢敌手	qí féng dí shǒu
箕裘相继	jī qiú xiāng jì
玉石混淆	yù shí hùn xiáo
耐人寻味	nài rén xún wèi
五内俱崩	wǔ nèi jù bēng
雨蓑风笠	yǔ suō fēng lì
精疲力竭	jīng pí lì jié
杜默为诗	dù mò wéi shī
引绳切墨	yǐn shéng qiē mò
被宠若惊	bèi chǒng ruò jīng
争强斗狠	zhēng qiáng dòu hěn
抱怨雪耻	bào yuàn xuě chǐ
洁己奉公	jié jǐ fèng gōng
茶余饭后	chá yú fàn hòu
鹤骨松筋	hè gǔ sōng jīn
狗急跳墙	gǒu jí tiào qiáng
安富恤贫	ān fù xù pín
买笑寻欢	mǎi xiào xún huān
五藏六府	wǔ cáng liù fǔ
识明智审	shí míng zhì shěn
面授机宜	miàn shòu jī yí
析骸易子	xī hái yì zǐ
易子析骸	yì zǐ xī hái
舞弊营私	wǔ bì yíng sī
营私舞弊	yíng sī wǔ bì
闭户读书	bì hù dú shū
运蹇时低	yùn jiǎn shí dī
东捞西摸	dōng lāo xī mō
若涉渊冰	ruò shè yuān bīng
救过补阙	jiù guò bǔ quē
溥天同庆	pǔ tiān tóng qìng
骚情赋骨	sāo qíng fù gǔ
死乞白赖	sǐ qǐ bái lài
赴险如夷	fù xiǎn rú yí
兵拏祸结	bīng ná huò jié
醴酒不设	lǐ jiǔ bù shè
以毒攻毒	yǐ dú gōng dú
以夷攻夷	yǐ yí gōng yí
以夷制夷	yǐ yí zhì yí
以夷治夷	yǐ yí zhì yí
雪中送炭	xuě zhōng sòng tàn
睡卧不宁	shuì wò bù níng
长蛇封豕	cháng shé fēng shǐ
封豕长蛇	fēng shǐ cháng shé
柳衢花市	liǔ qú huā shì
麻痹大意	má bì dà yì
浩气凛然	hào qì lǐn rán
鬻声钓世	yù shēng diào shì
沐猴而冠	mù hóu ér guàn
文宗学府	wén zōng xué fǔ
南箕北斗	nán jī běi dǒu
点手划脚	diǎn shǒu jí jiǎo
一眨巴眼	yī zhǎ bā yǎn
两次三番	liǎng cì sān fān
三番两次	sān fān liǎng cì
锦瑟华年	jǐn sè huá nián
锦瑟年华	jǐn sè nián huá
曳尾涂中	yè wěi tú zhōng
偃革倒戈	yǎn gé dǎo gē
进可替否	jìn kě tì fǒu
砥节奉公	dǐ jié fèng gōng
富商大贾	fù shāng dà jiǎ
赃盈恶贯	zāng yíng è guàn
观者成堵	guān zhě chéng dǔ
无精嗒彩	wú jīng dā cǎi
材茂行洁	cái mào xíng jié
沉李浮瓜	chén lǐ fú guā
浮瓜沉李	fú guā chén lǐ
殚见洽闻	dān jiàn qià wén
感慨万端	gǎn kǎi wàn duān
摆尾摇头	bǎi wěi yáo tóu
摇头摆尾	yáo tóu bǎi wěi
怜香惜玉	lián xiāng xī yù
惜玉怜香	xī yù lián xiāng
半死辣活	bàn sǐ là huó
宽猛相济	kuān měng xiāng jì
称薪而爨	chēng xīn ér cuàn
发植穿冠	fà zhí chuān guān
植发穿冠	zhí fà chuān guàn
突飞猛进	tū fēi měng jìn
渊清玉絜	yuān qīng yù jié
微察秋毫	wēi chá qiū háo
损公肥私	sǔn gōng féi sī
反正还淳	fǎn zhèng huán chún
点头咂嘴	diǎn tóu zā zuǐ
游戏笔墨	yóu xì bǐ mò
顾盼生姿	gù pàn shēng zī
席丰履厚	xí fēng lǚ hòu
席履丰厚	xí lǚ fēng hòu
词严义密	cí yán yì mì
超凡入圣	chāo fán rù shèng
入圣超凡	rù shèng chāo fán
根深蒂固	gēn shēn dì gù
深根固蒂	shēn gēn gù dì
埋声晦迹	mái shēng huì jì
顾盼自雄	gù pàn zì xióng
偃武崇文	yǎn wǔ chóng wén
做张做智	zuò zhāng zuò zhì
前挽后推	qián wǎn hòu tuī
闭门酣歌	bì mén hān gē
巢居穴处	cháo jū xué chǔ
毒手尊拳	dú shǒu zūn quán
心烦技痒	xīn fán jì yǎnɡ
杂七杂八	zá qī zá bā
畏威怀德	wèi wēi huái dé
谄上抑下	chǎn shàng yi xià
撑天拄地	chēng tiān zhǔ dì
竭智尽忠	jié zhì jìn zhōng
竭忠尽智	jié zhōng jìn zhì
矫尾厉角	jiǎo wěi lì jiǎo
三等九般	sān děng jiǔ bān
败法乱纪	bài fǎ luàn jì
须眉皓然	xū méi hào rán
禁舍开塞	jìn shě kāi sāi
发扬踔厉	fā yáng chuō lì
姜桂之性	jiāng guì zhī xìng
褎然居首	yòu rán jú shǒu
不觉技痒	bù jué jì yǎng
饿虎吞羊	è hǔ tūn yáng
扇火止沸	shàn huǒ zhǐ fèi
含垢藏瑕	hán gòu cáng xiá
踵事增华	zhǒng shì zēng huá
心怀叵测	xīn huái pǒ cè
知羞识廉	zhī xiū shí lián
辅牙相倚	fǔ yá xiāng yǐ
高垒深沟	gāo lěi shēn gōu
深沟高垒	shēn gōu gāo lěi
登山越岭	dēng shān yuè lǐng
人亡邦瘁	rén wáng bāng cuì
倒屣相迎	dào xǐ xiāng yíng
鹿死谁手	lù sǐ shuí shǒu
雨帘云栋	yǔ lián yún dòng
拈轻怕重	niān qīng pà zhòng
履险若夷	lǚ xiǎn ruò yí
镂冰雕朽	lòu bīng diāo xiǔ
歌声绕梁	gē shēng rào liáng
默转潜移	mò zhuǎn qián yí
潜移默转	qián yí mò zhuǎn
亲仁善邻	qīn rén shàn lín
仙姿玉貌	xiān zī yù mào
食甘寝宁	shí gān qǐn níng
河梁携手	hé liáng xié shǒu
班门弄斧	bān mén nòng fǔ
弄斧班门	nòng fǔ bān mén
味如鸡肋	wèi rú jī lèi
捐本逐末	juān běn zhú mò
面红颈赤	miàn hóng jǐng chì
引律比附	yǐn lǜ bǐ fù
连墙接栋	lián qiáng jiē dòng
鹤子梅妻	hè zǐ méi qī
梅妻鹤子	méi qī hè zǐ
妻梅子鹤	qī mén zǐ hè
谨行俭用	jǐn xíng jiǎn yòng
君辱臣死	jūn rǔ chén sǐ
济苦怜贫	jì kǔ lián pín
卑鄙无耻	bēi bǐ wú chǐ
珠沉玉陨	zhū chén yù yǔn
移孝作忠	yí xiào zuò zhōng
安营下寨	ān yíng xià zhài
同胞共气	tóng bāo gòng qì
彩凤随鸦	cǎi fèng suí yā
喷云吐雾	pēn yún tǔ wù
末学肤受	mò xué fū shòu
纳士招贤	nà shì zhāo xián
招贤纳士	zhāo xián nà shì
衾影无惭	qīn yǐng wú cán
五毒俱全	wǔ dú jù quán
他乡故知	tā xiāng gù zhī
凤翥龙骧	fèng zhù lóng xiāng
鉴毛辨色	jiàn máo biàn sè
沉著痛快	chén zhù tòng kuài
帝辇之下	dì niǎn zhī xià
车烦马毙	chē fán mǎ bì
涣若冰消	huàn ruò bīng xiāo
不屑教诲	bù xiè jiào huì
暗箭难防	àn jiàn nán fáng
喜怒哀乐	xǐ nù āi lè
伸头探脑	shēn tóu tàn nǎo
逆臣贼子	nì chén zéi zǐ
逆子贼臣	nì zǐ zéi chén
贼臣逆子	zéi chén nì zǐ
镜圆璧合	jìng yuán bì hé
秉公灭私	bǐng gōng miè sī
愤世嫉俗	fèn shì jí sú
夸多斗靡	kuā duō dòu mí
牵肠萦心	qiān cháng yíng xīn
飞蛾扑火	fēi é pū huǒ
旰食宵衣	gàn shí xiāo yī
宵衣旰食	xiāo yī gàn shí
衣宵食旰	yī xiāo shí gàn
形格势禁	xíng gé shì jìn
形禁势格	xíng jìn shì gé
异乎寻常	yì hū xún cháng
八街九陌	bā jiē jiǔ mò
冷眼静看	lěng yǎn jìng kàn
求亲告友	qiú qīn gào yǒu
巧捷万端	qiǎo jié wàn duān
飘瓦虚舟	piāo wǎ xū zhōu
虚舟飘瓦	xū zhōu piāo wǎ
停留长智	tíng liú zhǎng zhì
冯唐头白	féng táng tóu bái
切切此布	qiè qiè cǐ bù
兰芝常生	lán zhī cháng shēng
百业萧条	bǎi yè xiāo tiáo
略逊一筹	lüè xùn yī chóu
明效大验	míng xiào dà yà
明验大效	míng yàn dà xiào
笨鸟先飞	bèn niǎo xiān fēi
处堂燕鹊	chǔ táng yàn què
驱羊战狼	qū yáng zhàn láng
欲扬先抑	yù yáng xiān yì
凿坏而遁	záo pī ér dùn
龟毛兔角	guī máo tù jiǎo
兔角龟毛	tu jiao gui mao
送旧迎新	sòng jiù yíng xīn
迎新送旧	yíng xīn sòng jiù
横翔捷出	héng xiáng jié chū
徊肠伤气	huí cháng shāng qì
参差错落	cēn cī cuò luò
殚智竭力	dān zhì jié lì
锦囊玉轴	jǐn náng yù zhóu
亭亭玉立	tíng tíng yù lì
经纶满腹	jīng lún mǎn fù
满腹经纶	mǎn fù jīng lún
舐皮论骨	shì pí lùn gǔ
礼尚往来	lǐ shàng wǎng lái
炎黄子孙	yán huáng zǐ sūn
长乐未央	cháng lè wèi yāng
三衅三浴	sān xìn sān yù
三浴三衅	sān yù sān xìn
命蹇时乖	mìng jiǎn shí guāi
时乖命蹇	shí guāi mìng jiǎn
调朱弄粉	tiáo zhū nòng fěn
弄粉调朱	nòng fěn diào zhū
吉日良辰	jí rì liáng chén
良辰吉日	liáng chén jí rì
出谋划策	chū móu huà cè
含血潠人	hán xuè xùn rén
重床迭架	chóng chuáng dié jià
干霄凌云	gān xiāo líng yún
添枝接叶	tiān zhī jiē yè
洁浊扬清	jié zhuó yáng qīng
便宜施行	bián yú shī xíng
落魄江湖	luò pò jīng hú
乘机打劫	chéng jī dǎ jié
投梭之拒	tóu suō zhī jù
深入膏肓	shēn rù gāo huāng
无关宏旨	wú guān hóng zhǐ
以规为瑱	yǐ guī wéi tiàn
此动彼应	cǐ dòng bǐ yīng
物阜民丰	wù fù mín fēng
事宽则圆	shì kuān zé yuán
神竦心惕	shén sǒng xīn tì
得鱼忘筌	dé yú wàng quán
倒街卧巷	dǎo jiē wò xiàng
洞烛其奸	dòng zhú qí jiān
便辞巧说	biàn cí qiǎo shuō
摧折豪强	cuī zhé háo qiáng
掉头鼠窜	diào tóu shǔ cuàn
捧头鼠窜	pěng tóu shǔ cuàn
吊民伐罪	diào mín fá zuì
伐罪吊民	fá zuì diào mín
砥厉名号	dǐ lì míng hào
揽名责实	lǎn míng zé shí
七推八阻	qī tuī bā zǔ
卖富差贫	mài fù chà pín
斩草除根	zhǎn cǎo chú gēn
掘室求鼠	jué shì qiú shǔ
旷日弥久	kuàng rì mí jiǔ
煞有介事	shà yǒu jiè shì
神魂荡飏	shén hún dàng chén
弃书捐剑	qì shū juān jiàn
惊惶失措	jīng huáng shī cuò
洗垢求瑕	xǐ gòu qiú xiá
沾亲带故	zhān qīn dài gù
想望风褱	xiǎng wàng fēng shèng
渑池之功	miǎn chí zhī gōng
奇花异卉	qí huā yì huì
夸父追日	kuā fù zhuī rì
投石拔距	tóu shí bá jù
时绌举盈	shí chù jǔ yíng
嘉言善状	jiā yán shàn zhuàng
返视内照	fǎn shì nèi zhào
淡泊明志	dàn bó míng zhì
云屯森立	yún tún sēn lì
掀天斡地	xiān tiān wò dì
三班六房	sān bān liù fáng
磬笔难书	qìng bǐ nán shū
希奇古怪	xī qí gǔ guài
慎终于始	shèn zhōng yú shǐ
流离琐尾	liú lí suǒ wěi
琐尾流离	suǒ wěi liú lí
夺胎换骨	duó tāi huàn gǔ
换骨夺胎	huàn gǔ duó tāi
历历可辨	lì lì kě biàn
怀质抱真	huái zhì bào zhēn
屋乌推爱	wū wū tuī ài
淫言狎语	yín yán xiá yǔ
铸木镂冰	zhù mù lòu bīng
吃穿用度	chī chuān yòng dù
零光片羽	líng guāng piàn yǔ
片光零羽	piàn guāng líng yǔ
连昏接晨	lián hūn jiē chén
事捷功倍	shì jié gōng bèi
赏奇析疑	shǎng qí xī yí
斫轮老手	zhuó lún lǎo shǒu
置诸高阁	zhì zhū gāo gé
博闻强记	bó wén qiáng jì
强记博闻	qiáng jì bó wén
披襟解带	pī jīn jiě dài
渴者易饮	kě zhě yì yǐn
进退损益	jìn tuì sǔn yì
改柱张弦	gǎi zhù zhāng xián
血战到底	xuè zhàn dào dǐ
山复整妆	shan fu zheng zhuang
扬眉眴目	yáng méi shùn mù
适材适所	shì cái shì suǒ
抱残守缺	bào cán shǒu quē
宽宏大度	kuān hóng dà dù
守缺抱残	shǒu quē bào cán
枉费唇舌	wǎng fèi chún shé
解骖推食	jiě cān tuī shí
肉山脯林	ròu shān fǔ lín
蹈常习故	dǎo cháng xí gù
蹈故习常	dǎo gù xí cháng
转嗔为喜	zhuǎn chēn wéi xǐ
旧病难医	jiù bìng nán yī
再衰三竭	zài shuāi sān jié
啸吒风云	xiào zhà fēng yún
抽筋拔骨	chōu jīn bá gǔ
聊以自慰	liáo yǐ zì wèi
尖嘴薄舌	jiān zuǐ bó shé
轶群绝类	yì qún jué lèi
蹈火探汤	dǎo huǒ tàn tāng
探汤蹈火	tàn tāng dǎo huǒ
嵬目鸿耳	wéi mù hóng ěr
舍近即远	shě jìn jí yuǎn
舍近务远	shě jìn wù yuǎn
捐残去杀	juān cán qù shā
知雄守雌	zhī xióng shǒu cí
潜休隐德	qián xiū yǐn dé
孤雌寡鹤	gū cí guǎ hè
操翰成章	cāo hàn chéng zhāng
白圭之玷	bái guī zhī diàn
郎才女姿	láng cái nǚ zī
遥遥在望	yáo yáo zài wàng
束杖理民	shù zhàng lǐ mín
做张做致	zuò zhāng zuò zhì
死欲速朽	sǐ yù sù xiǔ
诸如此例	zhū rú cǐ lì
饱经忧患	bǎo jīng yōu huàn
向壁虚造	xiàng bì xū zào
戴清履浊	dài qīng lǚ zhuó
削职为民	xuē zhí wéi mín
攻城掠地	gōng chéng lüě dì
掠地攻城	lüè dì gōng chéng
自告奋勇	zì gào fèn yǒng
登界游方	dēng jiè yóu fāng
琴断朱弦	qín duàn zhū xián
苍黄翻复	cāng huáng fān fù
探头缩脑	tàn tóu suō nǎo
漫山遍野	màn shān biàn yě
鲁鱼帝虎	lǔ yú dì hǔ
鱼鲁帝虎	yú lǔ dì hǔ
集思广议	jí sī guǎng yì
众擎易举	zhòng qíng yì jǔ
群魔乱舞	qún mó luàn wǔ
铢量寸度	zhū liáng cùn duó
比肩迭踵	bǐ jiān dié zhǒng
步步莲花	bù bù lián huā
出幽迁乔	chū yōu qiān qiáo
挤眉弄眼	jǐ méi nòng yǎn
弄眉挤眼	nòng méi jǐ yǎn
久病成医	jiǔ bìng chéng yī
别籍异财	bié jí yì cái
青蝇点璧	qīng yíng diǎn bì
同力协契	tóng lì xié qì
虚嘴掠舌	xū zuǐ lüè shé
近在眉睫	jìn zài méi jié
变躬迁席	biàn gōng qiān xí
逞强称能	chěng qiáng chēng néng
诡形奇制	guǐ xíng qí zhì
膏梁子弟	gāo liáng zǐ dì
告老还乡	gào lǎo huán xiāng
肤末支离	fū mò zhī lí
鸱目虎吻	chī mù hǔ wěn
进俯退俯	jìn fǔ tuì fǔ
五羖大夫	wǔ gǔ dà fū
凿凿可据	záo záo kě jù
上树拔梯	shàng shù bá tī
旷夫怨女	kuàng fū yuàn nǚ
怨女旷夫	yuàn nǚ kuàng fū
羲皇上人	xī huáng shàng rén
畏葸不前	wèi xǐ bù qián
遵养待时	zūn yǎng dài shí
长篇累牍	cháng piān lěi dú
整本大套	zhěng běn dà tào
运策决机	yùn cè jué jī
使蚊负山	shǐ wén fù shān
饱练世故	bǎo liàn shì gù
抱薪救焚	bào xīn jiù fén
活眼现报	huó yǎn xiàn bào
读书种子	dú shū zhǒng zǐ
罗织罪名	luó zhī zuì míng
独具只眼	dú jù zhī yǎn
刎颈之交	wěn jǐng zhī jiāo
如坐针毡	rú zuò zhēn zhān
鹑衣鹄面	chún yī hú miàn
麻痹不仁	má bì bù rén
卑辞厚礼	bēi cí hòu lǐ
若烹小鲜	ruò pēng xiǎo xiān
修真养性	xiū zhēn yǎng xìng
返老还童	fǎn lǎo huán tóng
将遇良材	jiàng yù liáng cái
凶年饥岁	xiōng nián jī suì
鼓睛暴眼	gǔ jīng bào yǎn
吹竹弹丝	chuí zhú dàn sī
凿柱取书	záo zhù qǔ shū
韬迹隐智	tāo jì yǐn zhì
狭路相逢	xiá lù xiāng féng
相逢狭路	xiāng féng xiá lù
泪如泉滴	lèi rú quán dī
忐忑不定	tǎn tè bù dìng
深山野墺	shēn shān yě ào
重床叠架	chóng chuáng dié jià
径情直遂	jìng qíng zhí suì
尻轮神马	kāo lún shén mǎ
免开尊口	miǎn kāi zūn kǒu
出奇划策	chū qí huá cè
粮多草广	liáng duō cǎo guǎng
朽索驭马	xiǔ suǒ yù mǎ
凤雏麟子	fèng chú lín zǐ
麟子凤雏	lín zǐ fèng chú
打情骂俏	dǎ qíng mà qiào
克己复礼	kè jǐ fù lǐ
土龙沐猴	tǔ lóng mù hóu
荣古陋今	róng gǔ lòu jīn
宽洪大量	kuān hóng dà liàng
映月读书	yìng yuè dú shū
指瑕造隙	zhǐ xiá zào xì
得兔忘蹄	dé tù wàng tí
磊磊落落	lěi lěi luò luò
雨后春笋	yǔ hòu chūn sǔn
临危授命	lín wēi shòu mìng
按名责实	àn míng zé shí
握瑜怀玉	wò yú huái yù
遭时定制	zāo shí dìng zhì
在劫难逃	zài jié nán táo
恃才傲物	shì cái ào wù
修齐治平	xiū qí zhì píng
功薄蝉翼	gōng bó chán yì
玩日愒时	wán rì kài shí
玩时愒日	wán shí ài rì
弃笔从戎	qì bǐ cóng róng
千汇万状	qiān huì wàn zhuàng
引吭高唱	yǐn háng gāo chàng
鼎玉龟符	dǐng yù guī fú
厝火积薪	cuò huǒ jī xīn
积薪厝火	jī xīn cuò huǒ
含糊其词	hán hú qí cí
宠柳娇花	chǒng liǔ jiāo huā
翻山越岭	fān shān yuè lǐng
成王败寇	chéng wáng bài kòu
避让贤路	bì ràng xián lù
百念皆灰	bǎi niàn jiē huī
暗室屋漏	àn shì wū lòu
绿叶成荫	lǜ yè chéng yīn
铁杵成针	tiě chǔ chéng zhēn
追悔莫及	zhuī huǐ mò jí
形容枯槁	xíng róng kū gǎo
凡胎肉眼	fán tāi ròu yǎn
肉眼凡胎	ròu yǎn fán tāi
削足适履	xuē zú shì lǚ
开怀畅饮	kāi huán chàng yǐn
东床娇客	dōng chuáng jiāo kè
更弦易辙	gēng xián yì zhé
党同妒异	dǎng tóng dù yì
凛若冰霜	lǐn ruò bīng shuāng
陈力就列	chén lì jiù liè
鱼书雁帛	yú shū yàn bó
偷媚取容	tōu mèi qǔ róng
躬逢其盛	gōng féng qí shèng
迎刃冰解	yíng rèn bīng jiě
恣情纵欲	zì qíng zòng yù
剖心坼肝	pōu xīn chè gān
积沙成塔	jī shā chéng tǎ
怀冤抱屈	huái yuān bào qū
以夷伐夷	yǐ yí fá yí
饭囊衣架	fàn náng yī jià
衣架饭囊	yī jià fàn náng
褎然冠首	yòu rán guàn shǒu
胸有丘壑	xiōng yǒu qiū hè
撮盐入水	cuō yán rù shuǐ
植发冲冠	zhí fà chōng guàn
鸿雁哀鸣	hóng yàn āi míng
朽木难彫	xiǔ mù nán diāo
利傍倚刀	lì bàng yǐ dāo
铜城铁壁	tóng chéng tiě bì
葬身鱼腹	zàng shēn yū fù
奇装异服	qí zhuāng yì fú
匪夷所思	fěi yí suǒ sī
明法审令	míng fǎ shěn lìng
负任蒙劳	fù rèn méng láo
快犊破车	kuài dú pò chē
威望素著	wēi wàng sù zhù
荡产倾家	dàng chǎn qīng jiā
倾家荡产	qīng jiā dàng chǎn
穷山僻壤	qióng shān pì rǎng
干柴烈火	gān chái liè huǒ
烈火干柴	liè huǒ gān chái
郐下无讥	kuài xià wú jī
正本澄源	zhèng běn chéng yuán
晦迹韬光	huì jì tāo guāng
韬光晦迹	tāo guāng huì jì
矜名妒能	jīn míng dù néng
陈善闭邪	chén shàn bì xié
俭可养廉	jiǎn kě yǎng lián
瓜字初分	guā zì chū fēn
另请高明	lìng qǐng gāo míng
软谈丽语	ruǎn tán lì yǔ
稽古振今	jī gǔ zhèn jīn
苍生涂炭	cāng shēng tú tàn
鼓吻弄舌	gǔ wěn nòng shé
节用裕民	jié yòng yù mín
连里竟街	lián lǐ jìng jiē
文章宗匠	wén zhāng zōng jiàng
明升暗降	míng shēng àn jiàng
丰功盛烈	fēng gōng shèng liè
连更晓夜	lián gèng xiǎo yè
停滞不前	tíng zhì bù qián
片云遮顶	piàn yún zhē dǐng
顿足椎胸	dùn zú zhuī xiōng
椎胸顿足	chuí xiōng dùn zú
鸿稀鳞绝	hóng xī lín jué
柔远怀迩	róu yuǎn huái ěr
承欢膝下	chéng huān xī xià
比肩叠踵	bǐ jiān dié zhǒng
跫然足音	qióng rán zú yīn
足音跫然	zú yīn qióng rán
鞍马劳困	ān mǎ láo kùn
草腹菜肠	cǎo fù cài cháng
默化潜移	mò huà qián yí
潜移默化	qián yí mò huà
肘胁之患	zhǒu xié zhī huàn
惊魂摄魄	jīng hún shè pò
野人献曝	yě rén xiàn pù
轩然霞举	xuān rán xiá jǔ
猝不及防	cù bù jí fáng
心口不一	xīn kǒu bù yī
无大不大	wú dà bù dà
无一不知	wú yī bù zhī
言行不一	yán xíng bù yī
不日不月	bù rì bù yuè
无人之地	wú rén zhī dì
一天一地	yī tiān yī dì
不言不语	bù yán bù yǔ
一心一意	yī xīn yī yì
无天无日	wú tiān wú rì
不正之风	bù zhèng zhī fēng
不得人心	bù dé rén xīn
不声不气	bù shēng bù qì
人心不古	rén xīn bù gǔ
一言不发	yī yán bù fā
不上不下	bù shàng bù xià
一言一行	yī yán yī xíng
知无不言	zhī wú bù yán
不食之地	bù shí zhī dì
不三不四	bù sān bù sì
不一而足	bù yī ér   zú
一心一力	yī xīn yī lì
不识之无	bù shí zhī wú
天不绝人	tiān bù jué rén
不明不白	bù míng bù bái
一心一计	yī xīn yī jì
心口如一	xīn kǒu rú yī
不上不落	bù shàng bù luò
一德一心	yī dé yī xīn
一心一德	yī xīn yī dé
不见天日	bù jiàn tiān rì
一家之言	yī jiā zhī yán
不名一文	bù míng yī wén
一文不名	yī wén bù míng
一人之交	yī rén zhī jiāo
一日之长	yī rì zhī zhǎng
言无不尽	yán wú bù jìn
不可一世	bù kě yī shì
无所不有	wú suǒ bù yǒu
无所不为	wú suǒ bù wéi
无恶不为	wú è bù wéi
无可不可	wú kě bù kě
一生一世	yī shēng yī shì
一事不知	yī shì bù zhī
有天无日	yǒu tiān wú rì
一心一路	yī xīn yī lù
一心无二	yī xīn wú èr
不毛之地	bù máo zhī dì
人不自安	rén bù zì ān
有口无心	yǒu kǒu wú xīn
一死一生	yī sǐ yī shēng
百无一成	bǎi wú yī chéng
不当不正	bù dāng bù zhèng
一心一腹	yī xīn yī fù
百不失一	bǎi bù shī yī
不世之功	bù shì zhī gōng
不臣之心	bù chén zhī xīn
人心如面	rén xīn rú miàn
言之无物	yán zhī wú wù
有一得一	yǒu yī dé yī
不文不武	bù wén bù wǔ
万不失一	wàn bù shī yī
百不当一	bǎi bù dāng yī
人事不知	rén shì bù zhī
一成不变	yī chéng bù biàn
一成不易	yī chéng bù yì
无所不可	wú suǒ bù kě
一事无成	yī shì wú chéng
文人无行	wén rén wú xíng
不生不灭	bù shēng bù miè
风行一世	fēng xíng yī shì
不败之地	bù bài zhī dì
一物不知	yī wù bù zhī
一口一声	yī kǒu yī shēng
无大无小	wú dà wú xiǎo
不识不知	bù shí bù zhī
无所不知	wú suǒ bù zhī
天大地大	tiān dà dì dà
无千无万	wú qiān wú wàn
大得人心	dà dé rén xīn
不古不今	bù gǔ bù jīn
不今不古	bù jīn bù gǔ
无相无作	wú xiāng wú zuò
一无所有	yī wú suǒ yǒu
不以为意	bù yǐ wéi yì
同心一意	tóng xīn yī yì
不破不立	bù può bù lì
无一不备	wú yī bù bèi
无法无天	wú fǎ wú tiān
有心无力	yǒu xīn wú lì
无所不作	wú suǒ bù zuò
无恶不作	wú è bù zuò
无奇不有	wú qí bù yǒu
不直一文	bù zhí yī wén
风行一时	fēng xíng yī shī
一虎不河	yī hǔ bù hé
求之不得	qiú zhī bù dé
上下一心	shàng xià yī xīn
一得之见	yī dé zhī jiàn
一无所成	yī wú suǒ chéng
百世一人	bǎi shì yī rén
一家一火	yī jiā yī huǒ
人中之龙	rén zhōng zhī lóng
天地不容	tiān dì bù róng
不以为然	bù yǐ wéi rán
一家之作	yī jiā zhī zuò
一手一足	yī shǒu yī zú
人山人海	rén shān rén hǎi
目中无人	mù zhōng wú rén
千人一面	qiān rén yī miàn
金玉之言	jīn yù zhī yán
无为而成	wú wéi ér chéng
心上心下	xīn shàng xīn xià
天下一家	tiān xià yī jiā
大难不死	dà nàn bù sǐ
一言千金	yī yán qiān jīn
不经之语	bù jīng zhī yǔ
世道人心	shì dào rén xīn
如出一口	rú chū yī kǒu
出头之日	chū tóu zhī rì
不死不活	bù sǐ bù huó
一无所长	yī wú suǒ cháng
不闻不问	bù wén bù wèn
不问不闻	bù wèn bù wén
来之不易	lái zhī bù yì
口不应心	kǒu bù yìng xīn
心不应口	xīn bù yīng kǒu
生而知之	shēng ér zhī zhī
同心一力	tóng xīn yī lì
有口无行	yǒu kǒu wú xíng
水天一色	shuǐ tiān yī sè
百无一失	bǎi wú yī shī
人千人万	rén qiān rén wàn
有一无二	yǒu yī wú èr
长生不死	cháng shēng bū sǐ
不绝如发	bù jué rú fà
无所不通	wú suǒ bù tōng
出一头地	chū yī tóu dì
不相上下	bù xiāng shàng xià
一无长物	yī wú cháng wù
万无一失	wàn wú yī shī
不当人子	bù dāng rén zǐ
不知高下	bù zhī gāo xià
知人之明	zhī rén zhī míng
不足为意	bù zú wéi yì
无为自成	wú wéi zì chéng
头一无二	tóu yī wú èr
力不从心	lì bù cóng xīn
无声无色	wú shēng wú sè
不仁不义	bù rén bù yì
无情无义	wú qíng wú yì
一日三月	yī rì sān yuè
无空不入	wú kōng bù rù
一家之计	yī jiā zhī jì
一无所知	yī wú suǒ zhī
言行若一	yán xíng ruò yī
以意为之	yǐ yì wéi zhī
风言风语	fēng yán fēng yǔ
春风风人	chūn fēng fèng rén
成人之善	chéng rén zhī shàn
有文无行	yǒu wén wú xíng
言不顾行	yán bù gù xíng
一心同功	yī xīn tóng gōng
不得而知	bù dé ér zhī
无所不能	wú suǒ bù néng
一面之交	yī miàn zhī jiāo
有心有意	yǒu xīn yǒu yì
无万大千	wú wàn dà qiān
无所不在	wú suǒ bù zài
语不惊人	yǔ bù jīng rèn
成一家言	chěng yī jiān yán
一家一计	yī jiā yī jì
一得之功	yī dé zhī gōng
不世之业	bù shì zhī yè
不知所言	bù zhī suǒ yán
言为心声	yán wéi xīn shēng
不经之说	bù jīng zhī shuō
一长一短	yī cháng yī duǎn
言不尽意	yán bù jìn yì
万众一心	wàn zhòng yī xīn
手不应心	shǒu bù yīng xīn
百无一能	bǎi wú yī néng
不易之论	bù yì zhī lùn
文风不动	wén fēng bù dòng
不言而信	bù yán ér xìn
言而不信	yán ér bù xìn
言之有物	yán zhī yǒu wù
十不当一	shí bù huò yī
风雨不改	fēng yǔ bù gǎi
一无所得	yī wú suǒ dé
心神不定	xīn shén bù dìng
天道人事	tiān dào rén shì
风风雨雨	fēng fēng yǔ yǔ
金石之言	jīn shí zhī yán
可心如意	kě xīn rú yì
日出不穷	rì chū bù qióng
无如之何	wú rú zhī hé
百不一存	bǎi bù yī cún
无所不容	wú suǒ bù róng
同德一心	tóng dé yī xīn
同心一德	tóng xīn yī dé
大天白日	dà tiān bái rì
大而无当	dà ér wú dàng
风马不接	fēng mǎ bù jiē
如日中天	rú rì zhōng tiān
一清如水	yī qīng rú shuǐ
面无人色	miàn wú rén sè
一门心思	yī mén xīn sī
无中生有	wú zhōng shēng yǒu
言不及行	yán bù jí xíng
出人头地	chū rén tóu dì
百无一是	bǎi wú yī shì
有生之年	yǒu shēng zhī nián
长生不老	cháng shēng bù lǎo
风云之志	fēng yún zhī zhì
一目之士	yī mù zhī shì
无所不至	wú suǒ bù zhì
一心同归	yī xīn tóng guī
一身五心	yī shēn wǔ xīn
白首之心	bái shǒu zhī xīn
出其不意	chū qí bù yì
不根之论	bù gēn zhī lùn
天无二日	tiān wú èr rì
自不待言	zì bù dài yán
不经之谈	bù jīng zhī tán
老而不死	lǎo ér bù sǐ
心如金石	xīn rú jīn shí
先天不足	xiān tiān bù zú
有意无意	yǒu yì wú yì
神而明之	shén ér míng zhī
不了不当	bù liǎo bù dàng
如天之福	rú tiān zhī fú
一语中人	yī yǔ zhōng rén
一己之见	yī jǐ zhī jiàn
一席之地	yī xí zhī dì
计无所之	jì wú suǒ zhī
一家之学	yī jiā zhī xué
乐不可言	lè bù kě yán
说一不二	shuō yī bù èr
风云人物	fēng yún rén wù
足不出门	zú bù chū mén
有己无人	yǒu jǐ wú rén
绝口不道	jué kǒu bù dào
一面之辞	yī miàn zhī cí
自成一家	zì chéng yī jiā
故人之意	gù rén zhī yì
深得人心	shēn dé rén xīn
一无可取	yī wú kě qǔ
一家之辞	yī jiā zhī cí
深入人心	shēn rù rén xīn
无所不及	wú suǒ bù jí
一以贯之	yī yǐ guàn zhī
东风人面	dōng fēng rén miàn
不知所以	bù zhī suǒ yǐ
视而不见	shì ér bù jiàn
不义之财	bù yì zhī cái
百死一生	bǎi sǐ yī shēng
有嘴无心	yǒu zuǐ wú xīn
老大无成	lǎo dà wú chéng
分文不名	fēn wén bù míng
苦不可言	kǔ bù kě yán
天高地下	tiān gāo dì xià
有声无气	yǒu shēng wú qì
无头无尾	wú tóu wú wěi
一家无二	yī jiā wú èr
无往不利	wú wǎng bù lì
一生一代	yī shēng yī dài
事不过三	shì bù guò sān
风风火火	fēng fēng huǒ huǒ
以心问心	yǐ xīn wèn xīn
言之有理	yán zhī yǒu lǐ
不得不尔	bù dé bù ěr
万死一生	wàn sǐ yī shēng
百无一用	bǎi wú yī yòng
言之有故	yán zhī yǒu gù
不声不响	bù shēng bù xiǎng
不劳而成	bù láo ér chéng
一无所闻	yī wú suǒ wén
不知所云	bù zhī suǒ yún
如无其事	rú wú qí shì
千金之家	qiān jīn zhī jiā
一无所求	yī wú suǒ qiú
自出一家	zì chū yī jiā
高而不危	gāo ér bù wēi
众口如一	zhòng kǒu rú yī
一面之识	yī miàn zhī shí
天下归心	tiān xià guī xīn
合而为一	hé ér wéi yī
不可胜言	bù kě shèng yán
极而言之	jí ér yán zhī
不根之谈	bù gān zhī tán
不相为谋	bù xiāng wéi móu
可有可无	kě yǒu kě wú
不舞之鹤	bù wǔ zhī hè
落花无言	luò huā wú yán
以一知万	yǐ yī zhī wàn
百不一遇	bǎi bù yī yù
生生不息	shēng shēng bù xī
风流人物	fēng liú rén wù
不拔之志	bù bá zhī zhì
言不达意	yán bù dá yì
好自为之	hào zì wéi zhī
同日而言	tóng rì ér yán
心不由意	xīn bù yóu yì
流水无情	liú shuǐ wú qíng
一面之词	yī miàn zhī cí
天作之合	tiān zuò zhī hé
人一己百	rén yī jǐ bǎi
不知所出	bù zhī suǒ chū
三人成虎	sān rén chéng hǔ
无明无夜	wú míng wú yè
无施不可	wú shī bù kě
有朝一日	yǒu zhāo yī rì
世风日下	shì fēng rì xià
一龙一蛇	yī lóng yī shé
成人之美	chéng rén zhī měi
小小不言	xiǎo xiǎo bù yán
心不两用	xīn bù liǎng yòng
耳食之言	ěr shí zhī yán
文如其人	wén rú qí rén
不以为奇	bù yǐ wéi qí
无方之民	wú fāng zhī mín
千金之子	qiān jīn zhī zǐ
口出大言	kǒu chū dā yán
出有入无	chū yǒu rù wú
下落不明	xià luò bù míng
大而化之	dà ér huà zhī
一无所能	yī wú suǒ néng
百事无成	bǎi shì wú chéng
有气无力	yǒu qì wú lì
贪心不足	tān xīn bù zú
言之成理	yán zhī chéng lǐ
一手一脚	yī shǒu yī jiǎo
不分玉石	bù fēn yù shí
玉石不分	yù shí bù fēn
一日之雅	yī rì zhī yǎ
天外有天	tiān wài yǒu tiān
一日千里	yī rì qiān lǐ
自高自大	zì gāo zì dà
一目五行	yī mù wǔ háng
风俗人情	fēng sú rén qíng
不齿于人	bù chǐ yú rén
高头大马	gāo tóu dà mǎ
无事生事	wú shì shēng shì
见所不见	jiàn suǒ bù jiàn
大有见地	dà yǒu jiàn dì
无风生浪	wú fēng shēng làng
人面狗心	rén miàn gǒu xīn
风行水上	fēng xíng shuǐ shàng
不拔一毛	bù bá yì máo
一毛不拔	yī máo bù bá
不通水火	bù tōng shuǐ huǒ
不谋而同	bù móu ér tóng
无尽无穷	wú jìn wú qióng
无穷无尽	wú qióng wú jìn
以心传心	yǐ xīn chuán xīn
安身之地	ān shēn zhī dì
天不作美	tiān bù zuò měi
大快人心	dà kuài rén xīn
人心大快	rén xīn dà kuài
自知之明	zì zhī zhī míng
和而不同	hé ér bù tóng
不近人情	bù jìn rén qíng
一日万里	yī rì wàn lǐ
有无相通	yǒu wú xiāng tōng
不赏之功	bù shǎng zhī gōng
引而不发	yǐn ér bù fā
贵不可言	guì bù kě yán
人人自危	rén rén zì wēi
水火无情	shuǐ huǒ wú qíng
如不胜衣	rú bù shèng yī
日月不居	rì yuè bù jū
一无所取	yī wú suǒ qǔ
一五一十	yī wú yī shí
一门同气	yī mén tóng qì
不知所可	bù zhī suǒ kě
不名一格	bù míng yī gé
大有人在	dà yǒu rén zài
大方之家	dà fāng zhī jiā
无动为大	wú dòng wéi dà
不同流俗	bù tóng liú sú
有年无月	yǒu nián wú yuè
一世龙门	yī shì lóng mén
水火之中	shuǐ huǒ zhī zhōng
风云不测	fēng yún bù cè
无人之境	wú rén zhī jìng
一体同心	yī tǐ tóng xīn
一心同体	yī xīn tóng tǐ
成事不说	chéng shì bù shuō
无形无影	wú xíng wú yǐng
无影无形	wú yǐng wú xíng
一口同声	yī kǒu tóng shēng
不及之法	bù jí zhī fǎ
大有可为	dà yǒu kě wéi
无为之治	wú wéi zhī zhì
一脚不移	yī jiǎo bù yí
言论风生	yán lùn fēng shēng
有我无人	yǒu wǒ wú rén
一草一木	yī cǎo yī mù
无名之师	wú míng zhī shī
行若无事	xíng ruò wú shì
入地无门	rù dì wú mén
事无大小	shì wú dà xiǎo
道不相谋	dào bù xiāng móu
不白之冤	bù bái zhī yuān
言而无信	yán ér wú xìn
无恶不造	wú è bù zào
人情之常	rén qíng zhī cháng
人之常情	rén zhī cháng qíng
无微不至	wú wēi bù zhì
一文如命	yī wén rú mìng
万人之敌	wàn rén zhī dí
目不知书	mù bù zhī shū
急人之难	jí rén zhī nán
言外之意	yán wài zhī yì
相生相成	xiāng shēng xiāng chéng
重见天日	chóng jiàn tiān rì
不学无识	bù xué wú shí
直口无言	zhí kǒu wú yán
一来一往	yī lái yī wǎng
天行时气	tiān xíng shí qì
不得其死	bù dé qí sǐ
天下为家	tiān xià wéi jiā
是非之心	shì fēi zhī xīn
事不有余	shì bù yǒu yú
心比天高	xīn bǐ tiān gāo
牛之一毛	niú zhī yī máo
一定不易	yī dìng bù yì
前无古人	qián wú gǔ rén
无声无息	wú shēng wú xī
贼心不死	zéi xīn bù sǐ
不存不济	bù cún bù jì
无往不胜	wú wǎng bù shèng
天年不齐	tiān nián bù qí
不丰不杀	bù fēng bù shā
不易一字	bù yì yī zì
一字不易	yī zì bù yì
一箭之地	yī jiàn zhī dì
名高天下	míng gāo tiān xià
一口三舌	yī kǒu sān shé
木人石心	mù rén shí xīn
以言举人	yǐ yán jǔ rén
无名火气	wú míng huǒ qì
食而不化	shí ér bù huà
一步一鬼	yī bù yī guǐ
马如流水	mǎ rú liú shuǐ
不知轻重	bù zhī qīng zhòng
一见如故	yī jiàn rú gù
风门水口	fēng mén shuǐ kǒu
不无小补	bù wú xiǎo bǔ
百世不易	bǎi shì bù yì
风虎云龙	fēng hǔ yún lóng
龙虎风云	lóng hǔ fēng yún
云龙风虎	yún lóng fēng hǔ
一目十行	yī mù shí háng
一败如水	yī bài rú shuǐ
大人先生	dà rén xiān sheng
尽如人意	jìn rú rén yì
无所用之	wú suǒ yòng zhī
暗无天日	àn wú tiān rì
见事风生	jiàn shì fēng shēng
见事生风	jiàn shì shēng fēng
不饥不寒	bù jī bù hán
缺一不可	quē yī bù kě
天理人情	tiān lǐ rén qíng
情同一家	qíng tóng yī jiā
天理不容	tiān lǐ bù róng
相安无事	xiāng ān wú shì
神色不惊	shén sè bù jīng
不可言传	bù kě yán chuán
意气自如	yì qì zì rú
风土人情	fēng tú rén qíng
不管不顾	bù guǎn bù gù
不愧不作	bù kuì bù zuò
一年一度	yī nián yī dù
三夫之言	sān fū zhī yán
无所容心	wú suǒ róng xīn
天人之际	tiān rén zhī jì
一言难尽	yī yán nán jìn
书不尽言	shū bù jìn yán
百无所成	bǎi wú suǒ chéng
不如归去	bù rú guī qù
一以当百	yī yǐ dāng bǎi
无乎不可	wú hū bù kě
万世不易	wàn shì bù yì
不同戴天	bù tóng dài tiān
日月如流	rì yuè rú liú
一定不移	yī dìng bù yí
时不可失	shí bù kě shī
不步人脚	bù bù rén jiǎo
风木之思	fēng mù zhī sī
闭口不言	bì kǒu bù yán
日月无光	rì yuè wú guāng
天生天化	tiān shēng tiān huà
不足轻重	bù zú qīng zhòng
人心所归	rén xīn suǒ guī
一望而知	yī wàng ér zhī
不远千里	bù yuǎn qiān lǐ
天知地知	tiān zhī dì zhī
知地知天	zhī dì zhī tiān
天下无敌	tiān xià wú dí
无敌天下	wú dí tiān xià
不足为法	bù zú wéi fǎ
大有作为	dà yǒu zuò wéi
流言风语	liú yán fēng yǔ
言之有礼	yán zhī yǒu lǐ
风雨不测	fēng yǔ bù cè
无家无室	wú jiā wú shì
天道无亲	tiān dào wú qīn
知情不举	zhī qíng bù jǔ
罗之一目	luó zhī yī mù
食生不化	shí shēng bù huà
无地自容	wú dì zì róng
水火不辞	shuǐ huǒ bù cí
上下同心	shàng xià tóng xīn
万世一时	wàn shì yī shí
一之为甚	yī zhī wéi shèn
战无不胜	zhàn wú bù shèng
手足之情	shǒu zú zhī qíng
死心落地	sǐ xīn luò dì
回天之力	huí tiān zhī lì
表里不一	biǎo lǐ bù yī
阙一不可	què yī bù kě
万里无云	wàn lǐ wú yún
言行抱一	yán xíng bào yī
若有若无	ruò yǒu ruò wú
如手如足	rú shǒu rú zú
行不胜衣	xíng bù shèng yī
不顾一切	bù gù yī qiè
以言取人	yǐ yán qǔ rén
三人为众	sān rén wèi zhòng
大风大浪	dà fēng dà làng
一日三秋	yī rì sān qiū
一世之雄	yī shì zhī xióng
生死之交	shēng sǐ zhī jiāo
不远万里	bù yuǎn wàn lǐ
不甘后人	bù gān hòu rén
大辩不言	dà biàn bù yán
世道人情	shì dào rén qíng
过门不入	guò mén bù rù
天高日远	tiān gāo rì yuǎn
不可终日	bù kě zhōng rì
一举一动	yī jǔ yī dòng
流年不利	liú nián bù lì
一见倾心	yī jiàn qīng xīn
未为不可	wèi wéi bù kě
风情月意	fēng qíng yuè yì
不食马肝	bù shí mǎ gān
方外之人	fāng wài zhī rén
妙不可言	miào bù kě yán
一时之权	yī shí zhī quán
意气风发	yì qì fēng fā
心神不宁	xīn shén bù níng
名重一时	míng zhòng yī shí
半文不白	bàn wén bù bái
天生天杀	tiān shēng tiān shā
青山不老	qīng shān bù lǎo
出以公心	chū yǐ gōng xīn
疾不可为	jí bù kě wéi
望云之情	wàng yún zhī qíng
无私之光	wú sī zhī guāng
金口玉言	jīn kǒu yù yán
一路风清	yī lù fēng qīng
不讳之门	bù huì zhī mén
书生之见	shū shēng zhī jiàn
画虎不成	huà hǔ bù chéng
不可多得	bù kě duō dé
不可胜道	bù kě shèng dào
生生不已	shēng shēng bù yǐ
无事生非	wú shì shēng fēi
同心断金	tóng xīn duàn jīn
言行一致	yán xíng yī zhì
立足之地	lì zú zhī dì
不时之须	bù shí zhī xū
不恤人言	bù xù rén yán
力不自胜	lì bù zì shèng
一言为定	yī yán wéi dìng
不绝如带	bù jué rú dài
言不及义	yán bù jí yì
不足为奇	bù zú wéi qí
两意三心	liǎng yì sān xīn
三心两意	sān xīn liǎng yì
无如之奈	wú rú zhī nài
穷日之力	qióng rì zhī lì
心腹之交	xīn fù zhī jiāo
三天两头	sān tiān liǎng tóu
不得其所	bù dé qí suǒ
以不济可	yǐ fǒu jì kě
无所用心	wú suǒ yòng xīn
相持不下	xiāng chí bù xià
天下大乱	tiān xià dà luàn
心事重重	xīn shì chóng chóng
不声不吭	bù shēng bù kēng
不知头脑	bù zhī tóu nǎo
一鸣惊人	yī míng jīng rén
好恶不同	hǎo è bù tóng
一分一毫	yī fēn yī háo
同日而道	tóng rì ér dào
分文不直	fēn wén bù zhí
百世之利	bǎi shì zhī lì
不成三瓦	bù chéng sān wǎ
不即不离	bù jí bù lí
半三不四	bàn sān bù sì
人生如梦	rén shēng rú mèng
变色之言	biàn sè zhī yán
天不假年	tiān bù jiǎ nián
齐心一力	qí xīn yī lì
得意之作	dé yì zhī zuò
回天无力	huí tiān wú lì
相门有相	xiàng mén yǒu xiàng
百不获一	bǎi bù huò yī
不断如带	bù duàn rú dài
一身两头	yī shēn liǎng tóu
一言两语	yī yán liǎng yǔ
无地自处	wú dì zì chǔ
百花生日	bǎi huā shēng rì
有口难言	yǒu kǒu nán yán
无形之罪	wú xíng zhī zuì
不可告人	bù kě gào rén
牛口之下	niú kǒu zhī xià
无所作为	wú suǒ zuò wéi
而立之年	ér lì zhī nián
日短心长	rì duǎn xīn cháng
一重一掩	yī chóng yī yǎn
一病不起	yī bìng bù qǐ
千里之足	qiān lǐ zhī zú
一见如旧	yī jiàn rú jiù
一时之秀	yī shí zhī xiù
置之不理	zhì zhī bù lǐ
人不聊生	rén bù liáo shēng
人中龙虎	rén zhōng lóng hǔ
大逆不道	dà nì bù dào
得意之色	dé yì zhī sè
一面之雅	yī miàn zhī yǎ
万死不辞	wàn sǐ bù cí
一枝一节	yī zhī yī jié
心知其意	xīn zhī qí yì
无时无刻	wú shí wú kè
从天而下	cóng tiān ér xià
东山之志	dōng shān zhī zhì
不好意思	bù hǎo yì sī
心如木石	xīn rú mù shí
白头不终	bái tóu bù zhōng
身无分文	shēn wú fēn wén
居之不疑	jū zhī bù yí
天长地老	tiān cháng dì lǎo
大人虎变	dà rén hǔ biàn
一往无前	yī wǎng wú qián
流水行云	liú shuǐ xíng yún
行云流水	xíng yún liú shuǐ
出敌不意	chū dí bù yì
独一无二	dú yī wú èr
一代风流	yī dài fēng liú
日复一日	rì fù yī rì
兵出无名	bīng chū wú míng
天公地道	tiān gōng dì dào
日不移影	rì bù yí yǐng
天夺之年	tiān duó zhī nián
分文不取	fēn wén bù qǔ
天下为公	tiān xià wéi gōng
不足为虑	bù zú wéi lǜ
上天入地	shàng tiān rù dì
居心不良	jū xīn bù liáng
百舌之声	bǎi shé zhī shēng
青山一发	qīng shān yī fà
通同一气	tōng tóng yī yì
天马行空	tiān mǎ xíng kōng
千金一笑	qiān jīn yī xiào
一笑千金	yī xiào qiān jīn
心如止水	xīn rú zhǐ shuǐ
计无复之	jì wú fù zhī
水清无鱼	shuǐ qīng wú yú
金石之功	jīn shí zhī gōng
一举成名	yī jǔ chéng míng
不名一钱	bù míng yī qián
一钱不名	yī qián bù míng
足不出户	zú bù chū hù
不阴不阳	bù yīn bù yáng
百计千心	bǎi jì qiān xīn
色胆如天	sè dǎn rú tiān
胆大心小	dǎn dà xīn xiǎo
一日三岁	yī rì sān suì
山高水长	shān gāo shuǐ cháng
孤行一意	gū xíng yī yì
一意孤行	yī yì gū xíng
一面如旧	yī miàn rú jiù
微不足道	wēi bù zú dào
不冷不热	bù lěng bù rè
高人一筹	gāo rén yī chóu
无孔不入	wú kǒng bù rù
不解之仇	bù jiě zhī chóu
不谋而合	bù móu ér hé
过目不忘	guò mù bù wàng
居大不易	jū dà bù yì
清天白日	qīng tiān bái rì
天清日白	tiān qīng rì bái
不露神色	bù lù shén sè
有头无脑	yǒu tóu wú nǎo
千古一时	qiān gǔ yī shí
无往不复	wú wǎng bù fù
十死一生	shí sǐ yī shēng
才大如海	cái dà rú hǎi
高山流水	gāo shān liú shuǐ
流水高山	liú shuǐ gāo shān
要而言之	yào ér yán zhī
兼而有之	jiān ér yǒu zhī
无情无彩	wú qíng wú cǎi
无所不备	wú suǒ bù bèi
置之不顾	zhì zhī bù gù
文人相轻	wén rén xiāng qīng
食不重肉	shí bù zhóng ròu
动之以情	dòng zhī yǐ qíng
横行天下	héng xíng tiān xià
心中无数	xīn zhōng wú shù
言人人殊	yán rén rén shū
不知自量	bù zhī zì liàng
金石之计	jīn shí zhī jì
言笑自如	yán xiào zì rú
有头无尾	yǒu tóu wú wěi
九死一生	jiǔ sǐ yī shēng
一生九死	yī shēng jiǔ sǐ
无风作浪	wú fēng zuò làng
不分青白	bù fēn qīng béi
用之不竭	yòng zhī bù jié
画一之法	huà yī zhī fǎ
世俗之见	shì sú zhī jiàn
死而不朽	sǐ ér bù xiǔ
计上心头	jì shàng xīn tóu
不知自爱	bù zhī zì ài
一言半语	yī yán bàn yǔ
四时之气	sì shí zhī qì
神色不动	shén sè bù dòng
无旧无新	wú jiù wú xīn
无为自化	wú wéi zì huà
不羁之才	bù jī zhī cái
视人如子	shì rén rú zǐ
一顾千金	yī gù qiān jīn
三十三天	sān shí sān tiān
自言自语	zì yán zì yǔ
水火无交	shuǐ huǒ wú jiāo
高下在心	gāo xià zài xīn
面目一新	miàn mù yī xīn
一方之任	yī fāng zhī rèn
两世为人	liǎng shì wéi rén
不牧之地	bù mù zhī dì
一饭之德	yī fàn zhī dé
头面人物	tóu miàn rén wù
无虑无思	wú lǜ wú sī
无思无虑	wú sī wú lǜ
生花之笔	shēng huā zhī bǐ
一卧不起	yī wò bù qǐ
天下无双	tiān xià wú shuāng
无地可容	wú dì kě róng
二心三意	èr xīn sān yì
三心二意	sān xīn èr yì
相与为一	xiāng yǔ wéi yī
一日三复	yī rì sān fù
之死不渝	zhī sǐ bù yú
千山万水	qiān shān wàn shuǐ
千水万山	qiān shuǐ wàn shān
万水千山	wàn shuǐ qiān shān
言者不知	yán zhě bù zhī
心急如火	xīn jí rú huǒ
名不虚得	míng bù xū dé
天年不测	tiān nián bù cè
相对无言	xiāng duì wú yán
不知不觉	bù zhī bù jué
日月经天	rì yuè jīng tiān
如风过耳	rú fēng guò ěr
别有天地	bié yǒu tiān dì
一无是处	yī wú shì chù
风车云马	fēng chē yún mǎ
风马云车	fēng mǎ yún chē
一天星斗	yī tiān xīng dǒu
不因不由	bù yīn bù yóu
语长心重	yǔ cháng xīn zhòng
语重心长	yǔ zhòng xīn cháng
月下老人	yuè xià lǎo rén
生生世世	shēng shēng shì shì
目空一世	mù kōng yī shì
安然无事	ān rán wú shì
自相水火	zì xiāng shuǐ huǒ
金石之交	jīn shí zhī jiāo
横行不法	héng xíng bù fǎ
百世不磨	bǎi shì bù mó
人己一视	rén jǐ yī shì
一己之私	yī jǐ zhī sī
有事之秋	yǒu shì zhī qiū
人百其身	rén bǎi qí shēn
有死无二	yǒu sǐ wú èr
一日万机	yī rì wàn jī
有生以来	yǒu shēng yǐ lái
不管一二	bù guǎn yī èr
有志无时	yǒu zhì wú shí
道不举遗	dào bù jǔ yí
养生之道	yǎng shēng zhī dào
不测之祸	bù cè zhī huò
心如铁石	xīn rú tiě shí
归之若水	guī zhī ruò shuǐ
藏之名山	cáng zhī míng shān
不惑之年	bù huò zhī nián
三思而行	sān sī ér xíng
以日为年	yǐ rì wéi nián
百里之才	bǎi lǐ zhī cái
道在人为	dào zài rén wéi
有名无实	yǒu míng wú shí
言不由中	yán bù yóu zhōng
一隅之地	yī yú zhī dì
一国三公	yī guó sān gōng
一日三覆	yī rì sān fù
一坐一起	yī zuò yī qǐ
功成不居	gōng chéng bù jū
不情之请	bù qíng zhī qǐng
风流千古	fēng liú qiān gǔ
不避水火	bù bì shuǐ huǒ
水火不避	shuǐ huǒ bù bì
好生之德	hào shēng zhī dé
身无长物	shēn wú cháng wù
人来人往	rén lái rén wǎng
不翼而飞	bù yì ér fēi
一飞冲天	yī fēi chōng tiān
义不生财	yì bù shēng cái
听而不闻	tīng ér bú wén
百思不解	bǎi sī bù jiě
同心合意	tóng xīn hé yì
一孔之见	yī kǒng zhī jiàn
目无三尺	mù wú sān chǐ
寸草不生	cùn cǎo bù shēng
生财之道	shēng cái zhī dào
一分为二	yī fēn wéi èr
地平天成	dì píng tiān chéng
天成地平	tiān chéng dì píng
天平地成	tiān píng dì chéng
无私有意	wú sī yǒu yì
无所事事	wú suǒ shì shì
一臂之力	yī bì zhī lì
迷而不反	mí ér bù fǎn
千里同风	qiān lǐ tóng fēng
不露声色	bù lù shēng sè
移有足无	yí yǒu zú wú
书不尽意	shū bù jìn yì
有风有化	yǒu fēng yǒu huà
积不相能	jī bù xiāng néng
百年之好	bǎi nián zhī hǎo
若无其事	ruò wú qí shì
一字一珠	yī zì yī zhū
人间天上	rén jiān tiān shàng
天上人间	tiān shàng rén jiān
不相闻问	bù xiāng wén wèn
不相问闻	bù xiāng wèn wén
心口相应	xīn kǒu xiāng yīng
大失人望	dà shī rén wàng
百年之后	bǎi nián zhī hòu
安心落意	ān xīn luò yì
不约而同	bù yuē ér tóng
无亲无故	wú qīn wú gù
江天一色	jiāng tiān yī sè
击其不意	jī qí bù yì
东风马耳	dōng fēng mǎ ěr
马耳东风	mǎ ěr dōng fēng
无所不包	wú suǒ bù bāo
浮一大白	fú yī dà bái
高不可登	gāo bù kě dēng
一技之长	yī jì zhī cháng
大大落落	dà dà luò luò
心小志大	xīn xiǎo zhì dà
似有如无	sì yǒu rú wú
万口一谈	wàn kǒu yī tán
不动声色	bù dòng shēng sè
生不逢时	shēng bù féng shí
不自量力	bù zì liàng lì
自不量力	zì bù liàng lì
不可开交	bù kě kāi jiāo
惨无天日	cǎn wú tiān rì
偶一为之	ǒu yī wéi zhī
有声无实	yǒu shēng wú shí
心无二用	xīn wú èr yòng
开口见心	kāi kǒu jiàn xīn
六神不安	liù shén bǔ ān
万口一辞	wàn kǒu yī cí
首善之地	shǒu shàn zhī dì
大节不夺	dà jié bù duó
大谋不谋	dà móu bù móu
事无二成	shì wú èr chéng
不羁之民	bù jī zhī mín
无怨无德	wú yuàn wú dé
花天酒地	huā tiān jiǔ dì
酒地花天	jiǔ dì huā tiān
长春不老	cháng chún bù lǎo
自食其言	zì shí qí yán
有天没日	yǒu tiān méi rì
成千成万	chéng qiān chéng wàn
一往而深	yī wǎng ér shēn
口不择言	kǒu bù zé yán
当断不断	dāng duàn bù duàn
以口问心	yǐ kǒu wèn xīn
不以为耻	bù yǐ wéi chǐ
不伦不类	bù lún bù lèi
食为民天	shí wéi mín tiān
面不改色	miàn bù gǎi sè
一夫之用	yī fū zhī yòng
言文行远	yán wén xíng yuǎn
不省人事	bù xǐng rén shì
人事不省	rén shì bù xǐng
心手相忘	xīn shǒu xiāng wàng
同德同心	tóng dé tóng xīn
同心同德	tóng xīn tóng dé
情不自已	qíng bù zì yǐ
无稽之言	wú jī zhī yán
日行千里	rì xíng qiān lǐ
无能为力	wú néng wéi lì
一画开天	yī huà kāi tiān
来日大难	lái rì dà nàn
风靡一时	fēng mǐ yī shí
不识东家	bù shí dōng jiā
死亡无日	sǐ wáng wú rì
满不在意	mǎn bù zài yì
四海一家	sì hǎi yī jiā
自愧不如	zì kuì bù rú
一朝一夕	yī zhāo yī xī
一夕一朝	yī xī yī zhāo
反面无情	fǎn miàn wú qíng
一面之缘	yī miàn zhī yuán
众虎同心	zhòng hǔ tóng xīn
将无作有	jiāng wú zuò yǒu
漫不经心	màn bù jīng xīn
一反其道	yī fǎn qí dào
斗南一人	dǒu nán yī rén
风车雨马	fēng chē yǔ mǎ
不辞而别	bù cí ér bié
目不忍见	mù bù rěn jiàn
急如风火	jí rú fēng huǒ
千载一日	qiān zǎi yī rì
文理不通	wén lǐ bù tōng
自然而然	zì rán ér rán
事在人为	shì zài rén wéi
赤子之心	chì zǐ zhī xīn
心如古井	xīn rú gǔ jǐng
生生死死	shēng shēng sǐ sǐ
度外之人	dù wài zhī rén
有眼无珠	yǒu yǎn wú zhū
天兵天将	tiān bīng tiān jiàng
一目数行	yī mù shù háng
合两为一	hé liǎng wéi yī
如狼如虎	rú láng sì hǔ
名下无虚	míng xià wú xū
有才无命	yǒu cái wú mìng
心开目明	xīn kāi mù míng
口角生风	kǒu jiǎo shēng fēng
一射之地	yī shè zhī dì
闭口无言	bì kǒu wú yán
人众胜天	rén zhòng shèng tiān
无足轻重	wú zú qīng zhòng
无足重轻	wú zú zhòng qīng
一文不值	yī wén bù zhí
风言影语	fēng yán yǐng yǔ
有气无烟	yǒu qì wú yān
人自为战	rén zì wéi zhàn
河山之德	hé shān zhī dé
三头两日	sān tóu liǎng rì
同日而语	tóng rì ér yǔ
疑行无成	yí xíng wú chéng
言之不预	yán zhī bù yù
不绝于耳	bù jué yú ěr
一朝之患	yī zhāo zhī huàn
一知半见	yī zhī bàn jiàn
穷不失义	qióng bù shī yì
山水相连	shān shuǐ xiāng lián
难言之隐	nán yán zhī yǐn
言行相顾	yán xíng xiāng gù
不可言状	bù kě yán zhuàng
一偏之见	yī piān zhī jiàn
风清月白	fēng qīng yuè bái
月白风清	yuè bái fēng qīng
一谷不登	yī gǔ bù dēng
天假之年	tiān jiǎ zhī nián
不解之缘	bù jiě zhī yuán
乘其不意	chéng qí bù yì
风雨时若	fēng yǔ shí ruò
不讳之朝	bù huì zhī cháo
不痛不痒	bù tòng bù yǎng
不经世故	bù jīng shì gù
不知就里	bù zhī jiù lǐ
风尘之变	fēng chén zhī biàn
将心比心	jiāng xīn bǐ xīn
难以为情	nán yǐ wéi qíng
道义之交	dào yì zhī jiāo
不可胜计	bù kě shèng jì
无名之朴	wú míng zhī pǔ
称心如意	chèn xīn rú yì
目无下尘	mù wú xià chén
风前月下	fēng qián yuè xià
闭门不出	bì mén bù chū
文武之道	wén wǔ zhī dào
无可如何	wú kě rú hé
势不可当	shì bù kě dāng
计无所出	jì wú suǒ chū
箕山之风	jī shān zhī fēng
腹心之疾	fù xīn zhī jí
心腹之疾	xīn fù zhī jí
耳目一新	ěr mù yī xīn
不知高低	bù zhī gāo dī
风情月思	fēng qíng yuè sī
出奇不穷	chū qí bù qióng
目不别视	mù bù bié shì
臣心如水	chén xīn rú shuǐ
白日青天	bái rì qīng tiān
青天白日	qīng tiān bái rì
不怀好意	bù huái hào yì
其乐不穷	qí lè bù qióng
存心不良	cún xīn bù liáng
何所不有	hé suǒ bù yǒu
一笑了之	yī xiào liǎo zhī
不蔓不枝	bù màn bù zhī
开云见天	kāi yún jiàn tiān
云开见天	yún kāi jiàn tiān
不能自拔	bù néng zì bá
言而有信	yán ér yǒu xìn
法出一门	fǎ chū yī mén
金风玉露	jīn fēng yù lù
如鱼得水	rú yú dé shuǐ
贪天之功	tān tiān zhī gōng
马马虎虎	mǎ mǎ hǔ hǔ
如出一辙	rú chū yī zhé
无颠无倒	wú diān wú dǎo
无为而治	wú wéi ér zhì
发短心长	fà duǎn xīn cháng
心长发短	xīn cháng fà duǎn
不食烟火	bù shí yān huǒ
不测之罪	bù cè zhī zuì
不遗寸长	bù yí cùn cháng
为德不终	wéi dé bù zhōng
流言飞文	liú yán fēi wén
以小见大	yǐ xiǎo jiàn dà
出人意外	chū rén yì wài
一字千金	yī zì qiān jīn
不干不净	bù gān bù jìng
不敢后人	bù gǎn hòu rén
牛高马大	niú gāo mǎ dà
泣不成声	qǐ bù chéng shēng
无家可归	wú jiā kě guī
鼓舞人心	gǔ wǔ rén xīn
不挠不折	bù náo bù zhé
不折不扣	bù zhé bù kòu
高人一等	gāo rén yī děng
高山仰之	gāo shān yǎng zhī
立人达人	lì rén dá rén
千古不磨	qiān gǔ bù mó
若不胜衣	ruò bù shèng yī
不期而同	bù qī ér tóng
香火不绝	xiāng huǒ bù jué
名不虚立	míng bù xū lì
心满意足	xīn mǎn yì zú
脚心朝天	jiǎo xīn cháo tiān
以人废言	yǐ rén fèi yán
无言可对	wú yán kě duì
心手相应	xīn shǒu xiāng yìng
风行雨散	fēng xíng yǔ sàn
不得开交	bù dé kāi jiāo
以耳为目	yǐ ěr wéi mù
无千待万	wú qiān dài wàn
千生万死	qiān shēng wàn sǐ
风清月明	fēng qīng yuè míng
明月清风	míng yuè qīng fēng
清风明月	qīng fēng míng yuè
不做不休	bù zuò bù xiū
积重不反	jī zhòng bù fǎn
耳后生风	ěr hòu shēng fēng
有声有色	yǒu shēng yǒu sè
一朝千里	yī zhāo qiān lǐ
千里之志	qiān lǐ zhī zhì
见死不救	jiàn sǐ bù jiù
如日方中	rú rì fāng zhōng
存而不论	cún ér bù lùn
有来无回	yǒu lái wú huí
寡人之疾	guǎ rén zhī jí
美中不足	měi zhōng bù zú
何所不为	hé suǒ bù wéi
万口一词	wàn kǒu yī cí
不言而喻	bù yán ér yù
心如死灰	xīn rú sǐ huī
名满天下	míng mǎn tiān xià
一得之愚	yī dé zhī yú
旁若无人	páng ruò wú rén
言行不符	yán xíng bù fú
食古不化	shí gǔ bù huà
脸无人色	liǎn wú rén sè
闻所不闻	wén suǒ bù wén
风云月露	fēng yún yuè lù
月露风云	yuè lù fēng yún
密不通风	mì bù tōng fēng
一命之荣	yī mìng zhī róng
不识大体	bù shí dà tǐ
心如火焚	xīn rú huǒ fén
惨无人道	cǎn wú rén dào
不易之典	bù yì zhī diǎn
一语道破	yī yǔ dào pò
目不识书	mù bù shí shū
举一反三	jǔ yī fǎn sān
一举三反	yī jǔ sān fǎn
经世之才	jīng shì zhī cái
一举千里	yī jǔ qiān lǐ
自作解人	zì zuò jiě rén
一晦一明	yī huì yī míng
风雨如盘	fēng yǔ rú pán
人心丧尽	rén xīn sàng jìn
风中之烛	fēng zhōng zhī zhú
一言半辞	yī yán bàn cí
同声一辞	tóng shēng yī cí
得人死力	dé rén sǐ lì
了不可见	liǎo bù kě jiàn
人心难测	rén xīn nán cè
大公无私	dà gōng wú sī
皮相之见	pí xiàng zhī jiàn
一以当十	yī yǐ dāng shí
以一当十	yǐ yī dāng shí
一饭千金	yī fàn qiān jīn
一笑置之	yī xiào zhì zhī
死而无怨	sǐ ér wú yuàn
门户之见	mén hù zhī jiàn
至高无上	zhì gāo wú shàng
机不可失	jī bù kě shī
动不失时	dòng bù shī shí
人事不醒	rén shì bù xǐng
不了了之	bù liǎo liǎo zhī
百无一堪	bǎi wú yī kān
吉人天相	jí rén tiān xiàng
成名成家	chéng míng chéng jiā
一相情原	yī xiāng qíng yuán
重足一迹	chóng zú yī jì
一鼓作气	yī gǔ zuò qì
极重不反	jí zhòng bù fǎn
风举云飞	fēng jǔ yún fēi
风不鸣条	fēng bù míng tiáo
生不遇时	shēng bù yù shí
心满意得	xīn mǎn yì dé
悔之不及	huǐ zhī bù jí
同日而论	tóng rì ér lùn
言是人非	yán shì rén fēi
应天从人	yìng tiān cóng rén
同然一辞	tóng rán yī cí
方寸之地	fāng cùn zhī dì
春风一度	chūn fēng yī dù
一廉如水	yī lián rú shuǐ
一走了之	yī zǒu liǎo zhī
草头天子	cǎo tóu tiān zǐ
直道而行	zhí dào ér xíng
千言万语	qiān yán wàn yǔ
千语万言	qiān yǔ wàn yán
万语千言	wàn yǔ qiān yán
云情雨意	yún qíng yǔ yì
一人有庆	yī rén yǒu qìng
先见之明	xiān jiàn zhī míng
同心合力	tóng xīn hé lì
惟日不足	wéi rì bù zú
华而不实	huá ér bù shí
不可移易	bù kě yí yì
比众不同	bǐ zhòng bù tóng
才气过人	cái qì guò rén
天经地义	tiān jīng dì yì
无所重轻	wú suǒ zhòng qīng
风流才子	fēng liú cái zǐ
劳而无功	láo ér wú gōng
谈不容口	tán bù róng kǒu
论世知人	lùn shì zhī rén
知人论世	zhī rén lùn shì
立马万言	lì mǎ wàn yán
不可胜举	bù kě shèng jù
一举万里	yī jǔ wàn lǐ
目无余子	mù wú yú zǐ
合二为一	hé èr wéi yī
不知进退	bù zhī jìn tuì
视死如生	shì sǐ rú shēng
听之任之	tīng zhī rèn zhī
马牛其风	mǎ niú qí fēng
云心水性	yún xīn shuǐ xìng
万夫不当	wàn fū bù dāng
以一持万	yǐ yī chí wàn
大逆无道	dà nì wú dào
百折不移	bǎi zhé bù yí
狗心狗行	gǒu xīn gǒu xíng
安心乐意	ān xīn lè yì
相反相成	xiāng fǎn xiāng chéng
不间不界	bù gān bù gà
千金一刻	qiān jīn yī kè
一刻千金	yī kè qiān jīn
一路风尘	yī lù fēng chén
一路顺风	yī lù shùn fēng
日下无双	rì xià wú shuāng
无征不信	wú zhēng bù xìn
不讳之路	bù huì zhī lù
傲不可长	ào bù kě zhǎng
一挥而成	yī huī ér chéng
无声无臭	wú shēng wú xiù
无情无绪	wú qíng wú xù
耳食之论	ěr shí zhī lùn
冰心一片	bīng xīn yī piàn
一片冰心	yī piàn bīng xīn
行步如飞	xíng bù rú fēi
不期而然	bù qī ér rán
好梦不长	hǎo mèng bù cháng
意气相得	yì qì xiāng dé
白头如新	bái tóu rú xīn
美言不信	měi yán bù xìn
信言不美	xìn yán bù měi
半面不忘	bàn miàn bù wàng
三寸之舌	sān cùn zhī shé
一步一趋	yī bù yī qū
人强胜天	rén qiáng shèng tiān
正身清心	zhèng shēn qīng xīn
心细如发	xīn xì rú fā
一隅之见	yī yú zhī jiàn
命世之才	mìng shì zhī cái
千千万万	qiān qiān wàn wàn
万万千千	wàn wàn qiān qiān
人情世故	rén qíng shì gù
心腹之忧	xīn fù zhī yōu
一通百通	yī tōng bǎi tōng
坐树不言	zuò shù bù yán
知命之年	zhī mìng zhī nián
好心好意	hǎo xīn hǎo yì
目交心通	mù jiāo xīn tōng
大行大市	dà háng dà shì
不测之忧	bù cè zhī yōu
风花雪月	fēng huā xuě yuè
雪月风花	xuě yuè fēng huā
不知起倒	bù zhī qǐ dǎo
先入之见	xiān rù zhī jiàn
日甚一日	rì shèn yī rì
不忙不暴	bù máng bù bào
口耳之学	kǒu ěr zhī xué
一表人才	yī biǎo rén cái
不知死活	bù zhī sǐ huó
意气自若	yì qì zì ruò
如有所失	rú yǒu suǒ shī
心术不正	xīn shù bù zhèng
花天锦地	huā tiān jǐn dì
行不履危	xíng bù lǚ wēi
自强不息	zì qiáng bù xī
一家老小	yī jiā lǎo xiǎo
无往不克	wú wǎng bù kè
天年不遂	tiān nián bù suì
一尘不到	yī chén bù dào
一马当先	yī mǎ dāng xiān
一笔不苟	yī bǐ bù gǒu
大言不惭	dà yán bù cán
山长水远	shān cháng shuǐ yuǎn
水远山长	shuǐ yuǎn shān cháng
心腹之病	xīn fù zhī bìng
至人无梦	zhì rén wú mèng
浮而不实	fú ér bù shí
乐不可极	lè bù kě jí
不知所终	bù zhī suǒ zhōng
心长力短	xīn cháng lì duǎn
无风扬波	wú fēng yáng bō
自新之路	zì xīn zhī lù
避而不谈	bì ér bù tán
密云不雨	mì yún bù yǔ
人才难得	rén cái cái dé
云心鹤眼	yún xīn hè yǎn
独得之见	dú dé zhī jiàn
不露形色	bù lù xíng sè
云天雾地	yún tiān wù dì
杜口无言	dù kǒu wú yán
顿口无言	dùn kǒu wú yán
水满金山	shuǐ mǎn jīn shān
不足为据	bù zú wéi jù
旷古一人	kuàng gǔ yī rén
乘人之危	chéng rén zhī wēi
违心之论	wéi xīn zhī lùn
出师不利	chū shī bù lì
一丝不挂	yī sī bù guà
百折不回	bǎi zhé bù huí
不染一尘	bù rǎn yī chén
一尘不染	yī chén bù rǎn
国将不国	guó jiāng bù guó
天之骄子	tiān zhī jiāo zǐ
一成一旅	yī chéng yī lǚ
曲不离口	qǔ bù lí kǒu
神意自若	shén yì zì ruò
全无心肝	quán wú xīn gān
通家之好	tōng jiā zhī hǎo
大马金刀	dà mǎ jīn dāo
一表人物	yī biǎo rén wù
胆大如斗	dǎn dà rú dǒu
不丰不俭	bù fēng bù jiǎn
百不一贷	bǎi bù yī dài
不直一钱	bù zhí yī qián
一马一鞍	yī mǎ yī ān
功高不赏	gōng gāo bù shǎng
风流云散	fēng liú yún sàn
云散风流	yún sàn fēng liú
一民同俗	yī mín tóng sú
发人深思	fā rén shēn sī
人微言轻	rén wēi yán qīng
风烛之年	fēng zhú zhī nián
头上安头	tóu shàng ān tóu
人才出众	rén cái chū zhòng
博而不精	bó ér bù jīng
心贯白日	xīn guàn bái rì
不差上下	bù chā shàng xià
轻薄无行	qīng báo wú xíng
不容分说	bù róng fēn shuō
不教之教	bù jiào zhī jiào
一字之师	yī zì zhī shī
一板一眼	yī bǎn yīn yǎn
后继无人	hòu jì wú rén
平心而论	píng xīn ér lùn
一孔不达	yī kǒng bù dá
人以群分	rén yǐ qún fēn
未知万一	wèi zhī wàn yī
有口难分	yǒu kǒu nán fēn
心同止水	xīn rú zhǐ shuǐ
成千上万	chéng qiān shàng wàn
飞龙在天	fēi lóng zài tiān
不失时机	bù shī shí jī
恶不去善	wù bù qù shàn
千古不朽	qiān gǔ bù xiǔ
情不自禁	qíng bù zì jìn
四战之地	sì zhàn zhī dì
一言九鼎	yī yán jiǔ dǐng
鱼大水小	yú dà shuǐ xiǎo
虎不食儿	hǔ bù shí ér
杜门不出	dù mén bù chū
眼花心乱	yǎn huā xīn luàn
以毛相马	yǐ máo xiàng mǎ
力所不及	lì suǒ bù jí
百世之师	bǎi shì zhī shī
顺天从人	shùn tiān cóng rén
高下任心	gāo xià rèn xīn
一牛鸣地	yī niú míng dì
口角风情	kǒu jiǎo fēng qíng
有进无退	yǒu jìn wú tuì
安之若命	ān zhī ruò mìng
一步登天	yī bù dēng tiān
不安其室	bù ān qí shì
花甲之年	huā jiǎ zhī nián
神情自若	shén qíng zì ruò
马如游龙	mǎ rú yóu lóng
不急之务	bù jí zhī wù
顺水人情	shùn shuǐ rén qíng
无尽无休	wú jìn wú xiū
狗行狼心	gǒu xíng láng xīn
狼心狗行	láng xīn gǒu xíng
高不可攀	gāo bù kě pān
疾恶如风	jí è rú fēng
出言有章	chū yán yǒu zhāng
不恶而严	bù è ér yán
无风起浪	wú fēng qǐ làng
与众不同	yǔ zhòng bù tóng
得意门生	dé yì mén shēng
犬马之力	quǎn mǎ zhī lì
合胆同心	hé dǎn tóng xīn
同心合胆	tóng xīn hé dǎn
见风是雨	jiàn fēng shì yǔ
大手大脚	dà shǒu dà jiǎo
动人心魄	dòng rén xīn pò
计上心来	jì shàng xīn lái
人人皆知	rén rén jiē zhī
不二法门	bù èr fǎ mén
至死不变	zhì sǐ bù biàn
身无长处	shēn wú cháng chù
自以为是	zì yǐ wéi shì
不识马肝	bù shí mǎ gān
白黑不分	bái hēi bù fēn
一长两短	yī cháng liǎng duǎn
天理良心	tiān lǐ liáng xīn
一丝不苟	yī sī bù gǒu
路见不平	lù jiàn bù píng
风月无边	fēng yuè wú biān
无边风月	wú biān fēng yuè
事不师古	shì bù shī gǔ
一谷不升	yī gǔ bù shēng
毛发之功	máo fà zhī gōng
不郎不秀	bù láng bù xiù
视日如年	shì rì rú nián
不遗余力	bù yí yú lì
人心所向	rén xīn suǒ xiàng
天高听下	tiān gāo tīng xià
眼高手生	yǎn gāo shǒu shēng
格不相入	gé bù xiāng rù
风雷之变	fēng léi zhī biàn
无衣之赋	wú yī zhī fù
不禁不由	bù jīn bù yóu
一手托天	yī shǒu tuō tiān
好景不长	hǎo jǐng bù cháng
百口同声	bǎi kǒu tóng shēng
出入生死	chū rù shēng sǐ
出生入死	chū shēng rù sǐ
出死入生	chū sǐ rù shēng
入死出生	rù sǐ chū shēng
情深一往	qíng shēn yī wǎng
一往情深	yī wǎng qíng shēn
战无不克	zhàn wú bù kè
一匡天下	yī kuāng tiān xià
一口同音	yī kǒu tóng yīn
不绝如线	bù jué rú xiàn
形影不离	xíng yǐng bù lí
影形不离	yǐng xíng bù lí
遗风古道	yí fēng gǔ dào
犬马之年	quǎn mǎ zhī nián
风雨不透	fēng yǔ bù tòu
成日成夜	chéng rì chéng yè
出口伤人	chū kǒu shāng rén
心如坚石	xīn rú jiān shí
有所作为	yǒu suǒ zuò wéi
不吐不茹	bù tǔ bù rú
在人耳目	zài rén ěr mù
瓮天之见	wèng tiān zhī jiàn
天与人归	tiān yǔ rén guī
一本万利	yī běn wàn lì
置之死地	zhì zhī sǐ dì
一毫不差	yī háo bù chā
武不善作	wǔ bù shàn zuò
高天厚地	gāo tiān hòu dì
天高地厚	tiān gāo dì hòu
龙言凤语	lóng yán fèng yǔ
大开大合	dà kāi dà hé
大有文章	dà yǒu wén zhāng
何乐不为	hé lè bù wéi
不虚此行	bù xū cǐ xíng
秘而不言	mì ér bù yán
无所不晓	wú suǒ bù xiǎo
心不由主	xīn bù yóu zhǔ
分而治之	fēn ér zhì zhī
白头而新	bái tóu ér xīn
反水不收	fǎn shuǐ bù shōu
风木之悲	fēng mù zhī bēi
神来之笔	shén lái zhī bǐ
白天见鬼	bái tiān jiàn guǐ
阒无一人	qù wú yī rén
辞不达意	cí bù dá yì
日落西山	rì luò xī shān
难如登天	nán rú dēng tiān
置水之情	zhì shuǐ zhī qíng
大起大落	dà qǐ dà luò
以水投水	yǐ shuǐ tóu shuǐ
风行草从	fēng xíng cǎo cóng
龙心凤肝	lóng xīn fèng gān
目下十行	mù xià shí háng
一字不苟	yī zì bù gǒu
无翼而飞	wú yì ér fēi
一时三刻	yī shí sān kè
千言万说	qiān yán wàn shuō
大有可观	dà yǒu kě guān
不改其乐	bù gǎi qí lè
十日之饮	shí rì zhī yǐn
不随以止	bu shui yi zi
人面兽心	rén miàn shòu xīn
兽心人面	shòu xīn rén miàn
不谋同辞	bù móu tóng cí
林下高风	lín xià gāo fēng
食不重味	shí bù chóng wèi
一清二白	yī qīng èr bái
众心如城	zhòng xīn rú chéng
人命关天	rén mìng guān tiān
称家有无	chèn jiā yǒu wú
一剑之任	yī jiàn zhī rèn
口口声声	kǒu kǒu shēng shēng
不矜不伐	bù jīn bù fá
出师无名	chū shī wú míng
师出无名	shī chū wú míng
无端生事	wú duān shēng shì
万不得已	wàn bù dé yǐ
自成一格	zì chéng yī gé
耳食之谈	ěr shí zhī tán
身外之物	shēn wài zhī wù
行之有效	xíng zhī yǒu xiào
道而不径	dào ér bù jìng
面不改容	miàn bù gǎi róng
同声同气	tóng shēng tóng qì
不挠不屈	bù náo bù qū
不屈不挠	bù qū bù náo
不立文字	bù lì wén zì
流言飞语	liú yán fēi yǔ
不自满假	bù zì mǎn jiǎ
千人所指	qiān rén suǒ zhǐ
天夺之魄	tiān duó zhī pò
半面之交	bàn miàn zhī jiāo
为小失大	wèi xiǎo shī dà
后手不接	hòu shǒu bù jiē
粗心大意	cū xīn dà yì
开心见胆	kāi xīn jiàn dǎn
一丝一毫	yī sī yī háo
众口一辞	zhòng kǒu yī cí
千岁一时	qiān suì yī shí
义不反顾	yì bù fǎn gù
不因人热	bù yīn rén rè
闻风而动	wén fēng ér dòng
十死不问	shí sǐ bù wèn
腹心之患	fù xīn zhī huàn
心腹之患	xīn fù zhī huàn
日慎一日	rì shèn yī rì
深文大义	shēn wén dà yì
不胜其苦	bù shèng qí kǔ
无虑无忧	wú lǜ wú yōu
无忧无虑	wú yōu wú lǜ
不见经传	bù jiàn jīng zhuàn
未定之天	wèi dìng zhī tiān
大是大非	dà shì dà fēi
同心合德	tóng xīn hé dé
卑不足道	bēi bù zú dào
楚天云雨	chǔ tiān yún yǔ
出言无状	chū yán wú zhuàng
足不履影	zú bù lǚ yǐng
一手遮天	yī shǒu zhē tiān
无影无踪	wú yǐng wú zōng
无踪无影	wú zōng wú yǐng
心焦如火	xīn jiāo rú huǒ
人极计生	rén jí jì shēng
千虑一得	qiān lǜ yī dé
有头有脑	yǒu tóu yǒu nǎo
天各一方	tiān gè yī fāng
食不知味	shí bù zhī wèi
从一而终	cóng yī ér zhōng
少不经事	shào bù jīng shì
口是心非	kǒu shì xīn fēi
一衣带水	yī yī dài shuǐ
玉成其事	yù chéng qí shì
林下风气	lín xià fēng qì
知人下士	zhī rén xià shì
动地惊天	dòng dì jīng tiān
惊天动地	jīng tiān dòng dì
痛不欲生	tòng bù yù shēng
平安无事	píng ān wú shì
马尘不及	mǎ chén bù jí
寸心千古	cùn xīn qiān gǔ
闻风而起	wén fēng ér qǐ
闻风而至	wén fēng ér zhì
言三语四	yán sān yǔ sì
语四言三	yǔ sì yán sān
理之当然	lǐ zhī dāng rán
有志之士	yǒu zhì zhī shì
不知所错	bù zhī suǒ cuò
出入无间	chū rù wú jiān
地利人和	dì lì rén hé
两头三面	liǎng tóu sān miàn
三头两面	sān tóu liǎng miàn
人地生疏	rén dì shēng shū
无妄之祸	wú wàng zhī huò
一不扭众	yī bù niǔ zhòng
举步生风	jǔ bù shēng fēng
无情少面	wú qíng shǎo miàn
安身之处	ān shēn zhī chù
地上天官	dì shàng tiān guān
出言成章	chū yán chéng zhāng
雨散风流	yǔ sàn fēng liú
闻风而兴	wén fēng ér xīng
高下其手	gāo xià qí shǒu
誉不绝口	yù bù jué kǒu
荆山之玉	jīng shān zhī yù
毁誉不一	huǐ yù bù yī
心乡往之	xīn xiāng wǎng zhī
心中有数	xīn zhōng yǒu shù
一长半短	yī cháng bàn duǎn
一时之选	yī shí zhī xuǎn
重气轻生	zhòng qì qīng shēng
经国之才	jīng guó zhī cái
坐立不安	zuò lì bù ān
势如水火	shì rú shuǐ huǒ
无始无终	wú shǐ wú zhōng
恩重如山	ēn zhòng rú shān
一还一报	yī huán yī bào
不茶不饭	bù chá bù fàn
车水马龙	chē shuǐ mǎ lóng
马龙车水	mǎ lóng chē shuǐ
马水车龙	mǎ shuǐ chē lóng
难于上天	nán yú shàng tiān
千兵万马	qiān bīng wàn mǎ
尽力而为	jìn lì ér wéi
天从人原	tiān cóng rén yuán
流水落花	liú shuǐ luò huā
落花流水	luò huā liú shuǐ
水流花落	shuǐ liú huā luò
令不虚行	lìng bù xū xíng
风尘之会	fēng chén zhī huì
有头有尾	yǒu tóu yǒu wěi
口无择言	kǒu wú zé yán
不悱不发	bù fěi bù fā
面如满月	miàn rú mǎn yuè
桂玉之地	guì yù zhī dì
素不相能	sù bù xiāng néng
开云见日	kāi yún jiàn rì
云开见日	yún kāi jiàn rì
人生朝露	rén shēng cháo lù
三言两语	sān yán liǎng yǔ
马耳春风	mǎ ěr chūn fēng
人急计生	rén jí jì shēng
不攻自破	bù gōng zì pò
乐而不淫	lè ér bù yín
不打自招	bù dǎ zì zhāo
一定之规	yī dìng zhī guī
金声玉色	jīn shēng yù sè
天命有归	tiān mìng yǒu guī
小大由之	xiǎo dà yóu zhī
不分胜负	bù fēn shèng fù
表里如一	biǎo lǐ rú yī
无肠可断	wú cháng kě duàn
正言不讳	zhèng yán bù huì
一目了然	yī mù liǎo rán
无昼无夜	wú zhòu wú yè
高出一筹	gāo chū yī chóu
百发百中	bǎi fā bǎi zhòng
百中百发	bǎi zhòng bǎi fā
计不反顾	jì bù fǎn gù
食不求甘	shí bù qiú gān
一琴一鹤	yī qín yī hè
不绝如缕	bù jué rú lǚ
等而下之	děng ér xià zhī
二心两意	èr xīn liǎng yì
目无尊长	mù wú zūn zhǎng
一切众生	yī qiè zhòng shēng
于飞之乐	yú fēi zhī lè
一迎一和	yī yíng yī hé
大谬不然	dà miù bù rán
高节清风	gāo jié qīng fēng
清风高节	qīng fēng gāo jié
一穷二白	yī qióng èr bái
当立之年	dāng lì zhī nián
以一奉百	yǐ yī fèng bǎi
脚不点地	jiǎo bù diǎn dì
破门而出	pò mén ér chū
深不可测	shēn bù kě cè
闻一知十	wén yī zhī shí
春风得意	chūn fēng dé yì
反眼不识	fǎn yǎn bù shí
日久天长	rì jiǔ tiān cháng
天长日久	tiān cháng rì jiǔ
云过天空	yún guò tiān kōng
没世不忘	mò shì bù wàng
机不容发	jī bù róng fā
不知寝食	bù zhī qǐn shí
一介不取	yī jiè bù qǔ
不偏不倚	bù piān bù yǐ
千载一时	qiān zǎi yī shí
一时千载	yī shí qiān zǎi
行不副言	xíng bù fù yán
在所不辞	zài suǒ bù cí
百年大计	bǎi nián dà jì
微言大义	wēi yán dà yì
头头是道	tóu tóu shì dào
一身是胆	yī shēn shì dǎn
地久天长	dì jiǔ tiān cháng
天长地久	tiān cháng dì jiǔ
天地长久	tiān dì cháng jiǔ
一偏之论	yī piān zhī lùn
鸡不及凤	jī bù jí fèng
穷天极地	qióng tiān jí dì
如石投水	rú shí tóu shuǐ
如水投石	rú shǔ tóu shí
百年之业	bǎi nián zhī yè
无论如何	wú lùn rú hé
理所不容	lǐ suǒ bù róng
不识一丁	bù shí yī dīng
一丁不识	yī dīng bù shí
亡国之声	wáng guó zhī shēng
日以为常	rì yǐ wéi cháng
视人如伤	shì rén rú shāng
心安理得	xīn ān lǐ dé
少气无力	shǎo qì wú lì
目不忍视	mù bù rěn shì
心高气傲	xīn gāo qì ào
不次之迁	bù cì zhī qiān
东风过耳	dōng fēng guò ěr
黄人守日	huáng rén shǒu rì
秀而不实	xiù ér bù shí
一毫不染	yī háo bù rǎn
百年不遇	bǎi nián bù yù
急不可待	jí bù kě dài
不可名状	bù kě míng zhuàng
心惊胆落	xīn jīng dǎn luò
一长二短	yī cháng èr duǎn
敬而远之	jìng ér yuǎn zhī
闻一知二	wén yī zhī èr
一夫之勇	yī fū zhī yǒng
见可而进	jiàn kě ér jìn
喜不自胜	xǐ bù zì shèng
了不长进	liǎo bù zhǎng jǐn
低心下意	dī xīn xià yì
言从计行	yán cóng jì xíng
言行计从	yán xíng jì cóng
大好河山	dà hǎo hé shān
同气相求	tóng qì xiāng qiú
下笔如神	xià bǐ rú shén
一望无边	yī wàng wú biān
谈论风生	tán lùn fēng shēng
云树之思	yún shù zhī sī
手眼通天	shǒu yǎn tōng tiān
逆耳之言	nì ěr zhī yán
势不两立	shì bù liǎng lì
马上功成	mǎ shàng gōng chéng
杀人如草	shā rén rú cǎo
日东月西	rì dōng yuè xī
日月重光	rì yuè chóng guāng
上下同门	shàng xià tóng mén
不学无术	bù xué wú shù
解人难得	jiě rén nán dé
白手成家	bái shǒu chéng jiā
见机而行	jiàn jī ér xíng
谈天论地	tán tiān lùn dì
不得善终	bù dé shàn zhōng
不欢而散	bù huān ér sàn
大打出手	dà dǎ chū shǒu
乐而不厌	lè ér bù yàn
不负众望	bù fù zhòng wàng
五谷不分	wǔ gǔ bù fēn
百口难分	bǎi kǒu nán fēn
薄情无义	báo qíng wú yì
行不逾方	xíng bù yú fāng
言语道断	yán yǔ dào duàn
一龙一猪	yī lóng yī zhū
半低不高	bàn dī bù gāo
别无长物	bié wú cháng wù
人定胜天	rén dìng shèng tiān
金石之坚	jīn shí zhī jiān
间不容发	jiàn bù róng fà
心向往之	xīn xiàng wǎng zhī
不乏其人	bù fá qí rén
名士风流	míng shì fēng liú
一字一句	yī zì yī jù
千里一曲	qiān lǐ yī qǔ
大有起色	dà yǒu qǐ sè
一无所获	yī wú suǒ huò
变生不测	biàn shēng bù cè
不顾前后	bù gù qián hòu
语重心沉	yǔ zhòng xīn chén
言笑自若	yán xiào zì ruò
得马失马	dé mǎ shī mǎ
不能自已	bù néng zì yǐ
一举两得	yī jǔ liǎng dé
济世之才	jì shì zhī cái
无坚不摧	wú jiān bù cuī
无迹可求	wú jì kě qiú
金人之缄	jīn rén zhī jiān
不衫不履	bù shān bù lǚ
知足不辱	zhī zú bù rǔ
诛心之论	zhū xīn zhī lùn
老天拔地	lǎo tiān bá dì
纷纷不一	fēn fēn bù yī
词不达意	cí bù dá yì
高才大德	gāo cái dà dé
百折不屈	bǎi zhé bù qū
面有难色	miàn yǒu nán sè
神色自若	shén sè zì ruò
人心归向	rén xīn guī xiàng
不可言喻	bù kě yán yù
一望无际	yī wàng wú jì
目不邪视	mù bù xié shì
出其不备	chū qí bù bèi
力不能及	lì bù néng jí
成风之斫	chéng fēng zhī zhuó
欺人之谈	qī rén zhī tán
一介之才	yī jiè zhī cái
高情远意	gāo qíng yuǎn yì
行不苟合	xíng bù gǒu hé
八方风雨	bā fāng fēng yǔ
安不忘危	ān bù wàng wēi
一毫不苟	yī háo bù gǒu
顺人应天	shùn rén yìng tiān
顺天应人	shùn tiān yìng rén
应天顺人	yìng tiān shùn rén
文丝不动	wén sī bù dòng
情深意重	qíng shēn yì zhòng
胆大心细	dǎn dà xīn xì
出奇无穷	chū qí wú qióng
专心一意	zhuān xīn yī yì
点头之交	diǎn tóu zhī jiāo
门不夜关	mén bù yè guān
不知利害	bù zhī lì hài
山眉水眼	shān méi shuǐ yǎn
日月交食	rì yuè jiāo shí
义不取容	yì bù qǔ róng
一蛇两头	yī shé liǎng tóu
迷而不返	mí ér bù fǎn
得手应心	dé shǒu yīng xīn
得心应手	dé xīn yìng shǒu
惊心夺目	jīng xīn duó mù
千难万难	qiān nán wàn nán
其乐无穷	qí lè wú qióng
人尽其才	rén jìn qí cái
计无付之	jì wú fǔ zhī
直言无隐	zhí yán wú yǐn
食不充口	shí bù chōng kǒu
一日三省	yī rì sān xǐng
回天倒日	huí tiān dǎo rì
言不二价	yán bù èr jià
指日可下	zhǐ rì kě xià
山穷水绝	shān qióng shuǐ jué
动人心弦	dòng rén xīn xián
河不出图	hé bù chū tú
深明大义	shēn míng dà yì
意气相投	yì qì xiāng tóu
山光水色	shān guāng shuǐ sè
水光山色	shuǐ guāng shān sè
水色山光	shuǐ sè shān guāng
痛心绝气	tòng xīn jué qì
移天易日	yí tiān yì rì
心花怒发	xīn huā nù fā
虎步龙行	hǔ bù lóng xíng
龙行虎步	lóng xíng hǔ bù
日有万机	rì yǒu wàn jī
高门大户	gāo mén dà hù
不法常可	bù fǎ cháng kě
九流人物	jiǔ liú rén wù
行家里手	háng jiā lǐ shǒu
金鼓连天	jīn gǔ lián tiān
说地谈天	shuō dì tán tiān
谈天说地	tán tiān shuō dì
走头无路	zǒu tóu wú lù
多事之秋	duō shì zhī qiū
用武之地	yòng wǔ zhī dì
一纸千金	yī zhǐ qiān jīn
大经大法	dà jīng dà fǎ
来处不易	lái chù bù yì
鱼水深情	yú shuǐ shēn qíng
人生如寄	rén shēng rú jì
天伦之乐	tiān lún zhī lè
众口一词	zhòng kǒu yī cí
群龙无首	qún lóng wú shǒu
风言雾语	fēng yán wù yǔ
百岁之好	bǎi suì zhī hǎo
当之无愧	dāng zhī wú kuì
言听事行	yán tīng shì xíng
烟花风月	yān huā fēng yuè
一寸赤心	yī cùn chì xīn
没而不朽	méi ér bù xiǔ
马面牛头	mǎ miàn niú tóu
牛头马面	niú tóu mǎ miàn
接连不断	jiē lián bù duàn
海不扬波	hǎi bù yáng bō
壮心不已	zhuàng xīn bù yǐ
独当一面	dú dāng yī miàn
名不虚传	míng bù xū chuán
为期不远	wéi qī bù yuǎn
以防万一	yǐ fáng wàn yī
一轨同风	yī guǐ tóng fēng
冰天雪地	bīng tiān xuě dì
以人为镜	yǐ rén wéi jìng
身不遇时	shēn bù yù shí
一面之款	yī miàn zhī kuǎn
不堪一击	bù kān yī jī
骨化风成	gǔ huà fēng chéng
言之有序	yán zhī yǒu xù
缄口不言	jiān kǒu bù yán
千虑一失	qiān lǜ yī shī
下笔千言	xià bǐ qiān yán
半解一知	bàn jiě yī zhī
一知半解	yī zhī bàn jiě
尺寸之地	chǐ cùn zhī dì
百岁之后	bǎi suì zhī hòu
马如游鱼	mǎ rú yóu yú
开合自如	kāi hé zì rú
九天九地	jiǔ tiān jiǔ dì
生死不渝	shēng sǐ bù yú
出人望外	chū rén wàng wài
不苟言笑	bù gǒu yán xiào
言笑不苟	yán xiào bù gǒu
龙行虎变	lóng xíng hǔ biàn
声气相求	shēng qì xiāng qiú
声气相通	shēng qì xiāng tōng
日不我与	rì bù wǒ yǔ
傍若无人	páng ruò wú rén
黑天白日	hēi tiān bái rì
无服之丧	wú fú zhī sàng
在天之灵	zài tiān zhī líng
不安于室	bù ān yú shì
迷人眼目	mí rén yǎn mù
神不守舍	shén bù shǒu shě
别作一眼	bié zuò yī yǎn
如坐春风	rú zuò chūn fēng
胆大心雄	dǎn dà xīn xióng
不共戴天	bù gòng dài tiān
名山胜水	míng shān shèng shuǐ
匪石之心	fěi shí zhī xīn
再不其然	zài bù qí rán
岁月不居	suì yuè bù jú
面是心非	miàn shì xīn fēi
义不容辞	yì bù róng cí
得不补失	dé bù bǔ shī
忘年之好	wàng nián zhī hǎo
财不露白	cái bù lù bái
因人成事	yīn rén chéng shì
同年而语	tóng nián ér yǔ
杀一利百	shā yī lì bǎi
不识泰山	bù shí tài shān
山穷水断	shān qióng shuǐ duàn
千里之任	qiān lǐ zhī rèn
风月无涯	fēng yuè wú yá
知命不忧	zhī mìng bù yōu
目知眼见	mù zhī yǎn jiàn
成千论万	chéng qiān lùn wàn
胸无大志	xiōng wú dà zhì
八斗之才	bā dǒu zhī cái
来历不明	lái lì bù míng
白首一节	bái shǒu yī jié
穷山恶水	qióng shān è shuǐ
自命不凡	zì mìng bù fán
不值一笑	bù zhí yī xiào
有目无睹	yǒu mù wú dǔ
同出一辙	tóng chū yī zhé
相时而动	xiàng shí ér dòng
白头之叹	bái tóu zhī tàn
不服水土	bù fú shuǐ tǔ
水土不服	shuǐ tǔ bù fú
恬不为意	tián bù wéi yì
自信不疑	zì xìn bù yí
寝食不安	qǐn shí bù ān
通天达地	tōng tiān dá dì
无须之祸	wú xū zhī huò
一寸丹心	yī cùn dān xīn
一丝两气	yī sī liǎng qì
高下在口	gāo xià zài kǒu
不知颠倒	bù zhī diān dǎo
道路以目	dào lù yǐ mù
义薄云天	yì bó yún tiān
至当不易	zhì dàng bù yì
明日黄花	míng rì huáng huā
天随人原	tiān suí rén yuán
一接如旧	yī jiē rú jiù
龙断之登	lóng duàn zhī dēng
当行出色	dāng háng chū sè
为富不仁	wéi fù bù rén
为仁不富	wéi rén bù fù
情同手足	qíng tóng shǒu zú
尽心尽力	jìn xīn jìn lì
无名之璞	wú míng zhī pú
同利相死	tóng lì xiāng sǐ
万全之计	wàn quán zhī jì
千秋人物	qiān qiū rén wù
学而不厌	xué ér bù yàn
同心叶力	tóng xīn yè lì
不求闻达	bù qiú wén dá
一窍不通	yī qiào bù tōng
出入人罪	chū rù rén zuì
三星在天	sān xīng zài tiān
一见钟情	yī jiàn zhōng qíng
高山景行	gāo shān jǐng xíng
月黑风高	yuè hēi fēng gāo
一线之路	yī xiàn zhī lù
同功一体	tóng gōng yī tǐ
光天化日	guāng tiān huà rì
化日光天	huà rì guāng tiān
冠绝一时	guàn jué yī shí
余声三日	yú shēng sān rì
千里无烟	qiān lǐ wú yān
别有心肠	bié yǒu xīn cháng
公之于众	gōng zhī yú zhòng
笔头生花	bǐ tóu shēng huā
不计其数	bù jì qí shù
遂心如意	suì xīn rú yì
不知甘苦	bù zhī gān kǔ
语不投机	yǔ bù tóu jī
死而无悔	sǐ ér wú huǐ
一枝之栖	yī zhī zhī qī
东风化雨	dōng fēng huà yǔ
金玉良言	jīn yù liáng yán
雨过天青	yǔ guò tiān qīng
自行其是	zì xíng qí shì
出没不常	chū mò bù cháng
取而代之	qǔ é dài zhī
众多非一	zhòng duō fēi yī
略识之无	lüè shí zhī wú
截然不同	jié rán bù tóng
语言无味	yǔ yán wú wèi
一唱一和	yī chàng yī hè
出自意外	chū zì yì wài
自食其力	zì shí qí lì
独善一身	dú shàn yī shēn
神兵天将	shén bīng tiān jiāng
以终天年	yǐ zhōng tiān nián
知难而进	zhī nán ér jìn
不壹而三	bù yī ér sān
超世之才	chāo shì zhī cái
丝发之功	sī fā zhī gōng
谈笑风生	tán xiào fēng shēng
不僧不俗	bù sēng bù sú
风景不殊	fēng jǐng bù shū
而今而后	ér jīn ér hòu
白玉无瑕	bái yù wú xiá
一乱涂地	yī luàn tú dì
举目无亲	jǔ mù wú qīn
观望不前	guān wàng bù qián
无缘无故	wú yuán wú gù
参差不一	cēn cī bù yī
神不附体	shén bù fù tǐ
度日如年	dù rì rú nián
十风五雨	shí fēng wǔ yǔ
十雨五风	shí yǔ wǔ fēng
五风十雨	wǔ fēng shí yǔ
忘年之交	wàng nián zhī jiāo
悲不自胜	bēi bù zì shèng
一见了然	yī jiàn le rán
不偏不党	bù piān bù dǎng
鱼米之地	yú mǐ zhī dì
果不其然	guǒ bù qí rán
平心易气	píng xīn yì qì
悔之无及	huǐ zhī wú jí
划一不二	huà yī bù èr
重足而立	chóng zú ér lì
水落石出	shuǐ luò shí chū
进退无门	jìn tuì wú mén
风语不透	fēng yǔ bù tòu
虎狼之势	hǔ láng zhī shì
有害无利	yǒu hài wú lì
生财有道	shēng cái yǒu dào
有识之士	yǒu shí zhī shì
无德而称	wú dé ér chēng
星星之火	xīng xīng zhī huǒ
不值一顾	bù zhí yī gù
龙马精神	lóng mǎ jīng shén
竹马之交	zhú mǎ zhī jiāo
攻心为上	gōng xīn wèi shàng
贼人心虚	zéi rén xīn xū
无师自通	wú shī zì tōng
一根一板	yī gēn yī bǎn
一切万物	yī qiē wàn wù
持之有故	chí zhī yǒu gù
以容取人	yǐ róng qǔ rén
强人所难	qiǎng rén suǒ nán
河清三日	hé qīng sān rì
鼎足而三	dǐng zú ér sān
一言半句	yī yán bàn jù
家破人离	jiā pò rén lí
无明业火	wú míng yè huǒ
方寸不乱	fāng cùn bù luàn
事不关己	shì bù guān jǐ
无适无莫	wú shì wú mò
举不胜举	jǔ bù shèng jǔ
不近道理	bù jìn dào lǐ
通共有无	tōng gòng yǒu wú
通无共有	tōng wú gòng yǒu
鸡犬不安	jī quǎn bù ān
默不作声	mò bù zuò shēng
齐心同力	qí xīn tóng lì
不可动摇	bù kě dòng yáo
戮力一心	lù lì yī xīn
口腹之累	kǒu fù zhī lěi
不教而杀	bù jiào ér shā
言扬行举	yán yáng xíng jǔ
一寒如此	yī hán rú cǐ
不入时宜	bù rù shí yí
新人新事	xīn rén xīn shì
执而不化	zhí ér bù huà
不知所措	bù zhī suǒ cuò
分内之事	fèn nèi zhī shì
一介之善	yī jiè zhī shàn
无可讳言	wú kě huì yán
同声相求	tóng shēng xiāng qiú
大仁大义	dà rén dà yì
轻薄无知	qīng báo wú zhī
人心向背	rén xīn xiàng bèi
龙眉凤目	lóng méi fèng mù
言不逮意	yán bù dǎi yì
执意不从	zhí yì bù cóng
相因相生	xiāng yīn xiāng shēng
长目飞耳	cháng mù fēi ěr
以水济水	yǐ shuǐ jǐ shuǐ
以辞取人	yǐ cí qǔ rén
为国为民	wéi guó wéi mín
寸步不离	cùn bù bù lí
普天之下	pǔ tiān zhī xià
开门见山	kāi mén jiàn shān
困而不学	kùn ér bù xué
半死不活	bàn sǐ bù huó
见势不妙	jiàn shì bù miào
素不相识	sù bù xiāng shí
道高望重	dào gāo wàng zhòng
声气相投	shēng qì xiāng tóu
满坐风生	mǎn zuò fēng shēng
不蔓不支	bù màn bù zhī
金石之策	jīn shí zhī cè
直言不讳	zhí yán bù huì
一鼓一板	yī gǔ yī bǎn
一枝一栖	yī zhī yī qī
五心六意	wǔ xīn liù yì
要而论之	yào ér lùn zhī
一室生春	yī shì shēng chūn
长安道上	cháng ān dào shàng
骂不绝口	mà bù jué kǒu
令行如流	lìng xíng rú liú
同心并力	tóng xīn bìng lì
守身如玉	shǒu shēn rú yù
言之过甚	yán zhī guò shèn
怀土之情	huái tǔ zhī qíng
一日万几	yī rì wàn jǐ
逞心如意	chěng xīn rú yì
千古罪人	qiān gǔ zuì rén
不知深浅	bù zhī shēn qiǎn
天渊之别	tiān yuān zhī bié
惊心破胆	jīng xīn pò dǎn
坐树无言	zuò shù wú yán
天外飞来	tiān wài fēi lái
易口以食	yì kǒu yǐ shí
相机行事	xiāng jī xíng shì
落地生根	luò dì shēng gēn
轻身下气	qīng shēn xià qì
乐而不荒	lè ér bù huāng
成败论人	chéng bài lùn rén
大吃一惊	dà chī yī jīng
日长一线	rì cháng yī xiàn
不足为凭	bù zú wéi píng
下不为例	xià bù wéi lì
长夜之饮	cháng yè zhī yǐn
流风遗迹	liú fēng yí jì
高才大学	gāo cái dà xué
不知世务	bù zhī shì wù
指天画地	zhǐ tiān huà dì
行有余力	xíng yǒu yú lì
面如冠玉	miàn rú guān yù
鱼水相投	yú shuǐ xiāng tóu
一隅之说	yī yú zhī shuō
隐忍不言	yǐn rěn bù yán
高门大屋	gāo mén dà wū
人间天堂	rén jiān tiān táng
攻无不克	gōng wú bù kè
得意忘言	dé yì wàng yán
道高德重	dào gāo dé zhòng
翻天作地	fān tiān zuò dì
话不相投	huà bù xiāng tóu
济世安人	jì shì ān rén
并日而食	bìng rì ér shí
头出头没	tóu chū tóu mò
大恩大德	dà ēn dà dé
真相大白	zhēn xiàng dà bái
明心见性	míng xīn jiàn xìng
解衣衣人	jiè yī yī rén
三三四四	sān sān sì sì
开心见肠	kāi xīn jiàn cháng
空腹高心	kōng fù gāo xīn
四方之志	sì fāng zhī zhì
理不忘乱	lǐ bù wàng luàn
付之一笑	fù zhī yī xiào
无伤大体	wú shāng dà tǐ
举手之劳	jǔ shǒu zhī láo
无动于中	wú dòng yú zhōng
横草之功	héng cǎo zhī gōng
重逆无道	zhòng nì wú dào
上下其手	shàng xià qí shǒu
尾生之信	wěi shēng zhī xìn
一日九迁	yī rì jiǔ qiān
无妄之福	wú wàng zhī fú
得失在人	dé shī zài rén
避人眼目	bì rén yǎn mù
道不拾遗	dào bù shí yí
无肠公子	wú cháng gōng zǐ
百年树人	bǎi nián shù rén
衣食不周	yī shí bù zhōu
等而上之	děng ér shàng zhī
金石为开	jīn shí wèi kāi
看人行事	kàn rén xíng shì
出言不逊	chū yán bù xùn
作金石声	zuò jīn shí shēng
神头鬼面	shén tóu guǐ miàn
别有心肝	bié yǒu xīn gān
不留余地	bù liú yú dì
变化不穷	biàn huà bù qióng
辞不达义	cí bù dá yì
与人为善	yǔ rén wéi shàn
风雨如晦	fēng yǔ rú huì
一毫千里	yī háo qiān lǐ
三三五五	sān sān wǔ wǔ
众心成城	zhòng xīn chéng chéng
花前月下	huā qián yuè xià
月下花前	yuè xià huā qián
文采风流	wén cǎi fēng liú
自负不凡	zì fù bù fán
自有公论	zì yǒu gōng lùn
三朝五日	sān cháo wǔ rì
日引月长	rì yǐn yuè cháng
守正不回	shǒu zhèng bù huí
四海为家	sì hǎi wéi jiā
一扫而光	yī sǎo ér guāng
心心相印	xīn xīn xiāng yìn
半生不熟	bàn shēng bù shú
白日见鬼	bái rì jiàn guǐ
时不再来	shí bù zài lái
背水一战	bèi shuǐ yī zhàn
别有用心	bié yǒu yòng xīn
下笔有神	xià bǐ yǒu shén
日旰不食	rì gàn bù shí
天下第一	tiān xià dì yī
山穷水尽	shān qióng shuǐ jìn
水尽山穷	shuǐ jìn shān qióng
水穷山尽	shuǐ qióng shān jìn
一悲一喜	yī bēi yī xǐ
不习地土	bù xí dì tǔ
衣不解带	yī bù jiě dài
神龙见首	shén lóng jiàn shǒu
各不相谋	gè bù xiāng móu
一气浑成	yī qì hún chéng
小人得志	xiǎo rén dé zhì
相习成风	xiāng xí chéng fēng
重望高名	zhòng wàng gāo míng
将天就地	jiāng tiān jiù dì
目光如鼠	mù guāng rú shǔ
神情不属	shén qíng bù shǔ
无关大体	wú guān dà tǐ
卖文为生	mài wén wéi shēn
目牛无全	mù niú wú quán
目无全牛	mù wú quán niú
高傲自大	gāo ào zì dà
一日千丈	yī rì qiān zhàng
大惑不解	dà huò bù jiě
两头白面	liǎng tóu bái miàn
人非木石	rén fēi mù shí
积重不返	jī zhòng bù fǎn
不足与谋	bù zú yǔ móu
岁月如流	suì yuè rú liú
千载一合	qiān zài yī hé
靡然成风	mí rán chéng fēng
东道主人	dōng dào zhǔ rén
鬼神不测	guǐ shén bù cè
神鬼不测	shén guǐ bù cè
不可思议	bù kě sī yì
言行不贰	yán xíng bù èr
一拥而上	yī yōng ér shàng
好为人师	hào wéi rén shī
破门而入	pò mén ér rù
金无足赤	jīn wú zú chì
长年三老	zhǎng nián sān lǎo
母难之日	mǔ nán zhī rì
月明千里	yuè míng qiān lǐ
驰名天下	chí míng tiān xià
群而不党	qún ér bù dǎng
锋不可当	fēng bù kě dāng
退有后言	tuì yǒu hòu yán
寡不胜众	guǎ bù shèng zhòng
惨无人理	cǎn wú rén lǐ
功成行满	gōng chéng xíng mǎn
不时之需	bù shí zhī xū
河目海口	hé mù hǎi kǒu
积小成大	jī xiǎo chéng dà
方面大耳	fāng miàn dà ěr
公明正大	gōng míng zhèng dà
不夷不惠	bù yí bù huì
两两三三	liǎng liǎng sān sān
三三两两	sān sān liǎng liǎng
并为一谈	bìng wéi yī tán
金兰之交	jīn lán zhī jiāo
笔下生花	bǐ xià shēng huā
不识高低	bù shí gāo dī
不可胜数	bù kě shèng shǔ
虎口余生	hǔ kǒu yú shēng
风雨无阻	fēng yǔ wú zǔ
安然如故	ān rán rú gù
目空一切	mù kōng yī qiè
才高气清	cái gāo qì qīng
言必有中	yán bì yǒu zhòng
情不可却	qíng bù kě què
自生自灭	zì shēng zì miè
身无择行	shēn wú zé xíng
去就之分	qù jiù zhī fēn
真龙天子	zhēn lóng tiān zǐ
半面之旧	bàn miàn zhī jiù
百无是处	bǎi wú shì chù
望子成龙	wàng zǐ chéng lóng
连理之木	lián lǐ zhī mù
心如寒灰	xīn rú hán huī
来日方长	lái rì fāng cháng
急人之困	jí rén zhī kùn
以人为鉴	yǐ rén wéi jiàn
心不在焉	xīn bù zài yān
一命归西	yī mìng guī xī
没世无闻	méi shì wú wén
独步一时	dú bù yī shí
一本正经	yī běn zhèng jīng
大名难居	dà míng nán jū
说千道万	shuō qiān dào wàn
道山学海	dào shān xué hǎi
出口入耳	chū kǒu rù ěr
文行出处	wén xíng chū chǔ
无妄之忧	wú wàng zhī yōu
神至之笔	shén zhì zhī bǐ
张大其事	zhāng dà qí shì
计出万死	jì chū wàn sǐ
石破天惊	shí pò tiān jīng
天惊石破	tiān jīng shí pò
非分之财	fēi fèn zhī cái
面如土色	miàn rú tǔ sè
面色如土	miàn sè rú tǔ
超然不群	chāo rán bù qún
行成于思	xíng chéng yú sī
从容自如	cóng róng zì rú
目不苟视	mù bù gǒu shì
不奈之何	bù nai zhī hé
心急如焚	xīn jí rú fén
白头相守	bái tóu xiāng shǒu
百足之虫	bǎi zú zhī chóng
视同路人	shì tóng lù rén
不堪入目	bù kān rù mù
皮相之谈	pí xiàng zhī tán
光明正大	guāng míng zhèng dà
正大光明	zhèng dà guāng míng
百喙如一	bǎi huì rú yī
战天斗地	zhàn tiān dòu dì
居不重席	jū bù chóng xí
风吹马耳	fēng chuī mǎ ěr
如虎生翼	rú hǔ shēng yì
避人耳目	bì rén ěr mù
一壶千金	yī hú qiān jīn
七步之才	qī bù zhī cái
出人意表	chū rén yì biǎo
出口成章	chū kǒu chéng zhāng
食言而肥	shí yán ér féi
大难临头	dà nàn lín tóu
流风余俗	liú fēng yú sú
死而复生	sǐ ér fù shēng
盘石之安	pán shí zhī ān
高下在手	gāo xià zài shǒu
下车之始	xià chē zhī shǐ
遇事生风	yù shì shēng fēng
有头有脸	yǒu tóu yǒu liǎn
人面桃花	rén miàn táo huā
桃花人面	táo huā rén miàn
白首相知	bái shǒu xiāng zhī
主一无适	zhǔ yī wú shì
以石投水	yǐ shí tóu shuǐ
以水投石	yǐ shuǐ tóu shí
克肩一心	kè jiān yī xīn
成千累万	chéng qiān lèi wàn
法无二门	fǎ wú èr mén
智小言大	zhì xiǎo yán dà
指日成功	zhǐ rì chéng gōng
急不择言	jí bù zé yán
半新不旧	bàn xīn bù jiù
龙生九子	lóng shēng jiǔ zǐ
始终如一	shǐ zhōng rú yī
终始如一	zhōng shǐ rú yī
于心无愧	yú jīn wú kuì
言外之味	yán wài zhī wèi
一波三折	yī bō sān zhé
笑不可仰	xiào bù kě yǎng
出头露面	chū tóu lù miàn
耳顺之年	ér shùn zhī nián
风雨同舟	fēng yǔ tóng zhōu
无坚不陷	wú jiān bù xiàn
终天之恨	zhōng tiān zhī hèn
汗马之功	hàn mǎ zhī gōng
周而不比	zhōu ér bù bǐ
林下清风	lín xià qīng fēng
转日回天	zhuǎn rì huí tiān
独步天下	dú bù tiān xià
天下独步	tiān xià dú bù
不顾死活	bù gù sǐ huó
目不见睫	mù bù jiàn jié
其貌不扬	qí mào bù yáng
一拥而入	yī yōng ér rù
平白无故	píng bái wú gù
水流云散	shuǐ liú yún sàn
从善如流	cóng shàn rú liú
药石之言	yào shí zhī yán
赏不当功	shǎng bù dāng gōng
蹇人上天	jiǎn rén shàng tiān
回天转地	huí tiān zhuǎn dì
流落风尘	liú luò fēng chén
忘形之交	wàng xíng zhī jiāo
胆大心粗	dǎn dā xīn cū
心粗胆大	xīn cū dǎn dà
害人不浅	hài rén bù qiǎn
长久之计	cháng jiǔ zhī jì
正正气气	zhèng zhèng qì qì
春山如笑	chūn shān rú xiào
雨露之恩	yǔ lù zhī ēn
余风遗文	yú fēng yí wén
思所逐之	si shuo zhu zi
清静无为	qīng jìng wú wéi
其道无由	qí dào wú yóu
末如之何	mò rú zhī hé
高高在上	gāo gāo zài shàng
意义深长	yì yì shēn cháng
众口同声	zhòng kǒu tóng shēng
民心不壹	mín xīn bù yī
必争之地	bì zhēng zhī dì
行易知难	xíng yì zhī nán
知易行难	zhī yì xíng nán
玉关人老	yù guān rén lǎo
刑余之人	xíng yú zhī rén
一字一泪	yī zì yī lèi
易子而食	yì zǐ ér shí
造言生事	zào yán shēng shì
鸡犬不惊	jī quǎn bù jīng
不登大雅	bù dēng dà yǎ
不言而谕	bù yán ér yù
政令不一	zhèng lìng bù yī
白日升天	bái rì shēng tiān
漫不经意	màn bù jīng yì
三十而立	sān shí ér lì
和而不唱	hé ér bù chàng
计日而待	jì rì ér dài
眉头不伸	méi tóu bù shēn
交口同声	jiāo kǒu tóng shēng
白面书生	bái miàn shū shēng
乐不可支	lè bù kě zhī
月露之体	yuè lù zhī tǐ
足高气扬	zú gāo qì yáng
才气无双	cái qì wú shuāng
中立不倚	zhōng lì bù yǐ
小户人家	xiǎo hù rén jiā
自相鱼肉	zì xiāng yú ròu
轻死重气	qīng sǐ zhòng qì
无幽不烛	wú yōu bù zhú
一叶迷山	yī yè mí shān
不顾大局	bù gù dà jú
无般不识	wú bān bù shí
方头不律	fāng tóu bù lǜ
坐不重席	zuò bù chóng xí
同心竭力	tóng xīn jié lì
一来二去	yī lái èr qù
王公大人	wáng gōng dà rén
不了而了	bù liǎo ér liǎo
备而不用	bèi ér bù yòng
眉目如画	méi mù rú huà
地老天昏	dì lǎo tiān hūn
居无求安	jū wú qiú ān
并世无两	bìng shì wú liǎng
降心下气	jiàng xīn xià qì
胆大于身	dǎn dà yú shēn
以水救水	yǐ shuǐ jiù shuǐ
犬马之劳	quǎn mǎ zhī láo
玉堂人物	yù táng rén wù
分毫不取	fēn háo bù qǔ
家道中落	jiā dào zhōng luò
三头六面	sān tóu liù miàn
哀而不伤	āi ér bù shāng
金口玉牙	jīn kǒu yù yá
动荡不安	dòng dàng bù ān
不在话下	bù zài huà xià
大惊失色	dà jīng shī sè
以力服人	yǐ lì fú rén
金石不渝	jīn shí bù yú
夺门而出	duó mén ér chū
不足齿数	bù zú chǐ shǔ
有言在先	yǒu yán zài xiān
不疾不徐	bù jí bù xú
不徐不疾	bù xú bù jí
不胜其任	bù shèng qí rèn
风花雪夜	fēng huā xuě yè
轻生重义	qīng shēng zhòng yì
重义轻生	zhòng yì qīng shēng
公正不阿	gōng zhèng bù ē
无颜落色	wú yán luò sè
见弃于人	jiàn qì yǔ rén
悬车之年	xuán chē zhī nián
眼穿心死	yǎn chuān xīn sǐ
痛心入骨	tòng xīn rù gǔ
枉道事人	wǎng dào shì rén
爱人以德	ài rén yǐ dé
乐天知命	lè tiān zhī mìng
知命乐天	zhī mìng lè tiān
人自为政	rén zì wéi zhèng
有来有往	yǒu lái yǒu wǎng
明见万里	míng jiàn wàn lǐ
日进斗金	rì jìn dǒu jīn
日薄西山	rì bó xī shān
西山日薄	xī shān rì báo
一干人犯	yī gān rén fàn
质而不野	zhì ér bù yě
心平气和	xīn píng qì hé
心若死灰	xīn ruò sǐ huī
随人作计	suí rén zuò jì
祸不单行	huò bù dān xíng
无济于事	wú jì yú shì
一了百当	yī liǎo bǎi dàng
食不兼肉	shí bù jiān ròu
趁心如意	chèn xīn rú yì
束手无计	shù shǒu wú jì
渔人之利	yú rén zhī lì
流水游龙	liú shuǐ yóu lóng
扫地无遗	sǎo dì wú yí
不由分说	bù yóu fēn shuō
大缪不然	dà miù bù rán
局外之人	jú wài zhī rén
明教不变	míng jiào bù biàn
无家可奔	wú jiā kě bēn
一刀两断	yī dāo liǎng duàn
乐成人美	lè chéng rén měi
一吹一唱	yī chuī yī chàng
恩德如山	ēn dé rú shān
浆水不交	jiāng shuǐ bù jiāo
落落大方	luò luò dà fāng
市道之交	shì dào zhī jiāo
生死关头	shēng sǐ guān tóu
百年之约	bǎi nián zhī yuē
鼎足之势	dǐng zú zhī shì
自命清高	zì mìng qīng gāo
待理不理	dài lǐ bù lǐ
仁同一视	rén tóng yī shì
一视同仁	yī shì tóng rén
望文生义	wàng wén shēng yì
实心实意	shí xīn shí yì
人心惟危	rén xīn wéi wēi
死不足惜	sǐ bù zú xī
计行言听	jì xíng yán tīng
言听计行	yán tīng jì xíng
一佛出世	yī fó chū shì
理不胜辞	lǐ bù shèng cí
鱼贯而行	yú guàn ér xíng
渐不可长	jiàn bù kě zhǎng
总而言之	zǒng ér yán zhī
不习水土	bù xí shuǐ tǔ
人言可畏	rén yán kě wèi
分形同气	fēn xíng tóng qì
举世无敌	jǔ shì wú dí
望风而靡	wàng fēng ér mí
走伏无地	zǒu fú wú dì
金马玉堂	jīn mǎ yù táng
玉堂金马	yù táng jīn mǎ
回心转意	huí xīn zhuǎn yì
心回意转	xīn huí yì zhuǎn
意转心回	yì zhuǎn xīn huí
苦不堪言	kǔ bù kān yán
断发文身	duàn fà wén shēn
文身断发	wén shēn duàn fā
心寒胆落	xīn hán dǎn luò
一败涂地	yī bài tú dì
义无反顾	yì wú fǎn gù
心猿意马	xīn yuán yì mǎ
意马心猿	yì mǎ xīn yuán
师心自是	shī xīn zì shì
千金一掷	qiān jīn yī zhì
一掷千金	yī zhì qiān jīn
年复一年	nián fù yī nián
千古一辙	qiān gǔ yī zhé
钳口不言	qián kǒu bù yán
高谈大论	gāo tán dà lùn
方正不阿	fāng zhèng bù ē
日月丽天	rì yuè lì tiān
人心莫测	rén xīn mò cè
余光分人	yú guāng fēn rén
进退无所	jìn tuì wú suǒ
金石交情	jīn shí jiāo qíng
二三其意	èr sān qí yì
鸡犬不闻	jī quǎn bù wén
绝世无双	jué shì wú shuāng
风流罪过	fēng liú zuì guò
独行其道	dú xíng qí dào
相视而笑	xiāng shì ér xiào
暮夜无知	mù yè wú zhī
见义当为	jiàn yì dāng wéi
哑口无言	yǎ kǒu wú yán
量力而行	liàng lì ér xíng
力不胜任	lì bù shèng rèn
见怪不怪	jiàn guài bù guài
大同小异	dà tóng xiǎo yì
小异大同	xiǎo yì dà tóng
天府之国	tiān fǔ zhī guó
天灾人祸	tiān zāi rén huò
无与为比	wú yǔ wéi bǐ
前言往行	qián yán wǎng xíng
谈笑自如	tán xiào zì rú
一吠百声	yī fèi bǎi shēng
如蹈水火	rú dǎo shuǐ huǒ
时不我待	shí bù wǒ dài
同恶相求	tóng è xiāng qiú
手无寸铁	shǒu wú cùn tiě
河鱼之疾	hé yú zhī jí
明明白白	míng míng bái bái
不合时宜	bù hé shí yí
退如山移	tuì rú shān yí
无毛大虫	wú máo dà chóng
出言吐气	chū yán tǔ qì
知名当世	zhī míng dāng shì
一扫而空	yī sǎo ér kōng
别有人间	bié yǒu rén jiān
酒后无德	jiǔ hòu wú dé
一缘一会	yī yuán yī huì
百尺无枝	bǎi chǐ wú zhī
石沉大海	shí chén dà hǎi
神飞气扬	shén fēi qì yáng
无施不效	wú shī bù xiào
礼无不答	lǐ wú bù dá
不屑一顾	bù xiè yī gù
青黄不接	qīng huáng bù jiē
家累千金	jiā lèi qiān jīn
冲口而出	chōng kǒu ér chū
情深义重	qíng shēn yì zhòng
语重情深	yǔ zhòng qíng shēn
身无寸铁	shēn wú cùn tiě
不知去向	bù zhī qù xiàng
覆亡无日	fù wáng wú rì
口不二价	kǒu bù èr jià
心到神知	xīn dào shén zhī
肥头大面	féi tóu dà miàn
不痴不聋	bù chī bù lóng
不可言宣	bù kě yán xuān
来者不善	lái zhě bù shàn
花花公子	huā huā gōng zǐ
怨天忧人	yuàn tiān yóu rén
神不收舍	shén bù shōu shě
口口相传	kǒu kǒu xiāng chuán
意气飞扬	yì qì fēi yáng
丧家之狗	sàng jiā zhī gǒu
足高气强	zú gāo qì qiáng
视死若生	shì sǐ ruò shēng
因人而异	yīn rén ér yì
归心如箭	guī xīn rú jiàn
遗祸无穷	yí huò wú qióng
四战之国	sì zhàn zhī guó
言多伤行	yán duō shāng xíng
山重水复	shān zhòng shuǐ fù
重山复水	chóng shān fù shuǐ
水宿山行	shuǐ xiǔ shān xíng
决不待时	jué bù dài shí
刻不待时	kè bù dài shí
发扬光大	fā yáng guāng dà
木石心肠	mù shí xīn cháng
石心木肠	shí xīn mù cháng
大头小尾	dà tóu xiǎo wěi
安如泰山	ān rú tài shān
离心离德	lí xīn lí dé
白首如新	bái shǒu rú xīn
春回大地	chūn huí dà dì
大地春回	dà dì chūn huí
大地回春	dà dì huí chūn
气义相投	qì yì xiāng tóu
义气相投	yì qì xiāng tóu
打成一片	dǎ chéng yī piàn
不识起倒	bù shí qǐ dǎo
有说有笑	yǒu shuō yǒu xiào
一花独放	yī huā dú fàng
见神见鬼	jiàn shén jiàn guǐ
不卑不亢	bù bēi bù kàng
不亢不卑	bù kàng bù bēi
倚马千言	yǐ mǎ qiān yán
山高水低	shān gāo shuǐ dī
后继有人	hòu jì yǒu rén
家至人说	jiā zhì rén shuō
人怨天怒	rén yuàn tiān nù
天怒人怨	tiān nù rén yuàn
所作所为	suǒ zuò suǒ wéi
知难而退	zhī nán ér tuì
无孔不钻	wú kǒng bù zuān
负手之歌	fù shǒu zhī gē
头高头低	tóu gāo tóu dī
犬马之疾	quǎn mǎ zhī jí
心旷神飞	xīn kuàng shén fēi
变动不居	biàn dòng bù jū
一旦一夕	yī dàn yī xī
时运不济	shí yùn bù jì
十之八九	shí zhī bā jiǔ
春风满面	chūn fēng mǎn miàn
满面春风	mǎn miàn chūn fēng
死里求生	sǐ lǐ qiú shēng
一路平安	yī lù píng ān
家破人亡	jiā pò rén wáng
人亡家破	rén wáng jiā pò
出将入相	chū jiàng rù xiàng
出入将相	chū rù jiāng xiāng
贵在知心	guì zài zhī xīn
安之若素	ān zhī ruò sù
下笔成文	xià bǐ chéng wén
触目惊心	chù mù jīng xīn
迷天大罪	mí tiān dà zuì
亲如手足	qīn rú shǒu zú
寸地尺天	cùn dì chǐ tiān
民不聊生	mín bù liáo shēng
从风而靡	cóng fēng ér mí
食不二味	shí bù èr wèi
三清四白	sān qīng sì bái
不足介意	bù zú jiè yì
闻风破胆	wén fēng pò dǎn
门户之争	mén hù zhī zhēng
不刊之论	bù kān zhī lùn
顿足不前	dùn zú bù qián
一瞑不视	yī míng bù shì
不足为训	bù zú wéi xùn
同心共胆	tóng xīn gòng dǎn
用兵如神	yòng bīng rú shén
疑事无功	yí shì wú gōng
神气十足	shén qì shí zú
金石良言	jīn shí liáng yán
盖世之才	gài shì zhī cái
公正无私	gōng zhèng wú sī
不赞一词	bù zàn yī cí
有胆有识	yǒu dǎn yǒu shí
犬马之养	quǎn mǎ zhī yǎng
食不下咽	shí bù xià yàn
有嘴没心	yǒu zuǐ méi xīn
一字一板	yī zì yī bǎn
积甲如山	jī jiǎ rú shān
以己度人	yǐ jǐ duó rén
贪而无信	tān ér wú xìn
白头相并	bái tóu xiāng bìng
丹心如故	dān xīn rú gù
口角春风	kǒu jiǎo chūn fēng
语妙天下	yǔ miào tiān xià
无胫而行	wú jìng ér xíng
安分知足	ān fèn zhī zú
有声没气	yǒu shēng méi qì
仁义之兵	rén yì zhī bīng
若有所失	ruò yǒu suǒ shī
人老珠黄	rén lǎo zhū huáng
不出所料	bù chū suǒ liào
春风雨露	chūn fēng yǔ lù
见笑大方	jiàn xiào dà fāng
百折不摧	bǎi zhé bù cuī
心腹大患	xīn fù dà huàn
改行为善	gǎi xíng wéi shàn
流风回雪	liú fēng huí xuě
人非物是	rén fēi wù shì
物是人非	wù shì rén fēi
寂若无人	jì ruò wú rén
日日夜夜	rì rì yè yè
马入华山	mǎ rù huá shān
古井不波	gǔ jǐng bù bō
魂飞天外	hún fēi tiān wài
见机行事	jiàn jī xíng shì
钻天入地	zuān tiān rù dì
乐山乐水	yào shān yào shuǐ
满舌生花	mǎn shé shēng huā
无毁无誉	wú huǐ wú yù
泣下如雨	qǐ xià rú yǔ
无可厚非	wú kě hòu fēi
不忘故旧	bù wàng gù jiù
举目千里	jǔ mù qiān lǐ
耻言人过	chǐ yán rén guò
拖人下水	tuō rén xià shuǐ
一朝之忿	yī zhāo zhī fèn
不拘一格	bù jū yī gé
量力而为	liàng lì ér wéi
足衣足食	zú yī zú shí
谲而不正	jué ér bù zhèng
闳大不经	hóng dà bù jīng
鱼龙百变	yú lóng bǎi biàn
铁面无私	tiě miàn wú sī
江流日下	jiāng liú rì xià
归十归一	guī shí guī yī
经济之才	jīng jì zhī cái
心惊胆寒	xīn jīng dǎn hán
无可名状	wú kě míng zhuàng
顿腹之言	dùn fù zhī yán
悬若日月	xuán ruò rì yuè
言必有物	yán bì yǒu wù
灰心短气	huī xīn duǎn qì
小家子气	xiǎo jiā zi qì
大吹大打	dà chuī dà dǎ
用非其人	yòng fēi qí rén
乐天安命	lè tiān ān mìng
肝心涂地	gān xīn tú dì
大雨如注	dà yǔ rú zhù
谋事在人	móu shì zài rén
舍己为人	shě jǐ wèi rén
视若路人	shì ruò lù rén
同声相应	tóng shēng xiāng yìng
自鸣得意	zì míng dé yì
人情世态	rén qíng shì tai
世态人情	shì tai rén qíng
闻风远扬	wén fēng yuǎn yáng
寡不敌众	guǎ bù dí zhòng
众寡不敌	zhòng guǎ bù dí
无了无休	wú le wú xiū
无休无了	wú xiū wú le
一跌不振	yī diē bù zhèn
不慌不忙	bù huāng bù máng
骇目惊心	hài mù jīng xīn
惊心骇目	jīng xīn hài mù
不辞劳苦	bù cí láo kǔ
十指连心	shí zhǐ lián xīn
计无由出	jì wú yóu chū
河门海口	hé mén hǎi kǒu
渺不足道	miǎo bù zú dào
恶声恶气	è shēng è qì
言行相诡	yán xíng xiāng guǐ
终身大事	zhōng shēn dà shì
巧不可接	qiǎo bù kě jiē
视死如归	shì sǐ rú guī
一坐尽惊	yī zuò jìn jīng
兼人之勇	jiān rén zhī yǒng
年高望重	nián gāo wàng zhòng
计日以待	jì rì yǐ dài
不刊之说	bù kān zhī shuō
言听行从	yán tīng xíng cóng
天差地远	tiān chā dì yuǎn
行不从径	xíng bù cóng jìng
弱不禁风	ruò bù jīn fēng
春风和气	chūn fēng hé qì
一点一滴	yī diǎn yī dī
玉走金飞	yù zǒu jīn fēi
地大物博	dì dà wù bó
狗马声色	gǒu mǎ shēng sè
声色狗马	shēng sè gǒu mǎ
毁不危身	huǐ bù wēi shēn
指日而待	zhǐ rì ér dài
远不间亲	yuǎn bù jiàn qīn
一字千秋	yī zì qiān qiū
应有尽有	yīng yǒu jìn yǒu
独有千古	dú yǒu qiān gǔ
为德不卒	wéi dé bù zú
无出其右	wú chū qí yòu
强作解人	qiǎng zuò jiě rén
革心易行	gé xīn yì xíng
人欲横流	rén yù héng liú
千里神交	qiān lǐ shén jiāo
满而不溢	mǎn ér bù yì
害群之马	hài qún zhī mǎ
天衣无缝	tiān yī wú fèng
无缝天衣	wú féng tiān yī
国难当头	guó nàn dāng tóu
安身为乐	ān shēn wéi lè
壶天日月	hú tiān rì yuè
倒背如流	dào bèi rú liú
不咸不淡	bù xián bù dàn
大失所望	dà shī suǒ wàng
妇人之仁	fù rén zhī rén
片言一字	piàn yán yī zì
无伤无臭	wú shēng wú xiù
正色直言	zhèng sè zhí yán
直言正色	zhí yán zhèng sè
木心石腹	mù xīn shí fù
东流西上	dōng liú xī shàng
异口同声	yì kǒu tóng shēng
一秉大公	yī bǐng dà gōng
时运不齐	shí yùn bù jì
举一废百	jǔ yī fèi bǎi
金石可开	jīn shí kě kāi
使心别气	shǐ xīn bié qì
不壹而足	bù yī ér zú
无根无蒂	wú gēn wú dì
杀身之祸	shā shēn zhī huò
食不累味	shí bù lèi wèi
风和日美	fēng hé rì měi
守节不移	shǒu jié bù yí
金口木舌	jīn kǒu mù shé
一高二低	yī gāo èr dī
草靡风行	cǎo mí fēng xíng
风行草靡	fēng xíng cǎo mí
长风破浪	cháng fēng pò làng
入木三分	rù mù sān fēn
有生力量	yǒu shēng lì liàng
深信不疑	shēn xìn bù yí
坐不安席	zuò bù ān xí
日饮无何	rì yǐn wú hé
托之空言	tuō zhī kōng yán
何罪之有	hé zuì zhī yǒu
点水不漏	diǎn shuǐ bù lòu
一脉同气	yī mài tóng qì
祸福之门	huò fú zhī mén
一片丹心	yī piàn dān xīn
束之高屋	shù zhī gāo wū
从风而服	cóng fēng ér fú
像心如意	xiàng xīn rú yì
千里结言	qiān lǐ jié yán
出鬼入神	chū guǐ rù shén
出入神鬼	chū rù shén guǐ
鬼出神入	guǐ chū shén rù
神出鬼入	shén chū guǐ rù
不由自主	bù yóu zì zhǔ
手足无措	shǒu zú wú cuò
末路之难	mò lù zhī nán
身不由己	shēn bù yóu jǐ
臭不可当	chòu bù kě dāng
千难万苦	qiān nán wàn kǔ
信步而行	xìn bù ér xíng
人非草木	rén fēi cǎo mù
若有所思	ruò yǒu suǒ sī
避世金马	bì shì jīn mǎ
将无做有	jiāng wú zuò yǒu
三夫之对	sān fū zhī duì
见机而作	jiàn jī ér zuò
不逞之徒	bù chěng zhī tú
诚心正意	chéng xīn zhèng yì
正心诚意	zhèng xīn chéng yì
反间之计	fǎn jiàn zhī jì
望风而遁	wàng fēng ér dùn
入骨相思	rù gǔ xiāng sī
国色天香	guó sè tiān xiāng
天香国色	tiān xiāng guó sè
达人知命	dá rén zhī mìng
耳闻目见	ěr wén mù jiàn
目见耳闻	mù jiàn ěr wén
危言高论	wēi yán gāo lùn
丘山之功	qiū shān zhī gōng
日月入怀	rì yuè rù huái
天壤之别	tiān rǎng zhī bié
大中至正	dà zhōng zhì zhèng
口如悬河	kǒu rú xuán hé
说三道四	shuō sān dào sì
不刊之书	bù kān zhī shū
平地风波	píng dì fēng bō
秋月春风	qiū yuè chūn fēng
九流百家	jiǔ liú bǎi jiā
言出祸从	yán chū huò cóng
为非作恶	wéi fēi zuò è
好言好语	hǎo yán hǎo yǔ
易地而处	yì dì ér chǔ
洗手不干	xǐ shǒu bù gàn
重睹天日	chóng dǔ tiān rì
有目共见	yǒu mù gòng jiàn
平心定气	píng xīn dìng qì
心平气定	xīn píng qì dìng
白水鉴心	bái shuǐ jiàn xīn
低首下心	dī shǒu xià xīn
敌不可假	dí bù kě jiǎ
飞短流长	fēi duǎn liú cháng
飞流短长	fēi liú duǎn cháng
不挑之祖	bù tiāo zhī zǔ
用心用意	yòng xīn yòng yì
风举云摇	fēng jǔ yún yáo
一相情愿	yī xiāng qíng yuàn
人急智生	rén jí zhì shēng
出师有名	chū shī yǒu míng
师出有名	shī chū yǒu míng
天之戮民	tiān zhī lù mín
言无二价	yán wú èr jià
心乱如麻	xīn luàn rú má
国无宁日	guó wú níng rì
老之将至	lǎo zhī jiāng zhì
力不能支	lì bù néng zhī
视民如子	shì mín rú zǐ
破家为国	pò jiā wéi guó
于家为国	yú jiā wéi guó
大步流星	dǎ bù liú xīng
意在言外	yì zài yán wài
弦外之意	xián wài zhī yì
终其天年	zhōng qí tiān nián
当世无双	dāng shì wú shuāng
所当无敌	suǒ dāng wú dí
一鳞一爪	yī lín yī zhǎo
刀山火海	dāo shān huǒ hǎi
火海刀山	huǒ hǎi dāo shān
天理难容	tiān lǐ nán róng
血风肉雨	xuè fēng ròu yǔ
少不更事	shào bù gēng shì
不骄不躁	bù jiāo bù zào
忧心如焚	yōu xīn rú fén
斗升之水	dǒu shēng zhī shuǐ
福如东海	fú rú dōng hǎi
触目经心	chù mù jīng xīn
起居无时	qǐ jū wú shí
口出狂言	kǒu chū kuáng yán
思不出位	sī bù chū wèi
一板三眼	yī bǎn sān yǎn
臭不可闻	chòu bù kě wén
马去马归	mǎ qù mǎ guī
一之已甚	yī zhī yǐ shèn
百年大业	bǎi nián dà yè
不可磨灭	bù kě mó miè
一掷百万	yī zhì bǎi wàn
相生相克	xiāng shēng xiāng kè
千秋万世	qiān qiū wàn shì
哭笑不得	kū xiào bù dé
不期而会	bù qī ér huì
百年好事	bǎi nián hǎo shì
无拘无束	wú jū wú shù
无束无拘	wú shù wú jū
自出心裁	zì chū xīn cái
才识过人	cái shí guò rén
国而忘家	guó ér wàng jiā
生死相依	shēng sǐ xiāng yī
书香人家	shū xiāng rén jiā
无拳无勇	wú quán wú yǒng
量才而为	liàng cái ér wéi
掩人耳目	yǎn rén ěr mù
手不释书	shǒu bù shì shū
书不释手	shū bù shì shǒu
一呼百应	yī hū bǎi yìng
天摇地动	tiān yáo dì dòng
油然而生	yóu rán ér shēng
摇身一变	yáo shēn yī biàn
何所不至	hé suǒ bù zhì
恨之入骨	hèn zhī rù gǔ
困而学之	kùn ér xué zhī
万物之灵	wàn wù zhī líng
一言中的	yī yán zhōng dì
无根而固	wú gēn ér gù
轻言轻语	qīng yán qīng yǔ
遗物识心	yí wù shí xīn
白发丹心	bái fà dān xīn
口快心直	kǒu kuài xīn zhǐ
口直心快	kǒu zhí xīn kuài
心直口快	xīn zhí kǒu kuài
云泥之别	yún ní zhī bié
三长四短	sān cháng sì duǎn
缄口无言	jiān kǒu wú yán
适以相成	shì yǐ xiāng chéng
时不我与	shí bù wǒ yǔ
人所共知	rén suǒ gòng zhī
师心自用	shī xīn zì yòng
一介之士	yī jiè zhī shì
中庸之道	zhōng yōng zhī dào
就正有道	jiù zhèng yǒu dào
足足有余	zú zú yǒu yú
道头知尾	dào tóu zhī wěi
强而后可	qiǎng ér hòu kě
望断白云	wàng duàn bái yún
攘人之美	rǎng rén zhī měi
为所欲为	wéi suǒ yù wéi
在家出家	zài jiā chū jiā
足兵足食	zú bīng zú shí
足食足兵	zú shí zú bīng
无补于事	wú bǔ yú shì
于事无补	yú shì wú bǔ
大雅之堂	dà yǎ zhī táng
不绝若线	bù jué ruò xiàn
魂不负体	hún bù fù tǐ
多故之秋	duō gù zhī qiū
连绵不绝	lián mián bù jué
天道好还	tiān dào hǎo huán
下愚不移	xià yú bù yí
后生小子	hòu shēng xiǎo zǐ
小子后生	xiǎo zǐ hòu shēng
混然天成	hùn rán tiān chéng
一表人材	yī biǎo rén cái
绳之以法	shéng zhī yǐ fǎ
天生地设	tiān shēng dì shè
日昃不食	rì zè bù shí
野无遗才	yě wú yí cái
坐怀不乱	zuò huái bù luàn
上雨旁风	shàng yǔ páng fēng
同盘而食	tóng pán ér shí
金相玉振	jīn xiāng yù zhèn
自得其乐	zì dé qí lè
人穷志短	rén qióng zhì duǎn
一叶知秋	yī yè zhī qiū
弱不胜衣	ruò bù shèng yī
浪迹天下	làng jì tiān xià
以退为进	yǐ tuì wéi jìn
比年不登	bǐ nián bù dēng
推而广之	tuī ér guǎng zhī
铁肠石心	tiě cháng shí xīn
铁石心肠	tiě shí xīn cháng
铁心石肠	tiě xīn shí cháng
望尘不及	wàng chén bù jí
以德服人	yǐ dé fú rén
功高望重	gōng gāo wàng zhòng
正直无私	zhèng zhí wú sī
五行八作	wǔ háng bā zuò
闻声相思	wén shēng xiāng sī
妙绝时人	miào jué shí rén
心术不端	xīn shù bù duān
一挥而就	yī huī ér jiù
一般无二	yī bān wú èr
无计可施	wú jì kě shī
大杀风景	dà shā fēng jǐng
百计千方	bǎi jì qiān fāng
千方百计	qiān fāng bǎi jì
如履平地	rú lǚ píng dì
不可胜算	bù kě shèng suàn
快心满意	kuài xīn mǎn yì
百下百全	bǎi xià bǎi quán
一贫如洗	yī pín rú xǐ
无知妄作	wú zhī wàng zuò
秋风过耳	qiū fēng guò ěr
不知肉味	bù zhī ròu wèi
如花似玉	rú huā sì yù
胆破心寒	dǎn pò xīn hán
破胆寒心	pò dǎn hán xīn
无稽之谈	wú jī zhī tán
身心交病	shēn xīng jiāo bìng
三长两短	sān cháng liǎng duǎn
云中白鹤	yún zhōng bái hè
独木不林	dú mù bù lín
金口玉音	jīn kǒu yù yīn
不耻下问	bù chǐ xià wèn
高枕无忧	gāo zhěn wú yōu
人浮于食	rén fú yú shí
无妄之灾	wú wàng zhī zāi
今不如昔	jīn bù rú xī
有伤风化	yǒu shāng fēng huà
自业自得	zì yè zì dé
犬马之报	quǎn mǎ zhī bào
逐日追风	zhú rì zhuī fēng
追风逐日	zhuī fēng zhú rì
言简意深	yán jiǎn yì shēn
有国难投	yǒu guó nán tóu
口出不逊	kǒu chū bù xùn
有始无终	yǒu shǐ wú zhōng
惊心骇神	jīng xīn hài shén
寸有所长	cùn yǒu suǒ cháng
瓦影之鱼	wǎ yǐng huā yú
人满为患	rén mǎn wéi huàn
势不两存	shì bù liǎng cún
兵无常形	bīng wú cháng xíng
打马虎眼	dǎ mǎ hu yǎn
汗如雨下	hàn rú yǔ xià
九九归一	jiǔ jiǔ guī yī
患难之交	huàn nàn zhī jiāo
入井望天	rù jǐng wàng tiān
临难不避	lín nán bù bì
称心满意	chèn xīn mǎn yì
青云万里	qīng yún wàn lǐ
故旧不弃	gù jiù bù qì
问心无愧	wèn xīn wú kuì
一诺无辞	yī nuò wú cí
知小谋大	zhī xiǎo móu dà
半信不信	bàn xìn bù xìn
风雨连床	fēng yǔ lián chuáng
日来月往	rì lái yuè wǎng
日往月来	rì wǎng yuè lái
负俗之累	fù sú zhī lèi
自私自利	zì sī zì lì
情见于色	qíng jiàn yú sè
面如死灰	miàn rú sǐ huī
夏雨雨人	xià yǔ yǔ rén
千门万户	qiān mén wàn hù
万户千门	wàn hù qiān mén
呼之欲出	hū zhī yù chū
矢不虚发	shǐ bù xū fā
文人学士	wén rén xué shì
一弛一张	yī chí yī zhāng
一张一弛	yī zhāng yī chí
日中为市	rì zhōng wéi shì
言方行圆	yán fāng xíng yuán
有以善处	yǒu yǐ shàn chǔ
坐言起行	zuò yán qǐ xíng
人非土木	rén fēi tǔ mù
齐心合力	qí xīn hé lì
胆战心惊	dǎn zhàn xīn jīng
心惊胆战	xīn jīng dǎn zhàn
计不返顾	jì bù fǎn gù
成己成物	chéng jǐ chéng wù
扬长而去	yáng cháng ér qù
九牛一毛	jiǔ niú yī máo
没齿不忘	mò chǐ bù wàng
人死留名	rén sǐ liú míng
云交雨合	yún jiāo yǔ hé
多言多语	duō yán duō yǔ
分寸之末	fēn cùn zhī mò
人浮于事	rén fú yú shì
锐不可当	ruì bù kě dāng
计然之策	jì rán zhī cè
肝胆过人	gān dǎn guò rén
道同义合	dào tóng yì hé
善自为谋	shàn zì wéi móu
言来语去	yán lái yǔ qù
随风而靡	suí fēng ér mǐ
有气没力	yǒu qì méi lì
见景生情	jiàn jǐng shēng qíng
一元大武	yī yuán dà wǔ
逐物不还	zhú wù bù huán
虎头虎脑	hǔ tóu hǔ nǎo
惨然不乐	cǎn rán bù lè
头上末下	tóu shàng mò xià
了然无闻	le rán wú wén
连绵不断	lián mián bù duàn
为恶不悛	wéi è bù quān
可乘之机	kě chéng zhī jī
秀才人情	xiù cái rén qíng
东流西落	dōng liú xī luò
白山黑水	bái shān hēi shuǐ
相知有素	xiāng zhī yǒu sù
危言危行	wēi yán wēi xíng
人多势众	rén duō shì zhòng
出没无常	chū mò wú cháng
无伤大雅	wú shāng dà yǎ
坐卧不安	zuò wò bù ān
才大难用	cái dà nán yòng
成年累月	chéng nián lěi yuè
地北天南	dì běi tiān nán
天南地北	tiān nán dì běi
意气用事	yì qì yòng shì
一岁三迁	yī suì sān qiān
五色无主	wǔ sè wú zhǔ
如牛负重	rú niú fù zhòng
布衣之交	bù yī zhī jiāo
恶语伤人	è yǔ shāng rén
有何面目	yǒu hé miàn mù
雨散云飞	yǔ sàn yún fēi
云飞雨散	yún fēi yǔ sàn
八万四千	bā wàn sì qiān
如花似月	rú huā sì yuè
箭不虚发	jiàn bù xū fā
云行雨施	yún xíng yǔ shī
人材出众	rén cái chū zhòng
千方万计	qiān fāng wàn jì
一石二鸟	yī shí èr niǎo
三五成群	sān wǔ chéng qún
身远心近	shēn yuǎn xīn jìn
祸福无门	huò fú wú mén
犬马之决	quǎn mǎ zhī jué
九死不悔	jiǔ sǐ bù huǐ
鱼贯而出	yú guàn ér chū
不劳而获	bù láo ér huò
浩然之气	hào rán zhī qì
笑而不答	xiào ér bù dá
以言为讳	yǐ yán wéi huì
真心实意	zhēn xīn shí yì
矢石之难	shǐ shí zhī nán
勇而无谋	yǒng ér wú móu
反脸无情	fān liǎn wú qíng
黄天焦日	huáng tiān jiāo rì
不羞当面	bù xiū dāng miàn
千金一诺	qiān jīn yī nuò
一诺千金	yī nuò qiān jīn
名正言顺	míng zhèng yán shùn
文以载道	wén yǐ zài dào
文似其人	wén sì qí rén
脚不沾地	jiǎo bù zhān dì
名山事业	míng shān shì yè
好事之徒	hào shì zhī tú
一身二任	yī shēn èr rèn
以白为黑	yǐ bái wéi hēi
以黑为白	yǐ hēi wéi bái
千家万户	qiān jiā wàn hù
道远日暮	dào yuàn rì mù
日暮道远	rì mù dào yuǎn
倒悬之苦	dào xuán zhī kǔ
不轨之徒	bù guǐ zhī tú
扫地无余	sǎo dì wú yú
无背无侧	wú bèi wú cè
一时半刻	yī shí bàn kè
大红大绿	dà hóng dà lǜ
专心一志	zhuān xīn yī zhì
夺人所好	duó rén suǒ hào
眼中有铁	yǎn zhōng yǒu tiě
一篑之功	yī kuì zhī gōng
生龙活虎	shēng lóng huó hǔ
指不胜屈	zhǐ bù shèng qū
如龙似虎	rú lóng sì hǔ
以貌取人	yǐ mào qǔ rén
耳视目食	ěr shì mù shí
目食耳视	mù shí ěr shì
白屋之士	bái wū zhī shì
顺风而呼	shǔn fēng ér hū
燕雀之见	yàn què zhī jiàn
自作门户	zì zuò mén hù
好语如珠	hǎo yǔ rú zhū
不足挂齿	bù zú guà chǐ
力可拔山	lì kě bá shān
水米无交	shuǐ mǐ wú jiāo
情有可原	qíng yǒu kě yuán
色胆迷天	sè dǎn mí tiān
百忍成金	bǎi rěn chéng jīn
热心苦口	rè xīn kǔ kǒu
西风落叶	xī fēng luò yè
甲冠天下	jiǎ guàn tiān xià
两虎相斗	liǎng hǔ xiāng dòu
百二河山	bǎi èr hé shān
百二山河	bǎi èr shān hé
雄视一世	xióng shì yī shì
邪不胜正	xié bù shèng zhèng
以一警百	yǐ yī jǐng bǎi
好声好气	hǎo shēng hǎo qì
兼善天下	jiān shàn tiān xià
文山会海	wén shān huì hǎi
春风化雨	chūn fēng huà yǔ
日新月异	rì xīn yuè yì
日异月新	rì yì yuè xīn
月异日新	yuè yì rì xīn
人各有志	rén gè yǒu zhì
地上天宫	dì shàng tiān gōng
云锦天章	yún jǐn tiān zhāng
万世无疆	wàn shì wú jiāng
一知片解	yī zhī piàn jiě
以大恶细	yǐ dà wù xì
相形失色	xiāng xíng shī sè
友风子雨	yǒu fēng zǐ yǔ
江山如故	jiāng shān rú gù
放言高论	fàng yán gāo lùn
机变如神	jī biàn rú shén
举世无双	jǔ shì wú shuāng
文不加点	wén bù jiā diǎn
一清二楚	yī qīng èr chǔ
壶中天地	hú zhōng tiān dì
持人长短	chí rén cháng duǎn
用一当十	yòng yī dāng shí
视下如伤	shì xià rú shāng
孤家寡人	gū jiā guǎ rén
身轻言微	shēn qīng yán wēi
身微言轻	shēn wēi yán qīng
未风先雨	wèi fēng xiān yǔ
非分之想	fēi fèn zhī xiǎng
夫子自道	fū zǐ zì dào
多鱼之漏	duō yú zhī lòu
分文不值	fēn wén bù zhí
言语路绝	yán yǔ lù jué
风轻云淡	fēng qīng yún dàn
云淡风轻	yún dàn fēng qīng
一览无遗	yī lǎi wú yí
釜中之鱼	fǔ zhōng zhī yú
不贪为宝	bù tān wé bǎo
出其不虞	chū qí bù yú
谈吐风生	tán tǔ fēng shēng
谈吐生风	tán tǔ shēng fēng
明公正气	míng gōng zhèng qì
肥头大耳	féi tóu dà ěr
从心所欲	cóng xīn suǒ yù
人微望轻	rén wēi wàng qīng
中流一壶	zhōng liú yī hú
杳无人迹	yǎo wú rén jì
生死肉骨	shēng sǐ ròu gǔ
杯中之物	bēi zhōng zhī wù
风急浪高	fēng jí làng gāo
满城风雨	mǎn chéng fēng yǔ
祸从口生	huò cóng kǒu shēng
层出不穷	céng chū bù qióng
水漫金山	shuǐ màn jīn shān
入土为安	rù tú wéi ān
源源不绝	yuán yuán bù jué
兵车之会	bīng chē zhī huì
直言无讳	zhí yán wú huì
无迹可寻	wú jì kě xún
有血有肉	yǒu xuè yǒu ròu
积土成山	jī shuǐ wéi shān
高义薄云	gāo yì bó yún
死得其所	sǐ dé qí suǒ
言中事隐	yán zhōng shì yǐn
知人善任	zhī rén shàn rèn
海水群飞	hǎi shuǐ qún fēi
事出有因	shì chū yǒu yīn
几不欲生	jī bù yù shēng
之死靡二	zhī sǐ mí èr
一年半载	yī nián bàn zǎi
得马折足	dé mǎ shé zú
心满原足	xīn mǎn yuán zú
食不果腹	shí bù guǒ fù
黄泉之下	huáng quán zhī xià
食指大动	shí zhǐ dà dòng
雷动风行	léi dòng fēng xíng
名从主人	míng cóng zhǔ rén
成家立计	chéng jiā lì jì
默而识之	mò ér shí zhī
铁石心肝	tiě shí xīn gān
出尘不染	chū chén bù rǎn
不抗不卑	bù kàng bù bēi
来情去意	lái qíng qù yì
南风不竞	nán fēng bù jìng
反手可得	fǎn shǒu kě dé
无所措手	wú suǒ cuò shǒu
胆大包天	dǎn dà bāo tiān
久而久之	jiǔ ér jiǔ zhī
不次之位	bù cì zhī wèi
言过其实	yán guò qí shí
变化如神	biàn huà rú shén
风行电击	fēng xíng diàn jī
论议风生	lùn yì fēng shēng
议论风生	yì lùn fēng shēng
邪不干正	xié bù gān zhèng
古貌古心	gǔ mào gǔ xīn
遗落世事	yí luò shì shì
赏不逾日	shǎng bù yú rì
抱打不平	bào dǎ bù píng
打抱不平	dǎ bào bù píng
日丽风清	rì lì fēng qīng
知一万毕	zhī yī wàn bì
应变无方	yìng biàn wú fāng
一钱如命	yī qián rú mìng
无价之宝	wú jià zhī bǎo
移天换日	yí tiān huàn rì
与世无争	yú shì wú zhēng
口坠天花	kǒu zhuì tiān huā
如履如临	rú lǚ rú lín
济人利物	jì rén lì wù
魂不守舍	hún bù shǒu shè
无功而禄	wú gōng ér lù
头破血出	tóu pò xuè chū
转眼之间	zhuǎn yǎn zhī jiān
鼎分三足	dǐng fēn sān zú
鼎足三分	dǐng zú sān fēn
三分鼎足	sān fēn dǐng zú
如鱼似水	rú yú sì shuǐ
似水如鱼	sì shuǐ rú yú
敌不可纵	dí bù kě zòng
马上墙头	mǎ shàng qiáng tóu
墙头马上	qiáng tóu mǎ shàng
安心定志	ān xīn dìng zhì
引人入胜	yǐn rén rù shèng
百城之富	bǎi chéng zhī fù
家无二主	jiā wú èr zhǔ
非意相干	fēi yì xiāng gān
先声夺人	xiān shēng duó rén
惨不忍言	cǎn bù rěn yán
以理服人	yǐ lǐ fú rén
无地自厝	wú dì zì cuò
名山大川	míng shān dà chuān
头足异所	tóu zú yì suǒ
山行海宿	shān xíng hǎi xiǔ
安心乐业	ān xīn lè yè
德高望重	dé gāo wàng zhòng
本来面目	běn lái miàn mù
故作高深	gù zuò gāo shēn
长舌之妇	cháng shé zhī fù
民不畏死	mín bù wèi sǐ
众人国士	zhòng rén guó shì
自力更生	zì lì gēng shēng
心照神交	xīn zhào shén jiāo
措手不及	cuò shǒu bù jí
兵不由将	bīng bù yóu jiàng
白云孤飞	bái yún gū fēi
出语成章	chū yǔ chéng zhāng
言出祸随	yán chū huò suí
大车以载	dà chē yǐ zài
神眉鬼道	shén méi guǐ dào
变风易俗	biàn fēng yì sú
平地青云	píng dì qīng yún
不修小节	bù xiū xiǎo jié
开口见胆	kāi kǒu jiàn dǎn
无任之禄	wú rèn zhī lù
大红大紫	dà hóng dà zǐ
百衣百随	bǎi yī bǎi suí
魂飞目断	hún fēi mù duàn
不便水土	bù biàn shuǐ tǔ
后来之秀	hòu lái zhī xiù
一笑了事	yī xiào le shì
乐不极盘	lè bù jí pán
地下修文	dì xià xiū wén
一往直前	yī wǎng zhí qián
东南之美	dōng nán zhī měi
平地风雷	píng dì fēng léi
道无拾遗	dào wú shí yí
同垂不朽	tóng chuí bù xiǔ
血气之勇	xuè qì zhī yǒng
心细于发	xīn xì yú fā
非同小可	fēi tóng xiǎo kě
不费之惠	bù fèi zhī huì
泥古不化	nì gǔ bù huà
断决如流	duàn jué rú liú
决断如流	jué duàn rú liú
狼子野心	láng zǐ yě xīn
明公正道	míng gōng zhèng dào
正明公道	zhèng míng gōng dào
赏心乐事	shǎng xīn lè shì
语短情长	yǔ duǎn qíng cháng
荒无人烟	huāng wú rén yān
渺无人迹	miǎo wú rén jì
有勇无谋	yǒu yǒng wú móu
上情下达	shàng qíng xià dá
下情上达	xià qíng shàng dá
不务空名	bù wù kōng míng
无可非议	wú kě fēi yì
仙风道气	xiān fēng dào qì
相安相受	xiāng ān xiāng shòu
盈盈一水	yíng yíng yī shuǐ
惊心惨目	jīng xīn cǎn mù
变化无穷	biàn huà wú qióng
源源不断	yuán yuán bù duàn
心如刀割	xīn rú dāo gē
利出一孔	lì chū yī kǒng
化外之民	huà wài zhī mín
飞龙乘云	fēi lóng chéng yún
天机云锦	tiān jī yún jǐn
自作自受	zì zuò zì shòu
危言正色	wēi yán zhèng sè
正色危言	zhèng sè wēi yán
好景不常	hǎo jǐng bù cháng
当之有愧	dāng zhī yǒu kuì
转海回天	zhuǎn hǎi huí tiān
树大招风	shù dà zhāo fēng
疏而不漏	shū ér bù lòu
听其自流	tīng qí zì liú
参天两地	cān tiān liǎng dì
功盖天下	gōng gài tiān xià
风言醋语	fēng yán cù yǔ
遗风余思	yí fēng yú sī
遗风余俗	yí fēng yú sú
时无再来	shí wú zài lái
天崩地解	tiān bēng dì jiě
死不改悔	sǐ bù gǎi huǐ
死不悔改	sǐ bù huǐ gǎi
目不交睫	mù bù jiāo jié
举措不当	jǔ cuò bù dàng
白日作梦	bái rì zuò mèng
家散人亡	jiā sàn rén wáng
誓死不二	shì sǐ bù èr
万古长青	wàn gǔ cháng qīng
巴人下里	bā rén xià lǐ
下里巴人	xià lǐ bā rén
隐忍不发	yǐn rěn bù fā
雄文大手	xióng wén dà shǒu
文献之家	wén xiàn zhī jiā
无机可乘	wú jī kě chéng
判然不同	pàn rán bù tóng
汗马之劳	hàn mǎ zhī láo
事出无奈	shì chū wú nài
坐而论道	zuò ér lùn dào
言出法随	yán chū fǎ suí
死心搭地	sǐ xīn dā dì
死心塌地	sǐ xīn tā dì
至理名言	zhì lǐ míng yán
功一美二	gōng yī měi èr
不速之客	bù sù zhī kè
点石为金	diǎn shí wéi jīn
淡而不厌	dàn ér bù yàn
一蹶不兴	yī juě bù xīng
遵而不失	zūn ér bù shī
百虑一致	bǎi lǜ yī zhì
一致百虑	yī zhì bǎi lǜ
人微言贱	rén wēi yán jiàn
一言兴邦	yī yán xīng bāng
功德无量	gōng dé wú liàng
玉成其美	yù chéng qí měi
不避汤火	bù bì tāng huǒ
守正不阿	shǒu zhèng bù ē
无私有弊	wú sī yǒu bì
色如死灰	sè rú sǐ huī
胆小如鼠	dǎn xiǎo rú shǔ
尺寸之功	chǐ cù zhī gōng
三谏之义	sān jiàn zhī yì
进退无路	jìn tuì wú lù
分形连气	fēn xíng lián qì
绳墨之言	shéng mò zhī yán
九世之仇	jiǔ shì zhī chóu
今月古月	jīn yuè gǔ yuè
东山高卧	dōng shān gāo wò
高卧东山	gāo wò dōng shān
论千论万	lùn qiān lùn wàn
百里挑一	bǎi lǐ tiāo yī
一倡一和	yī chàng yī hé
顺水顺风	shùn shuǐ shùn fēng
听风听水	tīng fēng tīng shuǐ
半上落下	bàn shàng luò xià
三十六行	sān shí liù háng
相机而动	xiàng jī ér dòng
奋不顾身	fèn bù gù shēn
奋身不顾	fèn shēn bù gù
举国一致	jǔ guó yī zhì
计日可待	jì rì kě dài
泪如雨下	lèi rú yǔ xià
泪下如雨	lèi xià rú yǔ
得失相半	dé shī xiāng bàn
食不终味	shí bù zhōng wèi
付之东流	fù zhī dōng liú
仰不愧天	yǎng bù kuì tiān
声闻过情	shēng wén guò qíng
直言正论	zhí yán zhèng lùn
深山长谷	shēn shān cháng gǔ
闲言长语	xián yán cháng yǔ
浑然无知	hún rán wú zhī
轻死重义	qīng sǐ zhòng yì
趁人之危	chèn rén zhī wēi
自顾不暇	zì gù bù xiá
浑然天成	hún rán tiān chéng
游云惊龙	yóu yún jīng lóng
用天因地	yòng tiān yīn dì
志高气扬	zhì gāo qì yáng
混为一谈	hùn wéi yī tán
高飞远举	gāo fēi yuǎn jǔ
错落不齐	cuò luò bù qí
大张声势	dà zhāng shēng shì
心照情交	xīn zhào qíng jiāo
玉石同沉	yù shí tóng chén
魂不附体	hún bù fù tǐ
五花八门	wǔ huā bā mén
一举两全	yī jǔ liǎng quán
薄寒中人	bó hán zhòng rén
中道而废	zhōng dào ér fèi
风吹雨打	fēng chuī yǔ dǎ
雨打风吹	yǔ dǎ fēng chuī
一床两好	yī chuáng liǎng hǎo
古调不弹	gǔ diào bù tán
缺食无衣	quē shí wú yī
将相之器	jiàng xiàng zhī qì
容头过身	róng tóu guò shēn
大吉大利	dà jí dà lì
以鹿为马	yǐ lù wéi mǎ
三年之艾	sān nián zhī ài
轻身重义	qīng shēn zhòng yì
白草黄云	bái cǎo huáng yún
鞭长不及	biān cháng bù jí
家败人亡	jiā bài rén wáng
天灾地变	tiān zāi dì biàn
国计民生	guó jì mín shēng
民生国计	mín shēng guó jì
千年一律	qiān nián yī lǜ
量入为出	liàng rù wéi chū
山高水险	shān gāo shuǐ xiǎn
人亡物在	rén wáng wù zài
物在人亡	wù zài rén wáng
风吹云散	fēng chuī yún sàn
急不及待	jí bù jí dài
乐而忘死	lè ér wàng sǐ
游移不定	yóu yí bù dìng
龙胡之痛	lóng hú zhī tòng
止谈风月	zhǐ tán fēng yuè
流血千里	liú xuè qiān lǐ
改天换地	gǎi tiān huàn dì
弹无虚发	dàn wú xū fā
头破血流	tóu pò xuè liú
无父无君	wú fù wú jūn
长夜难明	cháng yè nán míng
出人意料	chū rén yì liào
千载一会	qiān zǎi yī huì
巧言利口	qiǎo yán lì kǒu
马足龙沙	mǎ zú lóng shā
年头月尾	nián tóu yuè wěi
半死半生	bàn sǐ bàn shēng
一字兼金	yī zì jiān jīn
六神无主	liù shén wú zhǔ
无间可乘	wú jiān kě chéng
足不窥户	zú bù kuī hù
足不逾户	zú bù yú hù
移风易俗	yí fēng yì sú
易俗移风	yì sú yí fēng
助人下石	zhù rén xià shí
学如登山	xuá rú dēng shān
愤不欲生	fèn bù yù shēng
难以为继	nán yǐ wéi jì
不愧下学	bù kuì xià xué
毫不讳言	háo bù huì yán
君子之交	jūn zǐ zhī jiāo
爱国如家	ài guó rú jiā
如临大敌	rú lín dà dí
弱不好弄	ruò bù hǎo nòng
望风而降	wàng fēng ér jiàng
立锥之地	lì zhuī zhī dì
同生共死	tóng shēng gòng sǐ
山明水秀	shān míng shuǐ xiù
水明山秀	shuǐ míng shān xiù
水秀山明	shuǐ xiù shān míng
秀水明山	xiù shuǐ míng shān
长年累月	cháng nián lěi yuè
竭尽心力	jié jìn xīn lì
尽心竭力	jìn xīn jié lì
花言巧语	huā yán qiǎo yǔ
巧语花言	qiǎo yǔ huā yán
死心踏地	sǐ xīn tà dì
忘其所以	wàng qí suǒ yǐ
马壮人强	mǎ zhuàng rén qiáng
人强马壮	rén qiáng mǎ zhuàng
劳心苦思	láo xīn kǔ sī
龙神马壮	lóng shén mǎ zhuàng
神龙马壮	shén lóng mǎ zhuàng
堂而皇之	táng ér huáng zhī
二分明月	èr fēn míng yuè
举国上下	jǔ guó shàng xià
毛发不爽	máo fā bù shuǎng
天假其年	tiān jiǎ qí nián
千古一律	qiān gǔ yī lǜ
过时黄花	guò shí huáng huā
人手一册	rén shǒu yī cè
牢不可破	láo bù kě pò
好色之徒	hào sè zhī tú
言高语低	yán gāo yǔ dī
身首异地	shēn shǒu yì dì
气涌如山	qì yǒng rú shān
风雨交加	fēng yǔ jiāo jiā
一统天下	yī tǒng tiān xià
赞不绝口	zàn bù jué kǒu
赞口不绝	zàn kǒu bù jué
劳形苦心	láo xíng kǔ xīn
重气轻命	zhòng qì qīng mìng
故入人罪	gù rù rén zuì
机事不密	jī shì bù mì
金相玉质	jīn xiàng yù zhì
玉质金相	yù zhì jīn xiàng
万赖无声	wàn lài wú shēng
破死忘生	pò sǐ wàng shēng
万古长春	wàn gǔ cháng chūn
如虎得翼	rú hǔ dé yì
生众食寡	shēng zhòng shí guǎ
风兵草甲	fēng bīng cǎo jiǎ
不堪入耳	bù kān rù ěr
一针一线	yī zhēn yī xiàn
杜绝人事	dù jué rén shì
披发入山	pī fā rù shān
土生土长	tǔ shēng tǔ zhǎng
不择生冷	bù zé shēng lěng
出文入武	chū wén rù wǔ
入文出武	rù wén chū wǔ
感天动地	gǎn tiān dòng dì
功成名就	gōng chéng míng jiù
心灰意败	xīn huī yì bài
江河行地	jiāng hé xíng dì
目无王法	mù wú wáng fǎ
身体力行	shēn tǐ lì xíng
善气迎人	shàn qì yíng rén
事半功百	shì bàn gōng bǎi
出神入化	chū shén rù huà
移山倒海	yí shān dǎo hǎi
指日誓心	zhǐ rì shì xīn
年谷不登	nián gǔ bù dēng
矜功不立	jīn gōng bù lì
朝不谋夕	zhāo bù móu xī
动心骇目	dòng xīn hài mù
骇心动目	hài xīn dòng mù
无间是非	wú jiàn shì fēi
不分皂白	bù fēn zào bái
皂白不分	zào bái bù fēn
人财两失	rén cái liǎng shī
降心相从	jiàng xīn xiāng cóng
倒悬之急	dào xuán zhī jí
倒悬之危	dào xuán zhī wēi
家长里短	jiā cháng lǐ duǎn
不忮不求	bù zhì bù qiú
坐视不救	zuò shī bù jiù
自相惊忧	zì xiāng jīng rǎo
一字长城	yī zì cháng chéng
无牵无挂	wú qiān wú guà
避世金门	bì shì jīn mén
成算在心	chéng suàn zài xīn
全心全意	quán xīn quán yì
白华之怨	bái huá zhī yuàn
教一识百	jiāo yī shí bǎi
当行本色	dāng xíng běn sè
凤舞龙飞	fèng wǔ lóng fēi
龙飞凤舞	lóng fēi fèng wǔ
舞凤飞龙	wǔ fèng fēi lóng
不虞之誉	bù yú zhī yù
天工人代	tiān gōng rén dài
一脉相通	yī mài xiāng tōng
正正之旗	zhèng zhèng zhī qí
开心见诚	kāi xīn jiàn chéng
酒后失言	jiǔ hòu shī yán
顾小失大	gù xiǎo shī dà
人生若寄	rén shēng ruò jì
天女散花	tiān nǚ sàn huā
尽其所长	jìn qí suǒ cháng
点石成金	diǎn shí chéng jīn
言归于好	yán guī yú hǎo
势倾天下	shì qīng tiān xià
无尤无怨	wú yóu wú yuàn
度日如岁	dù rì rú suì
言与心违	yán yǔ xīn wéi
八面威风	bā miàn wēi fēng
威风八面	wēi fēng bā miàn
调风弄月	tiáo fēng nòng yuè
大贤虎变	dà xián hǔ biàn
心荡神迷	xīn dàng shén mí
柔而不犯	róu ér bù fàn
苍白无力	āng bái búi lì
五言长城	wǔ yán cháng chéng
登高一呼	dēng gāo yī hū
流水桃花	liú shuǐ táo huā
桃花流水	táo huā liú shuǐ
千秋万古	qiān qiū wàn gǔ
万古千秋	wàn gǔ qiān qiū
上下同欲	shàng xià tóng yù
一木难支	yī mù nán zhī
意出望外	yì chū wàng wài
七言八语	qī yán bā yǔ
草偃风行	cǎo yǎn fēng xíng
风行草偃	fēng xíng cǎo yǎn
鸡犬无惊	jī quǎn wú jīng
一念之差	yī niàn zhī chā
替天行道	tì tiān xíng dào
一针见血	yī zhēn jiàn xiě
狗彘不如	gǒu zhì bù rú
言行相符	yán xíng xiāng fú
一箭之遥	yī jiàn zhī yáo
通天彻地	tōng tiān chè dì
立谈之间	lì tán zhī jiān
三言两句	sān yán liǎng jù
狐听之声	hú tīng zhī shēng
天从人愿	tiān cóng rén yuàn
出言吐语	chū yán tǔ yǔ
爱人利物	ài rén lì wù
苦难深重	kǔ nàn shēn zhòng
出门如宾	chū mén rú bīn
成城断金	chéng chéng duàn jīn
流落失所	liú luò shī suǒ
腹背之毛	fù bèi zhī máo
半身不遂	bàn shēn bù suí
铁心木肠	tiě xīn mù cháng
食不充肠	shí bù chōng cháng
五行并下	wǔ háng bìng xià
不矜细行	bù jīn xì xíng
情投意合	qíng tóu yì hé
意合情投	yì hé qíng tóu
恶衣恶食	è yī è shí
春风野火	chūn fēng yě huǒ
同恶相济	tóng è xiāng jì
神往神来	shén wǎng shén lái
一介不苟	yī jiè bù gǒu
箕山之志	jī shān zhī zhì
弦无虚发	xián wú xū fā
百足不僵	bǎi zú bù jiāng
狗吠不惊	gǒu fèi bù jīng
兵无常势	bīng wú cháng shì
安如盘石	ān rú pán shí
意气扬扬	yì qì yáng yáng
假手于人	jiǎ shǒu yú rén
北风之恋	běi fēng zhī liàn
道东说西	dào dōng shuō xī
道西说东	dào xī shuō dōng
说东道西	shuō dōng dào xī
目不识丁	mù bù shí dīng
奉如神明	fèng rú shén míng
道长论短	dào cháng lùn duǎn
论长道短	lùn cháng dào duǎn
论短道长	lùn duǎn dào cháng
重手累足	chóng shǒu lěi zú
一波万波	yī bō wàn bō
虎啸风生	hǔ xiào fēng shēng
急如星火	jí rú xīng huǒ
后发制人	hòu fā zhì rén
滔天之罪	tāo tiān zhī zuì
杳不可闻	yǎo bù kě wén
不依不饶	bù yī bù ráo
言重九鼎	yán zhòng jiǔ dǐng
间不容息	jiàn bù róng xī
东洋大海	dōng yáng dà hǎi
七大八小	qī dà bā xiǎo
地老天荒	dì lǎo tiān huāng
天荒地老	tiān huāng dì lǎo
天老地荒	tiān lǎo dì huāng
遗风旧俗	yí fēng jiù sú
听其自然	tīng qí zì rán
一力承当	yī lì chéng dāng
鱼水相欢	yú shuǐ xiāng huān
小往大来	xiǎo wǎng dà lái
恶居下流	wù jū xià liú
公平无私	gōng píng wú sī
一落千丈	yī luò qiān zhàng
无有伦比	wú yǒu lún bǐ
人云亦云	rén yún yì yún
出于意外	chū yú yì wài
国之干城	guó zhī gān chéng
腹心相照	fù xīn xiāng zhào
根生土长	gēn shēn tǔ zhǎng
急风暴雨	jí fēng bào yǔ
三迁之教	sān qiān zhī jiào
才高行厚	cái gāo xíng hòu
尾大不掉	wěi dà bù diào
日久月深	rì jiǔ yuè shēn
随心所欲	suí xīn suǒ yù
道合志同	dào hé zhì tóng
道同志合	dào tóng zhì hé
志同道合	zhì tóng dào hé
云天高谊	yún tiān gāo yì
退食自公	tuì shí zì gōng
其味无穷	qí wèi wú qióng
遮人眼目	zhē rén yǎn mù
说千说万	shuō qiān shuō wàn
道学先生	dào xué xiān shēng
食不甘味	shí bù gān wèi
长恶不悛	cháng è bù quān
如日方升	rú rì fāng shēng
变风改俗	biàn fēng yì sú
言发祸随	yán fā huò suí
无所可否	wú suǒ kě fǒu
非常之谋	fēi cháng zhī móu
口耳相传	kǒu ěr xiāng chuán
犬马之诚	quǎn mǎ zhī chéng
明发不寐	míng fā bù mèi
名震一时	míng zhèn yī shí
江山如画	jiāng shān rú huà
天下莫敌	tiān xià mò dí
计无所施	jì wú suǒ shī
可见一斑	kě jiàn yī bān
指矢天日	zhǐ shǐ tiān rì
名德重望	míng dé zhòng wàng
沉重寡言	chén zhòng guǎ yán
横行无忌	héng xíng wú jì
白首不渝	bái shǒu bù yú
恩山义海	ēn shān yì hǎi
义海恩山	yì hǎi ēn shān
妙语惊人	miào yǔ jīng rén
拖人落水	tuō rén luò shuǐ
充耳不闻	chōng ěr bù wén
走投无路	zǒu tóu wú lù
连枝同气	lián zhī tóng qì
同气连枝	tóng qì lián zhī
清净无为	qīng jìng wú wéi
若有所亡	ruò yǒu suǒ wáng
今生今世	jīn shēng jīn shì
无所依归	wú suǒ yī guī
朝不及夕	zhāo bù jí xī
身不由主	shēn bù yóu zhǔ
金人三缄	jīn rén sān jiān
从天而降	cóng tiān ér jiàng
八面见光	bā miàn jiàn guāng
漠不关心	mò bù guān xīn
谋为不轨	móu wéi bù guǐ
骇人闻见	hài rén wén jiàn
满天星斗	mǎn tiān xīng dǒu
后进之秀	hòu jìn zhī xiù
回山倒海	huí shān dǎo hǎi
有财有势	yǒu cái yǒu shì
林下风度	lín xià fēng dù
良莠不一	liáng yǒu bù yī
将门虎子	jiàng mén hǔ zǐ
甘败下风	gān bài xià fēng
伐冰之家	fá bīng zhī jiā
怨天怨地	yuàn tiān yuàn dì
情同骨肉	qíng tóng gǔ ròu
反风灭火	fǎn fēng miè huǒ
难分难解	nán fēn nán jiě
难解难分	nán jiě nán fēn
海阔天高	hǎi kuò tiān gāo
神仙中人	shén xiān zhōng rén
道大莫容	dào dà mò róng
高人逸士	gāo rén yì shì
东道之谊	dōng dào zhī yì
死不瞑目	sǐ bù míng mù
高名大姓	gāo míng dà xìng
高姓大名	gāo xìng dà míng
立身行己	lì shēn xíng jǐ
百下百着	bǎi xià bǎi zháo
施而不费	shī ér bù fèi
月晕而风	yuè yùn ér fēng
豺狐之心	chái hú zhī xīn
肤受之言	fū shòu zhī yán
清心寡欲	qīng xīn guǎ yù
龙举云兴	lóng jǔ yún xīng
九泉之下	jiǔ quán zhī xià
一双两好	yī shuāng liǎng hǎo
笃而论之	dǔ ér lùn zhī
破瓜之年	pò guā zhī nián
久居人下	jiǔ jū rén xià
风霜雨雪	fēng shuāng yǔ xuě
赤心相待	chì xīn xiāng dài
张大其辞	zhāng dà qí cí
文章山斗	wén zhāng shān dòu
有枝有叶	yǒu zhī yǒu yè
二童一马	èr tóng yī mǎ
不愤不启	bù fèn bù qǐ
细水长流	xì shuǐ cháng liú
末大不掉	mò dà bù diào
遗笑大方	yí xiào dà fāng
十生九死	shí shēng jiǔ sǐ
丧明之痛	sàng míng zhī tòng
丧家之犬	sàng jiā zhī quǎn
积日累月	jī rì lěi yuè
日积月累	rì jī yuè lěi
日累月积	rì lèi yuè jī
运用自如	yùn yòng zì rú
鼎足而立	dǐng zú ér lì
先人后己	xiān rén hòu jǐ
扫地出门	sǎo dì chū mén
出山泉水	chū shān quán shuǐ
心驰神往	xīn chí shén wǎng
心往神驰	xīn wǎng shén chí
心焦如焚	xīn jiāo rú fén
处之泰然	chǔ zhī tài rán
泰然处之	tài rán chǔ zhī
心花怒放	xīn huā nù fàng
有教无类	yǒu jiào wú lèi
小德出入	xiǎo dé chū rù
水菜不交	shuǐ cài bù jiāo
说长道短	shuō cháng dào duǎn
说短道长	shuō duǎn dào cháng
方言矩行	fāng yán jǔ xíng
明目张胆	míng mù zhāng dǎn
怀才不遇	huái cái bū yù
家无常礼	jiā wú cháng lǐ
谈议风生	tán yì fēng shēng
邪不敌正	xié bù dí zhèng
先得我心	xiān dé wǒ xīn
卧不安席	wò bù ān xí
断雨残云	duàn yǔ cán yún
神飞色舞	shén fēi sè wǔ
不劣方头	bù liè fāng tóu
方头不劣	fāng tóu bù liè
无以复加	wú yǐ fù jiā
举世闻名	jǔ shì wén míng
白手起家	bái shǒu qǐ jiā
盛水不漏	chéng shuǐ bù lòu
日试万言	rì shì wàn yán
细大不捐	xì dà bù juān
死重泰山	sǐ zhòng tài shān
黑家白日	hēi jiā bái rì
星前月下	xīng qián yuè xià
入情入理	rù qíng rù lǐ
风驰云走	fēng chí yún zǒu
青口白舌	qīng kǒu bái shé
不安于位	bù ān yú wèi
任其自流	rèn qí zì liú
天下为笼	tiān xià wéi lóng
临危不顾	lín wēi bù gù
真心真意	zhēn xīn zhēn yì
独异于人	dú yì yú rén
雷打不动	léi dǎ bù dòng
火烛小心	huǒ zhú xiǎo xīn
有本有源	yǒu běn yǒu yuán
白手兴家	bái shǒu xīng jiā
断无此理	duàn wú cǐ lǐ
汗颜无地	hàn yán wú dì
不教而诛	bù jiào ér zhū
善马熟人	shàn mǎ shú rén
首屈一指	shǒu qū yī zhǐ
愚不可及	yú bù kě jí
令人发指	lìng rén fà zhǐ
百计千谋	bǎi jì qiān móu
百谋千计	bǎi móu qiān jì
莫知所为	mò zhī suǒ wéi
穷大失居	qióng dà shī jū
四脚朝天	sì jiǎo cháo tiān
史不绝书	shǐ bù jué shū
雀马鱼龙	què mǎ yú lóng
一吐为快	yī tǔ wéi kuài
血流成河	xuè liú chéng hé
鸣鹤之应	míng hè zhī yīng
坐卧不离	zuò wò bù lí
聪明一世	cōng míng yī shì
竿头一步	gān tóu yī bù
万年无疆	wàn nián wú jiāng
祸从口出	huò cóng kǒu chū
相顾失色	xiāng gù shī sè
作如是观	zuò rú shì guān
怒目而视	nù mù ér shì
闭门不纳	bì mén bù nà
顶天立地	dǐng tiān lì dì
头重脚轻	tóu zhòng jiǎo qīng
多此一举	duō cǐ yī jǔ
改玉改行	gǎi yù gǎi xíng
惊才风逸	jīng cái fēng yì
以求一逞	yǐ qiú yī chěng
走为上计	zǒu wèi shàng jì
功成身退	gōng chéng shēn tuì
身退功成	shēn tuì gōng chéng
相忍为国	xiāng rěn wèi guó
沉心静气	chén xīn jìng qì
楚楚可人	chǔ chǔ kě rén
胆大妄为	dǎn dà wàng wéi
下马看花	xià mǎ kàn huā
望屋而食	wàng wū ér shí
德容言功	dé róng yán gōng
德言容功	dé yán róng gōng
言若悬河	yán ruò xuán hé
尊无二上	zūn wú èr shàng
事无常师	shì wú cháng shī
后顾之忧	hòu gù zhī yōu
必不得已	bì bù dé yǐ
出神入定	chū shén rù dìng
多如牛毛	duō rú niú máo
以火救火	yǐ huǒ jiù huǒ
百事大吉	bǎi shì dà jí
得马生灾	dé mǎ shēng zāi
夜不闭户	yè bù bì hù
词言义正	cí yán yì zhèng
无远不届	wú yuǎn bù jiè
穷形尽相	qióng xíng jì xiàng
金声玉振	jīn shēng yù zhèn
玉振金声	yù zhèn jīn shēng
钟鼎之家	zhōng dǐng zhī jiā
加人一等	jiā rén yī děng
有征无战	yǒu zhēng wú zhàn
一尘不缁	yī chén bù zī
遗害无穷	yí hài wú qióng
高见远识	gāo jiàn yuǎn shí
高识远见	gāo shí yuǎn jiàn
羞面见人	xiū miàn jiàn rén
移风平俗	yí fēng píng sú
言近意远	yán jìn yì yuǎn
物以群分	wù yǐ qún fēn
二三其德	èr sān qí dé
遮人耳目	zhē rén ěr mù
振奋人心	zhèn fèn rén xīn
山清水秀	shān qīng shuǐ xiù
天覆地载	tiān fù dì zǎi
真命天子	zhēn mìng tiān zǐ
粪土不如	fèn tú bù rú
指日可待	zhǐ rì kě dài
一蹴而成	yī cù ér chéng
可想而知	kě xiǎng ér zhī
论辩风生	lùn biàn fēng shēng
海水难量	hǎi shuǐ nán liáng
楚歌之计	chǔ gē zhī jì
百年好合	bǎi nián hǎo hé
连日连夜	lián rì lián yè
眼内无珠	yǎn nèi wú zhū
容膝之地	róng xī zhī dì
千军万马	qiān jūn wàn mǎ
大名鼎鼎	dà míng dǐng dǐng
鼎鼎大名	dǐng dǐng dà míng
鱼贯而入	yú guàn ér rù
不差毫发	bù chā háo fà
不进则退	bù jìn zé tuì
誉满天下	yù mǎn tiān xià
纵横天下	zòng héng tiān xià
应运而生	yìng yùn ér shēng
以耳代目	yǐ ěr dài mù
迷而知反	mí ér zhī fǎn
箕山之节	jī shān zhī jié
进可替不	jìn kě tì bù
移风改俗	yí fēng gǎi sú
步人后尘	bù rén hòu chén
水米无干	shuǐ mǐ wú gàn
人神同嫉	rén shén tóng jí
日就月将	rì jiù yuè jiāng
千载一弹	qiān zǎi yī dàn
牛角之歌	niú jiǎo zhī gē
助人为乐	zhù rén wéi lè
路不拾遗	lù bù shí yí
善与人交	shàn yǔ rén jiāo
决一死战	jué yī sǐ zhàn
马不解鞍	mǎ bù jiě ān
泣不可仰	qì bù kě yǎng
石赤不夺	shí chì bù duó
一纸空文	yī zhǐ kōng wén
誓不两立	shì bù liǎng lì
金城千里	jīn chéng qiān lǐ
耳目众多	ěr mù zhòng duō
乌合之众	wū hé zhī zhòng
进退为难	jìn tuì wéi nán
平心静气	píng xīn jìng qì
生离死别	shēng lí sǐ bié
死别生离	sǐ bié shēng lí
正人君子	zhèng rén jūn zǐ
胆大泼天	dǎn dà pō tiān
议不反顾	yì bù fǎn gù
倍道而行	bèi dào ér xíng
铁打心肠	tiě dǎ xīn cháng
金人之箴	jīn rén zhī zhēn
众流归海	zhòng liú guī hǎi
情见乎言	qíng jiàn hū yán
飘风苦雨	piāo fēng kǔ yǔ
相去无几	xiāng qù wú jǐ
手泽之遗	shǒu zé zhī yí
头上著头	tóu shàng zhuó tóu
两面三刀	liǎng miàn sān dāo
川流不息	chuān liú bù xī
经久不息	jīng jiǔ bù xī
谩不经意	màn bù jīng yì
却之不恭	què zhī bù gōng
石火风烛	shí huǒ fēng zhú
逸群之才	yì qún zhī cái
不拘细行	bù jū xì xíng
恶言厉色	è yán lì sè
正言厉色	zhèng yán lì sè
靡然从风	mǐ rán cóng fēng
暴露无遗	bào lù wú yí
不寒而栗	bù hán ér lì
儿女之情	ér nǚ zhī qíng
不揪不采	bù jiū bù cǎi
千载一逢	qiān zǎi yī féng
两虎相争	liǎng hǔ xiāng zhēng
别出手眼	bié chū shǒu yǎn
大本大宗	dà běn dà zōng
风云变态	fēng yún biàn tài
如影随形	rú yǐng suí xíng
哑口无声	yǎ kǒu wú shēng
花朝月夜	huā zhāo yuè yè
月夜花朝	yuè yè huā zhāo
诚心实意	chéng xīn shí yì
热火朝天	rè huǒ cháo tiān
亡国之音	wáng guó zhī yīn
山枯石死	shān kū shí sǐ
千钧一发	qiān jūn yī fà
一发千钧	yī fà qiān jūn
后患无穷	hòu huàn wú qióng
名扬四海	míng yáng sì hǎi
扬名四海	yáng míng sì hǎi
乐山爱水	lè shān ài shuǐ
昆山之玉	kūn shān zhī yù
要害之地	yào hài zhī dì
寸步难行	cùn bù nán xíng
以文乱法	yǐ wén luàn fǎ
有本有原	yǒu běn yǒu yuán
日理万机	rì lǐ wàn jī
奋发有为	fèn fā yǒu wéi
楚囊之情	chǔ náng zhī qíng
不为已甚	bù wéi yǐ shèn
七生七死	qī shēng qī sǐ
七死七生	qī sǐ qī shēng
低声下气	dī shēng xià qì
众口相传	zhòng kǒu xiāng chuán
别开生面	bié kāi shēng miàn
不期而遇	bù qī ér yù
倡而不和	chàng ér bù hè
无所回避	wú suǒ huí bì
他山之石	tā shān zhī shí
宝刀不老	bǎo dāo bù lǎo
礼顺人情	lǐ shùn rén qíng
万人空巷	wàn rén kōng xiàng
摸头不着	mō tóu bù zháo
扬扬自得	yáng yáng zì dé
灰心丧气	huī xīn sàng qì
日月其除	rì yuè qí chú
闻风而逃	wén fēng ér táo
神通广大	shén tōng guǎng dà
自立门户	zì lì mén hù
垂手而得	chuí shǒu ér dé
人多口杂	rén duō kǒu zá
一览无余	yī lǎi wú yú
秘而不露	mì ér bù lù
暴风疾雨	bào fēng jí yǔ
疾风暴雨	jí fēng bào yǔ
疾雨暴风	jí yǔ bào fēng
高飞远走	gāo fēi yuǎn zǒu
远走高飞	yuǎn zǒu gāo fēi
声色犬马	shēng sè quǎn mǎ
拔地倚天	bá dì yǐ tiān
倚天拔地	yǐ tiān bá dì
别有风味	bié yǒu fēng wèi
心荡神摇	xīn dàng shén yáo
谈言微中	tán yán wēi zhòng
万事大吉	wàn shì dà jí
不求甚解	bù qiú shèn jiě
敖不可长	ào bù kě zhǎng
必经之路	bì jīng zhī lù
同心共济	tóng xīn gòng jì
无偏无倚	wú piān wú yǐ
口齿生香	kǒu chǐ shēng xiāng
独有千秋	dú yòu qiān qiū
阒无人声	qù wú rén shēng
兴风作浪	xīng fēng zuò làng
作浪兴风	zuò làng xīng fēng
水泄不通	shuǐ xiè bù tōng
吞风饮雨	tūn fēng yǐn yǔ
朝不虑夕	zhāo bù lǜ xī
望风而逃	wàng fēng ér táo
黄河水清	huáng hé shuǐ qīng
超然自得	chāo rán zì dé
所见所闻	suǒ jiàn suǒ wén
日高三丈	rì gāo sān zhàng
美玉无瑕	měi yù wú xiá
金声玉服	jīn shēng yù fú
杜口绝言	dù kǒu jué yán
闻风丧胆	wén fēng sàng dǎn
当家立事	dāng jiā lì shì
五花杀马	wǔ huā shā mǎ
地动山摇	dì dòng shēn yáo
山摇地动	shān yáo dì dòng
惊世绝俗	jīng shì jué sú
有物有则	yǒu wù yǒu zé
赞声不绝	zàn shēng bù jué
鼎成龙去	dǐng chéng lóng qù
有利有弊	yǒu lì yǒu bì
首丘之情	shǒu qiū zhī qíng
古井无波	gǔ jǐng wú bō
动魄惊心	dòng pò jīng xīn
惊心动魄	jīng xīng dòng pò
朝生暮死	zhāo shēng mù sǐ
贫而乐道	pín ér lè dào
百载树人	bǎi zǎi shù rén
不轻然诺	bù qīng rán nuò
触目伤心	chù mù shāng xīn
视为知己	shì wéi zhī jǐ
食不兼味	shí bù jiān wèi
大动肝火	dà dòng gān huǒ
火山汤海	huǒ shān tāng hǎi
高才绝学	gāo cái jué xué
无疆之休	wú jiāng zhī xiū
要言不烦	yào yán bù fán
始终不易	shǐ zhōng bù yì
大计小用	dà jì xiǎo yòng
差强人意	chā qiáng rén yì
一马平川	yī mǎ píng chuān
久闻大名	jiǔ wén dà míng
钟鼓之色	zhōng gǔ zhī sè
积以为常	jī yǐ wéi cháng
假力于人	jiǎ lì yú rén
蝉不知雪	chán bù zhī xuě
老朽无能	lǎo xiǔ wú néng
徒乱人意	tú luàn rén yì
一颦一笑	yī pín yī xiào
一笑一颦	yī xiào yī pín
鬼功神力	guǐ gōng shén lì
风调雨顺	fēng tiáo yǔ shùn
雨顺风调	yǔ shùn fēng tiáo
风行雷厉	fēng xíng léi lì
雷厉风行	léi lì fēng xíng
知己之遇	zhī jǐ zhī yù
百折不挠	bǎi zhé bù náo
同声共气	tóng shēng gòng qì
金戈铁马	jīn gē tiě mǎ
铁马金戈	tiě mǎ jīn gē
云涌风飞	yún yǒng fēng fēi
茶饭无心	chá fàn wú xīn
柔声下气	róu shēng xià qì
四海承风	sì hǎi chéng fēng
贵人多忘	guì rén duō wàng
以古非今	yǐ gǔ fēi jīn
心惊肉战	xīn jīng ròu zhàn
尺山寸水	chǐ shān cùn shuǐ
淡然处之	dàn rán chǔ zhī
将门有将	jiàng mén yǒu jiàng
祸福相生	huò fú xiāng shēng
以为后图	yǐ wéi hòu tú
引风吹火	yǐn fēng chuī huǒ
出死断亡	chū sǐ duàn wáng
舌桥不下	shé qiáo bù xià
石火风灯	shí huǒ fēng dēng
以防不测	yǐ fáng bù cè
一行作吏	yī xíng zuò lì
积金累玉	jī jīn lèi yù
没世无称	méi shì wú chēng
孤行己意	gū xíng jǐ yì
无何有乡	wú hé yǒu xiāng
分三别两	fēn sān bié liǎng
不主故常	bù zhǔ gù cháng
以类相从	yǐ lèi xiāng cóng
笑傲风月	xiào ào fēng yuè
情至意尽	qíng zhì yì jìn
一隅三反	yī yú sān fǎn
交臂失之	jiāo bì shī zhī
失之交臂	shī zhī jiāo bì
巧作名目	qiǎo zuò míng mù
愤不顾身	fèn bù gù shēn
水到鱼行	shuǐ dào yú xíng
胸无成竹	xiōng wú chéng zhú
牙白口清	yá bái kǒu qīng
信而好古	xìn ér hào gǔ
鹤鸣之士	hè míng zhī shì
床头金尽	chuáng tóu jīn jìn
白首同归	bái shǒu tóng guī
仰面朝天	yǎng miàn cháo tiān
日出三竿	rì chū sān gān
无米之炊	wú mǐ zhī chuī
灰心丧意	huī xīn sàng yì
举足轻重	jǔ zú qīng zhòng
霜露之思	shuāng lù zhī sī
戴天履地	dài tiān lǚ dì
毕力同心	bì lì tóng xīn
同心毕力	tóng xīn bì lì
人心皇皇	rén xīn huáng huáng
顺天应时	shùn tiān yīng shí
见义必为	jiàn yì bì wéi
水阔山高	shuǐ kuò shān gāo
神到之笔	shén dào zhī bǐ
操身行世	cāo shēn xíng shì
舍身为国	shě shēn wéi guó
遁天之刑	dùn tiān zhī xíng
轻而易举	qīng ér yì jǔ
七上八下	qī shàng bā xià
令人神往	lìng rén shén wǎng
正中下怀	zhèng zhòng xià huái
落落难合	luò luò nán hé
骨肉相连	gǔ ròu xiāng lián
心劳日拙	xīn láo rì zhuō
天随人愿	tiān suí rén yuàn
在所不惜	zài suǒ bù xī
垂暮之年	chuí mù zhī nián
爱如己出	ài rú jǐ chū
放龙入海	fàng lóng rù hǎi
持正不阿	chí zhèng bù ā
头昏眼花	tóu hūn yǎn huā
不假思索	bù jiǎ sī suǒ
爱生恶死	ài shēng wù sǐ
誓日指天	shì rì zhǐ tiān
誓天指日	shì tiān zhǐ rì
指天誓日	zhǐ tiān shì rì
口多食寡	kǒu duō shí guǎ
朝云暮雨	zhāo yún mù yǔ
暮雨朝云	mù yǔ zhāo yún
云朝雨暮	yún zhāo yǔ mù
骄兵之计	jiāo bīng zhī jì
胆战心寒	dǎn zhàn xīn hán
心寒胆战	xīn hán dǎn zhàn
不胜其烦	bù shèng qí fán
不可收拾	bù kě shōu shí
贵人善忘	guì rén shàn wàng
爱不释手	ài bù shì shǒu
任其自然	rèn qí zì rán
向上一路	xiàng shàng yī lù
法出多门	fǎ chū duō mén
分毫不差	fēn háo bù chā
东西易面	dōng xi yì miàn
精义入神	jing yi ru shen
打死老虎	dǎ sǐ lǎo hǔ
满不在乎	mǎn bù zài hū
轻口轻舌	qīng kǒu qīng shé
人穷智短	rén qióng zhì duǎn
长眠不起	cháng mián bù qǐ
行踪无定	xíng zōng wú dìng
心腹重患	xīn fù zhòng huàn
移山回海	yí shān huí hǎi
阴魂不散	yīn hún bù sàn
脱口而出	tuō kǒu ér chū
正直无邪	zhèng zhí wú xié
适如其分	shì rú qí fèn
反身自问	fǎn shēn zì wèn
提心在口	tí xīn zài kǒu
游谈无根	yóu tán wú gēn
别出新意	bié chū xīn yì
金人缄口	jīn rén jiān kǒu
日月合壁	rì yuè hé bì
杀人如麻	shā rén rú má
心如槁木	xīn rú gǎo mù
直上直下	zhí shàng zhí xià
杀人放火	shā rén fàng huǒ
取信于人	qǔ xìn yú rén
错落高下	cuò luò gāo xià
酒色之徒	jiǔ sè zhī tú
见惯不惊	jiàn guàn bù jīng
变心易虑	biàn xīn yì lǜ
反戈一击	fǎn gē yī jī
悬车之岁	xuán chē zhī suì
一表非俗	yī biǎo fēi sú
胡行乱为	hú xíng luàn wéi
披发文身	pī fà wén shēn
江河日下	jiāng hé rì xià
明月入怀	míng yuè rù huái
竹马之友	zhú mǎ zhī yǒu
片甲不回	piàn jiǎ bù huí
俗不可医	sú bù kě yī
弊绝风清	bì jué fēng qīng
风清弊绝	fēng qīng bì jué
爱民如子	ài mín rú zǐ
一言丧邦	yī yán sàng bāng
青云直上	qīng yún zhí shàng
直上青云	zhí shàng qīng yún
出云入泥	chū yún rù ní
五大三粗	wǔ dà sān cū
转败为成	zhuǎn bài wéi chéng
以古方今	yǐ gǔ fāng jīn
坚不可摧	jiān bù kě cuī
累教不改	lěi jiào bù gǎi
安如太山	ān rú tài shān
气吞山河	qì tūn shān hé
美如冠玉	měi rú guān yù
北道主人	běi dào zhǔ rén
不胫而走	bù jìng ér zǒu
行古志今	xíng gǔ zhì jīn
不知其详	bù zhī qí xiáng
半上半下	bàn shàng bàn xià
遗世绝俗	yí shì jué sú
改恶行善	gǎi è xíng shàn
东南之秀	dōng nán zhī xiù
执法如山	zhí fǎ rú shān
肉山酒海	ròu shān jiǔ hǎi
风雨如磐	fēng yǔ rú pán
绿水青山	lǜ shuǐ qīng shān
青山绿水	qīng shān lǜ shuǐ
相鼠有皮	xiàng shǔ yǒu pí
不知好歹	bù zhī hǎo dǎi
飘风过耳	piāo fēng guò ěr
好好先生	hǎo hǎo xiān shēng
有眼如盲	yǒu yǎn rú máng
神眉鬼眼	shén méi guǐ yǎn
去天尺五	qù tiān chǐ wǔ
从容自若	cóng róng zì ruò
甘心情原	gān xīn qíng yuán
心甘情原	xīn gān qíng yuán
不加思索	bù jiā sī suǒ
三足鼎立	sān zú dǐng lì
触目如故	chù mù rú gù
三从四德	sān cóng sì dé
如坐云雾	rú zuò yún wù
引日成岁	yǐn rì chéng suì
见利思义	jiàn lì sī yì
眉语目笑	méi yǔ mù xiào
杳无人烟	yǎo wú rén yān
弃之度外	qì zhī dù wai
万全之策	wàn quán zhī cè
从令如流	cóng lìng rú liú
别有洞天	bié yǒu dòng tiān
在此一举	zài cǐ yī jǔ
才高八斗	cái gāo bā dǒu
二话不说	èr huà bù shuō
言和意顺	yán hé yì shùn
无遮大会	wú zhē dà huì
济世救人	jì shì jiù rén
国色天姿	guó sè tiān zī
天姿国色	tiān zī guó sè
一暝不视	yī míng bù shì
事以密成	shì yǐ mì chéng
能上能下	néng shàng néng xià
酒入舌出	jiǔ rù shé chū
漫不加意	màn bù jiā yì
林下风致	lín xià fēng zhì
狐虎之威	hú hǔ zhī wēi
言之凿凿	yán zhī záo záo
一索成男	yī suǒ chéng nán
能不称官	néng bù chèn guān
饱经风雨	bǎo jīng fēng yǔ
立身扬名	lì shēn yáng míng
人财两空	rén cái liǎng kōng
平治天下	píng zhì tiān xià
海北天南	hǎi běi tiān nán
天南海北	tiān nán hǎi běi
探口而出	tàn kǒu ér chū
持平之论	chí píng zhī lùn
十日并出	shí rì bìng chū
多文为富	duō wén wéi fù
眉目传情	méi mù chuán qíng
金针度人	jīn zhēn dù rén
情深骨肉	qíng shēn gǔ ròu
风流韵事	fēng liú yùn shì
坐食山空	zuò shí shān kōng
略知一二	lüè zhī yī èr
流离失所	liú lí shī suǒ
惊神破胆	jīng shén pò dǎn
付之一叹	fù zhī yī tàn
昏天暗地	hūn tiān àn dì
天昏地暗	tiān hūn dì àn
放虎归山	fàng hǔ guī shān
计出无奈	jì chū wú nai
尽人皆知	jìn rén jiē zhī
千金市骨	qiān jīn shì gǔ
锦衣玉食	jǐn yī yù shí
玉食锦衣	yù shí jǐn yī
三分鼎立	sān fēn dǐng lì
调虎离山	diào hǔ lí shān
离山调虎	lí shān diào hǔ
正经八百	zhèng jīng bā bǎi
大张其词	dà zhāng qí cí
张大其词	zhāng dà qí cí
善门难开	shàn mén nán kāi
兵不雪刃	bīng bù xuě rèn
用尽心机	yòng jìn xīn jī
一哄而上	yī hǒng ér shàng
迥然不同	jiǒng rán bù tóng
大功告成	dà gōng gào chéng
玉树临风	yù shù lín fēng
始终若一	shǐ zhōng ruò yī
终始若一	zhōng shǐ ruò yī
目成心许	mù chéng xīn xǔ
名公巨人	míng gōng jù rén
九五之尊	jiǔ wǔ zhī zūn
茫然不解	máng rán bù jiě
虫鱼之学	chóng yù zhī xué
上交不谄	shàng jiāo bù chǎn
目指气使	mù zhǐ qì shǐ
乐道好古	lè dào hǎo gǔ
枯木生花	kū mù shēng huā
穿井得人	chuān jǐng dé rén
席地而坐	xí dì ér zuò
心雄万夫	xīn xióng wàn fū
一线生机	yī xiàn shēng jī
怀柔天下	huai rou tian xia
不识局面	bù shí jú miàn
志足意满	zhì zú yì mǎn
孤行己见	gū xíng jǐ jiàn
高明远识	gāo míng yuǎn shí
先行后闻	xiān xíng hòu wén
洗心回面	xǐ xīn huí miàn
名声过实	míng shēng guò shí
一介书生	yī jiè shū shēng
阒其无人	qù qí wú rén
如梦如醉	rú mèng rú zuì
如醉如梦	rú zuì rú mèng
人荒马乱	rén huāng mǎ luàn
远垂不朽	yuǎn chuí bù xiǔ
貌合心离	mào hé xīn lí
沉重少言	chén zhòng shǎo yán
作言造语	zuò yán zào yǔ
从善若流	cóng shàn ruò liú
夜不成寐	yè bù chéng mèi
不知痛痒	bù zhī tòng yǎng
多情多义	duō qíng duō yì
得而复失	dé ér fù shī
无所适从	wú suǒ shì cóng
议论风发	yì lùn fēng fā
高才疾足	gāo cái jí zú
秋风落叶	qiū fēng luò yè
举重若轻	jǔ zhòng ruò qīng
独行其是	dú xíng qí shì
网开一面	wǎng kāi yī miàn
无平不颇	wú píng bù pō
累足成步	lěi zú chéng bù
文人墨士	wén rén mò shì
行不贰过	xíng bù èr guò
执迷不反	zhí mí bù fǎn
一星半点	yī xīng bàn diǎn
出世离群	chū shì lí qún
道骨仙风	dào gǔ xiān fēng
仙风道骨	xiān fēng dào gǔ
来去分明	lái qù fēn míng
一夫当关	yī fū dāng guān
相依为命	xiāng yī wéi mìng
落井下石	luò jǐng xià shí
方寸万重	fāng cùn wàn chóng
杀身成义	shā shēn chéng yì
门生故旧	mén shēng gù jiù
不识时务	bù shí shí wù
神醉心往	shén zuì xīn wǎng
乘其不备	chéng qí bù bèi
画虎成狗	huà hǔ chéng gǒu
所向无前	suǒ xiàng wú qián
矢志不移	shǐ zhì bù yí
乌衣之游	wū yī zhī yóu
破竹之势	pò zhú zhī shì
积时累日	jī shí lěi rì
轻薄无礼	qīng báo wú lǐ
道德文章	dào dé wén zhāng
杀人灭口	shā rén miè kǒu
入不敷出	rù bù fū chū
无胫而来	wú jìng ér lái
调风变俗	tiáo fēng biàn sú
分身无术	fēn shēn wú shù
望屋以食	wàng wū yǐ shí
天生尤物	tiān shēng yóu wù
及时行乐	jí shí xíng lè
地覆天翻	dì fù tiān fān
翻天覆地	fān tiān fù dì
覆地翻天	fù dì fān tiān
天翻地覆	tiān fān dì fù
异地相逢	yì dì xiāng féng
指天为誓	zhǐ tiān wéi shì
亡不待夕	wáng bù dài xī
计将安出	jì jiāng ān chū
深山老林	shēn shān lǎo lín
清心少欲	qīng xīn shǎo yù
气壮如牛	qì zhuàng rú niú
渺无人烟	miǎo wú rén yān
不可理喻	bù kě lǐ yù
发人深省	fā rén shēn xǐng
问牛知马	wèn niú zhī mǎ
平地起家	píng dì qǐ jiā
城下之辱	chéng xià zhī rǔ
离世绝俗	lí shì jué sú
有借无还	yǒu jiè wú huán
气得志满	qì dé zhì mǎn
气满志得	qì mǎn zhì dé
志满气得	zhì mǎn qì dé
野无遗贤	yě wú yí xián
七相五公	qī xiāng wǔ gōng
人怨神怒	rén yuàn shén nù
神怒人怨	shén nù rén yuàn
拔地摇山	bá dì yáo shān
计出无聊	jì chū wú liáo
志盈心满	zhì yíng xīn mǎn
倒打一瓦	dào dǎ yī wǎ
天王老子	tiān wáng lǎo zǐ
半文半白	bàn wén bàn bái
动荡不定	dòng dàng bù dìng
成败得失	chéng bài dé shī
得失成败	dé shī chéng bài
寸草不留	cùn cǎo bù liú
死声活气	sǐ shēng huó qì
有名亡实	yǒu míng wáng shí
水长船高	shuǐ zhǎng chuán gāo
一闻千悟	yī wén qiān wù
安闲自得	ān xián zì dé
有加无已	yǒu jiā wǔ yǐ
无关大局	wú guān dà jú
至死不悟	zhì sǐ bù wù
至死不渝	zhì sǐ bù yú
多方百计	duō fāng bǎi jì
弃情遗世	qì qíng yí shì
贞不绝俗	zhēn bù jué sú
镜花水月	jìng huā shuǐ yuè
水月镜花	shuǐ yuè jìng huā
一唱百和	yī chàng bǎi hé
以一儆百	yǐ yī jǐng bǎi
见所未见	jiàn suǒ wèi jiàn
声求气应	shēng qiú qì yìng
声应气求	shēng yìng qì qiú
心去难留	xīn qù nán liú
兵不血刃	bīng bù xuè rèn
运斤如风	yùn jīn rú fēng
今雨新知	jīn yǔ xīn zhī
明公正义	míng gōng zhèng yì
树高招风	shù gāo zhāo fēng
凌云之志	líng yún zhī zhì
漫天过海	màn tiān guò hǎi
十口相传	shí kǒu xiāng chuán
胡言乱道	hú yán luàn dào
飘风急雨	piāo fēng jí yǔ
若有所丧	ruò yǒu suǒ sàng
读不舍手	dú bù shě shǒu
三盈三虚	sān yíng sān xū
打落水狗	dǎ luò shuǐ gǒu
回生起死	huí shēng qǐ sǐ
起死回生	qǐ sǐ huí shēng
一笑百媚	yī xiào bǎi mèi
五行俱下	wǔ xíng jù xià
得意忘形	dé yì wàng xíng
两相情原	liǎng xiāng qíng yuán
法不徇情	fǎ bù xùn qíng
可乘之隙	kě chéng zhī xì
黑天墨地	hēi tiān mò dì
云泥之差	yún ní zhī chā
先发制人	xiān fā zhì rén
一了百了	yī liǎo bǎi liǎo
有头没脑	yǒu tóu méi nǎo
痛心切骨	tòng xīn qiè gǔ
非分之念	fēi fèn zhī niàn
一柱承天	yī zhù chéng tiān
心灰意冷	xīn huī yì lěng
贪生恶死	tān shēng è sǐ
目不忍睹	mù bù rěn dǔ
无人问津	wú rén wèn jīn
横眉立目	héng méi lì mù
行浊言清	xíng zhuó yán qīng
言清行浊	yán qīng xíng zhuó
生老病死	shēng lǎo bìng sǐ
丰屋之过	fēng wū zhī guò
走马观花	zǒu mǎ guān huā
计无返顾	jì wú fǎn gù
魂不着体	hún bù zhuó tǐ
惊心裂胆	jīng xīn liè dǎn
心惊胆裂	xīn jīng dǎn liè
言行相悖	yán xíng xiāng bèi
自暴自弃	zì bào zì qì
自弃自暴	zì qì zì bào
一气呵成	yī qì hē chéng
随地随时	suí dì suí shí
随时随地	suí shí suí dì
滴水不漏	dī shuǐ bù lòu
心逸日休	xīn yì rì xiū
朽木不雕	xiǔ mù bù diāo
达地知根	dá dì zhī gēn
一命鸣呼	yī mìng míng hū
言归和好	yán guī hé hǎo
束身自好	shù shēn zì hào
誓死不屈	shì sǐ bù qū
视同一律	shì tóng yī lǜ
为人作嫁	wèi rén zuò jià
南山可移	nán shān kě yí
大明法度	dà jíng fǎ dù
北门之管	běi mén zhī guǎn
拔地参天	bá dì cān tiān
百巧成穷	bǎi qiǎo chéng qióng
知遇之恩	zhī yù zhī ēn
深山穷林	shēn shān qióng lín
意想不到	yì xiǎng bù dào
家道从容	jiā dào cōng róng
改恶为善	gǎi è wéi shàn
沉吟不语	chén yīn bù yǔ
明若观火	míng ruò guān huǒ
金石至交	jīn shí zhì jiāo
有根有底	yǒu gēn yǒu dǐ
七事八事	qī shì bā shì
目不暇接	mù bù xiá jiē
黑地昏天	hēi dì hūn tiān
昏天黑地	hūn tiān hēi dì
天昏地黑	tiān hūn dì hēi
无名孽火	wú míng niè huǒ
高人雅士	gāo rén yǎ shì
眉花眼笑	méi huā yǎn xiào
永世无穷	yǒng shì wú qióng
过而能改	guò ér néng gǎi
寝不安席	qǐn bù ān xí
移山拔海	yí shān bá hǎi
待时而动	dài shí ér dòng
大直若屈	dà zhí ruò qū
半路出家	bàn lù chū jiā
高情远致	gāo qíng yuǎn zhì
好梦难成	hǎo mèng nán chéng
大惊小怪	dà jīng xiǎo guài
不拘小节	bù jū xiǎo jié
和风细雨	hé fēng xì yǔ
计出万全	jì chū wàn quán
山长水阔	shān cháng shuǐ kuò
掠人之美	lüè rén zhī měi
吹灰之力	chuī huī zhī lì
不可胜记	bù kě shèng jì
低三下四	dī sān xià sì
马放南山	mǎ fàng nán shān
一路福星	yī lù fú xīng
四分五落	sì fēn wǔ luò
面如灰土	miàn rú huī tǔ
情见力屈	qíng xiàn lì qū
有家难奔	yǒu jiā nán bēn
神安气集	shén ān qì jí
千金一壸	qiān jīn yī kǔn
一壸千金	yī kuì qiān jīn
金光盖地	jīn guāng gài dì
手高手低	shǒu gāo shǒu dī
深情厚意	shēn qíng hòu yì
不拘形迹	bù jū xíng jī
意得志满	yì dé zhì mǎn
意满志得	yì mǎn zhì dé
志得意满	zhì dé yì mǎn
志满意得	zhì mǎn yì dé
冷语冰人	lěng yǔ bīng rén
扫地以尽	sǎo dì yǐ jìn
留连不舍	liú lián bù shě
新学小生	xīn xué xiǎo shēng
看人眉眼	kàn rén méi yǎn
天人共鉴	tiān rén gòng jiàn
河鱼天雁	hé yú tiān yàn
金兰之友	jīn lán zhī yǒu
掷地有声	zhì dì yǒu shēng
吊胆惊心	diào dǎn jīng xīn
惊心吊胆	jīng xīn diào dǎn
鼎鼎有名	dǐng dǐng yǒu míng
仁义之师	rén yì zhī shī
自救不暇	zì jiù bù xiá
不瞽不聋	bù gǔ bù lóng
首身分离	shǒu shēn fēn lí
金玉满堂	jīn yù mǎn táng
千思万虑	qiān sī wàn lǜ
述而不作	shù ér bù zuò
恬不为怪	tián bù wéi guài
回山转海	huí shān zhuǎn hǎi
得意扬扬	dé yì yáng yáng
扬扬得意	yáng yáng dé yì
日角龙颜	rì jiǎo lóng yán
荡然无存	dàng rán wú cún
大江东去	dà jiāng dōng qù
日月合璧	rì yuè hé bì
风信年华	fēng xìn nián huá
拨云见日	bō yún jiàn rì
百折千回	bǎi zhé qiān huí
千回百折	qiān huí bǎi zhé
道听耳食	dào tīng ěr shí
不治之症	bù zhì zhī zhèng
火光烛天	huǒ guāng zhú tiān
卵石不敌	luǎn shí bù dí
一至于此	yī zhì yú cǐ
出于无奈	chū yú wú nài
好天良夜	hǎo tiān liáng yè
天保九如	tiān bǎo jiǔ rú
以身报国	yǐ shēng bào guó
无党无偏	wú dǎng wú piān
无偏无党	wú piān wú dǎng
宁死不屈	nìng sǐ bù qū
后悔不及	hòu huǐ bù jí
鼻头出火	bí tóu chū huǒ
十目所视	shí mù suǒ shì
舌挢不下	shé jiǎo bù xià
优游不断	yōu yóu bù duàn
年深日久	nián shēn rì jiǔ
日久年深	rì jiǔ nián shēn
水中捉月	shui zhong zhuo yue
昭如日星	zhāo rú rì xīng
假眉三道	jiǎ méi sān dào
作贼心虚	zuò zéi xīn xū
齐心并力	qí xīn bìng lì
代马依风	dài mǎ yī fēng
人多手杂	rén duō shǒu zá
池鱼之祸	chí yú zhī huò
问十道百	wèn shí dào bǎi
誓天断发	shì tiān duàn fā
用心竭力	yòng xīn jié lì
后起之秀	hòu qǐ zhī xiù
马中关五	mǎ zhōng guān wǔ
自取其祸	zì qǔ qí huò
名不符实	míng bù fú shí
没没无闻	mò mò wú wén
万里长城	wàn lǐ cháng chéng
从轻发落	cóng qīng fā luò
不平则鸣	bù píng zé míng
万劫不复	wàn jié bù fù
一齐众楚	yī qí zhòng chǔ
目睫之论	mù jié zhī lùn
不知所厝	bù zhī suǒ cuò
十寒一暴	shí hán yī bào
一暴十寒	yī pù shí hán
以利累形	yǐ lì lěi xíng
行远升高	xíng yuǎn shēng gāo
火热水深	huǒ rè shuǐ shēn
水深火热	shuǐ shēn huǒ rè
以古为镜	yǐ gǔ wéi jìng
枕山负海	zhěn shān fù hǎi
春满人间	chūn mǎn rén jiān
中心摇摇	zhōng xīn yáo yáo
有条有理	yǒu tiáo yǒu lǐ
同类相求	tóng lèi xiāng qiú
黄金时间	huáng jīn shí jiān
泰然自若	tài rán zì ruò
作古正经	zuò gǔ zhèng jīng
知足知止	zhī zú zhī zhǐ
绝世佳人	jué shì jiā rén
九鼎一丝	jiǔ dǐng yī sī
徒有其名	tú yǒu qí míng
目光如豆	mù guāng rú dòu
临文不讳	lín wén bù huì
谈笑自若	tán xiào zì ruò
口耳并重	kǒu ěr bìng zhòng
貌是心非	mào shì xīn fēi
面目全非	miàn mù quán fēi
不可造次	bù kě zào cì
道不掇遗	dào bù duō yí
四面出击	sì miàn chū jī
坚定不移	jiān dìng bù yí
美不胜收	měi bù shèng shōu
乐道安命	lè dào ān mìng
树大根深	shù dà gēn shēn
同明相照	tóng míng xiāng zhào
本枝百世	běn zhī bǒi shì
以礼相待	yǐ lǐ xiāng dài
顺风吹火	shǔn fēng chuī huǒ
淡而无味	dàn ér wú wèi
天夺其魄	tiān duó qí pò
身非木石	shēn fēi mù shí
鼎足而居	dǐng zú ér jū
反哺之情	fǎn bǔ zhī qíng
胡天胡地	hú tiān hú dì
里出外进	lǐ chū wài lián
吞舟之鱼	tūn zhōu zhī yú
苦心积虑	kǔ xīn jī lǜ
风趣横生	fēng qù héng shēng
有利可图	yǒu lì kě tú
情投意和	qíng tóu yì hé
以义断恩	yǐ yì duàn ēn
文无加点	wén wú jiā diǎn
无计可奈	wú jì kě nài
水石清华	shuǐ shí qīng huá
昂头天外	áng tóu tiān wài
豁人耳目	huò rén ěr mù
属人耳目	shǔ rén ěr mù
人我是非	rén wǒ shì fēi
心醉神迷	xīn zuì shén mí
盛极一时	shèng jí yī shí
锦天绣地	jǐn tiān xiù dì
不凉不酸	bù liáng bù suān
千山万壑	qiān shān wàn hè
法不阿贵	fǎ bù ē guì
刀下留人	dāo xià liú rén
变化不测	biàn huà bù cè
挥金如土	huī jīn rú tǔ
不迁之庙	bù qiān zhī miào
铁案如山	tiě àn rú shān
名过其实	míng guò qí shí
文过其实	wén guò qí shí
九牛一毫	jiǔ niú yī háo
力学不倦	lì xué bù juàn
视远步高	shì yuǎn bù gāo
秋高气和	qiū gāo qì hé
假人辞色	jiǎ rén cí sè
老成持重	lǎo chéng chí zhòng
如解倒悬	rú jiě dào xuán
经国大业	jīng guó dà yè
一狐之腋	yī hú zhī yè
短中取长	duǎn zhōng qǔ cháng
有负众望	yǒu fù zhòng wàng
学究天人	xué jiū tiān rén
各不相让	gè bù xiāng ràng
用其所长	yòng qí suǒ cháng
人才济济	rén cái jǐ jǐ
自我作古	zì wǒ zuò gǔ
风行电扫	fēng xíng diàn sǎo
大家风范	dà jiā fēng fàn
深山穷谷	shēn shān qióng gǔ
祥风时雨	xiáng fēng shí yǔ
不可胜纪	bù kě shèng jì
风和日丽	fēng hé rì lì
和风丽日	hé fēng lì rì
日丽风和	rì lì fēng hé
方便之门	fāng biàn zhī mén
千载一遇	qiān zǎi yī yù
枝大于本	zhī dà yù běn
怨气冲天	yuàn qì chōng tiān
欢天喜地	huān tiān xǐ dì
胜友如云	shèng yǒu rú yún
寻事生非	xún shì shēng fēi
驷马不追	sì mǎ bù zhuī
老有所终	lǎo yǒu suǒ zhōng
孤傲不群	gū ào bù qún
不废江河	bù fèi jiāng hé
马上看花	mǎ shàng kàn huā
非异人任	fēi yì rén rèn
依然如故	yī rán rú gù
马首欲东	mǎ shǒu yù dōng
待人接物	dài rén jiē wù
无名小卒	wú míng xiǎo zú
正身明法	zhèng shēn míng fǎ
下笔成章	xià bǐ chéng zhāng
白日飞升	bái rì fēi shēng
恶意中伤	è yì zhòng shāng
料事如神	liào shì rú shén
安若泰山	ān ruò tài shān
疾言厉气	jí yán lì qì
意料之外	yì liào zhī wài
雷令风行	léi lìng fēng xíng
材高知深	cái gāo zhì shēn
相辅而行	xiāng fǔ ér xíng
俗下文字	sú xià wén zì
积重难反	jī zhòng nán fǎn
安危相易	ān wēi xiāng yì
变危为安	biàn wēi wéi ān
言行相副	yán xíng xiāng fù
鲁人回日	lǔ rén huí rì
无可比伦	wú kě bǐ lún
计行虑义	jì xíng lǜ yì
九流十家	jiǔ liú shí jiā
各有所长	gè yǒu suǒ chéng
道长争短	dào cháng zhēng duǎn
天之僯民	tiān zhī ruò mín
金汤之固	jīn tāng zhī gù
当耳旁风	dāng ěr páng fēng
和气生财	hé qì shēng cái
逢山开道	féng shān kāi dào
久归道山	jiǔ guī dào shān
朽木生花	xiǔ mù shēng huā
大千世界	dà qiān shì jiè
赤地千里	chì dì qiān lǐ
旧地重游	jiù dì chóng yóu
云起雪飞	yún qǐ xuě fēi
天渊之隔	tiān yuān zhī gé
国无二君	guó wú èr jūn
无耻之尤	wú chǐ zhī yóu
坚强不屈	jiān qiáng bù qū
赏不逾时	shǎng bù yú shí
束之高阁	shù zhī gāo gé
干城之将	gān chéng zhī jiàng
自相残杀	zì xiāng cán shā
才高意广	cái gāo yì guǎng
七足八手	qī zú bā shǒu
电照风行	diàn zhào fēng xíng
风行电照	fēng xíng diàn zhào
掉以轻心	diào yǐ qīng xīn
乌有先生	wū yǒu xiān shēng
眉头眼尾	méi tóu yǎn wěi
气断声吞	qì duàn shēng tūn
东南之宝	dōng nán zhī bǎo
观者如云	guān zhě rú yún
没世不渝	méi shì bù yú
头足异处	tóu zú yì chǔ
安忍无亲	ān rěn wú qīn
择善而行	zé shàn ér xíng
拾金不昧	shí jīn bù mèi
溢美之言	yì měi zhī yán
割股之心	gē gǔ zhī xīn
为人师表	wéi rén shī biǎo
精金美玉	jīng jīn měi yù
气象万千	qì xiàng wàn qiān
一团和气	yī tuán hé qì
残暴不仁	cán bào bù rén
锦心绣口	jǐn xīn xiù kǒu
绣口锦心	xiù kǒu jǐn xīn
流移失所	liú yí shī suǒ
贪墨成风	tān mò chéng fēng
面墙而立	miàn qiáng ér lì
墙面而立	qiáng miàn ér lì
达士通人	dá shì tōng rén
混作一谈	hùn zuò yī tán
戮力同心	lù lì tóng xīn
同心戮力	tóng xīn lù lì
同心协力	tóng xīn xié lì
协力同心	xié lì tóng xīn
协心同力	xié xīn tóng lì
举无遗策	jǔ wú yí cè
白日上升	bái rì shàng shēng
一字连城	yī zì lián chéng
轻如鸿毛	qīng rú hóng máo
神出鬼没	shén chū guǐ mò
遂心满意	suì xīn mǎn yì
计然之术	jì rán zhī shù
云愁海思	yún chóu hǎi sī
雨丝风片	yǔ sī fēng piàn
日以继夜	rì yǐ jì yè
夜以继日	yè yǐ jì rì
以日继夜	yǐ rì jì yè
以夜继日	yǐ yè jì rì
亲如骨肉	qīn rú gǔ ròu
穷年累月	qióng nián lěi yuè
失之东隅	shī zhī dōng yú
一命归阴	yī mìng guī yīn
奋不顾命	fèn bù gù mìng
得天独厚	dé tiān dú hòu
心烦意乱	xīn fán yì luàn
心慌意乱	xīn huāng yì luàn
如之奈何	rú zhī nai hé
平地登云	píng dì dēng yún
快心满志	kuài xīn mǎn zhì
钟鼎人家	zhōng dǐng rén jia
事在必行	shì zài bì xíng
心存目想	xīn cún mù xiǎng
面面相看	miàn miàn xiāng kàn
千变万化	qiān biàn wàn huà
喻之以理	yù zhī yǐ lǐ
思断义绝	ēn duàn yì jué
一丘一壑	yī qiū yī hè
真心诚意	zhēn xīn chéng yì
一潭死水	yī tán sǐ shuǐ
利不亏义	lì bù kuī yì
形形色色	xíng xíng sè sè
时易世变	shí yì shì biàn
应对如流	yìng duì rú liú
反面文章	fǎn miàn wén zhāng
按兵不举	àn bīng bù jǔ
三头八臂	sān tóu bā bì
迫不可待	pò bù kě dài
天旋地转	tiān xuán dì zhuàn
一坐尽倾	yī zuò jìn qīng
才高识远	cái gāo shí yuǎn
高才远识	gāo cái yuǎn shí
天粟马角	tiān sù mǎ jiǎo
通力合作	tōng lì hé zuò
怒气冲天	nù qì chōng tiān
目不斜视	mù bù xié shì
大智大勇	dà zhì dà yǒng
惊心眩目	jīng xīn xuàn mù
眩目惊心	xuàn mù jīng xīn
光可鉴人	guāng kě jiàn rén
有板有眼	yǒu bǎn yǒu yǎn
官官相为	guān guān xiāng wéi
无丝有线	wú sī yǒu xiàn
小脚女人	xiǎo jiǎo nǚ rén
举手投足	jǔ shǒu tóu zú
难分难舍	nán fēn nán shě
难舍难分	nán shě nán fēn
同类相从	tóng lèi xiāng cóng
十二万分	shí èr wàn fēn
自轻自贱	zì qīng zì jiàn
手脚无措	shǒu jiǎo wú cuò
千回百转	qiān huí bǎi zhuǎn
进退无依	jìn tuì wú yī
称心快意	chèn xīn kuài yì
虎斗龙争	hǔ dòu lóng zhēng
龙争虎斗	lóng zhēng hǔ dòu
无隙可乘	wú xì kě chéng
万古长存	wàn gǔ cháng cún
东风入律	dōng fēng rù lǜ
不徇私情	bù xún sī qíng
无独有偶	wú dú yǒu ǒu
三战三北	sān zhān sān běi
源远流长	yuán yuǎn liú cháng
狗吠之惊	gǒu fèi zhī jīng
忠心贯日	zhōng xīn guàn rì
有口难辩	yǒu kǒu nán biàn
无冬无夏	wú dōng wú xià
大兴土木	dà xīng tǔ mù
竿头日上	gān tóu rí shàng
十有八九	shí yǒu bā jiǔ
黄人捧日	huáng rén pěng rì
改过自新	gǎi guò zì xīn
下回分解	xià huí fēn jiě
点金成铁	diǎn jīn chéng tiě
点铁成金	diǎn tiě chéng jīn
东来西去	dōng lái xī qù
言归正传	yán guī zhèng zhuàn
正始之音	zhèng shǐ zhī yīn
信以为真	xìn yǐ wéi zhēn
不可救药	bù kě jiù yào
进道若退	jìn dào ruò tuì
卓然不群	zhuó rán bù qún
百巧千穷	bǎi qiǎo qiān qióng
一帆风顺	yī fán fēng shùn
一帆顺风	yī fān shùn fēng
魂飞胆落	hún fēi dǎn luò
死不旋踵	sǐ bù xuán zhǒng
人心涣散	rén xīn huàn sàn
龙兴凤举	lóng xīng fèng jǔ
铁笔无私	tiě bǐ wú sī
靡靡之声	mǐ mǐ zhī shēng
变化无常	biàn huà wú cháng
一蹶不振	yī jué bù zhèn
大敌当前	dà dí dāng qián
生公说法	shēng gōng shuō fǎ
希世之才	xī shì zhī cái
言从计听	yán cóng jì tīng
言听计从	yán tīng jì cóng
口耳相承	kǒu ěr xiāng chéng
三言讹虎	sān yán é hǔ
意气高昂	yì qì gāo áng
安家落户	ān jiā luò hù
是非口舌	shì fēi kǒu shé
日上三竿	rì shàng sān gān
水调歌头	shuǐ diào gē tóu
得胜头回	dé shèng tóu huí
千灾百难	qiān zāi bǎi nán
鸾凤分飞	luán fèng fēn fēi
不可逾越	bù kě yú yuè
桑中之喜	sāng zhōng zhī xǐ
东方将白	dong fang jiang bai
天高地迥	tiān gāo dì jiǒng
爱才如命	ài cái rú mìng
天道宁论	tiān dào níng lùn
龙断可登	lóng duàn kě dēng
百举百全	bǎi jǔ bǎi quán
是非分明	shì fēi fēn míng
神短气浮	shén duǎn qì fú
万家生佛	wàn jiā shēng fó
春花秋月	chūn huā qiū yuè
秋月春花	qiū yuè chūn huā
才高七步	cái gāo qī bù
金玉其质	jīn yù qí zhì
诟如不闻	gòu rú bù wén
长生久视	cháng shēng jiǔ shì
改行从善	gǎi xíng cóng shàn
天朗气清	tiān lǎng qì qīng
天清气朗	tiān qīng qì lǎng
金枝玉叶	jīn zhī yù yè
玉叶金枝	yù yè jīn zhī
泼天大祸	pō tiān dà huò
夜深人静	yè shēn rén jìng
形影相随	xíng yǐng xiāng suí
言多必失	yán duō bì shī
乌天黑地	wū tiān hēi dì
冰山易倒	bīng shān yì dǎo
千生万劫	qiān shēng wàn jié
精金良玉	jīng jīn liáng yù
天宝当年	tian bao dang nian
耻居人下	chǐ jū rén xià
舌锋如火	shé fēng rú huǒ
因小失大	yīn xiǎo shī dà
操之过急	cāo zhī guò jí
天上石麟	tiān shàng shí lín
浑然自成	hún rán zì chéng
凿空之论	záo kōng zhī lùn
恶有恶报	è yǒu è bào
杯水之敬	bēi shuǐ zhī jìng
车尘马足	chē chén mǎ zú
马足车尘	mǎ zú chē chén
洞天福地	dòng tiān fú dì
福地洞天	fú dì dòng tiān
志在千里	zhì zài qiān lǐ
茫无所知	máng wú suǒ zhī
自由自在	zì yóu zì zài
当头对面	dāng tóu duì miàn
不紧不慢	bù jīn bù màn
舍生忘死	shě shēng wàng sǐ
舍死忘生	shě sǐ wàng shēng
忘生舍死	wàng shēng shě sǐ
反经合道	fǎn jīng hé dào
无精打采	wú jīng dǎ cǎi
伤心疾首	shāng xīn jí shǒu
生不逢辰	shēng bù féng chén
目迷五色	mù mí wǔ sè
前古未有	qián gǔ wèi yǒu
杀一砺百	shā yī lì bǎi
迎风待月	yíng fēng dài yuè
见利忘义	jiàn lì wàng yì
一念之误	yī niàn zhī wù
云行雨洽	yún xíng yǔ qià
硕大无比	shuò dà wú bǐ
华不再扬	huá bù zài yáng
怨天尤人	yuàn tiān yóu rén
六合之内	liù hé zhī nèi
目空余子	mù kōng yú zǐ
血光之灾	xuè guāng zhī zāi
一肢一节	yī zhī yī jié
顺时而动	shùn shí ér dòng
草衣木食	cǎo yī mù shí
行不由径	xíng bù yóu jìng
视民如伤	shì mín rú shāng
不辱使命	bù rǔ shǐ mìng
五谷不升	wǔ gǔ bù shēng
金声掷地	jīn shēng zhì dì
掷地金声	zhì dì jīn shēng
贫贱之知	pín jiàn zhī zhī
极目远望	jí mù yuǎn wàng
视死若归	shì sǐ ruò guī
久假不归	jiǔ jiǎ bù guī
进身之阶	jìn shēn zhī jiē
仁人义士	rén rén yì shì
甘之若素	gān zhī ruò sù
穷年累世	qióng nián lěi shì
难乎为情	nán hū wéi qíng
好大喜功	hào dà xǐ gōng
寂然无声	jì rán wú shēng
贪小失大	tān xiǎo shī dà
无可比象	wú kě bǐ xiàng
疾首痛心	jí shǒu tòng xīn
痛心疾首	tòng xīn jí shǒu
倒山倾海	dǎo shān qīng hǎi
妙处不传	miào chù bù chuán
就事论事	jiù shì lùn shì
舍己从人	shě jǐ cóng rén
观机而作	guān jī ér zuò
落魄不羁	luò pò bù jī
飞鸟依人	fēi niǎo yī rén
情理难容	qíng lǐ nán róng
飞眼传情	fēi yǎn chuán qíng
名同实异	míng tóng shí yì
异名同实	yì míng tóng shí
口说无凭	kǒu shuō wú píng
比岁不登	bǐ suì bù dēng
岁比不登	suì bǐ bù dēng
伤心惨目	shāng xīn cǎn mù
心浮气盛	xīn fú qì shèng
千回万转	qiān huí wàn zhuǎn
顺风行船	shùn fēng xíng chuán
格杀不论	gé shā bù lùn
闻风远遁	wén fēng yuǎn dùn
不可枚举	bù kě méi jǔ
死气沉沉	sǐ qì chén chén
龙化虎变	lóng huà hǔ biàn
不弃草昧	bù qì cǎo mèi
安身立命	ān shēn lì mìng
立命安身	lì mìng ān shēn
废然而反	fèi rán ér fǎn
不分彼此	bù fēn bǐ cǐ
临风对月	lín fēng duì yuè
唾地成文	tuò dì chéng wén
十发十中	shí fā shí zhōng
路人皆知	lù rén jiē zhī
来去无踪	lái qù wú zōng
星飞云散	xīng fēi yún sàn
不知纪极	bù zhī jì jí
自拔来归	zì bá lái guī
少年老成	shào nián lǎo chéng
汗不敢出	hàn bù gǎn chū
亏心短行	kuī xīn duǎn xíng
诗以言志	shī yǐ yán zhì
相亲相爱	xiāng qīn xiāng ài
惊弦之鸟	jīng xián zhī niǎo
四方八面	sì fāng bā miàn
四面八方	sì miàn bā fāng
季路一言	jì lù yī yán
摸门不着	mō mén bù zháo
目若悬珠	mù ruò xuán zhū
胆战心摇	dǎn zhàn xīn yáo
前所未有	qián suǒ wèi yǒu
极天际地	jí tiān jì dì
独出己见	dú chū jǐ jiàn
玉石同碎	yù shí tóng suì
有始有终	yǒu shǐ yǒu zhōng
独断独行	dú duàn dú xíng
独行独断	dú xíng dú duàn
危如朝露	wēi rú zhāo lù
诗酒风流	shī jiǔ fēng liú
势不可遏	shì bù kě è
飘风暴雨	piāo fēng bào yǔ
眼空四海	yǎn kōng sì hǎi
梦笔生花	mèng bǐ shēng huā
名垂千古	míng chuí qiān gǔ
马翻人仰	mǎ fān rén yǎng
马仰人翻	mǎ yǎng rén fān
人仰马翻	rén yǎng mǎ fān
长安少年	cháng ān shào nián
风云突变	fēng yún tū biàn
互通有无	hù tōng yǒu wú
魂不著体	hún bù zhuó tǐ
民不堪命	mín bù kān mìng
罪当万死	zuì dāng wàn sǐ
山寒水冷	shān hán shuǐ lěng
乱作一团	luàn zuò yī tuán
春雨如油	chūn yǔ rú yóu
含笑入地	hán xiào rù dì
重于泰山	zhòng yú tài shān
月地云阶	yuè dì yún jiē
云阶月地	yún jiē yuè dì
换日偷天	huàn rì tōu tiān
偷天换日	tōu tiān huàn rì
苦海无边	kǔ hǎi wú biān
甘居人后	gān jū rén hòu
直言取祸	zhí yán qǔ huò
权倾天下	quán qīng tiān xià
十行俱下	shí háng jù xià
成家立业	chéng jiā lì yiè
狗眼看人	gǒu yǎn kàn rén
大显身手	dà xiǎn shēn shǒu
羊落虎口	yáng luò hǔ kǒu
以眼还眼	yǐ yǎn huán yǎn
话不投机	huà bù tóu jī
马到成功	mǎ dào chéng gōng
马到功成	mǎ dào gōng chéng
计日以期	jì rì yǐ qī
手下留情	shǒu xià liú qíng
阳关大道	yáng guān dà dào
布天盖地	bù tiān gài dì
当家立计	dāng jiā lì jì
弥天大祸	mí tiān dà huò
裹足不前	guǒ zú bù qián
反复无常	fǎn fù wú cháng
乐善不倦	lè shàn bù juàn
青丝白马	qīng sī bái mǎ
时移世变	shí yí shì biàn
时移世易	shí yí shì yì
俭不中礼	jiǎn bù zhòng lǐ
游戏人世	yóu xì rén shì
一枕黄梁	yī zhěn huáng liáng
惊心丧魄	jīng xīn sàng pò
死而后已	sǐ ér hòu yǐ
举止不凡	jǔ zhǐ bù fán
六尺之孤	liù chǐ zhī gū
明堂正道	míng táng zhèng dào
目不转睛	mù bù zhuǎn jīng
出敌意外	chū dí yì wài
饥不择食	jī bù zé shí
风清月朗	fēng qīng yuè lǎng
朗月清风	lǎng yuè qīng fēng
清风朗月	qīng fēng lǎng yuè
月朗风清	yuè lǎng fēng qīng
家藏户有	jiā cáng hù yǒu
麟凤一毛	lín fèng yī máo
画地而趋	huà dì ér qū
任重道远	rèn zhòng dào yuǎn
口若悬河	kǒu ruò xuán hé
日异月更	rì yì yuè gèng
束手无策	shù shǒu wú cè
公道合理	gōng dào hé lǐ
心照不宣	xīn zhào bù xuān
说古道今	shuō gǔ dào jīn
说今道古	shuō jīn dào gǔ
空洞无物	kōng dòng wú wù
数见不鲜	shuò jiàn bù xiān
誓同生死	shì tóng shēng sǐ
无边无际	wú biān wú jì
博大精深	bó dà jīng shēn
冷心冷面	lěng xīn lěng miàn
巧立名目	qiǎo lì míng mù
花好月圆	huā hǎo yuè yuán
月圆花好	yuè yuán huā hǎo
轻言肆口	qīng yán sì kǒu
迁风移俗	qiān fēng yí sú
宽以待人	kuān yǐ dài rén
眉飞眼笑	méi fēi yǎn xiào
眼笑眉飞	yǎn xiào méi fēi
败俗伤风	bài sú shāng fēng
伤风败俗	shāng fēng bài sú
龙鬼蛇神	lóng guǐ shé shén
恩深义重	ēn shēn yì zhòng
义重恩深	yì zhòng ēn shēn
时隐时见	shí yǐn shí jiàn
风轻云净	fēng qīng yún jìng
尺有所短	chǐ yǒu suǒ duǎn
车在马前	chē zài mǎ qián
放鱼入海	fàng yú rù hǎi
面面相窥	miàn miàn xiāng kuī
古稀之年	gǔ xī zhī nián
经年累月	jīng nián lěi yuè
累月经年	lěi yuè jīng nián
旧雨新知	jiù yǔ xīn zhī
人声鼎沸	rén shēng dǐng fèi
好为事端	hào wéi shì duān
东声西击	dōng shēng xī jī
声东击西	shēng dōng jī xī
当着不着	dāng zhuó bù zhuó
拿下马来	ná xià mǎ lái
不吝珠玉	bù lìn zhū yù
众口难调	zhòng kǒu nán tiáo
冤天屈地	yuān tiān qū dì
国耳忘家	guó ěr wàng jiā
虎口逃生	hǔ kǒu táo shēng
裘马声色	qiú mǎ shēng sè
家见户说	jiā jiàn hù shuō
以老卖老	yǐ lǎo mài lǎo
遗名去利	yí míng qù lì
千古绝调	qiān gǔ jué diào
千头万绪	qiān tóu wàn xù
万绪千头	wàn xù qiān tóu
气壮河山	qì zhuàng hé shān
气壮山河	qì zhuàng shān hé
引人注目	yǐn rén zhù mù
以身作则	yǐ shēn zuò zé
后福无量	hòu fú wú liàng
无可置疑	wú kě zhì yí
众毛飞骨	zhòng máo fēi gǔ
立身处世	lì shēn chǔ shì
大发议论	dà fā yì lùn
才高行洁	cái gāo xíng jié
国士无双	guó shì wú shuāng
善善从长	shàn shàn cóng cháng
高举深藏	gāo jǔ shēn cáng
长命百岁	cháng mìng bǎi suì
死有余罪	sǐ yǒu yú zuì
车马盈门	chē mǎ yíng mén
累累如珠	lěi lěi rú zhū
扣人心弦	kòu rén xīn xián
笔下超生	bǐ xià chāo shēng
胸中无数	xiōng zhōng wú shù
拈花一笑	niān huā yī xiào
背道而驰	bèi dào ér chí
不值一钱	bù zhí yī qián
一钱不值	yī qián bù zhí
应天顺民	yìng tiān shùn mín
不堪言状	bù kān yán zhuàng
不置可否	bù zhì kě fǒu
威风扫地	wēi fēng sǎo dì
罪恶深重	zuì è shēn zhòng
论心定罪	lùn xīn dìng zuì
不敢高攀	bù gǎn gāo pān
一蹴而得	yī cù ér dé
手高眼低	shǒu gāo yǎn dī
眼高手低	yǎn gāo shǒu dī
铁板不易	tiě bǎn bù yì
理所当然	lǐ suǒ dāng rán
重厚寡言	zhòng hòu guǎ yán
斗筲之人	dǒu shāo zhī rén
抱成一团	bào chéng yī tuán
紫气东来	zǐ qì dōng lái
善为说辞	shàn wéi shuō cí
就地正法	jiù dì zhèng fǎ
信口胡言	xìn kǒu hú yán
心忙意乱	xīn máng yì luàn
意乱心忙	yì luàn xīn máng
不念旧恶	bù niàn jiù è
虚室生白	xū shì shēng bái
一鳞半甲	yī lín bàn jiǎ
积善成德	jī shàn chéng dé
家无担石	jiā wú dàn shí
三位一体	sān wèi yī tǐ
罪大恶极	zuì dà è jí
乐在其中	lè zài qí zhōng
俗不可耐	sú bù kě nài
大喜过望	dà xǐ guò wàng
朝生夕死	zhāo shēng xī sǐ
决一胜负	jué yī shèng fù
一决胜负	yī jué shèng fù
身经百战	shēn jīng bǎi zhàn
明赏不费	míng shǎng bù fèi
视若无睹	shì ruò wú dǔ
弃之可惜	qì zhī kě xī
无咎无誉	wú jiù wú yù
山遥水远	shān yáo shuǐ yuǎn
水远山遥	shuǐ yuǎn shān yáo
名垂万古	míng chuí wàn gǔ
无以塞责	wú yǐ sè zé
天高听卑	tiān gāo tīng bēi
致之度外	zhì zhī dù wài
上行下效	shàng xíng xià xiào
运之掌上	yùn zhī zhǎng shàng
星行夜归	xīng xíng yè guī
安生乐业	ān shēng lè yè
风和日暖	fēng hé rì nuǎn
日和风暖	rì hé fēng nuǎn
日暖风和	rì nuǎn fēng hé
正名定分	zhèng míng dìng fēn
流年似水	liú nián sì shuǐ
似水流年	sì shuǐ liú nián
高唱入云	gāo chàng rù yún
靡衣玉食	mí yī yù shí
威武不屈	wēi wǔ bù qū
百了千当	bǎi liǎo qiān dāng
千了百当	qiān liǎo bǎi dàng
凤毛龙甲	fèng máo lóng jiǎ
目达耳通	mù dá ěr tōng
行合趋同	xíng hé qū tóng
骇目振心	hài mù zhèn xīn
河清人寿	hé qīng rén shòu
三命而俯	sān mìng ér fǔ
十万火急	shí wàn huǒ jí
未足轻重	wèi zú qīng zhòng
寡情薄意	guǎ qíng báo yì
以恶报恶	yǐ è bào è
无如奈何	wú rú nài hé
未形之患	wèi xíng zhī huàn
如此而已	rú cǐ ér yǐ
黄尘清水	huáng chén qīng shuǐ
粗心浮气	cū xīn fú qì
心粗气浮	xīn cū qì fú
心浮气粗	xīn fú qì cū
会家不忙	huì jiā bù máng
七行俱下	qī háng jù xià
靡然顺风	mí rán shùn fēng
一语双关	yī yǔ shuāng guān
白龙鱼服	bái lóng yú fú
救民水火	jiù mín shuǐ huǒ
掩口而笑	yǎn kǒu ér xiào
高枕而卧	gāo zhěn ér wò
精贯白日	jīng guàn bái rì
别无二致	bié wú èr zhì
包打天下	bāo dǎ tiān xià
好学不倦	hào xué bù juàn
置之脑后	zhì zhī nǎo hòu
反目成仇	fǎn mù chéng chóu
自寻短见	zì xún duǎn jiàn
焦金流石	jiāo jīn liú shí
一脉相传	yī mài xiāng chuán
苦心经营	kǔ xīn jīng yíng
风卷残云	fēng juǎn cán yún
引首以望	yǐn shǒu yǐ wàng
人来客去	rén lái kè qù
狐不二雄	hú bù èr xióng
金舌弊口	jīn shé bì kǒu
眉飞色舞	méi fēi sè wǔ
顾名思义	gù míng sī yì
功成骨枯	gōng chéng gǔ kū
情急智生	qíng jí shēng zhì
连城之璧	lián chéng zhī bì
空口无凭	kōng kǒu wú píng
自食其果	zì shí qí guǒ
时望所归	shí wàng suǒ guī
冠盖如云	guān gài rú yún
过眼烟云	guò yǎn yān yún
过眼云烟	guò yǎn yún yān
烟云过眼	yān yún guò yǎn
云烟过眼	yún yān guò yǎn
以法为教	yǐ fǎ wéi jiào
百战百胜	bǎi zhàn bǎi shèng
同门异户	tóng mén yì hù
白日绣衣	bái rì xiù yī
白日衣绣	bái rì yì xiù
投其所好	tóu qí suǒ hào
分心挂腹	fēn xīn guà fù
对床风雨	duì chuáng fēng yǔ
风雨对床	fēng yǔ duì chuáng
久久不忘	jiǔ jiǔ bù wàng
身无立锥	sheng wu li zhui
融为一体	róng wéi yī tǐ
阑风长雨	lán fēng zhàng yǔ
百顺千随	bǎi shùn qiān suí
千随百顺	qiān suí bǎi shùn
并行不悖	bìng xíng bù bèi
举止大方	jǔ zhǐ dà fāng
美人香草	měi rén xiāng cǎo
香草美人	xiāng cǎo měi rén
三年五载	sān nián wǔ zài
切骨之仇	qiè gǔ zhī chóu
朝三暮四	zhāo sān mù sì
暮四朝三	mù sì cháo sān
乐天任命	lè tiān rèn mìng
不可摸捉	bù kě mō zhuō
不可捉摸	bù kě zhuō mō
大声疾呼	dà shēng jí hū
三老四少	sān lǎo sì shǎo
无其伦比	wú qí lún bǐ
岁不我与	suì bù wǒ yǔ
兵不厌权	bīng bù yàn quán
亡国大夫	wáng guó dà fū
耳听心受	ěr tīng xīn shòu
时移世异	shí yí shì yì
世异时移	shì yì shí yí
春风夏雨	chūn fēng xià yǔ
步月登云	bù yuè dēng yún
见义勇为	jiàn yì yǒng wéi
反覆无常	fǎn fù wú cháng
察言观行	chá yán guān xíng
大功毕成	dà gōng bì chéng
赏罚不明	shǎng fá bù míng
言信行果	yán xìn xíng guǒ
言行信果	yán xíng xìn guǒ
井中求火	jǐng zhōng qiú huǒ
通功易事	tōng gōng yì shì
在色之戒	zài sè zhī jiè
心领神会	xīn lǐng shén huì
顾复之恩	gù fù zhī ēn
同归于尽	tóng guī yú jìn
束手无措	shù shǒu wú cuò
有备无患	yǒu bèi wú huàn
衣锦夜行	yì jǐn yè xíng
八拜之交	bā bài zhī jiāo
旧雨今雨	jiù yǔ jīn yǔ
边尘不惊	biān chén bù jīng
天悬地隔	tiān xuán dì gé
土牛木马	tǔ niú mù mǎ
日中必移	rì zhōng bì yí
成年古代	chéng nián gǔ dài
情天孽海	qíng tiān niè hǎi
用心良苦	yòng xīn liáng kǔ
千古奇闻	qiān gǔ qí wén
言简意少	yán jiǎn yì shǎo
意味深长	yì wèi shēn cháng
乘虚而入	chéng xū ér rù
嗟来之食	jiē lái zhī shí
不爽毫发	bù shuǎng háo fā
毫发不爽	háo fà bù shuǎng
三日新妇	sān rì xīn fù
处心积虑	chǔ xīn jī lǜ
披露腹心	pī lù fù xīn
杜门自绝	dù mén zì jué
知情达理	zhī qíng dá lǐ
邪不伐正	xié bù fá zhèng
千古独步	qiān gǔ dú bù
家破身亡	jiā pò shēn wáng
独善其身	dú shàn qí shēn
爱人好士	ài rén hào shì
朝野上下	cháo yě shàng xià
桑土之谋	sāng tǔ zhī móu
忍无可忍	rěn wú kě rěn
混然一体	hún rán yī tǐ
寒心消志	hán xīn xiāo zhì
人微权轻	rén wēi quán qīng
老于世故	lǎo yú shì gù
画地成图	huà dì chéng tú
千载一圣	qiān zǎi yī shèng
呼天号地	hū tiān hào dì
见溺不救	jiàn nì bù jiù
深见远虑	shēn jiàn yuǎn lǜ
进退无途	jìn tuì wú tú
海内无双	hǎi nèi wú shuāng
坐不垂堂	zuò bù chuí táng
屈高就下	qū gāo jiù xià
壶中日月	hú zhōng rì yuè
心领意会	xīn lǐng yì huì
白首穷经	bái shǒu qióng jīng
横行直走	héng xíng zhí zǒu
金口御言	jīn kǒu yù yán
以古为鉴	yǐ gǔ wéi jiàn
以人择官	yǐ rén zé guān
罚不当罪	fá bù dāng zuì
天愁地惨	tiān chóu dì cǎn
弹指之间	tán zhǐ zhī jiān
义形于色	yì xíng yú sè
不舍昼夜	bù shě zhòu yè
苦中作乐	kǔ zhōng zuò lè
一语中的	yī yǔ zhōng dì
日暮路远	rì mù lù yuǎn
拒人千里	jù rén qiān lǐ
数不胜数	shǔ bù shèng shǔ
公而忘私	gōng ér wàng sī
体大思精	tǐ dà sī jīng
风雨飘摇	fēng yǔ piāo yáo
开天辟地	kāi tiān pì dì
天开地辟	tiān kāi dì pì
枉己正人	wǎng jǐ zhèng rén
不可偏废	bù kě piān fèi
出言吐词	chū yán tǔ cí
好善恶恶	hǎo shàn wù è
绝世独立	jué shì dú lì
低首下气	dī shǒu xià qì
百岁之盟	bǎi suì zhī méng
寿满天年	shòu mǎn tiān nián
轻言细语	qīng yán xì yǔ
乱坠天花	luàn zhuì tiān huā
天花乱坠	tiān huā luàn zhuì
事与心违	shì yù xīn wéi
千了万当	qiān le wàn dàng
相待如宾	xiāng dài rú bīn
流连忘反	liú lián wàng fǎn
雨断云销	yǔ duàn yún xiāo
视财如命	shì cái rú mìng
震天动地	zhèn tiān dòng dì
心劳意攘	xīn láo yì rǎng
失时落势	shī shí luò shì
才秀人微	cái xiù rén wēi
月下老儿	yuè xià lǎo ér
言颠语倒	yán diān yǔ dǎo
耳闻目击	ěr wén mù jī
目击耳闻	mù jī ěr wén
面若死灰	miàn ruò sǐ huī
家给人足	jiā jǐ rén zú
人给家足	rén jǐ jiā zú
人足家给	rén zú jiā jǐ
寂然不动	jì rán bù dòng
改俗迁风	gǎi sú qiān fēng
投井下石	tóu jǐng xià shí
投石下井	tóu shí xià jǐng
下井投石	xià jǐng tóu shí
强食自爱	qiǎng shí zì ài
绝色佳人	jué sè jiā rén
甘心首疾	gān xīn shǒu jí
望而生畏	wàng ér shēng wèi
白璧无瑕	bái bì wú xiá
古为今用	gǔ wéi jīn yòng
流口常谈	liú kǒu cháng tán
长篇大论	cháng piān dà lùn
因风吹火	yīn fēng chuī huǒ
日不移晷	rì bù yí guǐ
触目崩心	chù mù bēng xīn
合情合理	hé qíng hé lǐ
形影自守	xíng yǐng zì shǒu
鸡犬不留	jī quǎn bù liú
计尽力穷	jì jìn lì qióng
计穷力尽	jì qióng lì jìn
沸反连天	fèi fǎn lián tiān
食不充饥	shí bù chōng jī
索然无味	suǒ rán wú wèi
放心解体	fàng xīn jiě tǐ
鱼目间珠	yú mù jiān zhū
按兵不动	àn bīng bù dòng
确然不群	què rán bù qún
祸中有福	huò zhōng yǒu fú
破口大骂	pò kǒu dà mà
年事已高	nián shì yǐ gāo
空穴来风	kōng xué lái fēng
艰难玉成	jiān nán yù chéng
回味无穷	huí wèi wú qióng
败鼓之皮	bài gǔ zhī pí
惠然之顾	huì rán zhī gù
心坚石穿	xīn jiān shí chuān
轻言寡信	qīng yán guǎ xìn
猛虎出山	měng hǔ chū shān
举止自若	jǔ zhǐ zì ruò
覆海移山	fù hǎi yí shān
流天澈地	liú tiān chè dì
指日高升	zhǐ rì gāo shēng
仁心仁闻	rén xīn rén wén
金相玉映	jīn xiāng yù yìng
坚执不从	jiān zhí bù cóng
词无枝叶	cí wú zhī yè
立时三刻	lì shí sān kè
法海无边	fǎ hǎi wú biān
远年近日	yuǎn nián jìn rì
不得要领	bù dé yào lǐng
时殊风异	shí shū fēng yì
步调一致	bù diào yī zhì
肝心若裂	gān xīn ruò liè
黄金时代	huáng jīn shí dài
地动山摧	dì dòng shān cuī
口服心服	kǒu fú xīn fú
心服口服	xīn fú kǒu fú
文弱书生	wén ruò shū shēng
转危为安	zhuǎn wēi wéi ān
不同凡响	bù tóng fán xiǎng
寸步不让	cùn bù bù ràng
伏地圣人	fú dì shèng rén
久悬不决	jiǔ xuán bù jué
垂手可得	chuí shǒu kě dé
千磨百折	qiān mó bǎi shé
书香世家	shū xiāng shì jiā
无可争辩	wú kě zhēng biàn
城下之盟	chéng xià zhī méng
狂风暴雨	kuáng fēng bào yǔ
遗风余采	yí fēng yú cǎi
胡作非为	hú zuò fēi wéi
多言数穷	duō yán shuò qióng
东家西舍	dōng jiā xī shě
如狼似虎	rú láng sì hǔ
片甲不还	piàn jiǎ bù huán
官止神行	guān zhǐ shén xíng
口轻舌薄	kǒu qīng shé bó
轻口薄舌	qīng kǒu báo shé
东横西倒	dōng héng xī dǎo
众口销金	zhòng kǒu xiāo jīn
诗礼之家	shī lǐ zhī jiā
未达一间	wèi dá yī jiān
风吹草动	fēng chuī cǎo dòng
流落天涯	liú luò tiān yá
七十二行	qī shí èr háng
鼠雀之牙	shǔ què zhī yá
池鱼之虑	chí yú zhī lǜ
钓游之地	diào yóu zhī dì
七上八落	qī shàng bā luò
浑金白玉	hún jīn bái yù
事过情迁	shì guò qíng qiān
余味无穷	yú wèi wú qióng
三生有幸	sān shēng yǒu xìng
回天运斗	huí tiān yùn dǒu
喜行于色	xǐ xíng yú sè
攻其不备	gōng qí bù bèi
下学上达	xià xué shàng dá
寸步千里	cùn bù qiān lǐ
引鬼上门	yǐn guǐ shàng mén
刻骨相思	kè gǔ xiāng sī
大做文章	dà zuò wén zhāng
高遏行云	gāo è xíng yún
刮目相见	guā mù xiāng jiàn
接三连四	jiē sān lián sì
连三接四	lián sān jiē sì
才子佳人	cái zǐ jiā rén
佳人才子	jiā rén cái zǐ
夜郎自大	yè láng zì dà
别有风趣	bié yǒu fēng qù
四至八道	sì zhì bā dào
遮天迷地	zhē tiān mí dì
黄梁一梦	huáng liáng yī mèng
燕雀之居	yàn què zhī jū
有勇有谋	yǒu yǒng yǒu móu
论高寡合	lùn gāo guǎ hé
食方于前	shí fāng yú qián
游心骇耳	yóu xīn hài ěr
察己知人	chá jǐ zhī rén
留有余地	liú yǒu yú dì
见几而作	jiàn jī ér zuò
一饮一啄	yī yǐn yī zhuó
不务正业	bù wù zhèng yè
谈空说有	tán kōng shuō yǒu
即兴之作	jí xìng zhī zuò
持久之计	chí jiǔ zhī jì
庆吊不行	qìng diào bù xíng
少言寡语	shǎo yán guǎ yǔ
白眼相看	bái yǎn xiāng kàn
一支半节	yī zhī bàn jié
百依百从	bǎi yī bǎi cóng
星落云散	xīng luò yún sàn
鱼龙变化	yú lóng biàn huà
丰衣足食	fēng yī zú shí
足食丰衣	zú shí fēng yī
谋臣如雨	móu chén rú yǔ
说是道非	shuō shì dào fēi
永志不忘	yǒng zhì bù wàng
手无寸刃	shǒu wú cùn rèn
求全之毁	qiú quán zhī huǐ
生齿日繁	shēng chǐ rì fán
连三接五	lián sān jiē wǔ
交头接耳	jiāo tóu jiē ěr
蔚成风气	wèi chéng fēng qì
风华绝代	fēng huá jué dài
连三并四	lián sān bìng sì
日积月聚	rì jī yuè jù
神头鬼脸	shén tóu guǐ liǎn
寸铁杀人	cùn tiě shā rén
两袖清风	liǎng xiù qīng fēng
清风两袖	qīng fēng liǎng xiù
自始自终	zì shǐ zì zhōng
引手投足	yǐn shǒu tóu zú
风雨共舟	fēng yǔ gòng zhōu
马角乌头	mǎ jiǎo wū tóu
乌头马角	wū tóu mǎ jiǎo
不可奈何	bù kě mài hé
卧床不起	wò chuáng bù qǐ
兵不接刃	bīng bù jiē rèn
眉来眼去	méi lái yǎn qù
追风逐影	zhuī fēng zhú yǐng
百万雄兵	bǎi wàn xióng bīng
首尾相连	shǒu wěi xiāng lián
有机可乘	yǒu jī kě chéng
掩其不备	yǎn qí bù bèi
积非成是	jī fēi chéng shì
河出伏流	hé chū fú liú
心慌意急	xīn huāng yì jí
片甲不存	piàn jiǎ bù cún
鱼质龙文	yú zhì lóng wén
遗臭无穷	yí chòu wú qióng
默默无言	mò mò wú yán
强加于人	qiáng jiā yú rén
狼子兽心	láng zǐ shòu xīn
百鸟朝凤	bǎi niǎo cháo fèng
怒火冲天	nù huǒ chōng tiān
进退有节	jìn tuì yǒu jié
雀鼠之争	què shǔ zhī zhēng
急于求成	jí yú qiú chéng
谈虎色变	tán hǔ sè biàn
水木清华	shuǐ mù qīng huá
呼牛作马	hū niú zuò mǎ
如痴如梦	rú chī rú mèng
缓兵之计	huǎn bīng zhī jì
忿不顾身	fèn bù gù shēn
古木参天	gǔ mù cān tiān
引以为荣	yǐn yǐ wéi róng
血肉相连	xuè ròu xiāng lián
一代文宗	yī dài wén zōng
无挂无碍	wú guà wú ài
目不给赏	mù bù gěi shǎng
抱头大哭	bào tóu dà kū
高飞远集	gāo fēi yuǎn jí
从善如登	cóng shàn rú dēng
胡越一家	hú yuè yī jiā
富家大室	fù jiā dà shì
富室大家	fù shì dà jiā
坐上琴心	zuò shàng qín xīn
移风振俗	yí fēng zhèn sú
量入计出	liàng rù jì chū
惠而不费	huì ér bù fèi
风雪交加	fēng xuě jiāo jiā
滔天大罪	tāo tiān dà zuì
日食万钱	rì shí wàn qián
食日万钱	shí rì wàn qián
论长说短	lùn cháng shuō duǎn
说长论短	shuō cháng lùn duǎn
说短论长	shuō duǎn lùn cháng
顺水行舟	shùn shuǐ xíng zhōu
规天矩地	guī tiān jǔ dì
两面二舌	liǎng miàn èr shé
连明连夜	lián míng lián yè
市井小人	shì jǐng xiǎo rén
从井救人	cóng jǐng jiù rén
千金买笑	qiān jīn mǎi xiào
犬马之恋	quǎn mǎ zhī liàn
居不重茵	jū bù chóng yīn
转斗千里	zhuǎn dòu qiān lǐ
为法自弊	wéi fǎ zì bì
白面儒生	bái miàn rú shēng
淡水交情	dàn shuǐ jiāo qíng
急不择路	jí bù zé lù
灰头土面	huī tóu tǔ miàn
东山复起	dōng shān fù qǐ
背城一战	bèi chéng yī zhàn
经天纬地	jīng tiān wěi dì
天地经纬	tiān dì jīng wěi
天经地纬	tiān jīng dì wěi
善善恶恶	shàn shàn wù è
君命无二	jūn mìng wú èr
一索得男	yī suǒ dé nán
信而有征	xìn ér yǒu zhēng
计功行赏	jì gōng xíng shǎng
路无拾遗	lù wú shí yí
化为乌有	huà wéi wū yǒu
移天徙日	yí tiān xǐ rì
同恶相党	tóng è xiāng dǎng
一丝不紊	yī sī bù wěn
徒劳无功	tú láo wú gōng
万箭穿心	wàn jiàn chuān xīn
不容置疑	bù róng zhì yí
狗彘不食	gǒu zhì bù shí
惊世骇目	jīng shì hài mù
日新月著	rì xīn yuè zhù
巧不可阶	qiǎo bù kě jiē
谋无遗策	móu wú yí cè
神领意得	shén lǐng yì dé
飞蓬随风	fēi péng suí fēng
披头散发	pī tóu sàn fà
贫贱不移	pín jiàn bù yí
丰屋之祸	fēng wū zhī huò
百岁千秋	bǎi suì qiān qiū
杞天之虑	qǐ tiān zhī lǜ
色胆包天	sè dǎn bāo tiān
老气横秋	lǎo qì héng qiū
魂飞胆破	hún fēi dǎn pò
难能可贵	nán néng kě guì
敬若神明	jìng ruò shén míng
分毫不爽	fēn háo bù shuǎng
居高临下	jū gāo lín xià
形影相附	xíng yǐng xiāng fù
死于非命	sǐ yú fēi mìng
名落孙山	míng luò sūn shān
奉公不阿	fèng gōng bù ē
使心用腹	shǐ xīn yòng fù
柳户花门	liǔ hù huā mén
日转千街	rì zhuǎn qiān jiē
遭家不造	zāo jiā bù zào
二姓之好	èr xìng zhī hǎo
采风问俗	cǎi fēng wèn sú
无计所奈	wú jì suǒ nài
自相残害	zì xiāng cán hài
功高盖世	gōng gāo gài shì
九转功成	jiǔ zhuàn gōng chéng
不堪回首	bù kān huí shǒu
抱负不凡	bào fù bù fán
悬悬而望	xuán xuán ér wàng
移山竭海	yí shān jié hǎi
移山造海	yí shān zào hǎi
习以成俗	xí yǐ chéng sú
淡然置之	dàn rán zhì zhī
同心协德	tóng xīn xié dé
以水洗血	yǐ shuǐ xǐ xuè
操之过切	cāo zhī guò qiè
白黑分明	bái hēi fēn míng
黑白分明	hēi bái fēn míng
痛心病首	tòng xīn bìng shǒu
端人正士	duān rén zhèng shì
鱼升龙门	yú shēng lóng mén
东张西望	dōng zhāng xī wàng
牛角书生	niú jiǎo shū shēng
清耳悦心	qīng ěr yuè xīn
月落星沉	yuè luò xīng chén
不问皂白	bù wèn zào bái
百家争鸣	bǎi jiā zhēng míng
千难万险	qiān nán wàn xiǎn
革风易俗	gé fēng yì sú
年深月久	nián shēn yuè jiǔ
五体投地	wǔ tǐ tóu dì
一发破的	yī fā pò dì
自圆其说	zì yuán qí shuō
百读不厌	bǎi dú bù yàn
刚正不阿	gāng zhèng bù ē
亡国之器	wáng guó zhī qì
贼人胆虚	zéi rén dǎn xū
广文先生	guǎng wén xiān sheng
三步两脚	sān bù liǎng jiǎo
三脚两步	sān jiǎo liǎng bù
金鸡独立	jīn jī dú lì
指东说西	zhǐ dōng shuō xī
生花妙笔	shēng huā miào bǐ
雷厉风飞	léi lì fēng fēi
罪有应得	zuì yǒu yīng dé
立地成佛	lì dì chéng fó
能言快语	néng yán kuài yǔ
日新月盛	rì xīn yuè shèng
神乎其神	shén hū qí shén
麻木不仁	má mù bù rén
规求无度	guī qiú wú dù
莫逆之交	mò nì zhī jiāo
水流花谢	shuǐ liú huā xiè
行将就木	xíng jiāng jiù mù
改是成非	gǎi shì chéng fēi
此事体大	cǐ shì tǐ dà
龙头蛇尾	lóng tóu shé wěi
毫不介意	háo bù jiè yì
山南海北	shān nán hǎi běi
经明行修	jīng míng xíng xiū
浪子回头	làng zǐ huí tóu
安闲自在	ān xián zì zài
快人快事	kuài rén kuài shì
衣不蔽体	yī bù bì tǐ
盖世无双	gài shì wú shuāng
离世异俗	lí shì yì sú
化民成俗	huà mín chéng sú
大智如愚	dà zhì rú yú
忧心如捣	yōu xīn rú dǎo
花朝月夕	huā zhāo yuè xī
月夕花朝	yuè xī huā zhāo
过犹不及	guò yóu bù jí
善眉善眼	shàn méi shàn yǎn
安于一隅	ān yù yī yù
釜中生鱼	fǔ zhōng shēng yú
寸土不让	cùn tǔ bù ràng
盘石之固	pán shí zhī gù
鸡鸣而起	jī míng ér qǐ
气味相投	qì wèi xiāng tóu
大显神通	dà xiǎn shén tōng
雅雀无声	yǎ què wú shēng
一如既往	yī rú jì wǎng
为人说项	wèi rén shuō xiàng
佛口蛇心	fó kǒu shé xīn
佛心蛇口	fó xīn shé kǒu
蛇心佛口	shé xīn fó kǒu
通风报信	tōng fēng bào xìn
黄道吉日	huáng dào jí rì
海不波溢	hǎi bù bō yì
海立云垂	hǎi lì yún chuí
风情月债	fēng qíng yuè zhài
吹气如兰	chuī qì rú lán
树上开花	shù shàng kāi huā
如是我闻	rú shì wǒ wén
众口熏天	zhòng kǒu xūn tiān
进退无措	jìn tuì wú cuò
言无伦次	yán wú lún cì
魂惊胆落	hún jīng dǎn luò
百战百败	bǎi zhàn bǎi bài
有勇知方	yǒu yǒng zhī fāng
一望无垠	yī wàng wú yín
虎口拔牙	hǔ kǒu bá yá
明如指掌	míng rú zhǐ zhǎng
恬不知怪	tián bù zhī guài
以辞害意	yǐ cí hài yì
没世穷年	méi shì qióng nián
运斤成风	yùn jīn chéng fēng
横生枝节	héng shēng zhī jié
枝节横生	zhī jié héng shēng
祸福无常	huò fú wú cháng
满座风生	mǎn zuò fēng shēng
众好众恶	zhòng hào zhòng wù
养虎自残	yǎng hǔ zì cán
从恶如崩	cóng è rú bēng
乘兴而来	chéng xìng ér lái
不堪其忧	bù kān qí yōu
不落俗套	bù luò sú tào
鹰犬之才	yīng quǎn zhī cái
舍生取义	shě shēng qǔ yì
膝行而前	xī xíng ér qián
坐无虚席	zuò wú xū xí
说长说短	shuō cháng shuō duǎn
公才公望	gōng cái gōng wàng
切切在心	qiè qiè zài xīn
秋高马肥	qiū gāo mǎ féi
舍己就人	shě jǐ jiù rén
如醉如狂	rú zuì rú kuáng
杞人之忧	qǐ rén zhī yōu
间不容砺	jiān bù róng lì
所向无敌	suǒ xiàng wú dí
心无挂碍	xīn wú guài ài
神丧胆落	shén sàng dǎn luò
惊弓之鸟	jīng gōng zhī niǎo
急中生智	jí zhōng shēng zhì
千秋万岁	qiān qiū wàn suì
万岁千秋	wàn suì qiān qiū
面面相睹	miàn miàn xiāng dǔ
不敢苟同	bù gǎn gǒu tóng
结不解缘	jié bù jiě yuán
以功补过	yǐ gōng bǔ guò
恶语相加	è yǔ xiāng jiā
手不释卷	shǒu bù shì juàn
九流三教	jiǔ liú sān jiào
三教九流	sān jiào jiǔ liú
守正不挠	shǒu zhèng bù náo
文不对题	wén bù duì tí
济世安民	jì shì ān mín
积年累月	jī nián lěi yuè
胡言乱语	hú yán luàn yǔ
乱语胡言	luàn yǔ hú yán
七日来复	qī rì lái fù
白首北面	bái shǒu běi miàn
桑中之约	sāng zhōng zhī yuē
道头会尾	dào tóu huì wěi
异口同音	yì kǒu tóng yīn
横三顺四	héng sān shùn sì
格高意远	gé gāo yì yuǎn
七长八短	qī cháng bā duǎn
行己有耻	xíng jǐ yǒu chǐ
分形共气	fēn xíng gòng qì
重三迭四	chóng sān dié sì
量如江海	liàng rú jiāng hǎi
开诚相见	kāi chéng xiāng jiàn
名垂后世	míng chuí hòu shì
一坐皆惊	yī zuò jiē jīng
苦大仇深	kǔ dà chóu shēn
水月观音	shuǐ yuè guān yīn
极天罔地	jí tiān wǎng dì
兴云致雨	xīng yún zhì yǔ
正正经经	zhèng zhèng jīng jīng
百虑攒心	bǎi lǜ zǎn xīn
骑虎难下	qí hǔ nán xià
不食周粟	bù shí zhōu sù
八荒之外	bā huāng zhī wài
相辅相成	xiāng fǔ xiāng chéng
冰炭不投	bīng tàn bù tóu
魂不赴体	hún bù fù tǐ
黑天半夜	hēi tiān bàn yè
置之高阁	zhì zhī gāo gé
纵虎归山	zòng hǔ guī shān
即小见大	jí xiǎo jiàn dà
数黄道白	shù huáng dào bái
超然自引	chāo rán zì yǐn
一岁九迁	yī suì jiǔ qiān
易子而教	yì zǐ ér jiào
拔山超海	bá shān chāo hǎi
蹈厉之志	dǎo lì zhī zhì
高风峻节	gāo fēng jùn jié
一点半点	yī diǎn bàn diǎn
实与有力	shí yù yǒu lì
下气怡声	xià qì yí shēng
怡声下气	yí shēng xià qì
无精打彩	wú jīng dǎ cǎi
毫无疑义	háo wú yí yì
仁人志士	rén rén zhì shì
志士仁人	zhì shì rén rén
后来居上	hòu lái jū shàng
辞不获命	cí bù huò mìng
名胜古迹	míng shèng gǔ jī
是非得失	shì fēi dé shī
太平无事	tài píng wú shì
教学相长	jiào xué xiāng zhǎng
古色古香	gǔ sè gǔ xiāng
家长礼短	jiā cháng lǐ duǎn
正色厉声	zhèng sè lì shēng
东门黄犬	dōng mén huáng quǎn
自我作故	zì wǒ zuò gù
一改故辙	yī gǎi gù zhé
饮马长江	yǐn mǎ cháng jiāng
目无法纪	mù wú fǎ jì
以意逆志	yǐ yì nì zhì
一辞同轨	yī cí tóng guǐ
学无常师	xué wú cháng shī
披心相付	pī xīn xiāng fù
源清流清	yuán qīng liú qīng
耳视目听	ěr shì mù tīng
北斗之尊	běi dǒu zhī zūn
劳苦功高	láo kǔ gōng gāo
直权无华	zhí quán wú huá
没齿无怨	mò chǐ wú yuàn
山公倒载	shān gōng dǎo zǎi
枯形灰心	kū xíng huī xīn
久要不忘	jiǔ yāo bù wàng
枯树生花	kū shù shēng huā
据为己有	jù wéi jǐ yǒu
斗鸡走马	dòu jī zǒu mǎ
一模一样	yī mó yī yàng
目动言肆	mù dòng yán sì
狼前虎后	láng qián hǔ hòu
夷然自若	yí rán zì ruò
见财起意	jiàn cái qǐ yì
以攻为守	yǐ gōng wéi shǒu
以守为攻	yǐ shǒu wéi gōng
寸丝不挂	cùn sī bù guà
叶公好龙	yè gōng hào lóng
词不逮意	cí bù dài yì
二满三平	èr mǎn sān píng
三平二满	sān píng èr mǎn
文子同升	wén zǐ tóng shēng
骨肉相残	gǔ ròu xiāng cán
当仁不让	dāng rén bù ràng
后车之戒	hòu chē zhī jiè
竖子成名	shù zǐ chéng míng
同恶相助	tóng wù xiāng zhù
野人献日	yě rén xiàn rì
独出心裁	dú chū xīn cái
材大难用	cái dà nán yòng
当世才度	dāng shì cái dù
弥天大罪	mí tiān dà zuì
格格不入	gé gé bù rù
短兵相接	duǎn bīng xiāng jiē
枕善而居	zhěn shàn ér jū
盈千累万	yíng qiān lěi wàn
不期修古	bù qī xiū gǔ
说白道绿	shuō bái dào lǜ
白雪难和	bái xuě nán hé
从流忘反	cóng liú wàng fǎn
光前绝后	guāng qián jué hòu
绝后光前	jué hòu guāng qián
坐井观天	zuò jǐng guān tiān
德胜头回	dé shèng tóu huí
悬心吊胆	xuán xīn diào dǎn
乘风破浪	chéng fēng pò làng
破浪乘风	pò làng chéng fēng
无依无靠	wú yī wú kào
碧海青天	bì hǎi qīng tiān
色若死灰	sè ruò sǐ huī
竿头日进	gān tóu rì jìn
雨卧风餐	yǔ wò fēng cān
情深似海	qíng shēn sì hǎi
亡命之徒	wáng mìng zhī tú
易于反手	yì yú fǎn shǒu
众少成多	zhòng shǎo chéng duō
火上弄冰	huǒ shàng nòng bīng
暗昧之事	àn mèi zhī shì
问罪之师	wèn zuì zhī shī
鹤行鸡群	hè xíng jī qún
泛泛之人	fàn fàn zhī rén
分风劈流	fēn fēng pǐ liú
荡海拔山	dàng hǎi bá shān
雕风镂月	diāo fēng lòu yuè
屋如七星	wū rú qī xīng
名不副实	míng bù fù shí
铜心铁胆	tóng xīn tiě dǎn
疾言厉色	jí yán lì sè
良金美玉	liáng jīn měi yù
与世长辞	yǔ shì cháng cí
面无惭色	miàn wú cán sè
雪操冰心	xuě cāo bīng xīn
餐风宿水	cān fēng sù shuǐ
水宿风餐	shuǐ xiǔ fēng cān
宿水餐风	xiǔ shuǐ cān fēng
金屋之选	jīn wū zhī xuǎn
凭白无故	píng bái wú gù
事往日迁	shì wǎng rì qiān
志在四海	zhì zài sì hǎi
出圣入神	chū shèng rù shén
高世骇俗	gāo shì hài sú
飞来横祸	fēi lái hèng huò
疑神见鬼	yí shén jiàn guǐ
心忙意急	xīn máng yì jí
抚心自问	fǔ xīn zì wèn
扪心自问	mén xīn zì wèn
发上指冠	fā shàng zhǐ guàn
楚梦云雨	chǔ mèng yún yǔ
暗弱无断	àn ruò wú duàn
孑然一身	jié rán yī shēn
无胫而至	wú jìng ér zhì
切理会心	qiē lǐ huì xīn
鞍马之劳	ān mǎ zhī láo
功行圆满	gōng xíng yuán mǎn
正色敢言	zhèng sè gǎn yán
云容月貌	yún róng yuè mào
河落海干	hé luò hǎi gān
轻举绝俗	qīng jǔ jué sú
云净天空	yún jìng tiān kōng
小鸟依人	xiǎo niǎo yī rén
肥鱼大肉	féi yú dà ròu
计不旋踵	jì bù xuán zhǒng
论功行赏	lùn gōng xíng shǎng
中流一壸	zhōng liú yī kǔn
法力无边	fǎ lì wú biān
移风革俗	yí fēng gé sú
明知故问	míng zhī gù wèn
安土重居	ān tǔ zhòng jū
老生常谈	lǎo shēng cháng tán
拒之门外	jù zhī mén wài
死败涂地	sǐ bài tú dì
自求多福	zì qiú duō fú
威凤一羽	wēi fèng yī yǔ
诚心诚意	chéng xīn chéng yì
魂飞神丧	hún fēi shén sàng
同源异流	tóng yuán yì liú
驰名当世	chí míng dāng shì
挂一漏万	guà yī lòu wàn
诲人不倦	huì rén bù juàn
不厌其繁	bù yàn qí fán
易如破竹	yì rú pò zhú
鼠目寸光	shǔ mù cùn guāng
重三叠四	chóng sān dié sì
家成业就	jiā chéng yè jiù
素车白马	sù chē bái mǎ
头足倒置	tóu zú dào zhì
平步登天	píng bù dēng tiān
削铁无声	xuē tiě wú shēng
木头木脑	mù tóu mù nǎo
极天蟠地	jí tiān pán dì
一网打尽	yī wǎng dǎ jìn
智小谋大	zhì xiǎo móu dà
连日带夜	lián rì dài yè
恩有重报	ēn yǒu zhòng bào
兵行诡道	bīng xíng guǐ dào
千金一瓠	qiān jīn yī hù
一泻千里	yī xiè qiān lǐ
大胆包身	dà dǎn bāo shēn
五月飞霜	wǔ yuè fēi shuāng
前车之鉴	qián chē zhī jiàn
众人广坐	zhòng rén guǎng zuò
瞒天过海	mán tiān guò hǎi
神迷意夺	shén mí yì duó
通时合变	tōng shí hé biàn
言听计用	yán tīng jì yòng
遗风余教	yí fēng yú jiào
分情破爱	fēn qíng pò ài
进退无据	jìn tuì wú jù
缘文生义	yuán wén shēng yì
切齿痛心	qiè chǐ tòng xīn
疾风甚雨	jí fēng shèn yǔ
汤去三面	tāng qù sān miàn
百年之柄	bǎi nián zhī bǐng
天壤之隔	tiān rǎng zhī gé
临难不恐	lín nàn bù kǒng
顶天踵地	dǐng tiān zhǒng dì
断章取意	duàn zhāng qǔ yì
优游自如	yōu yóu zì rú
乘云行泥	chéng yún xíng ní
长此以往	cháng cǐ yǐ wǎng
长计远虑	cháng jì yuǎn lǜ
哀感天地	āi gǎn tiān dì
行远自迩	xíng yuǎn zì ěr
儿女成行	ér nǚ chéng háng
一泻百里	yī xiè bǎi lǐ
无名小辈	wú míng xiǎo bèi
云悲海思	yún bēi hǎi sī
无胫而走	wú jìng ér zǒu
置之度外	zhì zhī dù wài
落魄不偶	luo tuo bu ou
登山临水	dēng shān lín shuǐ
临水登山	lín shuǐ dēng shān
定于一尊	dìng yú yī zūn
睹物思人	dǔ wù sī rén
以文害辞	yǐ wén hài cí
地角天涯	dì jiǎo tiān yá
天涯地角	tiān yá dì jiǎo
随风逐浪	suí fēng zhú làng
肺石风清	fèi shí fēng qīng
车无退表	chē wú tuì biǎo
高情逸兴	gāo qíng yì xīng
突如其来	tū rú qí lái
白头到老	bái tóu dào lǎo
老成见到	lǎo chéng jiàn dào
原封不动	yuán fēng bù dòng
人弃我取	rén qì wǒ qǔ
浑然一体	hún rán yī tǐ
人才辈出	rén cái bèi chū
百怪千奇	bǎi guài qiān qí
千奇百怪	qiān qí bǎi guài
洞心骇目	dòng xīn hài mù
苟且之心	gǒu qiě zhī xīn
言提其耳	yán tí qí ěr
话不虚传	huà bù xū chuán
表里一致	biǎo lǐ yī zhì
薄唇轻言	báo chún qīng yán
漠不相关	mò bù xiāng guān
烟断火绝	yān duàn huǒ jué
略高一筹	lüè gāo yī chóu
忘情负义	wàng qíng fù yì
人来客往	rén lái kè wǎng
井蛙之见	jǐng wā zhī jiàn
神工天巧	shén gōng tiān qiǎo
遗世独立	yí shì dú lì
缚鸡之力	fù jī zhī lì
言近指远	yán jìn zhǐ yuǎn
见义敢为	jiàn yì gǎn wéi
千思万想	qiān sī wàn xiǎng
计日可期	jì rì kě qī
不知凡几	bù zhī fán jǐ
善有善报	shàn yǒu shàn bào
知足常乐	zhī zú cháng lè
风起水涌	fēng qǐ shuǐ yǒng
溃不成军	kuì bù chéng jūn
生死存亡	shēng sǐ cún wáng
死生存亡	sǐ shēng cún wáng
清闲自在	qīng xián zì zài
白鱼入舟	bái yú rù zhōu
黑天摸地	hēi tiān mō dì
天崩地裂	tiān bēng dì liè
分文未取	fēn wén wèi qǔ
侯门如海	hóu mén rú hǎi
凤骨龙姿	fèng gǔ lóng zī
不祥之兆	bù xiáng zhī zhào
手足异处	shǒu zú yì chǔ
贫而无谄	pín ér wú chǎn
自视甚高	zì shì shèn gāo
真情实意	zhēn qíng shí yì
地主之仪	dì zhǔ zhī yí
地主之谊	dì zhǔ zhī yì
宁死不辱	níng sǐ bù rǔ
衣马轻肥	yì mǎ qīng féi
捧心西子	pěng xīn xī zǐ
西子捧心	xī zǐ pěng xīn
礼先一饭	lǐ xiān yī fàn
以言徇物	yǐ yán xùn wù
有色眼镜	yǒu sè yǎn jìng
迟疑不断	chí yí bù duàn
无拘无缚	wú jū wú fù
面壁功深	miàn bì gōng shēn
一叶报秋	yī yè bào qiū
小枉大直	xiǎo wǎng dà zhí
节外生枝	jié wài shēng zhī
灯火万家	dēng huǒ wàn jiā
万家灯火	wàn jiā dēng huǒ
神摇目夺	shén yáo mù duó
雨消云散	yǔ xiāo yún sàn
云消雨散	yún xiāo yǔ sàn
高飞远遁	gāo fēi yuǎn dùn
自作主张	zì zuò zhǔ zhāng
四时八节	sì shí bā jié
积水成渊	jī shuǐ chéng yuān
胡作乱为	hú zuò luàn wéi
乱作胡为	luàn zuò hú wéi
十光五色	shí guāng wǔ sè
五光十色	wǔ guāng shí sè
掩口失声	yǎn kǒu shī shēng
若明若暗	ruò míng ruò àn
顾虑重重	gù lǜ chóng chóng
败兴而归	bài xìng ér guī
朝三暮二	zhāo sān mù èr
四体不勤	sì tǐ bù qín
日落千丈	rì luò qiān zhàng
授人口实	shòu rén kǒu shí
深恶痛绝	shēn wù tòng jué
痛深恶绝	tòng shēn wù jué
贵而贱目	guì ér jiàn mù
置锥之地	zhì zhuī zhī dì
古今中外	gǔ jīn zhōng wài
千夫所指	qiān fū suǒ zhǐ
万载千秋	wàn zài qiān qiū
弹丸之地	dàn wán zhī dì
较若画一	jiào ruò huà yī
蹇人升天	jiǎn rén shēng tiān
五黄六月	wǔ huáng liù yuè
冰寒于水	bīng hán yú shuǐ
三老五更	sān lǎo wǔ gēng
心直嘴快	xīn zhí zuǐ kuài
嘴直心快	zuǐ zhí xīn kuài
邪不犯正	xié bù fàn zhèng
一树百获	yī shù bǎi huò
心如刀锯	xīn rú dāo jù
天下太平	tiān xià tài píng
艺高胆大	yì gāo dǎn dà
如释重负	rú shì zhòng fù
指鹿为马	zhǐ lù wéi mǎ
灭绝人性	miè jué rén xìng
横眉立眼	héng méi lì yǎn
别出心裁	bié chū xīn cái
如饥如渴	rú jī rú kě
如渴如饥	rú kě rú jī
枯鱼之肆	kū yú zhī sì
投桃之报	tóu táo zhī bào
遗风逸尘	yí fēng yì chén
焦心劳思	jiāo xīn láo sī
劳心焦思	láo xīn jiāo sī
以绝后患	yǐ jué hòu huàn
风起云涌	fēng qǐ yún yǒng
蛇头鼠眼	shé tóu shǔ yǎn
大处落墨	dà chù luò mò
情见势屈	qíng xiàn shì qū
恶恶从短	wù wù cóng duǎn
万里长征	wàn lǐ cháng zhēng
百世流芳	bǎi shì liú fāng
流芳百世	liú fāng bǎi shì
东观西望	dōng guāng xī wàng
东望西观	dōng wàng xī guān
欺人自欺	qī rén zì qī
自欺欺人	zì qī qī rén
心明眼亮	xīn míng yǎn liàng
眼明心亮	yǎn míng xīn liàng
不露圭角	bù lù guī jiǎo
圭角不露	guī jiǎo bù lù
粗风暴雨	cū fēng bào yǔ
心心念念	xīn xīn niàn niàn
没世难忘	mò shì nán wàng
东谈西说	dōng tán xī shuō
说东谈西	shuō dōng tán xī
转败为功	zhuǎn bài wéi gōng
满载而归	mǎn zài ér guī
恶语中伤	è yǔ zhòng shāng
平易近人	píng yì jìn rén
鸟声兽心	niǎo shēng shòu xīn
不可乡迩	bù kě xiāng ěr
楚楚不凡	chǔ chǔ bù fán
惊心悲魄	jīng xīn bēi pò
东海扬尘	dōng hǎi yáng chén
人去楼空	rén qù lóu kōng
八难三灾	bā nàn sān zāi
三灾八难	sān zāi bā nàn
斗绝一隅	dǒu jué yī yú
如花似锦	rú huā sì jǐn
遁天妄行	dùn tiān wàng xíng
鞭不及腹	biān bù jí fù
当耳边风	dāng ěr biān fēng
妖不胜德	yāo bù shèng dé
酒色财气	jiǔ sè cái qì
国破家亡	guó pò jiā wáng
家亡国破	jiā wáng guó pò
破国亡家	pò guó wáng jiā
破家亡国	pò jiā wáng guó
亡国破家	wáng guó pò jiā
盘游无度	pán yóu wú dù
为蛇画足	wéi shé huà zú
背前面后	bèi qián miàn hòu
居心险恶	jū xīn xiǎn è
言必有据	yán bì yǒu jù
齿剑如归	chǐ jiàn rú guī
井井有方	jǐng jǐng yǒu fāng
独步当世	dú bù dāng shì
龙战虎争	lóng zhàn hǔ zhēng
龙争虎战	lóng zhēng hǔ zhàn
楚楚动人	chǔ chǔ dòng rén
一笑倾城	yī xiào qīng chéng
一泻万里	yī xiè wàn lǐ
言不由衷	yán bù yóu zhōng
高谈虚论	gāo tán xū lùn
军令如山	jūn lìng rú shān
迟暮之年	chí mù zhī nián
宽大为怀	kuān dà wéi huái
急于事功	jí yú shì gōng
眼明手快	yǎn míng shǒu kuài
弄月吟风	nòng yuè yín fēng
吟风弄月	yín fēng nòng yuè
出于意表	chū yú yì biǎo
源头活水	yuán tóu huó shuǐ
寒泉之思	hán quán zhī sī
坚忍不拔	jiān rěn bù bá
晓以大义	xiǎo yǐ dà yì
略迹论心	lüè jì lùn xīn
各有千秋	gè yǒu qiān qiū
痛心拔脑	tòng xīn bá nǎo
别开一格	bié kāi yí gé
百依百随	bǎi yī bǎi suí
交浅言深	jiāo qiǎn yán shēn
以养伤身	yǐ yǎng shāng shēn
安贫乐道	ān pín lè dào
乐道安贫	lè dào ān pín
恶尘无染	è chén wú rǎn
宾入如归	bīn rù rú guī
平步青云	píng bù qīng yún
青云独步	qīng yún dú bù
灾难深重	zāi nán shēn zhòng
水火兵虫	shuǐ huǒ bīng chóng
疾言怒色	jí yán nù sè
身无寸缕	shēn wú cùn lǚ
旁门小道	páng mén xiǎo dào
小己得失	xiǎo jǐ dé shī
嘴清舌白	zuǐ qīng shé bái
驷马高门	sì mǎ gāo mén
善刀而藏	shàn dāo ér cáng
金声玉润	jīn shēng yù rùn
补天柱地	bǔ tiān zhù dì
狗彘不若	gǒu zhì bù ruò
两头三绪	liǎng tóu sān xù
三头两绪	sān tóu liǎng xù
心灵手巧	xīn líng shǒu qiǎo
眉高眼低	méi gāo yǎn dī
风雨飘零	fēng yǔ piāo líng
肆意横行	sì yì héng xíng
养生丧死	yǎng shēng sàng sǐ
指事类情	zhǐ shì lèi qíng
三反四覆	sān fǎn sì fù
志得气盈	zhì dé qì yíng
九行八业	jiǔ háng bā yè
吃着不尽	chī zhuó bù jìn
充天塞地	chōng tiān sāi dì
如临深谷	rú lín shēn gǔ
心满愿足	xīn mǎn yuàn zú
轻财重义	qīng cái zhòng yì
重财轻义	zhòng cái qīng yì
重义轻财	zhòng yì qīng cái
时来运来	shí lái yùn lái
里通外国	lǐ tōng wài guó
从容不迫	cóng róng bù pò
千头万序	qiān tóu wàn xù
鸡犬不宁	jī quǎn bù níng
丧尽天良	sàng jìn tiān liáng
一概而论	yī gài ér lùn
凤毛鸡胆	fèng máo jī dǎn
神采飞扬	shén cǎi fēi yáng
遗世拔俗	yí shì bá sú
渺无人踪	miǎo wú rén zōng
半筹不纳	bàn chóu bù nà
百年难遇	bǎi nián nán yù
安土重旧	ān tǔ zhòng jiù
饮水知源	yǐn shuǐ zhī yuán
衣不完采	yī bù wán cǎi
信口开合	xìn kǒu kāi hé
淫心匿行	yín xīn nì xíng
弱水之隔	ruò shuǐ zhī gé
如履薄冰	rú lǚ bó bīng
牛蹄之鱼	niú tí zhī yú
意前笔后	yì qián bǐ hòu
病从口入	bìng cóng kǒu rù
鸾分凤离	luán fēn fèng lí
点金作铁	diǎn jīn zuò tiě
迷而知返	mí ér zhī fǎn
逆耳利行	nì ěr lì xíng
知过能改	zhī guò néng gǎi
得其三昧	dé qí sān mèi
文人墨客	wén rén mò kè
逢君之恶	féng jūn zhī è
三星在户	sān xīng zài hù
毁风败俗	huǐ fēng bài sú
故步自画	gù bù zì huà
富贵不淫	fù guì bù yín
自给自足	zì jǐ zì zú
倾心吐胆	qīng xīn tǔ dǎn
吐胆倾心	tǔ dǎn qīng xīn
一班一辈	yī bān yī bèi
累土至山	lěi tǔ zhì shān
枝外生枝	zhī wài shēng zhī
曳兵之计	yè bīng zhī jì
腹饱万言	fù bǎo wàn yán
赢金一经	yíng jīn yī jīng
风行革偃	fēng xíng gé yǎn
低回不已	dī huí bù yǐ
高凤自秽	gāo fèng zì huì
滔天罪行	tāo tiān zuì xíng
后海先河	hòu hǎi xiān hé
先河后海	xiān hé hòu hǎi
廉而不刿	lián ér bù guì
枯骨生肉	kū gǔ shēng ròu
箕山之操	jī shān zhī cāo
事不宜迟	shì bù yí chí
比目连枝	bǐ mù lián zhī
遂心应手	suì xīn yīng shǒu
求名夺利	qiú míng duó lì
昂然自得	áng rán zì dé
角户分门	jiǎo hù fēn mén
先入为主	xiān rù wéi zhǔ
报效万一	bào xiào wàn yī
贯鱼之次	guàn yú zhī cì
奉若神明	fèng ruò shén míng
兵无血刃	bīng wú xuè rèn
日异月殊	rì yì yuè shū
甘处下流	gān chǔ xià liú
东野巴人	dōng yě bā rén
费力劳心	fèi lì láo xīn
人贫智短	rén pín zhì duǎn
百紫千红	bǎi zǐ qiān hóng
家家户户	jiā jiā hù hù
超世绝俗	chāo shì jué sú
超俗绝世	chāo sú jué shì
亲上成亲	qīn shàng chéng qīn
白首空归	bái shǒu kōng guī
刻骨崩心	kè gǔ bēng xīn
见风使船	jiàn fēng shǐ chuán
济济一堂	jǐ jǐ yī táng
各有所好	gè yǒu suǒ hào
有损无益	yǒu sǔn wú yì
反败为胜	fǎn bài wéi shèng
虎头蛇尾	hǔ tóu shé wěi
谋听计行	móu tīng jì xíng
昂然自若	áng rán zì ruò
依依不舍	yī yī bù shě
安步当车	ān bù dàng chē
小手小脚	xiǎo shǒu xiǎo jiǎo
落落寡合	luò luò guǎ hé
家殷人足	jiā yīn rén zú
一唱三叹	yī chàng sān tàn
利时及物	lì shí jí wù
万世流芳	wàn shì liú fāng
玉貌花容	yù mào huā róng
接二连三	jiē èr lián sān
连三接二	lián sān jiē èr
束上起下	shù shàng qǐ xià
北门之寄	běi mén zhī jì
金章玉句	jīn zhāng yù jù
点头会意	diǎn tóu huì yì
乘高决水	chéng gāo jué shuǐ
众望所归	zhòng wàng suǒ guī
诸子百家	zhū zǐ bǎi jiā
仁人君子	rén rén jūn zǐ
做人做世	zuò rén zuò shì
红情绿意	hóng qíng lǜ yì
蔚然成风	wèi rán chéng fēng
说白道黑	shuō bái dào hēi
说黑道白	shuō hēi dào bái
皇天后土	huáng tiān hòu tǔ
疏不间亲	shū bù jiàn qīn
相惊伯有	xiāng jīng bó yǒu
不遗巨细	bù yí jù xì
白云亲舍	bái yún qīn shè
朝不保暮	zhāo bù bǎo mù
强自取折	qiáng zì qǔ shé
高足弟子	gāo zú dì zǐ
怪力乱神	guài lì luàn shén
机难轻失	jī nán qīng shī
苗而不秀	miáo ér bù xiù
学海无涯	xué hǎi wú yá
无名英雄	wú míng yīng xióng
乐善好义	lè shàn hǎo yì
神清骨秀	shén qīng gǔ xiù
鬼出电入	guǐ chū diàn rù
祸福同门	huò fú tóng mén
饥不暇食	jī bù xiá shí
洞如观火	dòng rú guān huǒ
负薪之忧	fù xīn zhī yōu
举止言谈	jǔ zhǐ yán tán
言谈举止	yán tán jǔ zhǐ
惨不忍闻	cǎn bù rěn wén
各自为战	gè zì wéi zhàn
流言惑众	liú yán huò zhòng
虚己受人	xū jǐ shòu rén
连二并三	lián èr bìng sān
力小任重	lì xiǎo rèn zhòng
满脸春风	mǎn liǎn chūn fēng
进退两难	jǐn tuì liǎng nán
一哄而起	yī hōng ér qǐ
鸡犬相闻	jī quǎn xiāng wén
触手生春	chù shǒu shēng chūn
走马上任	zǒu mǎ shàng rèn
投传而去	tóu zhuàn ér qù
不栉进士	bù zhì jìn shì
席卷天下	xí juǎn tiān xià
得步进步	dé bù jìn bù
指山说磨	zhǐ shān shuō mò
一鼻子灰	yī bí zǐ huī
道存目击	dào cún mù jī
目击道存	mù jī dào cún
触地号天	chù dì hào tiān
音容如在	yīn róng rú zài
分别门户	fēn bié mén hù
分门别户	fēn mén bié hù
放任自流	fàng rèn zì liú
一反常态	yī fǎn cháng tài
作作有芒	zuò zuò yǒu máng
目挑心招	mù tiǎo xīn zhāo
怀恨在心	huái hèn zài xīn
各行其志	gè xíng qí zhì
肝胆照人	gān dǎn zhào rén
照人肝胆	zhào rén gān dǎn
九天揽月	jiǔ tiān lǎn yuè
反经合义	fǎn jīng hé yì
折而族之	zhe er zu zi
龙蛇飞动	lóng shé fēi dòng
势如破竹	shì rú pò zhú
雅人深致	yǎ rén shēn zhì
日久岁长	rì jiǔ suì cháng
如丘而止	rú qiū ér zhǐ
胡说白道	hú shuō bái dào
牛衣岁月	niú yī suì yuè
避世绝俗	bì shì jué sú
贫贱之交	pín jiàn zhī jiāo
东张西张	dōng zhāng xī zhāng
仁义道德	rén yì dào dé
辞金蹈海	cí jīn dǎo hǎi
冲风破浪	chōng fēng pò làng
唇不离腮	chún bù lí sāi
秋毫之末	qiū háo zhī mò
绝其本根	jué qí běn gēn
进退有度	jìn tuì yǒu dù
日月如梭	rì yuè rú suō
得不偿失	dé bù cháng shī
得不酬失	dé bù chóu shī
身名两泰	shēn míng liǎng tai
千秋万代	qiān qiū wàn dài
万代千秋	wàn dài qiān qiū
一顾倾城	yī gù qīng chéng
奉行故事	fèng xíng gù shì
眉清目秀	méi qīng mù xiù
海阔天空	hǎi kuò tiān kōng
天空海阔	tiān kōng hǎi kuò
六尘不染	liù chén bù rǎn
暴虐无道	bào nüè wú dào
漫天掩地	màn tiān yǎn dì
水碧山青	shuǐ bì shān qīng
两手空空	liǎng shǒu kōng kōng
大动干戈	dà dòng gān gē
欺天罔人	qī tiān wǎng rén
猛虎深山	měng hǔ shēn shān
小受大走	xiǎo shòu dà zǒu
遇人不淑	yù rén bù shū
推己及人	tuī jǐ jí rén
扫除天下	sǎo chú tiān xià
白齿青眉	bái chǐ qīng méi
罪应万死	zuì yīng wàn sǐ
两道三科	liǎng dào sān kē
富在知足	fù zài zhī zú
六臂三头	liù bì sān tóu
三头六臂	sān tóu liù bì
言从计纳	yán cóng jì nà
轻手轻脚	qīng shǒu qīng jiǎo
驷不及舌	sì bù jí shé
山容海纳	shān róng hǎi nà
下气怡色	xià qì yí sè
霜露之病	shuāng lù zhī bìng
未明求衣	wèi míng qiú yī
敬事不暇	jìng shì bù xiá
微言大谊	wēi yán dà yì
云梦闲情	yún mèng xián qíng
肩背相望	jiān bèi xiāng wàng
罪不容诛	zuì bù róng zhū
无涯之戚	wú yá zhī qī
席上之珍	xí shàng zhī zhēn
十年生聚	shí nián shēng jù
刻骨镂心	kè gǔ lòu xīn
镂心刻骨	lòu xīn kè gǔ
败军之将	bài jūn zhī jiàng
异想天开	yì xiǎng tiān kāi
绝无仅有	jué wú jǐn yǒu
引以为耻	yǐn yǐ wéi chǐ
龙蛇飞舞	lóng shé fēi wǔ
饭来开口	fàn lái kāi kǒu
反经行权	fǎn jīng xíng quán
达官贵人	dá guān guì rén
六畜不安	liù chù bù ān
重足累息	chóng zú lèi xī
炮火连天	pào huǒ lián tiān
骥子龙文	jì zǐ lóng wén
徒有虚名	tú yǒu xū míng
经纬天下	jīng wěi tiān xià
寒心销志	hán xīn xiāo zhì
冠上履下	guān shàng lǚ xià
澄清天下	chéng qīng tiān xià
千红万紫	qiān hóng wàn zǐ
万紫千红	wàn zǐ qiān hóng
以词害意	yǐ cí hài yì
七步成章	qī bù chéng zhāng
执法不阿	zhí fǎ bù ā
出门合辙	chū mén hé zhé
后悔无及	hòu huǐ wú jí
鬼头鬼脑	guǐ tóu guǐ nǎo
无拘无碍	wú jū wú ài
雨散云收	yǔ sàn yún shōu
雨收云散	yǔ shōu yún sàn
云收雨散	yún shōu yǔ sàn
相帅成风	xiāng shuài chéng fēng
花容月貌	huā róng yuè mào
月貌花容	yuè mào huā róng
入国问俗	rù guó wèn sú
名目繁多	míng mù fán duō
计穷力极	jì qióng lì jí
忘年之契	wàng nián zhī qì
交淡若水	jiāo dàn ruò shuǐ
眼花耳热	yǎn huā ěr rè
存心积虑	cún xīn jī lǜ
天末凉风	tiān mò liáng fēng
委过于人	wěi guò yú rén
迷惑不解	mí huò bù jiě
有目共赏	yǒu mù gòng shǎng
高山仰止	gāo shān yǎng zhǐ
观化听风	guān huà tīng fēng
狐疑不决	hú yí bù jué
漫天盖地	màn tiān gài dì
宾来如归	bīn lái rú guī
绝路逢生	jué lù féng shēng
改过作新	gǎi guò zuò xīn
交能易作	jiāo néng yì zuò
闭门自守	bì mén zì shǒu
百花齐放	bǎi huā qí fàng
恩断义绝	ēn duàn yì jué
义断恩绝	yì duàn ēn jué
旷日引月	kuàng rì yǐn yuè
貌合行离	mào hé xíng lí
焦心热中	jiāo xīn rè zhōng
巴山夜雨	bā shān yè yǔ
风驰云卷	fēng chí yún juǎn
大放悲声	dà fàng bēi shēng
三山五岳	sān shān wǔ yuè
放牛归马	fàng niú guī mǎ
归马放牛	guī mǎ fàng niú
弦外之音	xián wài zhī yīn
无所顾忌	wú suǒ gù jì
登高望远	dēng gāo wàng yuǎn
埋天怨地	mán tiān yuàn dì
弄口鸣舌	nòng kǒu míng shé
名流巨子	míng liú jù zǐ
怒不可遏	nù bù kě è
不可向迩	bù kě xiàng ěr
形影相对	xíng yǐng xiāng duì
正言厉颜	zhèng yán lì yán
成仁取义	chéng rén qǔ yì
取义成仁	qǔ yì chéng rén
学老于年	xué lǎo yú nián
劳燕分飞	láo yàn fēn fēi
鱼跃龙门	yú yuè lóng mén
龙肝凤脑	lóng gān fèng nǎo
愁眉不展	chóu méi bù zhān
穷而后工	qióng ér hòu gōng
下车作威	xià chē zuò wēi
众口交传	zhòng kǒu jiāo chuán
以德报德	yǐ dé bào yu
相差无几	xiāng chā wú jǐ
士死知己	shì sǐ zhī jǐ
入理切情	rù lǐ qiē qíng
风云际会	fēng yún jì huì
际会风云	jì huì fēng yún
进退有常	jìn tuì yǒu cháng
逸兴云飞	yì xìng yún fēi
渔人得利	yú rén dé lì
能言快说	néng yán kuài shuō
急不可耐	jí bù kě nài
心荡神怡	xīn dàng shén yí
名公钜人	míng gōng jù rén
莫逆于心	mò nì yú xīn
意兴索然	yì xīng suǒ rán
连中三元	lián zhòng sān yuán
浮生若梦	fú shēng ruò mèng
罪不胜诛	zuì bù shèng zhū
内顾之忧	nèi gù zhī yōu
柔心弱骨	róu xīn ruò gǔ
不擒二毛	bù qín èr máo
求志达道	qiú zhì dá dào
吐心吐胆	tǔ xīn tǔ dǎn
施施而行	shī shī ér xíng
傍人门户	bàng rén mén hù
驴年马月	lǘ nián mǎ yuè
改换头面	gǎi huàn tóu miàn
改头换面	gǎi tóu huàn miàn
当头一棒	dāng tóu yī bàng
胆小如豆	dǎn xiǎo rú dòu
代人受过	dài rén shòu guò
革面革心	gé miàn gé xīn
革面洗心	gé miàn xǐ xīn
洗心革面	xǐ xīn gé miàn
流水朝宗	liú shuǐ cháo zōng
岁暮天寒	suì mù tiān hán
敬事后食	jìng shì hòu shí
血流如注	xuè liú rú zhù
比肩而立	bǐ jiān ér lì
恩重泰山	ēn zhòng tài shān
酒有别肠	jiǔ yǒu bié cháng
倒三颠四	dǎo sān diān sì
颠三倒四	diān sān dǎo sì
遗世忘累	yí shì wàng lěi
胸有成竹	xiōng yǒu chéng zhú
神摇意夺	shén yáo yì duó
虚情假意	xū qíng jiǎ yì
如火如荼	rú huǒ rú tú
手不停挥	shǒu bù tíng huī
狂风恶浪	kuáng fēng è làng
天地诛灭	tiān dì zhū miè
天诛地灭	tiān zhū dì miè
当家作主	dāng jiā zuò zhǔ
无置锥地	wú zhì zhuī dì
心急火燎	xīn jí huǒ liǎo
贪得无厌	tān dé wú yàn
没法没天	méi fǎ méi tiān
惹事生非	rě shì shēng fēi
一吟一咏	yī yīn yī yǒng
狗屁不通	gǒu pì bù tōng
金针见血	jīn zhēn jiàn xuè
相形见拙	xiāng xíng jiàn zhuō
日中则移	rì zhōng zé yí
点金无术	diǎn jīn wú shù
门闾之望	mén lǚ zhī wàng
大含细入	dà hán xì rù
安家立业	ān jiā lì yè
龙飞虎跳	lóng fēi hǔ tiào
不可揆度	bù kě kuí duó
穆如清风	mù rú qīng fēng
大势所趋	dà shì suǒ qū
出公忘私	chū gōng wàng sī
当务之急	dāng wù zhī jí
刺心切骨	cì xīn qiè gǔ
人间地狱	rén jiān dì yù
诗礼人家	shī lǐ rén jiā
乌集之众	wū jí zhī zhòng
计功行封	jì gōng xíng fēng
流星飞电	liú xīng fēi diàn
口传心授	kǒu chuán xīn shòu
德配天地	dé pèi tiān dì
横眉怒目	héng méi nù mù
怒目横眉	nù mù héng méi
草偃风从	cǎo yǎn fēng cóng
以骨去蚁	yǐ gǔ qù yǐ
无倚无靠	wú yǐ wú kào
面是背非	miàn shì bèi fēi
呼天叫地	hū tiān jiào dì
不勤而获	bù qín ér huò
风吹浪打	fēng chuī làng dǎ
信口开河	xìn kǒu kāi hé
分甘同苦	fēn gān tóng kǔ
狗头鼠脑	gǒu tóu shǔ nǎo
空前绝后	kōng qián jué hòu
坐不窥堂	zùo bù kuī táng
天冠地屦	tiān guān dì jù
靡然乡风	mí rán xiāng fēng
枯朽之余	kū xiǔ zhī yú
形影相依	xíng yǐng xiāng yī
开眉笑眼	kāi méi xiào yǎn
眉开眼笑	méi kāi yǎn xiào
挺身而出	tǐng shēn ér chū
人头畜鸣	rén tóu chù míng
一哄而散	yī hōng ér sàn
纯一不杂	chún yī bù zá
惟日为岁	wéi rì wéi suì
负才使气	fù cái shǐ qì
刚直不阿	gāng zhí bù ē
敌力角气	dí lì jiǎo qì
大处着眼	dà chù zhuó yǎn
七开八得	qī kāi bā dé
正己守道	zhèng jǐ shǒu dào
市不二价	shì bù èr jià
逆风恶浪	nì fēng è làng
安枕而卧	ān zhěn ér wò
学富才高	xué fù cái gāo
同舟遇风	tóng zhōu yù fēng
花说柳说	huā shuō liǔ shuō
昼日三接	zhòu rì sān jiē
重足屏气	chóng zú bǐng qì
善文能武	shàn wén néng wǔ
乌集之交	wū jí zhī jiāo
怡然自得	yí rán zì dé
各行其是	gè xíng qí shì
盲风怪云	máng fēng guài yún
昏庸无道	hūn yōng wú dào
黯然无色	àn rán wú sè
深文曲折	shēn wén qǔ shé
见经识经	jiàn jīng shí jīng
赤口白舌	chì kǒu bái shé
星星落落	xīng xīng luò luò
直眉怒目	zhí méi nù mù
满面红光	mǎn miàn hóng guāng
靡靡之乐	mǐ mǐ zhī yuè
超然绝俗	chāo rán jué sú
拔山举鼎	bá shān jǔ dǐng
举鼎拔山	jǔ dǐng bá shān
不刊之典	bù kān zhī diǎn
问羊知马	wèn yáng zhī mǎ
冰解云散	bīng jiě yún sàn
风起云蒸	fēng qǐ yún zhēng
文江学海	wén jiāng xué hǎi
财大气粗	cái dà qì cù
神完气足	shén wán qì zú
一男半女	yī nán bàn nǚ
行间字里	háng jiān zì lǐ
字里行间	zì lǐ háng jiān
百喙一词	bǎi huì yī cí
四百四病	sì bǎi sì bìng
巧立名色	qiǎo lì míng sè
时移俗易	shí yí sú yì
死中求活	sǐ zhōng qiú huó
文子文孙	wén zǐ wén sūn
随声是非	suí shēng shì fēi
怡然自若	yí rán zì ruò
连枝并头	lián zhī bìng tóu
彩笔生花	cǎi bǐ shēng huā
流风余韵	liú fēng yú yùn
余韵流风	yú yùn liú fēng
马齿徒长	mǎ chǐ tú zhǎng
餐风宿雨	cān fēng sù yǔ
宿雨餐风	xiǔ yǔ cān fēng
雨宿风餐	yǔ sù fēng cān
钜人长德	jù rén cháng dé
故剑情深	gù jiàn qíng shēn
深情故剑	shēn qíng gù jiàn
吞声饮气	tūn shēng yǐn qì
饮气吞声	yǐn qì tūn shēng
云愁雨怨	yún chóu yǔ yuàn
认影为头	rèn yǐng wéi tóu
正视绳行	zhèng shì shéng xíng
甘言美语	gān yán měi yǔ
滴水成河	dī shuǐ chéng hé
破愁为笑	pò chóu wéi xiào
迁怒于人	qiān nù yú rén
息事宁人	xī shì níng rén
别生枝节	bié shēng zhī jié
物尽其用	wù jìn qí yòng
权宜之计	quán yí zhī jì
花花世界	huā huā shì jiè
惊心吊魄	jīng xīn diào pò
三对六面	sān duì liù miàn
纲目不疏	gāng mù bù shū
半间不界	bàn gān bù gà
一脉相承	yī mài xiāng chéng
脆而不坚	cuì ér bù jiān
举十知九	jǔ shí zhī jiǔ
舍己为公	shě jǐ wèi gōng
心如悬旌	xīn rú xuán jīng
欢若平生	huān ruò píng shēng
恻隐之心	cè yǐn zhī xīn
名正理顺	míng zhèng lǐ shùn
异路同归	yì lù tóng guī
张口结舌	zhāng kǒu jié shé
应付自如	yìng fù zì rú
风云变幻	fēng yún bià huàn
半壁河山	bàn bì hé shān
半壁山河	bàn bì shān hé
快人快语	kuài rén kuài yǔ
遗风余烈	yí fēng yú liè
以微知着	yǐ wēi zhī zhù
西风残照	xī fēng cán zhào
何足为奇	hé zú wéi qí
磐石之安	pán shí zhī ān
子虚乌有	zǐ xū wū yǒu
垂头丧气	chuí tóu sàng qì
日角龙庭	rì jiǎo lóng tíng
常年累月	cháng nián lèi yuè
龙盘凤舞	lóng pán fèng wǔ
旷日经年	kuàng rì jīng nián
渊源有自	yuān yuán yǒu zì
电光石火	diàn guāng shí huǒ
石火电光	shí huǒ diàn guāng
连理分枝	lián lǐ fēn zhī
暗淡无光	àn dàn wú guāng
平淡无奇	píng dàn wú qí
变态百出	biàn tài běi chū
行师动众	xíng shī dòng zhòng
一语破的	yī yǔ pò dì
任重才轻	rèn zhòng cái qīng
先断后闻	xiān duàn hòu wén
人取我与	rén qǔ wǒ yǔ
九合一匡	jiǔ hé yī kuāng
一匡九合	yī kuāng jiǔ hé
毫无二致	háo wú èr zhì
砥行立名	dǐ xíng lì míng
飞蓬乘风	fēi péng chéng fēng
五尺之童	wǔ chǐ zhī tóng
着手成春	zhuó shǒu chéng chūn
游心寓目	yóu xīn yù mù
倍道而进	bèi dào ér jìn
指东画西	zhǐ dōng huà xī
云合景从	yún hé jǐng cóng
才疏志大	cái shū zhì dà
志大才疏	zhì dà cái shū
神会心融	shén huì xīn róng
众志成城	zhòng zhì chéng chéng
孤立无助	gū lì wú zhù
云飞泥沉	yún fēi ní chén
神闲气定	shén xián qì dìng
笔墨之林	bǐ mò zhī lín
汗青头白	hàn qīng tóu bái
败化伤风	bài huà shāng fēng
伤风败化	shāng fēng bài huà
尺寸千里	chǐ cùn qiān lǐ
游光扬声	yóu guāng yáng shēng
谋道作舍	móu dào zuò shě
身家性命	shēn jiā xìng mìng
风烛残年	fēng zhú cán nián
不得违误	bù dé wéi wù
以紫为朱	yǐ zǐ wéi zhū
散言碎语	sàn yán suì yǔ
独步当时	dú bù dāng shí
明白了当	míng bái liǎo dàng
占风望气	zhān fēng wàng qì
长驱深入	cháng qū shēn rù
一口咬定	yī kǒu yǎo dìng
争长论短	zhēng cháng lùn duǎn
争短论长	zhēng duǎn lùn cháng
从谏如流	cóng jiàn rú liú
号令如山	hào lìng rú shān
一倡百和	yī chàng bǎi hè
榜上无名	bǎng shàng wú míng
闻名丧胆	wén míng sàng dǎn
平分秋色	píng fēn qiū sè
秋色平分	qiū sè píng fēn
性命关天	xìng mìng guān tiān
白屋寒门	bái wū hán mén
鱼米之乡	yú mǐ zhī xiāng
杜绝言路	dù jué yán lù
安眉带眼	ān méi dài yǎn
冰清水冷	bīng qīng shuǐ lěng
神清气茂	shén qīng qì mào
销神流志	xiāo shén liú zhì
无可救药	wú kě jiù yào
望风披靡	wàng fēng pī mǐ
言传身教	yán chuán shēn jiào
魂不守宅	hún bù shǒu zhái
游骑无归	yóu jì wú guī
东窗事发	dōng chuāng shì fā
图作不轨	tú zuò bù guǐ
生死与共	shēng sǐ yǔ gòng
如振落叶	rú zhèn luò yè
停云落月	tíng yún luò yuè
百思莫解	bǎi sī mò jiě
所见略同	suǒ jiàn lüè tóng
计深虑远	jì shēng lǜ yuǎn
深计远虑	shēn jì yuǎn lǜ
情随事迁	qíng suí shì qiān
河同水密	hé tóng shuǐ mì
拔山盖世	bá shān gài shì
移东就西	yí dōng jiù xī
一呵而就	yī hē ér jiù
毫毛不犯	háo máo bù fàn
甘拜下风	gān bài xià fēng
家贫如洗	jiā pín rú xǐ
故土难离	gù tǔ nán lí
家常里短	jiā cháng lǐ duǎn
救过不暇	jiù guò bù xiá
得婿如龙	dé xù rú lóng
饱学之士	bǎo xué zhī shì
出浅入深	chū qiǎn rù shēn
深入浅出	shēn rù qiǎn chū
东观之殃	dōng guān zhī yāng
安家乐业	ān jiā lè yè
目注心营	mù zhù xīn yíng
三回九转	sān huí jiǔ zhuǎn
车尘马迹	chē zhén mǎ jì
通情达理	tōng qíng dá lǐ
杀身成仁	shā shēn chéng rén
出词吐气	chū cí tǔ qì
同忧相救	tóng yōu xiāng jiù
小康之家	xiǎo kāng zhī jiā
和衣而卧	hé yī ér wò
白发红颜	bái fà hóng yán
道尽涂穷	dào jìn tú qióng
大义灭亲	dà yì miè qīn
盖不由己	gài bù yóu jǐ
百密一疏	bǎi mì yī shū
悬兵束马	xuán bīng shù mǎ
数一数二	shǔ yī shǔ èr
绵绵不绝	mián mián bù jué
心绪如麻	xīn xù rú má
心如刀搅	xīn rú dāo jiǎo
赤心报国	chì xīn bào guó
不过尔尔	bù guò ěr ěr
刑于之化	xíng yú zhī huà
公是公非	gōng shì gōng fēi
执迷不返	zhí mí bù fǎn
洁身自好	jié shēn zì hào
生灵涂地	shēng líng tú dì
低头丧气	dī tóu sàng qì
一秉至公	yī bǐng zhì gōng
显山露水	xiǎn shān lù shuǐ
长往远引	cháng wǎng yuǎn yǐn
独到之处	dú dào zhī chù
片甲不留	piàn jiǎ bù liú
饮血崩心	yǐn xuè bēng xīn
一曲阳关	yī qǔ yáng guān
束身自爱	shù shēn zì ài
旰食之劳	gàn shí zhī láo
含糊不明	hán hú bù míng
变古易俗	biàn gǔ yì sú
进退失所	jìn tuì shī suǒ
安身乐业	ān shēn lè yè
金吾不禁	jīn wú bù jìn
积少成多	jī shǎo chéng duō
一盘散沙	yī pán sǎn shā
膏火之费	gāo huǒ zhī fèi
文星高照	wén xīng gāo zhào
门不停宾	mén bù tíng bīn
负固不服	fù gù bù fú
横眉冷目	héng méi lěng mù
被发文身	pī fà wén shēn
形具神生	xíng jù shén shēng
死里逃生	sǐ lǐ táo shēng
鱼烂而亡	yú làn ér wáng
倾巢而出	qīng cháo ér chū
一路货色	yī lù huò sè
后生可畏	hòu shēng kě wèi
不龟手药	bù guī shǒu yào
好事多磨	hǎo shì duō mó
洗心换骨	xǐ xīn huàn gǔ
染丝之变	rǎn sī zhī biàn
必由之路	bì yóu zhī lù
来回来去	lái huí lái qù
正经八本	zhèng jīng bā běn
身微力薄	shēn wēi lì báo
一至于斯	yī zhì yú sī
啼天哭地	tí tiān kū dì
三徙成国	sān xǐ chéng guó
一狐之掖	yī hú zhī yè
井然有条	jǐng rán yǒu tiáo
乘风兴浪	chéng fēng xīng làng
骇人听闻	hài rén tīng wén
骇人闻听	hài rén wén tīng
大才盘盘	dà cái pán pán
各有所短	gè yǒu suǒ duǎn
雅人清致	yǎ rén qīng zhì
惊风骇浪	jīng fēng hài làng
马角乌白	mǎ jiǎo wū bái
乌白马角	wū bái mǎ jiǎo
意在笔前	yì zài bǐ qián
昂首望天	áng shǒu wàng tiān
遗物忘形	yí wù wàng xíng
涤地无类	dí dì wú lèi
假以辞色	jiǎ yǐ cí sè
事无巨细	shì wú jù xì
落井投石	luò jǐng tóu shí
嚎天动地	háo tiān dòng dì
更深人静	gēng shēn rén jìng
斗方名士	dǒu fāng míng shì
喜见于色	xǐ jiàn yú sè
无边无沿	wú biān wú yán
防意如城	fáng yì rú chéng
相克相济	xiāng kè xiāng jì
饭来张口	fàn lái zhāng kǒu
日角偃月	rì jiǎo yǎn yuè
通文达理	tōng wén dá lǐ
表里山河	biǎo lǐ shān hé
山河表里	shān hé biǎo lǐ
血口喷人	xuè kǒu pēn rén
顺口开河	shùn kǒu kāi hé
贵贱无二	guì jiàn wú èer
神清气爽	shén qīng qì shuǎng
凤子龙孙	fèng zǐ lóng sūn
妙言要道	miào yán yào dào
要言妙道	yào yán miào dào
千形万状	qiān xíng wàn zhuàng
意往神驰	yì wǎng shén chí
风平波息	fēng píng bō xī
笃论高言	dǔ lùn gāo yán
走为上着	zǒu wèi shàng zhaō
走马看花	zǒu mǎ kàn huā
百二山川	bǎi èr shān chuān
谊不容辞	yì bù róng cí
上根大器	shàng gēn dà qì
无际可寻	wú jì kě xún
云程万里	yún chéng wàn lǐ
处高临深	chǔ gāo lín shēn
赏心悦目	shǎng xīn yuè mù
悦目赏心	yuè mù shǎng xīn
惊耳骇目	jīng ěr hài mù
难进易退	nan jin yi tui
隐天蔽日	yǐn tiān bì rì
投鼠之忌	tóu shǔ zhī jì
滴水成冰	dī shuǐ chéng bīng
格杀无论	gé shā wú lùn
四书五经	sì shū wǔ jīng
放达不羁	fàng dá bù jī
残缺不全	cán quē bù quán
回天挽日	huí tiān wǎn rì
深思远虑	shēn sī yuǎn lǜ
事败垂成	shì bài chuí chéng
巢林一枝	cháo lín yī zhī
水泄不漏	shuǐ xiè bù lòu
假人假义	jiǎ rén jiǎ yì
以众暴寡	yǐ zhòng bào guǎ
东走西顾	dōng zǒu xī gù
河倾月落	hé qīng yuè luò
流脍人口	liú kuài rén kǒu
昧死以闻	mèi sǐ yǐ wén
以点带面	yǐ diǎn dài miàn
金兰之契	jīn lán zhī qì
操纵自如	cāo zòng zì rú
观机而动	guān jī ér dòng
不识好歹	bù shí hǎo dǎi
论功行封	lùn gōng xíng fēng
不厌其烦	bù yàn qí fán
杂乱无章	zá luàn wú zhāng
以管窥天	yǐ guǎn kuī tiān
原来如此	yuán lái rú cǐ
千章万句	qiān zhāng wàn jù
礼为情貌	lǐ wéi qíng mào
忠不避危	zhōng bù bì wēi
人琴两亡	rén qín liǎng wáng
七口八嘴	qī kǒu bā zuǐ
丹书白马	dān shū bái mǎ
楚越之急	chǔ yuè zhī jí
情非得已	qíng fēi dé yǐ
令人注目	lìng rén zhù mù
靡然向风	mí rán xiàng fēng
白发千丈	bái fà qiān zhàng
贪求无已	tān qiú wú yǐ
引水入墙	yǐn shuǐ rù qiáng
桂折一枝	guì shé yī zhī
烧眉之急	shāo méi zhī jí
小心翼翼	xiǎo xīn yì yì
翼翼小心	yì yì xiǎo xīn
过路财神	guò lù cái shén
坚如盘石	jiān rú pán shí
招是生非	zhāo shì shēng fēi
极往知来	jí wǎng zhī lái
朱陈之好	zhū chén zhī hǎo
学如穿井	xué rú chuān jǐng
大材小用	dà cái xiǎo yòng
绝长补短	jué cháng bǔ duǎn
言类悬河	yán lèi xuán hé
计功谋利	jì gōng móu lì
间不容缕	jiān bù róng lǚ
疾足先得	jí zú xiān dé
高蹈远举	gāo dǎo yuǎn jǔ
高举远蹈	gāo jǔ yuǎn dǎo
风烛草露	fēng zhú cǎo lù
先声后实	xiān shēng hòu shí
倚马可待	yǐ mǎ kě dài
见德思齐	jiàn dé sī qí
垂耳下首	chuí ěr xià shǒu
有钱有势	yǒu qián yǒu shì
胸无宿物	xiōng wú sù wù
如意算盘	rú yì suàn pán
身做身当	shēn zuò shēn dāng
从头至尾	cóng tóu zhì wěi
日居月诸	rì jī yuè zh
三魂七魄	sān hún qī pò
九原可作	jiǔ yuán kě zuò
缩地补天	suō dì bǔ tiān
易如反掌	yì rú fǎn zhǎng
暗箭中人	àn jiàn zhòng rén
转战千里	zhuǎn zhàn qiān lǐ
随遇而安	suí yù ér ān
锥刀之利	zhuī dāo zhī lì
千依百顺	qiān yī bǎi shùn
虚有其表	xū yǒu qí biǎo
绵绵不断	mián mián bù duàn
一般见识	yī bān jiàn shí
屋下作屋	wū xià zuò wū
实事求是	shí shì qiú shì
鼎成龙升	dǐng chéng lóng shēng
居利思义	jū lì sī yì
有嘴没舌	yǒu zuǐ méi shé
餐风饮露	cān fēng yǐn lù
饮露餐风	yǐn lù cān fēng
百纵千随	bǎi zòng qiān suí
急功好利	jí gōng hào lì
推心致腹	tuī xīn zhì fù
待时守分	dài shí shǒu fèn
出处进退	chū chǔ jìn tuì
进退出处	jìn tuì chū chǔ
显而易见	xiǎn ér yì jiàn
于安思危	yú ān sī wēi
刺心刻骨	cì xīn kè gǔ
绝处逢生	jué chù féng shēng
肉跳心惊	ròu tiào xīn jīng
心惊肉跳	xīn jīng ròu tiào
逆天暴物	nì tiān bào wù
鸿鹄之志	hóng hú zhī zhì
心胆俱碎	xīn dǎn jù suì
肝胆涂地	gān dǎn tú dì
蝇头小利	yíng tóu xiǎo lì
能文能武	néng wén néng wǔ
百顺百依	bǎi shùn bǎi yī
百依百顺	bǎi yī bǎi shùn
南面百城	nán miàn bǎi chéng
无病自炙	wú bìng zì jiǔ
穷途之哭	qióng tú zhī kū
寸土尺地	cùn tǔ chǐ dì
精神满腹	jīng shén mǎn fù
星离雨散	xīng lí yǔ sàn
斗折蛇行	dǒu zhé shé xíng
狼顾虎视	láng gù hǔ shì
于心何忍	yú xīn hé rěn
鹤知夜半	hè zhī yè bàn
铁证如山	tiě zhèng rú shān
源源而来	yuán yuán ér lái
异木奇花	yì mù qí huā
分进合击	fēn jìn hé jī
齿牙为祸	chǐ yá wéi huò
五里雾中	wǔ lǐ wù zhōng
情真意切	qíng zhēn yì qiè
急公好义	jí gōng hào yì
鬼怕恶人	guǐ pà èr én
鸾飞凤舞	luán fēi fèng wǔ
安分守己	ān fèn shǒu jǐ
刻不容松	kè bù róng sōng
心醉魂迷	xīn zuì hún mí
东食西宿	dōng shí xī sù
安适如常	ān shì rú cháng
龙江虎浪	lóng jiāng hǔ làng
如蹈汤火	rú dǎo tāng huǒ
妄自尊大	wàng zì zūn dà
八百孤寒	bā bǎi gū hán
众目共视	zhòng mù gòng shì
轻言软语	qīng yán ruǎn yǔ
深藏若虚	shēn cáng ruò xū
自身难保	zì shēn nán bǎo
广开言路	guǎng kāi yán lù
观往知来	guān wǎng zhī lái
改步改玉	gǎi bù gǎi yù
改玉改步	gǎi yù gǎi bù
识微见远	shí wēi jiàn yuǎn
解衣推食	jiě yī tuī shí
推食解衣	tuī shí jiě yī
舍己救人	shě jǐ jiù rén
食不暇饱	shí bù xiá bǎo
臼头深目	jiù tóu shēn mù
弃易求难	qì yì qiú nán
四海他人	sì hǎi tā rén
食不餬口	shí bù hú kǒu
秋水伊人	qiū shuǐ yī rén
冷眼相待	lěng yǎn xiāng dài
人寿年丰	rén shòu nián fēng
势在必行	shì zài bì xíng
东山再起	dōng shān zài qǐ
深居简出	shēn jū jiǎn chū
就汤下面	jiù tāng xià miàn
白日做梦	bái rì zuò mèng
杯水之谢	bēi shuǐ zhī xiè
本支百世	běn zhī bǒi shì
祸不旋踵	huò bù xuán zhǒng
小国寡民	xiǎo guó guǎ mín
秉正无私	bǐng zhèng wú sī
改行迁善	gǎi xíng qiān shàn
二三君子	èr sān jūn zǐ
五经扫地	wǔ jīng sǎo dì
旁门外道	páng mén wài dào
取长弃短	qǔ cháng qì duǎn
祸福有命	huò fú yǒu mìng
无可置辩	wú kě zhì biàn
首尾相应	shǒu wěi xiāng yìng
绣花枕头	xiù huā zhěn tóu
白骨露野	bái gǔ lù yě
连日继夜	lián rì jì yè
乐而忘返	lè ér wàng fǎn
累卵之危	lěi luǎn zhī wēi
木落归本	mù luò guī běn
白首齐眉	bái shǒu qí méi
半痴不颠	bàn chī bù diān
塞翁之马	sài wēng zhī mǎ
旷日累时	kuàng rì lěi shí
有三有俩	yǒu sān yǒu liǎng
盲风暴雨	máng fēng bào yǔ
闲言闲语	xián yán xián yǔ
分毫不值	fēn háo bù zhí
口吻生花	kǒu wěn shēng huā
不切实际	bù qiē shí jì
长枕大被	cháng zhěn dà bèi
张眉张眼	zhāng méi zhāng yǎn
灵机一动	líng jī yī dòng
贫不学俭	pín bù xué jiǎn
以德追祸	yǐ dé zhuī huò
好谋善断	hào móu shàn duàn
迥然不群	jiǒng rán bù qún
触类而长	chù lèi ér cháng
力所能及	lì suǒ néng jí
不复堪命	bù fù kān mìng
游必有方	yōu bì yǒu fāng
心活面软	xīn huó miàn ruǎn
轰动一时	hōng dòng yī shí
漫地漫天	màn dì màn tiān
立木南门	lì mù nán mén
间不容缓	jiān bù róng huǎn
心无旁骛	xīn wú páng wù
高风亮节	gāo fēng liàng jié
柴天改玉	chái tiān gǎi yù
甘之如饴	gān zhī rú yí
福无双至	fú wú shuāng zhì
遗风余象	yí fēng yú xiàng
众所共知	zhòng suǒ gòng zhī
风木含悲	fēng mù hán bēi
死且不朽	sǐ qiě bù xiǔ
杀一警百	shā yī jǐng bǎi
奇想天开	qí xiǎng tiān kāi
水楔不通	shuǐ xiē bù tōng
水洩不通	shuǐ xiè bù tōng
艳色绝世	yàn sè jué shì
巴高望上	bā gāo wàng shàng
忘形之契	wàng xíng zhī qì
怵目惊心	chù mù jīng xīn
惊心怵目	jīng xīn chù mù
安故重迁	ān gù zhòng qiān
偃武行文	yǎn wǔ xíng wén
狼眼鼠眉	láng yǎn shǔ méi
舟水之喻	zhōu shuǐ zhī yù
奇花异草	qí huā yì cǎo
异草奇花	yì cǎo qí huā
洋为中用	yáng wéi zhōng yòng
万贯家私	wàn guàn ji sī
扪心无愧	mén xīn wú kuì
诛求不已	zhū qiú bù yǐ
解衣抱火	jiě yī bào huǒ
断长补短	duàn chāng bǔ duǎn
东鸣西应	dōng míng xī yīng
快心遂意	kuài xīn suí yì
遂心快意	suí xīn kuài yì
掀天动地	xiān tiān dòng dì
神魂飞越	shén hún fēi yuè
束手待死	shù shǒu dài sǐ
日久岁深	rì jiǔ suì shēn
暗室不欺	àn shì bù qī
不欺暗室	bù qī àn shì
养虎为患	yǎng hǔ wéi huàn
雕龙画凤	diāo lóng huà fèng
千依万顺	qiān yī wàn shùn
不可教训	bù kě jiào xùn
夜长梦多	yè cháng mèng duō
素口骂人	sù kǒu mà rén
贻人口实	yí rén kǒu shí
在官言官	zài guān yán guān
弄瓦之喜	nòng wǎ zhī xǐ
笔底春风	bǐ dǐ chūn fēng
打人骂狗	dǎ rén mà gǒu
如痴如狂	rú chī rú kuáng
情逐事迁	qíng zhú shì qiān
论今说古	lùn jīn shuō gǔ
红日三竿	hóng rì sān gān
山崩水竭	shān bēng shuǐ jié
深情底理	shēn qíng dǐ lǐ
泣数行下	qì shù háng xià
说来说去	shuō lái shuō qù
目乱精迷	mù luàn jīng mí
雨迹云踪	yǔ jì yún zōng
雨踪云迹	yǔ zōng yún jì
有求必应	yǒu qiú bì yìng
流芳千古	liú fāng qiān gǔ
遮天盖日	zhē tiān gài rì
七老八倒	qī lǎo bā dǎo
道微德薄	dào wēi dé báo
失张失志	sh zhng sh zhì
观眉说眼	guān méi shuō yǎn
文章星斗	wén zhāng xīng dòu
四大皆空	sì dà jiē kōng
女大难留	nǚ dà nán liú
一差半错	yī chà bàn cuò
一应俱全	yī yīng jù quán
儿女心肠	ér nǘ xīn cháng
物华天宝	wù huá tiān bǎo
身先朝露	shēn xiān cháo lù
遮地盖天	zhē dì gài tiān
遮天盖地	zhē tiān gài dì
相敬如宾	xiāng jìng rú bīn
毁不灭性	huǐ bù miè xìng
倾耳而听	qīng ěr ér tīng
井井有法	jǐng jǐng yǒu fǎ
心孤意怯	xīn gū yì qiè
交臂相失	jiāo bì xiāng shī
相失交臂	xiāng shī jiāo bì
采薪之疾	cǎi xīn zhī jí
放心托胆	fàng xīn tuō dǎn
鸡飞狗走	jī fēi gǒu zǒu
只骑不反	zhī qí bù fǎn
难乎其难	nán hū qí nán
兵贵先声	bīng guì xiān shēng
上好下甚	shàng hǎo xià shèn
功若丘山	gōng ruò qiū shān
木本水源	mù běn shuǐ yuán
风行电掣	fēng xíng diàn chè
柱石之坚	zhù shí zhī jiān
功成名遂	gōng chéng míng suì
无庸讳言	wú yōng huì yán
长戟高门	cháng jǐ gāo mén
驰名中外	chí míng zhōng wài
才望高雅	cái wàng gāo yǎ
进善退恶	jìn shàn tuì è
观风察俗	guān fēng chá sú
东劳西燕	dōng láo xī yàn
安土重迁	ān tǔ zhòng qiān
林下风韵	lín xià fēng yùn
灵蛇之珠	líng shé zhī zhū
人语马嘶	rén yǔ mǎ sī
老牛破车	lǎo niú pò chē
一蹴而就	yī cù ér jiù
日长似岁	rì cháng sì suì
骇人视听	hài rén shì tīng
遗风余习	yí fēng yú xí
习以为常	xí yǐ wéi cháng
遗恨终天	yí hèn zhōng tiān
不亦善夫	bù yi shàn fū
犁牛之子	lí niú zhī zǐ
谈过其实	tán guò qí shí
成双成对	chéng shuāng chéng duì
霜露之感	shuāng lù zhī gǎn
一呼百诺	yī hū bǎi nuò
怪声怪气	guài shēng guài qì
游荡不羁	yóu dàng bù jī
古是今非	gǔ shì jīng fēi
是古非今	shì gǔ fēi jīn
仰之弥高	yǎng zhī mí gāo
自树一帜	zì shù yī zhì
五马分尸	wǔ mǎ fēn shī
暗室私心	àn shì sī xīn
枉用心机	wǎng yòng xīn jī
安贫守道	ān pín shǒu dào
守道安贫	shǒu dào ān pín
改过不吝	gǎi guò bù lìn
计斗负才	jì dòu fù cái
眼花雀乱	yǎn huā què luàn
走为上策	zǒu wéi shàng cè
超然自逸	chāo rán zì yì
遗恨千古	yí hèn qiān gǔ
隔世之感	gé shì zhī gǎn
谬以千里	miù yǐ qiān lǐ
过目成诵	guò mù chéng sòng
花信年华	huā xìn nián huá
巫山云雨	wū shān yún yǔ
云雨巫山	yún yǔ wū shān
与民同乐	yǔ mín tóng lè
伤天害理	shāng tiān hài lǐ
踵足相接	zhǒng zú xiāng jiē
逆水行舟	nì shuǐ xíng zhōu
附耳低言	fù ěr dī yán
姑妄言之	gū wàng yán zhī
杞人忧天	qǐ rén yōu tiān
分烟析生	fēn yān xī shēng
三旨相公	sān zhǐ xiàng gōng
引虎入室	yǐn hǔ rù shì
漏网之鱼	lòu wǎng zhī yú
众难群移	zhòng nán qún yí
见时知几	jiàn shí zhī jǐ
正中己怀	zhèng zhòng jǐ huái
白玉微瑕	bái yù wēi xiá
苦雨凄风	kǔ yǔ qī fēng
凄风苦雨	qī fēng kǔ yǔ
积重难返	jī zhòng nán fǎn
爱财如命	ài cái rú mìng
庐山面目	lú shān miàn mù
惜字如金	xī zì rú jīn
无可奉告	wú kě fèng gào
多谋善断	duō móu shàn duàn
堆积如山	duī jī rú shān
距人千里	jù rén qiān lǐ
疾恶如仇	jí è rú chóu
怪雨盲风	guài yǔ máng fēng
盲风怪雨	máng fēng guài yǔ
同心僯力	tóng xīn jié lì
适可而止	shì kě ér zhǐ
神鬼难测	shén guǐ nán cè
接踵而来	jiē zhǒng ér lái
后会无期	hòu huì wú qī
魂飞胆战	hún fēi dǎn zhàn
一字千钧	yī zì qiān jūn
费尽心机	fèi jìn xīn jī
积日累岁	jī rì lěi suì
浮云朝露	fú yún zhāo lù
沉迷不悟	chén mí bù wù
山止川行	shān zhǐ chuān xíng
面红面绿	miàn hóng miàn lǜ
奉公如法	fèng gōng rú fǎ
通同作弊	tōng tóng zuò bì
爽然自失	shuǎng rán zì shī
心弛神往	xīn chí shén wǎng
连明达夜	lián míng dá yè
猴年马月	hóu nián mǎ yuè
一丝半粟	yī sī bàn sù
深中笃行	shēn zhōng dǔ xíng
急转直下	jí zhuǎn zhí xià
白首为郎	bái shǒu wéi láng
同心协济	tóng xīn xié jì
霜露之悲	shuāng lù zhī bēi
宿弊一清	sù bì yī qīng
情深友于	qíng shēn yǒu yú
言简义丰	yán jiǎn yì fēng
举棋不定	jǔ qí bù dìng
只轮不反	zhī lún bù fǎn
龙生九种	lóng shēng jiǔ zhǒng
避世离俗	bì shì lí sú
千差万别	qiān chā wàn bié
万别千差	wàn bié qiān chā
情长纸短	qíng cháng zhǐ duǎn
纸短情长	zhǐ duǎn qíng cháng
养虎伤身	yǎng hǔ shāng shēn
闳言高论	hóng yán gāo lùn
一片散沙	yī piàn sàn shā
衣绣夜行	yī xiù yè xíng
横眉吐气	héng méi tǔ qì
胸怀大志	xiōng huái dà zhì
公平正直	gōng píng zhèng zhí
钩心斗角	gōu xīn dòu jiǎo
空心汤圆	kōng xīn tāng yuán
天生丽质	tiān shēng lì zhì
狂妄自大	kuáng wàng zì dà
危言逆耳	wēi yán nì ěr
天堂地狱	tiān táng dì yù
横金拖玉	héng jīn tuō yù
临难不惧	lín nàn bù jǔ
十字路头	shí zì lù tóu
口是心苗	kǒu shì xīn miáo
难以置信	nán yǐ zhì xìn
魂亡胆落	hún wáng dǎn luò
贵贱高下	guì jiàn gāo xià
退食从容	tuì shí cóng róng
当面错过	dāng miàn cuò guò
放浪不羁	fàng làng bù jī
一嚬一笑	yī pín yī xiào
玉燕投怀	yù yàn tóu huái
网开三面	wǎng kāi sān miàn
急风骤雨	jí fēng zhòu yǔ
骤风急雨	zhòu fēng jí yǔ
花明柳暗	huā míng liǔ àn
柳暗花明	liǔ àn huā míng
黄口小儿	huáng kǒu xiǎo ér
实至名归	shí zhì míng guī
六出奇计	liù chū qí jì
才轻德薄	cái qīng dé bó
救过不给	jiù guò bù gěi
剑胆琴心	jiàn dǎn qín xīn
琴心剑胆	qín xīn jiàn dǎn
伯乐相马	bó lè xiàng mǎ
作法自弊	zuò fǎ zì bì
志在四方	zhì zài sì fāng
一劳久逸	yī láo jiǔ yì
触景生情	chù jǐng shēng qíng
寝不成寐	qǐn bù chéng mèi
长虑顾后	cháng lǜ gù hòu
长虑后顾	cháng lǜ hòu gù
志坚行苦	zhì jiān xíng kǔ
以微知著	yǐ wēi zhī zhù
闭门思过	bì mén sī guò
观山玩水	guān shān wán shuǐ
抉目东门	jué mù dōng mén
安于盘石	ān yú pán shí
前尘影事	qián chén yǐng shì
以古制今	yǐ gǔ zhì jīn
锦衣肉食	jǐn yī ròu shí
衣锦食肉	yì jǐn shí ròu
手足失措	shǒu zú shī cuò
坐视成败	zuò shì chéng bài
狐鼠之徒	hú shǔ zhī tú
率土归心	shuài tǔ guī xīn
地网天罗	dì wǎng tiān luó
天罗地网	tiān luó dì wǎng
仁言利博	rén yán lì bó
沉吟不决	chén yīn bù jué
急于星火	jí yú xīng huǒ
鸡头鱼刺	jī tóu yú cì
一喷一醒	yī pēn yī xǐng
敢不承命	gǎn bù chéng mìng
万古流芳	wàn gǔ liú fāng
马瘦毛长	mǎ shòu máo cháng
安国富民	ān guó fù mín
富国安民	fù guó ān mín
国富民安	guó fù mín ān
负才任气	fù cái rèn qì
自作聪明	zì zuò cōng míng
连山排海	lián shān pái hǎi
当家立业	dāng jiā lì yè
磊落不凡	lěi luò bù fán
幕天席地	mù tiān xí dì
天崩地陷	tiān bēng dì xiàn
席地幕天	xí dì mù tiān
一瓣心香	yī bàn xīn xiāng
力争上游	lì zhēng shàng yóu
感人心脾	gǎn rén xīn pí
阒然无声	qù rán wú shēng
降心顺俗	jiàng xīn shùn sú
折冲之臣	zhé chōng zhī chén
笔大如椽	bǐ dà rú chuán
大笔如椽	dà bǐ rú chuán
如椽大笔	rú chuán dà bǐ
大发谬论	dà fā miù lùn
游山玩水	yóu shān wán shuǐ
荒淫无道	huāng yín wú dào
出乎意外	chū hū yì wài
吐气扬眉	tǔ qì yáng méi
扬眉吐气	yáng méi tǔ qì
识涂老马	shí tú lǎo mǎ
离世遁上	lí shì dùn shàng
擂天倒地	léi tiān dǎo dì
拖天扫地	tuō tiān sǎo dì
束手无术	shù shǒu wú shù
日炙风吹	rì zhì fēng chuī
秋豪之末	qiū háo zhī mò
金舌蔽口	jīn shé bì kǒu
颠扑不破	diān pū bù pò
满袖春风	mǎn xiù chūn fēng
胆壮心雄	dǎn zhuàng xīn xióng
三复斯言	sān fù sī yán
东零西落	dōng líng xī luò
以誉为赏	yǐ yù wéi shǎng
决胜千里	jué shèng qiān lǐ
矫若惊龙	jiǎo ruò jīng lóng
中冓之言	zhōng gòu zhī yán
臣门如市	chén mén rú shì
识时通变	shí shí tōng biàn
通时达变	tōng shí dá biàn
藏龙卧虎	cáng lóng wò hǔ
卧虎藏龙	wò hǔ cáng lóng
乐以忘忧	lè yǐ wàng yōu
霞光万道	xiá guāng wàn dào
愁多夜长	chóu duō yè cháng
门无杂客	mén wú zá kè
利己损人	lì jǐ sǔn rén
损己利人	sǔn jǐ lì rén
损人利己	sǔn rén lì jǐ
慎重其事	shèn zhòng qí shì
大事铺张	dà shì pū zhāng
道高魔重	dào gāo mó zhòng
梧凤之鸣	wú fèng zhī míng
思深忧远	sī shēn yōu yuǎn
忧深思远	yōu shēn sī yuǎn
不敢自专	bù gǎn zì zhuān
息息相通	xī xī xiāng tōng
似是而非	sì shì ér fēi
汗流满面	hàn liú mǎn miàn
古往今来	gǔ wǎng jīn lái
今来古往	jīn lái gǔ wǎng
超然远举	chāo rán yuǎn jǔ
因公行私	yīn gōng xíng sī
鱼尾雁行	yú wěi yàn xíng
秋毫不犯	qiū háo bù fàn
一触即发	yī chù jí fā
两小无猜	liǎng xiǎo wú cāi
富面百城	fù miàn bǎi chéng
疑误天下	yí wù tiān xià
肆行无忌	sì xíng wú jì
高文大册	gāo wén dà cè
百战不殆	bǎi zhàn bù dài
清夜扪心	qīng yè mén xīn
上下交困	shàng xià jiāo kùn
改恶从善	gǎi è cóng shàn
临财不苟	lín cái bù gǒu
问鼎轻重	wèn dǐng qīng zhòng
枝末生根	zhī mò shēng gēn
高耸入云	gāo sǒng rù yún
三纸无驴	sān zhǐ wú lǘ
势不可挡	shì bù kě dǎng
恬然自足	tián rán zì zú
引以为戒	yǐn yǐ wéi jiè
花香鸟语	huā xiāng niǎo yǔ
鸟语花香	niǎo yǔ huā xiāng
泥金万点	ní jīn wàn diǎn
有隙可乘	yǒu xì kě chèng
敬天爱民	jìng tiān ài mín
十十五五	shí shí wǔ wǔ
一差二错	yī chà èr cuò
攻其无备	gōng qí wú bèi
落叶知秋	luò yè zhī qiū
叶落知秋	yè luò zhī qiū
知来藏往	zhī lái cáng wǎng
亡国之社	wáng guó zhī shè
得尺得寸	dé chǐ dé cùn
得寸得尺	dé cùn dé chǐ
千变万状	qiān biàn wàn zhuàng
七脚八手	qī jiǎo bā shǒu
七手八脚	qī shǒu bā jiǎo
同流合污	tóng liú hé wū
千古绝唱	qiān gǔ jué chàng
雁影分飞	yàn yǐng fēn fēi
桑间之音	sāng jiān zhī yīn
飞遁鸣高	fēi dùn míng kāo
超度众生	chāo dù zhòng shēng
放浪不拘	fàng làng bù jū
眉睫之祸	méi jié zhī huò
性烈如火	xìng liè rú huǒ
花花绿绿	huā huā lǜ lǜ
深入显出	shēn rù xiǎn chū
相得益章	xiāng dé yì zhāng
良工苦心	liáng gōng kǔ xīn
良工心苦	liáng gōng xīn kǔ
转败为胜	zhuǎn bài wéi shèng
亡不旋踵	wáng bù xuán zhǒng
向平之原	xiàng píng zhī yuán
兼爱无私	jiān ài wú sī
殆无虚日	dài wú xū rì
久经风霜	jiǔ jīng fēng shuāng
旧雨重逢	jiù yǔ chóng féng
如痴如醉	rú chī rú zuì
如醉如痴	rú zuì rú chī
暮夜怀金	mù yè huái jīn
神清气朗	shén qīng qì lǎng
闲言冷语	xián yán lěng yǔ
迫不得已	pò bù dé yǐ
杜门自守	dù mén zì shòu
听天由命	tīng tiān yóu mìng
人欢马叫	rén huān mǎ jiào
鸣金收兵	míng jīn shōu bīng
择地而蹈	zé dì ér dǎo
棋高一着	qí gāo yī zhāo
诛求无度	zhū qiú wú dù
同恶相恤	tóng wù xiāng xù
意在笔先	yì zài bǐ xiān
渭阳之情	wèi yáng zhī qíng
厚生利用	hòu shēng lì yòng
利用厚生	lì yòng hòu shēng
万籁无声	wàn lài wú shēng
龙飞凤翔	lóng fēi fèng xiáng
少成若性	shào chéng ruò xìng
弃短就长	qì duǎn jiù cháng
秉公无私	bǐng gōng wú sī
不愧不怍	bù kuì bù zuò
世济其美	shì jì qí měi
地广人稀	dì guǎng rén xī
道远知骥	dào yuǎn zhī jì
败国亡家	bài guó wáng jiā
矩步方行	jǔ bù fāng xíng
逢山开路	féng shān kāi lù
侧目而视	cè mù ér shì
老调重谈	lǎo diào chóng tán
水中捞月	shuǐ zhōng lāo yuè
名山胜川	míng shān shèng chuān
如雷贯耳	rú léi guàn ěr
传为笑谈	chuán wéi xiào tán
晚节不终	wǎn jié bù zhōng
各得其所	gè dé qí suǒ
拔十得五	bá shí dé wǔ
夙夜不解	sù yè bù jiě
事齐事楚	shì qí shì chǔ
无可奈何	wú kě nài hé
其应如响	qí yìng rú xiǎng
穷极无聊	qióng jí wú liáo
信守不渝	xìn shǒu bù yú
大题小作	dà tí xiǎo zuò
小题大作	xiǎo tí dà zuò
水来土掩	shuǐ lái tǔ yǎn
望穿秋水	wàng chuān qiū shuǐ
掩其无备	yǎn qí wú bèi
剑气箫心	jiàn qì xiāo xīn
一鳞片甲	yī lín piàn jiǎ
极重难返	jí zhòng nán fǎn
见仁见智	jiàn rén jiàn zhì
见智见仁	jiàn zhì jiàn rén
海角天隅	hǎi jiǎo tiān yú
计穷力屈	jì qióng lì qū
力屈计穷	lì qū jì qióng
飞鹰走马	fēi yīng zǒu mǎ
关门大吉	guān mén dà jí
马前泼水	mǎ qián pō shuǐ
气吞牛斗	qì tūn niú dǒu
昂首天外	áng shǒu tiān wài
片甲无存	piàn jiǎ wú cún
招风惹雨	zhāo fēng rě yǔ
击玉敲金	jī yù qiāo jīn
敲金击玉	qiāo jīn jī yù
无间可伺	wú jiān kě sì
断章取义	duàn zhāng qǔ yì
会道能说	huì dào néng shuō
能说会道	néng shuō huì dào
察言观色	chá yán guān sè
弄鬼弄神	nòng guǐ nòng shén
弄神弄鬼	nòng shén nòng guǐ
忙中有失	máng zhōng yǒu shī
求贤下士	qiú xián xià shì
遗俗绝尘	yí sú jué chén
不胜枚举	bù shèng méi jǔ
不可企及	bù kě qǐ jí
高情远韵	gāo qíng yuǎn yùn
传风扇火	chuán fēng shān huǒ
百二关河	bǎi èr guān hé
绵延不断	mián yán bù duàn
快意当前	kuài yì dāng qián
不成体统	bù chéng tǐ tǒng
养家活口	yǎng jiā huó kǒu
理所必然	lǐ suǒ bì rán
浮名虚利	fú míng xū lì
七老八十	qī lǎo bā shí
遗风余泽	yí fēng yú zé
阴山背后	yīn shān bèi hòu
不祧之宗	bù tiāo zhī zōng
清浊同流	qīng zhuó tóng liú
令人切齿	lìng rén qiè chǐ
不饮盗泉	bù yǐn dào quán
乐此不倦	lè cǐ bù juàn
身首异处	shēn shǒu yì chù
如临深渊	rú lín shēn yuān
白云苍狗	bái yún cāng gǒu
苍狗白云	cāng gǒu bái yún
当机立断	dāng jī lì duàn
青眼相看	qīng yǎn xiāng kàn
沉声静气	chén shēng jìng qì
通上彻下	tōng shàng chè xià
藏诸名山	cáng zhū míng shān
遁世绝俗	dùn shì jué sú
人情冷暖	rén qíng lěng nuǎn
动心忍性	dòng xīn rěn xìng
束马悬车	shù mǎ xuán chē
悬车束马	xuán chē shù mǎ
人神共愤	rén shén gòng fèn
变色易容	biàn sè yì róng
巧言令色	qiǎo yán lìng sè
威重令行	wēi zhòng lìng xíng
德言工容	dé yán gōng róng
自郐而下	zì kuài ér xià
绝长继短	jué cháng jì duǎn
情面难却	qíng miàn nán què
魂销目断	hún xiāo mù duàn
目断魂销	mù duàn hún xiāo
寸土尺金	cùn tǔ chǐ jīn
大势已去	dà shì yǐ qù
断手续玉	duān shóu xù yù
乐不思蜀	lè bù sī shǔ
公私两利	gōng sī liǎng lì
腹中兵甲	fù zhōng bīng jiǎ
花颜月貌	huā yán yuè mào
万贯家财	wàn guàn jiā cái
饥不遑食	jī bù huáng shí
绿衣黄里	lǜ yī huáng lǐ
顾而言他	gù ér yán tā
贪求无厌	tān qiú wú yàn
独立自主	dú lì zì zhǔ
愧悔无地	kuì huǐ wú dì
傲世轻物	ào shì qīng wù
轻世傲物	qīng shì ào wù
训格之言	xùn gé zhī yán
书囊无底	shū náng wú dǐ
废然而返	fèi rán ér fǎn
政清人和	zhèng qīng rén hé
春生秋杀	chūn shēng qiū shā
苦口婆心	kǔ kǒu pó xīn
千岁鹤归	qiān suì hè guī
平头正脸	píng tóu zhèng liǎn
貌合神离	mào hé shén lí
貌离神合	mào lí shén hé
困心横虑	kùn xīn héng lǜ
地狱变相	dì yù biàn xiàng
八珍玉食	bā zhēn yù shí
德厚流光	dé hòu liú guāng
邪不压正	xié bù yā zhèng
夜长梦短	yè cháng mèng duǎn
甘分随时	gān fèn suí shí
怪诞不经	guài dàn bù jīng
光华夺目	guāng huá duó mù
洁身累行	jié shēn lèi xíng
罪人不孥	zuì rén bù nú
清贫如洗	qīng pín rú xǐ
遗闻逸事	yí wén yì shì
三蛇七鼠	sān shé qī shǔ
泥牛入海	ní niú rù hǎi
碎心裂胆	suì xīn liè dǎn
寸步难移	cùn bù nán yí
东方千骑	dōng fāng qiān jì
不欺屋漏	bù qī wū lòu
清汤寡水	qīng tāng guǎ shuǐ
二八佳人	èr bā jiā rén
雨泣云愁	yǔ qì yún chóu
颜面扫地	yán miàn sǎo dì
别类分门	bié lèi fān mén
分门别类	fēn mén bié lèi
金城石室	jīn chéng shí shì
势合形离	shì hé xíng lí
改过从善	gǎi guò cóng shàn
出奇取胜	chū qí qǔ shèng
清风峻节	qīng fēng jùn jié
笼中之鸟	lóng zhōng zhī niǎo
尽欢而散	jìn huān ér sàn
机杼一家	jī zhù yī jiā
不关痛痒	bù guān tòng yǎng
措心积虑	cuò xīn jī lǜ
文武全才	wén wǔ quán cái
分毫无爽	fēn háo wú shuǎng
高枕安卧	gāo zhěn ān wò
一牛九锁	yī niú jiǔ suǒ
鱼生空釜	yú shēng kōng fǔ
东扬西荡	dōng yáng xī dàng
时移势易	shí yí shì yì
不容置辩	bù róng zhì biàn
弃恶从善	qì è cóng shàn
有增无已	yǒu zēng wú yǐ
甘心情愿	gān xīn qíng yuàn
心甘情愿	xīn gān qíng yuàn
极古穷今	jí gǔ qióng jīn
安神定魄	ān shén dìng pò
虎落平阳	hǔ luò píng yáng
金门绣户	jīn mén xiù hù
胡越之祸	hú yuè zhī huò
不拘细节	bù jū xì jié
黄龙痛饮	huáng lóng tòng yǐn
痛饮黄龙	tòng yǐn huáng lóng
一饥两饱	yī jī liǎng bǎo
柳眉星眼	liǔ méi xīng yǎn
目量意营	mù liàng yì yíng
目目相觑	mù mù xiāng qù
红白喜事	hóng bái xǐ shì
败不旋踵	bài bù xuán zhǒng
步步登高	bù bù dēng gāo
判若两人	pàn ruò liǎng rén
鸿断鱼沉	hóng duàn yú chén
鱼沉鸿断	yú chén hóng duàn
缓不济急	huǎn bù jì jí
尸山血海	shī shān xuè hǎi
首足异处	shǒu zú yì chǔ
恬淡无为	tián dàn wú wéi
饮水思源	yǐn shuǐ sī yuán
坏人心术	huài rén xīn shù
低情曲意	dī qíng qū yì
闻所未闻	wén suǒ wèi wén
同业相仇	tóng yè xiāng chóu
说黄道黑	shuō huáng dào hēi
珠零玉落	zhū líng yù luò
祸从天降	huò cóng tiān jiàng
忍心害理	rěn xīn hài lǐ
轻举远游	qīng jǔ yuǎn yóu
丧天害理	sàng tiān hài lǐ
画地刻木	huà dì kè mù
急痛攻心	jí tòng gōng xīn
借水行舟	jiè shuǐ xíng zhōu
寸铁在手	cùn tiě zāi shǒu
传诵一时	chuán sòng yī shí
本同末离	běn tóng mò lí
言气卑弱	yan qi bei ruo
反治其身	fǎn zhì qí shēn
背惠食言	bèi huì shí yán
聊胜于无	liáo shèng yú wú
祝发文身	zhù fā wén shēn
轻财好义	qīng cái hào yì
虚张声势	xū zhāng shēng shì
负险不臣	fù xiǎn bù chén
深文附会	shēn wén fù huì
置身事外	zhì shēn shì wài
高材疾足	gāo cái jí zú
人多嘴杂	rén duō zuǐ zá
任达不拘	rèn láo bù jū
机不旋踵	jī bù xuán zhǒng
有女怀春	yǒu nǚ huái chūn
食马留肝	shí mǎ liú gān
八面圆通	bā miàn yuán tōng
暮气沉沉	mù qì chén chén
抱冰公事	bào bīng gōng shì
石火光阴	shí huǒ guāng yīn
背城借一	bèi chéng jiè yī
急景流年	jí jǐng liú nián
以羊易牛	yǐ yáng yì niú
望风扑影	wàng fēng pū yǐng
牛鬼蛇神	niú guǐ shé shén
人命危浅	rén mìng wēi qiǎn
报应不爽	bào yìng bù shuǎng
尤物移人	yóu wù yí rén
台阁生风	tái gé shēng fēng
泥足巨人	ní zú jù rén
贵极人臣	guì jí rén chén
山崩地裂	shān bēng dì liè
是是非非	shì shì fēi fēi
半夜三更	bàn yè sān gēng
三更半夜	sān gēng bàn yè
击鼓鸣金	jī gǔ míng jīn
刀头剑首	dāo tóu jiàn shǒu
误作非为	wù zuò fēi wéi
玩世不恭	wán shì bù gōng
井中视星	jǐng zhōng shì xīng
义无旋踵	yì wú xuán zhǒng
孤履危行	gū lǚ wēi xíng
小家碧玉	xiǎo jiā bì yù
殊言别语	shū yán bié yǔ
望门投止	wàng mén tóu zhǐ
海角天涯	hǎi jiǎo tiān yá
海涯天角	hǎi yá tiān jiǎo
天涯海角	tiān yá hǎi jiǎo
卖国求利	mài guó qiú lì
将功折过	jiāng gōng shé guò
应弦而倒	yìng xián ér dǎo
狗肺狼心	gǒu fèi láng xīn
狼心狗肺	láng xīn gǒu fèi
无下箸处	wú xià zhù chǔ
青霄白日	qīng xiāo bái rì
别树一旗	bié shù yī qí
推诚相见	tuī chéng xiāng jiàn
兵强马壮	bīng qiáng mǎ zhuàng
十恶不赦	shí è bù shè
逐电追风	zhú diàn zhuī fēng
逐风追电	zhú fēng zhuī diàn
追风逐电	zhuī fēng zhú diàn
怨声载道	yuàn shēng zài dào
顺理成章	shùn lǐ chéng zhāng
白手空拳	bái shǒu kōng quán
无適无莫	wú dí wú mò
河清海竭	hé qīng hǎi jié
朝不保夕	zhāo bù bǎo xī
安常守分	ān cháng shǒu fèn
守分安常	shǒu fēn ān cháng
一表非凡	yī biǎo fēi fán
举世皆知	jǔ shì jiē zhī
由衷之言	yóu zhōng zhī yán
投山窜海	tóu shān cuàn hǎi
醉生梦死	zuì shēng mèng sǐ
醉死梦生	zuì sǐ mèng shēng
正身率下	zhèng shēn shuài xià
三缄其口	sān jiān qí kǒu
九年之蓄	jiǔ nián zhī xù
铺天盖地	pū tiān gài dì
声势浩大	shēng shì hào dà
翻云覆雨	fān yún fù yǔ
覆雨翻云	fù yǔ fān yún
雨覆云翻	yǔ fù yún fān
云翻雨覆	yún fān yǔ fù
魂飞胆丧	hún fēi dǎn sàng
路绝人稀	lù jué rén xī
金玉锦绣	jīn yù jǐn xiù
下笔成篇	xià bǐ chéng piān
杀人盈野	shā rén yíng yě
道尽途穷	dào jìn tú qióng
三不拗六	sān bù niù liù
虚己以听	xū jǐ yǐ tīng
沉厚寡言	chén hòu guǎ yán
中西合璧	zhōng xī hé bì
朝发暮至	zhāo fā mù zhì
安时处顺	ān shí chǔ shùn
势成骑虎	shì chéng qí hǔ
死有余责	sǐ yǒu yú zé
名噪一时	míng zào yī shí
轻若鸿毛	qīng ruò hóng máo
四通五达	sì tōng wǔ dá
何患无辞	hé huàn wú cí
星离月会	xīng lí yuè huì
饱食终日	bǎo shí zhōng rì
首善之区	shǒu shàn zhī qū
短刀直入	duǎn dāo zhí rù
福为祸先	fú wéi huò xiān
祸为福先	huò wéi fú xiān
出门应辙	chū mén yīng zhé
恭而有礼	gōng ér yǒu lǐ
责有所归	zé yǒu suǒ guī
血肉横飞	xuè ròu héng fēi
感激不尽	gǎn jī bù jìn
满腹文章	mǎn fù wén zhāng
英声欺人	yīng shēng qī rén
胆战心慌	dǎn zhàn xīn huāng
买铁思金	mǎi tiě sī jīn
积露为波	jī lù wéi bō
积甲山齐	jī jiǎ shān qí
日暮途远	rì mù tú yuǎn
金戈铁甲	jīn gē tiě jiǎ
移花接木	yí huā jiē mù
谈古论今	tán gǔ lùn jīn
谈今论古	tán jīn lùn gǔ
鬼计百端	guǐ jì bǎi duān
射鱼指天	shè yú zhǐ tiān
指天射鱼	zhǐ tiān shè yú
身先士众	shēn xiān shì zhòng
进退可度	jìn tuì kě dù
形影相吊	xíng yǐng xiāng diào
闻风响应	wén fēng xiǎng yīng
闲言碎语	xián yán suì yǔ
知尽能索	zhī jìn néng suǒ
六亲不认	liù qīn bù rèn
朝衣东市	zhāo yī dōng shì
东市朝衣	dōng shì cháo yī
十手争指	shí shǒu zhēng zhǐ
巧发奇中	qiǎo fā qí zhòng
开花结实	kāi huā jié shí
床下牛斗	chuáng xià niú dòu
万头攒动	wàn tóu cuán dòng
胡说八道	hú shuō bā dào
舍短取长	shě duǎn qǔ cháng
枯体灰心	kū tǐ huī xīn
反劳为逸	fǎn láo wéi yì
剖决如流	pōu jué rú liú
超然物外	chāo rán wù wài
酒虎诗龙	jiǔ hǔ shī lóng
酒龙诗虎	jiǔ lóng shī hǔ
天寒地冻	tiān hán dì dòng
疾风骤雨	jí fēng zhòu yǔ
飞霜六月	fēi shuāng liù yuè
六月飞霜	liù yuè fēi shuāng
走漏天机	zǒu lòu tiān jī
铁树花开	tiě shù huā kāi
铁树开花	tiě shù kāi huā
坐失事机	zuò shī shì jī
屋乌之爱	wū wū zhī ài
争名夺利	zhēng míng duó lì
能谋善断	néng móu shàn duàn
切理厌心	qiē lǐ yàn xīn
断头将军	duàn tóu jiāng jūn
违世绝俗	wéi shì jué sú
手舞足蹈	shǒu wǔ zú dǎo
足蹈手舞	zú dǎo shǒu wǔ
画地为牢	huà dì wéi láo
束身自修	shù shēn zì xiū
打得火热	dǎ dé huǒ rè
风前残烛	fēng qián cán zhú
三亲六故	sān qīn liù gù
没日没夜	méi rì méi yè
改而更张	gǎi ér gèng zhāng
折节下士	zhé jié xià shì
胸中有数	xiōng zhōng yǒu shù
死去活来	sǐ qù huó lái
以文会友	yǐ wén huì yǒu
敬时爱日	jìng shí ài rì
貌合情离	mào hé qíng lí
思绪万千	sī xù wàn qiān
望风响应	wàng fēng xiǎng yīng
罪业深重	zuì yè shēn zhòng
叫苦连天	jiào kǔ lián tiān
杨花心性	yáng huā xīn xìng
果然如此	guǒ rán rú cǐ
大慈大悲	dà cí dà bēi
见世生苗	jiàn shì shēng miáo
残年余力	cán nián yú lì
春色撩人	chūn sè liáo rén
见始知终	jiàn shǐ zhī zhōng
年登花甲	nián dēng huā jiǎ
前功尽弃	qián gōng jìn qì
通前至后	tōng qián zhì hòu
识文断字	shí wén duàn zì
神工鬼力	shén gōng guǐ lì
向天而唾	xiàng tiān ér tuò
家骥人璧	jiā jì rén bì
精明能干	jīng míng néng gàn
问长问短	wèn cháng wèn duǎn
雨恨云愁	yǔ hèn yún chóu
蔽日干云	bì rì gān yún
干云蔽日	gān yún bì rì
扇风点火	shàn fēng diǎn huǒ
自出新裁	zì chū xīn cái
乘隙而入	chéng xì ér rù
弃短用长	qì duǎn yòng cháng
形影自吊	xíng yǐng zì diào
良弓无改	liáng gōng wú gǎi
受制于人	shòu zhì yù rén
重金兼紫	chóng jīn jiān zǐ
放荡不羁	fàng dàng bù jī
气冲斗牛	qì chōng dǒu niú
气冲牛斗	qì chōng niú dǒu
三头对案	sān tóu duì àn
伯乐一顾	bō lè yī gù
寄颜无所	jì yán wú suǒ
遗大投艰	yí dà tóu jiān
遗艰投大	yí jiān tóu dà
串通一气	chuàn tōng yī qì
遗臭万世	yí chòu wàn shì
得胜回朝	dé shèng huí cháo
冷言冷语	lěng yán lěng yǔ
目瞪心骇	mù dèng xīn hài
山中宰相	shān zhōng zǎi xiàng
承上起下	chéng shàng qǐ xià
引玉之砖	yǐn yù zhī zhuān
鱼目混珠	yú mù hùn zhū
扬长避短	yáng cháng bì duǎn
班马文章	bān mǎ wén zhāng
无能为役	wú néng wéi yì
热心快肠	rè xīn kuài cháng
烁玉流金	shuò yù liú jīn
翻复无常	fān fù wú cháng
移国动众	yí guó dòng zhòng
四通八达	sì tōng bā dá
改换家门	gǎi huàn jiā mén
三灾六难	sān zāi liù nán
誓死不渝	shì sǐ bù yú
称赏不已	chēng shǎng bù yǐ
五内如焚	wǔ nèi rú fén
回肠百转	huí cháng bǎi zhuǎn
深入骨髓	shēn rù gǔ suǐ
遮地漫天	zhē dì màn tiān
地崩山摧	dì bēng shān cuī
径情直行	jìng qíng zhí xíng
直情径行	zhí qíng jìng xíng
心胆俱裂	xīn dǎn jù liè
恬不知耻	tián bù zhī chǐ
兵不污刃	bīng bù wū rèn
七青八黄	qī qīng bā huáng
推心置腹	tuī xīn zhì fù
溢美之语	yì měi zhī yǔ
步步为营	bù bù wéi yíng
重厚少文	zhòng hòu shǎo wén
采薪之忧	cǎi xīn zhī yōu
锦心绣肠	jǐn xīn xiù cháng
锦绣心肠	jǐn xiù xīn cháng
喜怒无常	xǐ nù wú cháng
指山卖磨	zhǐ shān mài mò
忧国忘家	yōu guó wàng jiā
风掣雷行	fēng chè léi xíng
心头鹿撞	xīn tóu lù zhuàng
心头撞鹿	xīn tóu zhuàng lù
适当其时	shì dāng qí shí
文章盖世	wén zhāng gài shì
天震地骇	tiān zhèn dì hài
毛手毛脚	máo shǒu máo jiǎo
马不停蹄	mǎ bù tíng tí
阿其所好	ē qí suǒ hào
看景生情	kàn jǐng shēng qíng
栋梁之才	dòng liáng zhī cái
胸有成算	xiōng yǒu chéng suàn
输心服意	shū xīn fú yì
山包海容	shān bāo hǎi róng
避迹违心	bì jì wéi xīn
排山倒海	pái shān dǎo hǎi
惜墨如金	xī mò rú jīn
春花秋实	chūn huā qiū shí
负固不宾	fù gù bù bīn
心浮气躁	xīn fú qì zào
尤而效之	yóu ér xiào zhī
送眼流眉	sòng yǎn liú méi
炳如日星	bǐng rú rì xīng
反哺之私	fǎn bǔ zhī sī
神魂颠倒	shén hún diān dǎo
前古未闻	qián gǔ wèi wén
如见肺肝	rú jiàn fèi gān
同源共流	tóng yuán gòng liú
以誉进能	yǐ yù jìn néng
神经错乱	shén jīng cuò luàn
逼不得已	bī bù dé yǐ
古道热肠	gǔ dào rè cháng
热肠古道	rè cháng gǔ dào
外强中干	wài qiáng zhōng gān
指鹿作马	zhǐ lù zuò mǎ
拨万论千	bō wàn lùn qiān
顿足失色	dùn zú shī sè
云飞烟灭	yún fēi yān miè
再作道理	zài zuò dào lǐ
想望风采	xiǎng wàng fēng cǎi
硕大无朋	shuò dà wú péng
一片焦土	yī piàn jiāo tǔ
前目后凡	qián mù hòu fán
词穷理绝	cí qióng lǐ jué
和光同尘	hé guāng tóng chén
通古达变	tōng gǔ dá biàn
年富力强	nián fù lì qiáng
迫不及待	pò bù jí dài
一班半点	yī bān bàn diǎn
焕然一新	huàn rán yī xīn
两相情愿	liǎng xiāng qíng yuàn
软弱无力	ruǎn ruò wú lì
云窗月户	yún chuāng yuè hù
三吐三握	sān tǔ sān wò
兵不厌诈	bīng bù yàn zhà
路断人稀	lù duàn rén xī
径一周三	jìng yī zhōu sān
寡见少闻	guǎ jiàn shǎo wén
寡闻少见	guǎ wén shǎo jiàn
遁世长往	dùn shì cháng wǎng
安然无恙	ān rán wú yàng
鱼贯雁行	yú guàn yàn xíng
苦乐不均	kǔ lè bù jūn
金石丝竹	jīn shí sī zhú
尺短寸长	chǐ duǎn cù cháng
寸长尺短	cùn cháng chǐ duǎn
随踵而至	suí zhǒng ér zhì
超群出众	chāo qún chū zhòng
本小利微	běn xiǎo lì wēi
大法小廉	dà fǎ xiǎo lián
小廉大法	xiǎo lián dà fǎ
七高八低	qī gāo bā dī
知白守黑	zhī bái shǒu hēi
来者不拒	lái zhě bù jù
将本求利	jiāng běn qiú lì
聚米为山	jù mǐ wéi shān
计合谋从	jì hé móu cóng
人言藉藉	rén yán jí jí
利害得失	lì hài dé shī
我心如秤	wǒ xīn rú chèng
粗衣恶食	cū yī è shí
作恶多端	zuò è duō duān
造恶不悛	zào è bù quān
登高自卑	dēng gāo zì bēi
破烂不堪	pò làn bù kān
喜出望外	xǐ chū wàng wài
伤弓之鸟	shāng gōng zhī niǎo
不祧之祖	bù tiāo zhī zǔ
虚应故事	xū yìng gù shì
玉尺量才	yù chǐ liáng cái
存心养性	cún xīn yǎng xìng
三求四告	sān qiú sì gào
黄金世界	huáng jīn shì jiè
永无宁日	yǒng wú níng rì
草芥人命	cǎo jiè rén mìng
分身减口	fēn shēn jiǎn kǒu
自崖而反	zì yá ér fǎn
凄风寒雨	qī fēng hán yǔ
迥不犹人	jiǒng bù yóu rén
多情多感	duō qíng duō gǎn
鬼哭天愁	guǐ kū tiān chóu
门无杂宾	mén wú zá bīn
北鄙之声	bēi bǐ zhī shēng
马捉老鼠	mǎ zhuō lǎo shǔ
见精识精	jiàn jīng shí jīng
大璞不完	tài bú bù wán
遁形远世	dùn xíng yuǎn shì
除狼得虎	chú láng dé hǔ
负重致远	fù zhòng zhì yuǎn
惊神泣鬼	jīng shén qì guǐ
错落有致	cuò luò yǒu zhì
日暮途穷	rì mù tú qióng
途穷日暮	tú qióng rì mù
惊蛇入草	jīng shé rù cǎo
祸福由人	huò fú yóu rén
志美行厉	zhì měi xíng lì
打情卖笑	dǎ qíng mài xiào
穷极思变	qióng jí sī biàn
开山老祖	kāi shān lǎo zǔ
龙飞凤翥	lóng fēi fèng zhù
肩背难望	jiān bèi nán wàng
有眼无瞳	yǒu yǎn wú tóng
借景生情	jiè jǐng shēng qíng
悔过自新	huǐ guò zì xīn
半路修行	bàn lù xiū xíng
画中有诗	huà zhōng yǒu shī
诗中有画	shī zhōng yǒu huà
末大必折	mò dà bì zhé
论黄数白	lùn huáng shù bái
数白论黄	shǔ bái lùn huáng
儿女情长	ér nǚ qíng cháng
人约黄昏	rén yuē huáng hūn
刀头燕尾	dāo tóu yàn wěi
赏一劝百	shǎng yī quàn bǎi
报冰公事	bào bīng gōng shì
行同能偶	xíng tóng néng ǒu
说古谈今	shuō gǔ tán jīn
谈古说今	tán gǔ shuō jīn
前所未闻	qián suǒ wèi wén
东床之选	dōng chuáng zhī xuǎn
十字路口	shí zì lù kǒu
防不胜防	fáng bù shèng fáng
耳听八方	ěr tīng bā fāng
齐头并进	qí tóu bìng jìn
草长莺飞	cǎo zhǎng yīng fēi
莺飞草长	yīng fēi cǎo zhǎng
关门打狗	guān mén dǎ gǒu
一代鼎臣	yī dài dǐng chén
居功自傲	jū gōng zì ào
数短论长	shǔ duǎn lùn cháng
天造地设	tiān zào dì shè
大喜若狂	dā xǐ ruò kuáng
时至运来	shí zhì yùn lái
马上房子	mǎ shàng fáng zi
半青半黄	bàn qīng bàn huáng
一麾出守	yī huī chū shǒu
刻不容缓	kè bù róng huǎn
连枝分叶	lián zhī fēn yè
三朝元老	sān cháo yuán lǎo
公平交易	gōng píng jiāo yì
等闲视之	děng xián shì zhī
战不旋踵	zhàn bù xuán zhǒng
伯道无儿	bó dào wú ér
高飞远翔	gāo fēi yuǎn xiáng
浓眉大眼	nóng méi dà yǎn
浮名薄利	fú míng bó lì
料敌如神	liào dí rū shén
满纸空言	mǎn zhǐ kōng yán
里应外合	lǐ yìng wài hé
外合里应	wài hé lǐ yìng
毁于一旦	huǐ yú yī dàn
发言盈庭	fā yán yíng tíng
沸反盈天	fèi fǎn yíng tiān
违天悖人	wéi tiān bèi rén
直入公堂	zhí rù gōng táng
流连忘返	liú lián wàng fǎn
失魂落魄	shī hún luò pò
燎如观火	liǎo rú guān huǒ
作壁上观	zuò bì shàng guān
敝盖不弃	bǐ gài bù qì
释生取义	shì shēng qǔ yì
旷心怡神	kuàng xīn yí shén
神怡心旷	shén yí xīn kuàng
心旷神怡	xīn kuàng shén yí
心怡神旷	xīn yí shén kuàng
云罗天网	yún luó tiān wǎng
孤立无援	gū lì wú yuán
危若朝露	wēi ruò zhāo lù
文章经济	wén zhāng jīng jì
安生服业	ān shēng fú yè
门不夜扃	mén bù yè jiōng
白眉赤眼	bái méi chì yǎn
若明若昧	ruò míng ruò mèi
剖心析胆	pōu xīn xī dǎn
怡然自乐	yí rán zì lè
丧身失节	sàng shēn shī jié
雾暗云深	wù àn yún shēn
唇齿之邦	chún chǐ zhī bāng
得道多助	dé dào duō zhù
魂惊魄落	hún jīng pò luò
惊魂落魄	jīng hún luò pò
喜闻乐见	xǐ wén lè jiàn
惊世骇俗	jīng shì hài sú
头晕眼花	tóu yūn yǎn huā
现钟不打	xiàn zhōng bù dǎ
沸天震地	fèi tiān zhèn dì
威震天下	wēi zhèn tiān xià
分床同梦	fēn chuáng tóng mèng
正法眼藏	zhèng fǎ yǎn cáng
暴风骤雨	bào fēng zhòu yǔ
骤风暴雨	zhòu fēng bào yǔ
骤雨暴风	zhòu yǔ bào fēng
悄然无声	qiǎo rán wú shēng
生寄死归	shēng jì sǐ guī
百花争艳	bǎi huā zhēng yàn
扑天盖地	pū tiān gài dì
万夫莫当	wàn fū mò dāng
变幻无穷	biàn huàn wú qióng
倍日并行	bèi rì bìng xíng
主情造意	zhǔ qíng zào yì
急不择途	jí bù zé tú
三病四痛	sān bìng sì tòng
短见薄识	duǎn jiàn bó shí
人神共嫉	rén shén gòng jí
流芳后世	liú fāng hòu shì
歪心邪意	wāi xīn xié yì
龙章秀骨	lóng zhāng xiù gǔ
心非巷议	xīn fēi xiàng yì
狗傍人势	gǒu bàng rén shì
七七八八	qī qī bā bā
分工合作	fēn gōng hé zuò
横蛮无理	hèng mán wú lǐ
蛮横无理	mán hèng wú lǐ
畏敌如虎	wèi dí rú hǔ
恩若再生	ēn ruò zài shēng
谏争如流	jiàn zhēng rú liú
学贯中西	xué guàn zhōng xī
日不暇给	rì bù xiá jǐ
推三推四	tuī sān tuī sì
功败垂成	gōng bài chuí chéng
以卵投石	yǐ luǎn tóu shí
以石投卵	yǐ shí tóu luǎn
泪流满面	lèi liú mǎn miàn
相沿成俗	xiāng yán chéng sú
目断鳞鸿	mù duàn lín hóng
贵贱无常	guì jiàn wú cháng
瑜百瑕一	yú bǎi xiá yī
覆水难收	fù shuǐ nán shōu
鼠入牛角	shǔ rù niú jiǎo
多情善感	duō qíng shàn gǎn
感情用事	gǎn qíng yòng shì
门可张罗	mén kě zhāng luó
有凤来仪	yǒu fèng lái yí
千篇一律	qiān piān yī lǜ
以夜继朝	yǐ yè jì zhāo
铸成大错	zhù chéng dà cuò
口血未干	kǒu xuè wèi gān
食古如鲠	shí gǔ rú gěng
大请大受	dà qǐng dà shòu
养生送死	yǎng shēng sòng sǐ
胸有成略	xiōng yǒu chéng lüè
犯而不校	fàn ér bù jiào
大开眼界	dà kāi yǎn jiè
罚不责众	fá bù zé zhòng
束手束足	shù shǒu shù zú
发上冲冠	fā shàng chōng guàn
万寿无疆	wàn shòu wú jiāng
风驰草靡	fēng chí cǎo mǐ
圆首方足	yuán shǒu fāng zú
冷言热语	lěng yán rè yǔ
餐风沐雨	cān fēng mù yǔ
雨沐风餐	yǔ mù fēng cān
朱唇玉面	zhū chún yù miàn
言十妄九	yán shí wàng jiǔ
矢忠不二	shǐ zhōng bù èr
不落边际	bù luò biān jì
贵人贱己	guì rén jiàn jǐ
积劳成疾	jī láo chéng jí
纪群之交	jì qún zhī jiāo
市井之臣	shì jǐng zhī chén
食不遑味	shí bù huáng wèi
以计代战	yǐ jì dài zhàn
蛮来生作	mán lái shēng zuò
见异思迁	jiàn yì sī qiān
东量西折	dōng liàng xī shé
能言善辩	néng yán shàn biàn
以战去战	yǐ zhàn qù zhàn
表里相应	biǎo lǐ xiāng yìng
燕额虎头	yàn é hǔ tóu
公平合理	gōng píng hé lǐ
龙章凤彩	lóng zhāng fèng cǎi
龙章凤姿	lóng zhāng fèng zī
泰山盘石	tai shān pán shí
计穷力竭	jì qióng lì jié
鼓脑争头	gǔ nǎo zhēng tóu
地广人希	dì guǎng rén xī
枉费心力	wǎng fèi xīn lì
画地成牢	huà dì chéng láo
旦暮入地	dàn mù rù dì
暮去朝来	mù qù cháo lái
吾自有处	wu zi you chu
智穷才尽	zhì qióng cái jìn
人事代谢	rén shì dài xiè
指名道姓	zhǐ míng dào xìng
可歌可泣	kě gē kě qì
可泣可歌	kě qì kě gē
惊见骇闻	jīng jiàn hài wén
逆耳良言	nì ěr liáng yán
雀目鼠步	què mù shǔ bù
坐卧不宁	zuò wò bù níng
孤云野鹤	gū yún yě hè
野鹤孤云	yě hè gū yún
择善而从	zé shàn ér cóng
知过必改	zhī guò bì gǎi
计穷虑尽	jì qióng lǜ jìn
宠辱不惊	chǒng rǔ bù jīng
际遇风云	jì yù fēng yún
金鼓齐鸣	jīn gǔ qí míng
不护细行	bù hù xì xíng
藏头露尾	cáng tóu lù wěi
露尾藏头	lù wěi cáng tóu
文武差事	wén wǔ chà shì
莫名其妙	mò míng qí miào
以公灭私	yǐ gōng miè sī
桑土之防	sāng tǔ zhī fáng
任重至远	rèn zhòng zhì yuǎn
洞心骇耳	dòng xīn hài ěr
弄影团风	nòng yǐng tuán fēng
人多阙少	rén duō què shǎo
千愁万恨	qiān chóu wàn hèn
万恨千愁	wàn hèn qiān chóu
山木自寇	shān mù zì kòu
众寡悬绝	zhòng guǎ xuán jué
海沸山摇	hǎi fèi shān yáo
多嘴多舌	duō zuǐ duō shè
同敝相济	tóng bì xiāng jì
百川朝海	bǎi chuān cháo hǎi
观过知仁	guān guò zhī rén
桂林一枝	guì lín yī zhī
转祸为福	zhuǎn huò wéi fú
功名富贵	gōng míng fù guì
教无常师	jiào wú cháng shī
斯事体大	ī shì tǐ dà
遗老遗少	yí lǎo yí shào
风华正茂	fēng huá zhèng mào
宾客如云	bīn kè rú yún
连车平斗	lián chē píng dǒu
积日累久	jī rì lěi jiǔ
骂天扯地	mà tiān chě dì
无其奈何	wú qí nài hé
风口浪尖	fēng kǒu làng jiān
正冠李下	zhèng guàn lǐ xià
良莠不分	liáng yǒu bù fēn
疾声厉色	jí shēng lì sè
谈若悬河	tán ruò xuán hé
望表知里	wàng biǎo zhī lǐ
贯鱼之序	guàn yú zhī xù
枕戈以待	zhěn gē yǐ dài
盘龙卧虎	pán lóng wò hǔ
负德背义	fù dé bèi yì
椎心顿足	chuí xīn dùn zú
大工告成	dà gōng gào chéng
应接不暇	yìng jiē bù xiá
令人齿冷	lìng rén chǐ lěng
风风韵韵	fēng fēng yùn yùn
居安思危	jū ān sī wēi
通文调武	tōng wén diào wǔ
载一抱素	zài yī bào sù
身心交瘁	shēn xīn jiāo cuì
高车驷马	gāo chē sì mǎ
驷马高车	sì mǎ gāo chē
强奸民意	qiáng jiān mín yì
称奇道绝	chēng qí dào jué
求同存异	qiú tóng cún yì
山鸣谷应	shān míng gǔ yìng
呼天叩地	hū tiān kòu dì
进退中度	jìn tuì zhòng dù
闲言淡语	xián yán dàn yǔ
政出多门	zhèng chū duō mén
出凡入胜	chū fán rù shèng
脱口成章	tuō kǒu chéng zhāng
率以为常	shuài yǐ wéi cháng
计日程功	jì rì chéng gōng
大权旁落	dà quán páng luò
龙举云属	lóng jǔ yún shǔ
朝夕相处	zhāo xī xiāng chǔ
朽骨重肉	xiǔ gǔ zhòng ròu
日莫途远	rì mò tú yuǎn
学非所用	xué fēi suǒ yòng
用非所学	yòng fēi suǒ xué
通今达古	tōng jīn dá gǔ
精明强干	jīng míng qiáng gàn
开源节流	kāi yuán jié liú
耳软心活	ěr ruǎn xīn huó
以私害公	yǐ sī hài gōng
虎入羊群	hǔ rù yáng qún
羊入虎群	yáng rù hǔ qún
貌是情非	mào shì qíng fēi
时来运转	shí lái yùn zhuǎn
运转时来	yùn zhuǎn shí lái
横戈盘马	héng gē pán mǎ
车马填门	chē mǎ tián mén
发家致富	fā jiā zhì fù
朝闻夕死	zhāo wén xī sǐ
雄心壮志	xióng xīn zhuàng zhì
千了百了	qiān le bǎi le
未成一篑	wèi chéng yī kuì
死有余诛	sǐ yǒu yú zhū
计日指期	jì rì zhǐ qī
覆车之鉴	fù chē zhī jiàn
智圆行方	zhì yuán xíng fāng
苦口逆耳	kǔ kǒu nì ěr
顺时随俗	shùn shí suí sú
忧形于色	yōu xíng yú sè
拔十失五	bá shí shī wǔ
首当其冲	shǒu dāng qí chōng
锦心绣腹	jǐn xīn xiù fù
百川归海	bǎi chuān guī hǎi
超今绝古	chāo jīn jué gǔ
积德累功	jī dé lěi gōng
鼠心狼肺	shǔ xīn láng fèi
狂瞽之言	kuáng gǔ zhī yán
超然远引	chāo rán yuǎn yǐn
千里犹面	qiān lǐ yóu miàn
将计就计	jiāng jì jiù jì
云开雾散	yún kāi wù sàn
朝章国故	cháo zhāng guó gù
弄法舞文	nòng fǎ wǔ wén
舞文弄法	wǔ wén nòng fǎ
堂皇正大	táng huáng zhèng dà
正大堂皇	zhèng dà táng huáng
刁天决地	diāo tiān jué dì
身名俱败	shēn míng jù bài
奉扬仁风	fèng yáng rén fēng
政通人和	zhèng tōng rén hé
载笑载言	zài xiào zài yán
轻重失宜	qīng zhòng shī yí
百万雄师	bǎi wàn xióng shī
一褱而论	yī huái ér lùn
超前绝后	chāo qián jué hòu
遗世越俗	yí shì yuè sú
龙盘凤逸	lóng pán fèng yì
本同末异	běn tóng mò yì
茫然自失	máng rán zì shī
跌荡风流	diē dàng fēng liú
海外奇谈	hǎi wài qí tán
书香门户	shū xiāng mén hù
轻重倒置	qīng zhòng dào zhì
异涂同归	yì tú tóng guī
回春之术	huí chūn zhī shù
形迹可疑	xíng jì kě yí
表面文章	biǎo miàn wén zhāng
鬼哭神惊	guǐ kū shén jīng
以私废公	yǐ sī fèi gōng
旷日长久	kuàng rì cháng jiǔ
年轻力壮	nián qīng lì zhuàng
宾至如归	bīn zhì rú guī
风刀霜剑	fēng dāo shuāng jiàn
气喘如牛	qì chuǎn rú niú
目挑眉语	mù tiāo méi yǔ
烽火连天	fēng huǒ lián tiān
连天烽火	lián tiān fēng huǒ
祖龙之虐	zǔ lóng zhī nüè
晓风残月	xiǎo fēng cán yuè
怒形于色	nù xíng yú sè
山阴夜雪	shān yīn yè xuě
一代谈宗	yī dài tán zōng
寻风捉影	xún fēng zhuō yǐng
阿党相为	ē dǎng xiāng wéi
门庭如市	mén tíng rú shì
达观知命	dá guān zhī mìng
自郐以下	zì kuài yǐ xià
气消胆夺	qì xiāo dǎn duó
适得其反	shì dé qí fǎn
飞沙走石	fēi shā zǒu shí
走石飞沙	zǒu shí fēi shā
长驱直入	cháng qū zhí rù
妙想天开	miào xiǎng tiān kāi
德尊望重	dé zūn wàng zhòng
看家本事	kān jiā běn shì
忘恩失义	wàng ēn shī yì
云布雨施	yún bù yǔ shī
避重就轻	bì zhòng jiù qīng
金刚怒目	jīn gāng nù mù
舍身求法	shě shēn qiú fǎ
黄台之瓜	huáng tái zhī guā
国泰民安	guó tài mín ān
民安国泰	mín ān guó tài
坐观成败	zuò guān chéng bài
鸦雀无声	yā què wú shēng
情见乎辞	qíng xiàn hū cí
唾手可得	tuò shǒu kě dé
悔不当初	huǐ bù dāng chū
万箭攒心	wàn jiàn cuán xīn
恩怨分明	ēn yuàn fēn míng
哀天叫地	āi tiān jiào dì
羊肠小道	yáng cháng xiǎo dào
衣裳之会	yī shāng zhī huì
托于空言	tuō yú kōng yán
肤寸而合	fū cùn ér hé
法无可贷	fǎ wú kě dài
一搭两用	yī dā liǎng yòng
骑马寻马	qí mǎ xún mǎ
无与比伦	wú yǔ bǐ lún
无与伦比	wú yǔ lún bǐ
计日而俟	jì rì ér sì
深思苦索	shēn sī kǔ suǒ
遁入空门	dùn rù kōng mén
燃眉之急	rán méi zhī jí
大义凛然	dà yì lǐn rán
气忍声吞	qì rěn shēng tūn
忍气吞声	rěn qì tūn shēng
吞声忍气	tūn shēng rěn qì
龙血凤髓	lóng xuè fèng suǐ
深谋远虑	shēn móu yuǎn lǜ
远虑深谋	yuǎn lǜ shēn móu
放诞风流	fàng dàn fēng liú
计功补过	jì gōng bǔ guò
嘲风弄月	cháo fēng nòng yuè
弄月嘲风	nòng yuè cháo fēng
云期雨信	yún qī yǔ xìn
耳聪目明	ěr cōng mù míng
极恶不赦	jí è bù shè
各安生业	gè ān shēng yè
竿头直上	gān tóu zhí shàng
光采夺目	guāng cǎi duó mù
气谊相投	qì yì xiāng tóu
军不血刃	jūn bù xuè rèn
进退消长	jìn tuì xiāo cháng
讳莫如深	huì mò rú shēn
公耳忘私	gōng ěr wàng sī
一干二净	yī gān èr jìng
阳春有脚	yáng chūn yǒu jiǎo
有脚阳春	yǒu jiǎo yáng chūn
兴兵动众	xīng bīng dòng zhòng
义结金兰	yì jié jīn lán
悲从中来	bēi cóng zhōng lái
胡说乱道	hú shuō luàn dào
移东补西	yí dōng bǔ xī
高才捷足	gāo cái jié zú
极情尽致	jí qíng jìn zhì
及宾有鱼	jí bīn yoǔ yú
上南落北	shàng nán luò běi
凤皇于飞	fèng huáng yú fēi
大煞风景	dà shā fēng jǐng
移山填海	yí shān tián hǎi
千载难逢	qiān zǎi nán féng
切肤之痛	qiè fū zhī tòng
不堪造就	bù kān zào jiù
谈情说爱	tán qíng shuō ài
若敖之鬼	ruò áo zhī guǐ
以指测河	yǐ zhǐ cè hé
福至心灵	fú zhì xīn líng
应答如流	yìng dá rú liú
鸡犬升天	jī quǎn shēng tiān
老马识途	lǎo mǎ shí tú
识途老马	shí tú lǎo mǎ
贪声逐色	tān shēng zhú sè
以火止沸	yǐ huǒ zhǐ fèi
神色张皇	shén sè zhāng huáng
回肠伤气	huí cháng shāng qì
目逆而送	mù nì ér sòng
愁眉苦眼	chóu méi kǔ yǎn
桃李春风	táo lǐ chūn fēng
流金铄石	liú jīn shuò shí
铄石流金	shuò shí liú jīn
以杀去杀	yǐ shā qù shā
片瓦不留	piàn wǎ bù liú
大张旗鼓	dà zhāng qí gǔ
夺其谈经	duó qí tán jīng
乐道遗荣	lè dào yí róng
付之度外	fù zhī dù wài
家传人诵	jiā chuán rén sòng
信而有证	xìn ér yǒu zhèng
巨细无遗	jù xì wú yí
以暴易暴	yǐ bào yì bào
地旷人稀	dì kuàng rén xī
欺天罔地	qī tiān wǎng dì
忘乎所以	wàng hū suǒ yǐ
慈明无双	cí míng wú shuāng
达官要人	dá guān yào rén
柳圣花神	liǔ shèng huā shén
失惊倒怪	shī jīng dǎo guài
触手可及	chù shǒu kě jí
挥汗如雨	huī hàn rú yǔ
行思坐筹	xíng sī zuò chóu
行思坐想	xíng sī zuò xiǎng
据高临下	jù gāo lín xià
凤叹虎视	fèng tàn hǔ shì
神闲气静	shén xián qì jìng
兵戎相见	bīng róng xiāng jiàn
见微知著	jiàn wēi zhī zhù
盗名暗世	dào míng àn shì
陶然自得	táo rán zì dé
悠然自得	yōu rán zì dé
知止不殆	zhī zhǐ bù dài
忠贯日月	zhōng guàn rì yuè
面有菜色	miàn yǒu cài sè
柴立不阿	chái lì bù ē
逐臭之夫	zhú chòu zhī fū
草行露宿	cǎo xíng lù sù
爱不忍释	ài bù rěn shì
明镜高悬	míng jìng gāo xuán
轻财重士	qīng cái zhòng shì
不惜工本	bù xī gōng běn
春树暮云	chūn shù mù yún
暮云春树	mù yún chūn shù
楚歌四面	chǔ gē sì miàn
四面楚歌	sì miàn chǔ gē
扫眉才子	sǎo méi cái zǐ
就地取材	jiù dì qǔ cái
市井之徒	shì jǐng zhī tú
风平浪静	fēng píng làng jìng
平风静浪	píng fēng jìng làng
运掉自如	yùn diào zì rú
春冰虎尾	chūn bīng hǔ wěi
虎尾春冰	hǔ wěi chūn bīng
蹈节死义	dǎo jié sǐ yì
秋高气爽	qiū gāo qì shuǎng
死骨更肉	sǐ gǔ gèng ròu
过化存神	guò huà cún shén
怨气满腹	yuàn qì mǎn fù
恨如头醋	hèn rú tóu cù
积厚流光	jī hòu liú guāng
枕山襟海	zhěn shān jīn hǎi
违时绝俗	wéi shí jué sú
推天抢地	tuī tiān qiǎng dì
蝇头微利	yíng tóu wēi lì
拳拳之枕	quán quán zhī zhěn
见贤思齐	jiàn xián sī qí
旷世无匹	kuàng shì wú pǐ
思贤如渴	sī xián rú kě
钻心刺骨	zuàn xīn cì gǔ
利害相关	lì hài xiāng guān
管中窥天	guǎn zhōng kuī tiān
枝干相持	zhī gàn xiāng xhí
品头论足	pǐn tóu lùn zú
师老兵破	shī lǎo bīng pò
遁名改作	dùn míng gǎi zuò
稳如泰山	wěn rú tài shān
确切不移	què qiè bù yí
引短推长	yǐn duǎn tuī cháng
患至呼天	huàn zhì hū tiān
慧业文人	huì yè wén rén
旷古未有	kuàng gǔ wèi yǒu
六出纷飞	liù chū fēn fēi
锦衣行昼	jǐn yī xíng zhòu
衣锦昼行	yì jǐn zhòu xíng
从容就义	cóng róng jiù yì
器满意得	qì mǎn yì dé
泥而不滓	niè ér bù zǐ
收回成命	shōu huí chéng mìng
万流景仰	wàn liú jǐng yǎng
头昏眼暗	tóu hūn yǎn àn
人单势孤	rén dān shì gū
画意诗情	huà yì shī qíng
诗情画意	shī qíng huà yì
进退路穷	jìn tuì lù qióng
斗而铸兵	dòu ér zhù bīng
没轻没重	méi qīng méi zhòng
灭门绝户	miè mén jué hù
望风捕影	wàng fēng bǔ yǐng
清源正本	qīng yuán zhèng běn
正本清源	zhèng běn qīng yuán
月落参横	yuè luò shēn héng
惊魂失魄	jīng hún shī pò
一叶障目	yī yè zhàng mù
疑似之间	yí sì zhī jiān
得寸进尺	dé cùn jìn chǐ
多历年所	duō lì nián suǒ
三节两寿	sān jié liǎng shòu
目瞪口张	mù dèng kǒu zhāng
风流儒雅	fēng liú rú yǎ
儒雅风流	rú yǎ fēng liú
才短气粗	cái duǎn qì cū
自相惊扰	zì xiāng jīng rǎo
悍然不顾	hàn rán bù gù
文籍先生	wén jí xiān shēng
说是谈非	shuō shì tán fēi
好行小惠	hào xíng xiǎo huì
文通残锦	wén tōng cán jǐn
身当矢石	shēn dāng shǐ shí
代马望北	dài mǎ wàng běi
不露锋芒	bù lù fēng máng
锋芒不露	fēng máng bù lù
才兼文武	cái jiān wén wǔ
各取所长	gè qǔ suǒ cháng
河汉无极	hé hàn wú jí
心长绠短	xīn cháng gěng duǎn
亲密无间	qīn mì wú jiàn
策无遗算	cè wú yí suàn
算无遗策	suàn wú yí cè
呼天抢地	hū tiān qiāng dì
呼天吁地	hū tiān yù dì
抢地呼天	qiāng dì hū tiān
吁天呼地	yù tiān hū dì
一鳞半爪	yī lín bàn zhǎo
引领而望	yǐn lǐng ér wàng
动心怵目	dòng xīn chù mù
破壁飞去	pò bì fēi qù
落荒而走	luò huāng ér zǒu
负地矜才	fù dì jīn cái
游戏人间	yóu xì rén jiān
三瓦两舍	sān wǎ liǎng shě
皓月千里	hào yuè qiān lǐ
遗风余韵	yí fēng yú yùn
败国丧家	bài guó sàng jiā
三风十愆	sān fēng shí qiān
堂堂一表	táng táng yī biǎo
一表堂堂	yī biǎo táng táng
参差不齐	cēn cī bù qí
面北眉南	miàn běi méi nán
大块文章	dà kuài wén zhāng
尊师重道	zūn shī zhòng dào
凄风楚雨	qī fēng chǔ yǔ
东风浩荡	dōng fēng hào dàng
风激电飞	fēng jī diàn fēi
色仁行违	sè rén xíng wéi
民穷财尽	mín qióng cái jìn
偕生之疾	xié shēng zhī jí
秋风扫叶	qiū fēng sǎo yè
东扶西倒	dōng fú xī dǎo
富可敌国	fù kě dí guó
敬上接下	jìng shàng jiē xià
超尘出俗	chāo chén chū sú
露才扬己	lù cái yáng jǐ
露己扬才	lù jǐ yáng cái
扬己露才	yáng jǐ lù cái
高自标树	gāo zì biāo shù
鸟惊鱼散	niǎo jīng yú sàn
鱼惊鸟散	yú jīng niǎo sàn
通文达礼	tōng wén dá lǐ
欲罢不能	yù bà bù néng
行尸走骨	xíng shī zǒu gǔ
五短身材	wǔ duǎn shēn cái
乐极悲生	lè jí bēi shēng
乐极生悲	lè jí shēng bēi
登木求鱼	déng mù qiú yú
钱可通神	qián kě tōng shén
行藏用舍	xíng cáng yòng shě
用舍行藏	yòng shě xíng cáng
用行舍藏	yòng xíng cáng shě
胡作胡为	hú zuò hú wéi
东西南北	dōng xī nán běi
冲风冒雨	chōng fēng mào yǔ
股掌之上	gǔ zhǎng zhī shàng
休牛归马	xiū niú guī mǎ
华星秋月	huá xīng qiū yuè
野马无缰	yě mǎ wú jiāng
刮目相待	guā mù xiāng dài
湖光山色	hú guāng shān sè
地棘天荆	dì jí tiān jīng
棘地荆天	jí dì jīng tiān
荆天棘地	jīng tiān jí dì
天崩地塌	tiān bēng dì tā
天荆地棘	tiān jīng dì jí
如堕烟海	rú duò yān hǎi
血海深仇	xuè hǎi shēn chóu
进贤进能	jìn xián jìn néng
慕名而来	mù míng ér lái
遍地开花	biàn dì kāi huā
金风送爽	jīn fēng sòng shuǎng
鼓旗相当	gǔ qí xiāng dāng
旗鼓相当	qí gǔ xiāng dāng
正言直谏	zhèng yán zhí jiàn
直言正谏	zhí yán zhèng jiàn
寓意深长	yù yì shēn cháng
诈奸不及	zhà jiān bù jí
乐此不疲	lè cǐ bù pí
避重逐轻	bì zhòng zhú qīng
东游西荡	dōng yóu xī dàng
取长补短	qǔ cháng bǔ duǎn
惊群动众	jīng qún dòng zhòng
草木知威	cǎo mù zhī wēi
极武穷兵	jí wǔ qióng bīng
随行就市	suí háng jiù shì
求贤如渴	qiú xián rú kě
洁身自守	jié shēn zì shǒu
心怀鬼胎	xīn huái guǐ tāi
章句之徒	zhāng jù zhī tú
连天匝地	lián tiān zā dì
高深莫测	gāo shēn mò cè
莫测高深	mò cè gāo shēn
踔绝之能	chuō jué zhī néng
于今为烈	yú jīn wéi liè
略迹原心	lüè jì yuán xīn
负险不宾	fù xiǎn bù bīn
词不逮理	cí bù dài lǐ
谭天说地	tán tiān shuō dì
鱼肠雁足	yú cháng yàn zú
遁世离俗	dùn shì lí sú
磊落不羁	lěi luò bù jī
分花约柳	fēn huā yuē liǔ
欲速不达	yù sù bù dá
时和年丰	shí hé nián fēng
甘雨随车	gān yǔ suí chē
随车甘雨	suí chē gān yǔ
扬清厉俗	yáng qīng lì sú
画地为狱	huà dì wéi yù
朱衣点头	zhū yī diǎn tóu
东墙处子	dōng qiáng chǔ zǐ
一挥九制	yī huī jiǔ zhì
哄动一时	hōng dòng yī shí
积岁累月	jī suì lěi yuè
车辙马迹	chē zhé mǎ jì
超世拔俗	chāo shì bá sú
笑比河清	xiào bǐ hé qīng
从长计议	cóng cháng jì yì
冰消云散	bīng xiāo yún sàn
躬体力行	gōng tǐ lì xíng
尺寸可取	chǐ cùn kě qǔ
打家截道	dǎ jiā jié dào
防不及防	fáng bù jí fáng
日转千阶	rì zhuǎn qiān jiē
投石问路	tóu shí wèn lù
骨肉离散	gǔ ròu lí sàn
尽多尽少	jǐn duō jǐn shǎo
求知若渴	qiú zhī ruò kě
包藏祸心	bāo cáng huò xīn
颐养天年	yí yǎng tiān nián
如臂使指	rú bì shǐ zhǐ
言听谋决	yán tīng móu jué
圣神文武	shèng shén wén wǔ
戮力齐心	lù lì qí xīn
齐心戮力	qí xīn lù lì
齐心协力	qí xīn xié lì
协力齐心	xié lì qí xīn
潜龙伏虎	qián lóng fú hǔ
千村万落	qiān cūn wàn luò
闲云孤鹤	xián yún gū hè
侧足而立	cè zú ér lì
依流平进	yī liú píng jìn
弃文就武	qì wén jiù wǔ
随车致雨	suí chē zhì yǔ
喜形于色	xǐ xíng yú sè
才多识寡	cái duō shí guǎ
高枕安寝	gāo zhěn ān qǐn
债多不愁	zhài duō bù chóu
败于垂成	bài yú chuí chéng
横三竖四	héng sān shù sì
触目警心	chù mù jǐng xīn
身强力壮	shēn qiáng lì zhuàng
非亲非故	fēi qīn fēi gù
表里相济	biǎo lǐ xiāng jì
量时度力	liàng shí dù lì
稀世之宝	xī shì zhī bǎo
握手言欢	wò shǒu yán huān
钻山塞海	zuàn shān sāi hǎi
釜中生尘	fǔ zhōng shēng chén
覆车之戒	fù chē zhī jiè
说来话长	shuō lái huà cháng
目不窥园	mù bù kuī yuán
安国宁家	ān guó níng jiā
无寇暴死	wu kou bào shi
一身两役	yī shēn liǎng yì
山遥路远	shān yáo lù yuǎn
兵连祸结	bīng lián huò jié
祸结兵连	huò jié bīng lián
瞻云就日	zhān yún jiù rì
以权达变	yǐ quán dá biàn
奔走之友	bēn zǒu zhī yǒu
饱经风霜	bǎo jīng fēng shuāng
歪风邪气	wāi fēng xié qì
若存若亡	ruò cún ruò wáng
粲花之论	càn huā zhī lùn
一笔抹杀	yī bǐ mǒ shā
孔武有力	kǒng wǔ yǒu lì
简能而任	jiǎn néng ér rèn
游手好闲	yóu shǒu hào xián
修心养性	xiū xīn yǎng xìng
研桑心计	yán sāng xīn jì
月坠花折	yuè zhuì huā zhé
深恶痛疾	shēn wù tòng jí
耳闻目睹	ěr wén mù dǔ
目睹耳闻	mù dǔ ěr wén
以肉去蚁	yǐ ròu qù yǐ
肝胆相照	gān dǎn xiāng zhào
靡坚不摧	mí jiān bù cuī
俟河之清	sì hé zhī qīng
东南雀飞	dōng nán què fēi
溜之大吉	liū zhī dà jí
学以致用	xué yǐ zhì yòng
鸣鼓而攻	míng gǔ ér gōng
重迹屏气	chóng jì bǐng qì
遗形藏志	yí xíng cáng zhì
床下安床	chuáng xià ān chuáng
数往知来	shǔ wǎng zhī lái
泥名失实	nì míng shī shí
五步成诗	wǔ bù chéng shī
触景伤心	chù jǐng shāng xīn
春去秋来	chūn qù qiū lái
柳折花残	liǔ zhé huā cán
曲高和寡	qǔ gāo hè guǎ
再造之恩	zài zào zhī ēn
举手相庆	jǔ shǒu xiāng qìng
尽美尽善	jìn měi jìn shàn
尽善尽美	jìn shàn jìn měi
故步自封	gù bù zì fēng
当今无辈	dāng jīn wú bèi
经史百子	jīng shǐ bǎi zǐ
临危不挠	lín wēi bù náo
怀珠抱玉	huái zhū bào yù
三拳两脚	sān quán liǎng jiǎo
砥行磨名	dǐ xíng mó míng
碌碌无为	lù lù wú wéi
平地起雷	píng dì qǐ léi
公诸同好	gōng zhū tóng hào
眼穿肠断	yǎn chuān cháng duàn
金童玉女	jīn tóng yù nǚ
墙花路草	qiáng huā lù cǎo
深仇大恨	shēn chóu dà hèn
指手画脚	zhǐ shǒu huà jiǎo
龙首豕足	lóng shǒu shǐ zú
飞土逐肉	fēi tǔ zhú ròu
得意忘象	dé yì wàng xiàng
忘象得意	wàng xiàng dé yì
如虎添翼	rú hǔ tiān yì
积德累善	jī dé lěi shàn
愚昧无知	yú mèi wú zhī
贪名逐利	tān míng zhú lì
开国承家	kāi guó chéng jiā
悬而未决	xuán ér wèi jué
手急眼快	shǒu jí yǎn kuài
眼急手快	yǎn jí shǒu kuài
矫矫不群	jiǎo jiǎo bù qùn
有目共睹	yǒu mù gòng dǔ
利欲熏心	lì yù xūn xīn
闭口藏舌	bì kǒu cáng shé
辩口利舌	biàn kǒu lì cí
心烦虑乱	xīn fán lǜ luàn
七死八活	qī sǐ bā huó
兴家立业	xīng jiā lì yè
死灰复然	sǐ huī fù rán
如数家珍	rú shǔ jiā zhēn
炫石为玉	xuàn shí wéi yù
玉石相揉	yù shí xiāng róu
旦夕之危	dàn xī zhī wěi
安老怀少	ān lǎo huái shào
祸绝福连	huò jué fú lián
明刑不戮	míng xíng bù lù
兵临城下	bīng lín chéng xià
小道消息	xiǎo dào xiāo xī
遗臭千年	yí chòu qiān nián
市无二价	shì wú èr jià
更进一竿	gèng jìn yī gān
祸福惟人	huò fú wéi rén
尸居龙见	shī jū lóng xiàn
晏然自若	yàn rán zì ruò
狗仗人势	gǒu zhàng rén shì
雁去鱼来	yàn qù yú lái
断香零玉	duàn xiāng líng yù
海中捞月	hǎi zhōng lāo yuè
栖风宿雨	qī fēng xiǔ yǔ
十年窗下	shí nián chuāng xià
敬上爱下	jìng shàng ài xià
治国安民	zhì guó ān mín
庸耳俗目	yōng ěr sú mù
势穷力屈	shì qióng lì qū
水洁冰清	shuǐ jié bīng qīng
东箭南金	dōng jiàn nán jīn
南金东箭	nán jīn dōng jiàn
汗马功劳	hàn mǎ gōng láo
云泥异路	yún ní yì lù
迷天大谎	mí tiān dà huǎng
亡羊之叹	wáng yáng zhī tàn
沉静寡言	chén jìng guǎ yán
孤文断句	gū wén duàn jù
嘉言善行	jiā yán shàn xíng
霜气横秋	shuāng qì héng qiū
心力交瘁	xīn lì jiāo cuì
田父之功	tián fǔ zhī gōng
春深似海	chūn shēn sì hǎi
采薪之患	cǎi xīn zhī huàn
富国强兵	fù guó qiáng bīng
国富兵强	guó fù bīng qiáng
强兵富国	qiáng bīng fù guó
横眉冷眼	héng méi lěng yǎn
委罪于人	wěi zuì yú rén
一彻万融	yī chè wàn róng
昏迷不省	hūn mí bù xǐng
白发朱颜	bái fà zhū yán
去危就安	qù wēi jiù ān
天凝地闭	tiān níng dì bì
解民倒悬	jiě mín dào xuán
云蒸龙变	yún zhēng lóng biàn
求生害仁	qiú shēng hài rén
破旧立新	pò jiù lì xīn
列鼎而食	liè dǐng ér shí
先公后私	xiān gōng hòu sī
人中狮子	rén zhōng shī zǐ
超凡出世	chāo fán chū shì
出世超凡	chū shì chāo fán
例行公事	lì xíng gōng shì
绝子绝孙	jué zǐ jué sūn
文治武力	wén zhì wǔ lì
众所周知	zhòng suǒ zhōu zhī
奇才异能	qí cái yì néng
高风劲节	gāo fēng jìn jié
有约在先	yǒu yuē zài xiān
烈火真金	liè huǒ zhēn jīn
真金烈火	zhēn jīn liè huǒ
草草了事	cǎo cǎo liǎo shì
失魂丧胆	shī hún sàng dǎn
同恶共济	tóng è gòng jì
弃智遗身	qì zhì yí shēn
以书为御	yǐ shū wéi yù
词穷理尽	cí qióng lǐ jìn
变颜变色	biàn yán biàn sè
穷鸟入怀	qióng niǎo rù huái
趾高气扬	zhǐ gāo qì yáng
目不暇给	mù bù xiá jǐ
以直抱怨	yǐ zhí bào yuàn
百举百捷	bǎi jǔ bǎi jié
超然独立	chāo rán dú lì
风光月霁	fēng guāng yuè jì
光风霁月	guāng fēng jì yuè
霁月光风	jī yuè guāng fēng
东门逐兔	dōng mén zhú tù
以德报怨	yǐ dé bào yuàn
以怨报德	yǐ yuàn bào dé
折长补短	zhé cháng bǔ duǎn
白藋同心	bái diào tóng xīn
自用则小	zì yòng zé xiǎo
海枯见底	hǎi kū jiàn dǐ
词正理直	cí zhèng lǐ zhí
理正词直	lǐ zhèng cí zhí
泣涕如雨	qì tì rú yǔ
涕零如雨	tì líng rú yǔ
拔毛济世	bá máo jì shì
黄耳传书	huáng ěr chuán shū
靡靡之音	mǐ mǐ zhī yīn
胆丧魂惊	dǎn sàng hún jīng
天灾地妖	tiān zāi dì yāo
静言令色	jìng yán lìng sè
借公行私	jiè gōng xíng sī
进退首鼠	jìn tuì shǒu shǔ
言犹在耳	yán yóu zài ěr
百尺竿头	bǎi chǐ gān tóu
愀然不乐	qiǎo rán bù lè
闭口结舌	bì kǒu jié shé
家无儋石	jiā wú dàn shí
望文生训	wàng wén shēng xùn
依心像意	yī xīn xiàng yì
市民文学	shì mín wén xué
舞笔弄文	wǔ bǐ nòng wén
青蝇之吊	qīng yíng zhī diào
手足重茧	shǒu zú chóng jiǎn
时异事殊	shí yì shì shū
众口铄金	zhòng kǒu shuò jīn
传为美谈	chuán wéi měi tán
胸无点墨	xiōng wú diǎn mò
离鸾别凤	lí luán bié fèng
金玉良缘	jīn yù liáng yuán
七满八平	qī mǎn bā píng
龙战鱼骇	lóng zhàn yú hài
聪明绝世	cōng míng jué shì
掌上明珠	zhǎng shàng míng zhū
爱才如渴	ài cái rú kě
白往黑来	bái wǎng hēi lái
避世墙东	bì shì qiáng dōng
同年而校	tóng nián ér xiào
迟疑不定	chí yí bù dìng
大江南北	dà jiāng nán běi
快步流星	kuài bù liú xīng
寸长片善	cùn cháng piàn shàn
寸善片长	cùn shàn piàn cháng
深山密林	shēn shān mì lín
朝成暮毁	zhāo chéng mù huǐ
枉费心计	wǎng fèi xīn jì
傥来之物	tǎng lái zhī wù
成双作对	chéng shuāng zuò duì
家贫亲老	jiā pín qīn lǎo
半壁江山	bàn bì jiāng shān
化民易俗	huà mín yì sú
呼天钥地	hū tiān yào dì
掌上观文	zhǎng shàng guān wén
残山剩水	cán shān shèng shuǐ
剩山残水	shèng shān cán shuǐ
剩水残山	shèng shuǐ cán shān
水剩山残	shuǐ shèng shān cán
死求百赖	sǐ qiú bǎi lài
贻笑后人	yí xiào hòu rén
少安无躁	shǎo ān wú zào
蒙昧无知	méng mèi wú zhī
月中折桂	yuè zhōng shé guì
莫明其妙	mò míng qí miào
弦外之响	xián wài zhī xiǎng
金鸡消息	jīn jī xiāo xī
张皇其事	zhāng huáng qí shì
如左右手	rú zuǒ yòu shǒu
精兵强将	jīng bīng qiáng jiàng
伯玉知非	bó yù zhī fēi
高情逸态	gāo qíng yì tai
以强胜弱	yǐ qiáng shèng ruò
以弱胜强	yǐ ruò shèng qiáng
明来暗往	míng lái àn wǎng
有始有卒	yǒu shǐ yǒu zú
意气洋洋	yì qì yáng yáng
贫无立锥	pín wú lì zhuī
变古乱常	biàn gǔ làun cháng
变古易常	biàn gǔ yì cháng
面红面赤	miàn hóng miàn chì
愧不敢当	kuì bù gǎn dāng
借刀杀人	jiè dāo shā rén
百无禁忌	bǎi wú jìn jì
上篇上论	shàng piān shàng lùn
恬不知羞	tián bù zhī xiū
寸利必得	cùn lì bì dé
做贼心虚	zuò zéi xīn xū
刑措不用	xíng cuò bù yòng
杜门绝迹	dù mén jué jì
博物多闻	bó wù duō wén
披古通今	pī gǔ tōng jīn
钻火得冰	zuān huǒ dé bīng
计穷智短	jì qióng zhì duǎn
连类比事	lián lèi bǐ shì
足智多谋	zú zhì duō móu
千差万错	qiān chà wàn cuò
斗唇合舌	dòu chún hé shé
见风转舵	jiàn fēng zhuǎn duò
说是弄非	shuō shì nòng fēi
亘古不灭	gèn gǔ bù miè
大智若愚	dà zhì ruò yú
死无对证	sǐ wú duì zhèng
破甑不顾	pò zèng bù gù
九回肠断	jiǔ huí cháng duàn
文奸济恶	wén jiān jì è
腾空而起	téng kōng ér qǐ
没齿难忘	mò chǐ nán wàng
通风讨信	tōng fēng tǎo xìn
吉日良时	jí rì liáng shí
良时吉日	liáng shí jí rì
沥血披心	lì xuè pī xīn
披心沥血	pī xīn lì xuè
自取灭亡	zì qǔ miè wáng
一场春梦	yī chǎng chūn mèng
食宿相兼	shí sù xiāng jiān
挂席为门	guà xí wéi mén
备多力分	bèi duō lì fēn
桑间之约	sāng jiān zhī yuē
理直气壮	lǐ zhí qì zhuàng
气壮理直	qì zhuàng lǐ zhí
珠光宝气	zhū guāng bǎo qì
云霓之望	yún ní zhī wàng
因难见巧	yīn nán jiàn qiǎo
纠合之众	jiū hé zhī zhòng
惹是生非	rě shì shēng fēi
东壁余光	dōng bì yú guāng
鸿毛泰山	hóng máo tài shān
泰山鸿毛	tài shān hóng máo
出内之吝	chū nèi zhī lìn
薄命佳人	bó mìng jiā rén
佳人薄命	jiā rén bó mìng
愤风惊浪	fèn fēng jīng làng
绝仁弃义	jué rén qì yì
花残月缺	huā cán yuè quē
月缺花残	yuè quē huā cán
东趋西步	dōng qū xī bù
失惊打怪	shī jīng dǎ guài
各为其主	gè wèi qí zhǔ
辱身败名	rǔ shēn bài míng
身败名裂	shēn bài míng liè
切中时病	qiè zhòng shí bìng
垂头塞耳	chuí tóu sāi ěr
风驰电击	fēng chí diàn jī
别具心肠	bié jù xīn cháng
门当户对	mén dāng hù duì
以渴服马	yǐ kě fú mǎ
不晓世务	bù xiǎo shì wù
悲声载道	bēi shēng zài dào
令人起敬	lìng rén qǐ jìng
抱柱之信	bào zhù zhī xìn
百口莫辩	bǎi kǒu mò biàn
泰山北斗	tài shān běi dǒu
狼贪虎视	láng tān hǔ shì
赌物思人	dǔ wù sī rén
同文共规	tóng wén gòng guī
鹤发鸡皮	hè fà jī pí
鸡皮鹤发	jī pí hè fà
进贤兴功	jìn xián xīng gōng
荡气回肠	dàng qì huí cháng
回肠荡气	huí cháng dàng qì
从恶若崩	cóng è ruò bēng
遇事生端	yù shì shēng duān
无功受禄	wú gōng shòu lù
人离乡贱	rén lí xiāng jiàn
问一答十	wèn yī dá shí
饮食起居	yǐn shí qǐ jū
云中仙鹤	yún zhōng xiān hè
附影附声	fù yǐng fù shēng
像心称意	xiàng xīn chēng yì
止戈为武	zhǐ gē wéi wǔ
一倡三叹	yī chàng sān tàn
想入非非	xiǎng rù fēi fēi
三翻四复	sān fān sì fù
齐东野语	qí dōng yě yǔ
判若水火	pàn ruò shuǐ huǒ
急功近名	jí gōng jìn míng
绝代佳人	jué dài jiā rén
遗臭万年	yí chòu wàn nián
坚守不渝	jiān shǒu bù yú
三尸五鬼	sān shī wǔ guǐ
还我河山	huán wǒ hé shān
餐风宿草	cān fēng sù xuě
直扑无华	zhí pǔ wú huá
铜山金穴	tóng shān jīn xué
非驴非马	fēi lǘ fēi mǎ
兵荒马乱	bīng huāng mǎ luàn
浮云蔽日	fú yún bì rì
步步高升	bù bù gāo shēng
龙颜凤姿	lóng yán fèng zī
积劳成病	jī láo chéng bìng
精锐之师	jīng ruì zhī shī
心领神悟	xīn lǐng shén wù
识时达变	shí shí dá biàn
飞声腾实	fēi shēng téng shí
腾声飞实	téng shēng fēi shí
敲金击石	qiāo jīn jī shí
衣食住行	yī shí zhù xíng
柴天改物	chái tiān gǎi wù
择主而事	zé zhǔ ér shì
长命富贵	cháng mìng fù guì
轻于鸿毛	qīng yú hóng máo
牛毛细雨	niú máo xì yǔ
忠贯白日	zhōng guàn bái rì
精神百倍	jīng shén bǎi bèi
坐井窥天	zuò jǐng kuī tiān
欢聚一堂	huān jù yī táng
视如草芥	shì rú cǎo jiè
咫尺之功	zhǐ chǐ zhī gōng
记问之学	jì wèn zhī xué
楚水吴山	chǔ shuǐ wú shān
变炫无穷	biàn xuán wú qióng
运移时易	yùn yí shí yì
败德辱行	bài dé rǔ xíng
凤髓龙肝	fèng suǐ lóng gān
龙肝凤髓	lóng gān fèng suǐ
截断众流	jié duàn zhòng liú
名高难副	míng gāo nán fù
断子绝孙	duàn zǐ jué sūn
多灾多难	duō zāi duō nàn
如芒在背	rú máng zài bèi
敬如上宾	jìng rú shàng bīn
饰非文过	shì fēi wén guò
文过饰非	wén guò shì fēi
杀人如蒿	shā rén rú hāo
不甚了了	bù shèn liǎo liǎo
移气养体	yí qì yǎng tǐ
大雅君子	dà yǎ jūn zǐ
诚至金开	chéng zhì jīn kāi
深山幽谷	shēn shān yōu gǔ
鬻鸡为凤	yù jī wéi fèng
枉费心思	wǎng fèi xīn sī
灿然一新	càn rán yī xīn
万死犹轻	wàn sǐ yóu qīng
枯脑焦心	kū nǎo jiāo xīn
作舍道旁	zuò shě dào páng
斗鸡走狗	dòu jī zǒu gǒu
长才广度	cháng cái guǎng dù
痴人说梦	chī rén shuō mèng
道同契合	dào tóng qì hé
授受不亲	shòu shòu bù qīn
无可置喙	wú kě zhì huì
安室利处	ān shì lì chù
中外合璧	zhōng wài hé bì
朴实无华	pǔ shí wú huá
乱首垢面	luàn shǒu gòu miàn
罪恶滔天	zuì è tāo tiān
背山起楼	bèi shān qǐ lóu
面红耳热	miàn hóng ěr rè
欣然自得	xīn rán zì dé
心力衰竭	xīn lì shuāi jié
昊天不吊	hào tiān bù diào
别无他物	bié wú tā wù
瓦合之卒	wǎ hé zhī zú
大街小巷	dà jiē xiǎo xiàng
刀光血影	dāo guāng xuè yǐng
夸大其辞	kuā dà qí cí
无懈可击	wú xiè kě jī
行动坐卧	xíng dòng zuò wò
大巧若拙	dà qiǎo ruò zhuō
平白无辜	píng bái wú gū
腥风血雨	xīng fēng xuè yǔ
血雨腥风	xuè yǔ xīng fēng
浩如烟海	hào rú yān hǎi
叫苦不迭	jiào kǔ bù dié
辞严气正	cí yán qì zhèng
敲山振虎	qiāo shān zhèn hǔ
蛟龙得水	jiāo lóng dé shuǐ
粉面油头	fěn miàn yóu tóu
油头粉面	yóu tóu fěn miàn
枉口拔舌	wǎng kǒu bá shé
应天承运	yìng tiān chéng yùn
天台路迷	tiān tái lù mí
以毁为罚	yǐ huǐ wéi fá
不值一驳	bù zhí yī bó
安土乐业	ān tǔ lè yè
沧海一鳞	cāng hǎi yī lín
旷达不羁	kuàng dá bù jī
达官知命	dá guān zhī mìng
马鹿易形	mǎ lù yì xíng
冠盖相望	guān gài xiāng wàng
安如磐石	ān rú pán shí
胆颤心惊	dǎn chàn xīn jīng
心惊胆颤	xīn jīng dǎn chàn
万世师表	wàn shì shī biǎo
贱入贵出	jiàn rù guì chū
不记前仇	bù jì qián chóu
龙阳泣鱼	lóng yáng qì yú
杀一儆百	shā yī jǐng bǎi
连汤带水	lián tāng dài shuǐ
无所顾惮	wú suǒ gù dàn
色厉胆薄	sè lì dǎn bó
闭合思过	bì gé sī guò
量小力微	liàng xiǎo lì wēi
情投意洽	qíng tóu yì qià
四分五裂	sì fēn wǔ liè
魂丧神夺	hún sàng shén duó
少见多怪	shǎo jiàn duō guài
蛇蝎为心	shé xiē wéi xīn
乐道忘饥	lè dào wàng jī
失张失智	shī zhāng shī zhì
人心惶惶	rén xīn huáng huáng
惊才绝艳	jīng cái jué yàn
随世沉浮	suí shì chén fú
龙兴云属	lóng xīng yún shǔ
身显名扬	shēn xiǎn míng yáng
束修自好	shù xiū zì hǎo
爱莫之助	ài mò zhī zhù
轻才好施	qīng cái hào shī
异口同韵	yì kǒu tóng yùn
昏头打脑	hūn tóu dǎ nǎo
一网尽扫	yī wǎng jìn sǎo
阿世盗名	ē shì dào míng
分甘绝少	fēn gān jué shǎo
绝甘分少	jué gān fēn shǎo
绝少分甘	jué shǎo fēn gān
息交绝游	xī jiāo jué yóu
清风亮节	qīng fēng liàng jié
夕阳西下	xī yáng xī xià
愚公移山	yú gōng yí shān
心殒胆落	xīn yǔn dǎn luò
恭行天罚	gōng xíng tiān fá
燕昭好马	yān zhāo hǎo mǎ
尊姓大名	zūn xìng dà míng
七情六欲	qī qíng liù yù
语无伦次	yǔ wú lún cì
落叶归根	luò yè guī gēn
叶落归根	yè luò huī gēn
出陈易新	chū chén yì xīn
苦尽甘来	kǔ jìn gān lái
贵不期骄	guì bù qī jiāo
望风希指	wàng fēng xī zhǐ
落月屋梁	luò yuè wū liáng
改政移风	gǎi zhèng yí fēng
水枯石烂	shuǐ kū shí làn
非池中物	fēi chí zhōng wù
齿牙春色	chǐ yá chūn sè
计日以俟	jì rì yǐ sì
不敢告劳	bù gǎn gào láo
举国若狂	jǔ guó ruò kuáng
隐恶扬善	yǐn è yáng shàn
秀出班行	xiù chū bān háng
仙风道格	xiān fēng dào gé
见风使帆	jiàn fēng shǐ fān
大彻大悟	dà chè dà wù
七舌八嘴	qī shé bā zuǐ
七嘴八舌	qī zuǐ bā shé
龙楼凤城	lóng lóu fèng chéng
半生半熟	bàn shēng bàn shú
变容改俗	biàn róng gǎi sú
妙语连珠	miào yǔ lián zhū
得不偿丧	dé bù cháng sàng
如拾地芥	rú shí dì jiè
了了可见	liǎo liǎo kě jiàn
骑龙弄凤	qí lóng nòng fèng
飞遁离俗	fēi dùn lí sú
以直报怨	yǐ zhí bào yuàn
空谈快意	kōng tán kuài yì
情见乎词	qíng jiàn hū cí
无计奈何	wú jì nài hé
刺上化下	cì shàng huà xià
日饮亡何	rì yǐn wáng hé
口诵心惟	kǒu sòng xīn wéi
千条万端	qiān tiáo wàn duān
高睨大谈	gāo nì dà tán
短衣匹马	duǎn yī pǐ mǎ
衣被群生	yì bèi qún shēng
挥戈反日	huī gē fǎn rì
捉摸不定	zhuō mō bù dìng
惟所欲为	wéi suǒ yù wéi
不習水土	bù xí shuǐ tǔ
止戈散马	zhǐ gē sàn mǎ
呆如木鸡	dāi rú mù jī
盖头换面	gài tóu huàn miàn
腹有鳞甲	fù yǒu lín jiǎ
心血来潮	xīn xuè lái cháo
鱼死网破	yú sǐ wǎng pò
矫若游龙	jiǎo ruò yóu lóng
身无完肤	shēn wú wán fū
习非成是	xí fēi chéng shì
兵连祸接	bīng lián huò jiē
树同拔异	shù tóng bá yì
龙跃凤鸣	lóng yuè fèng míng
见鞍思马	jiàn ān sī mǎ
沉鱼落雁	chén yú luò yàn
落雁沉鱼	luò yàn chén yú
鱼沉雁落	yú chén yàn luò
不可救疗	bù kě jiù liáo
丢三落四	diū sān là sì
胸中甲兵	xiōng zhōng jiǎ bīng
闭目塞耳	bì mù sè ěr
耳目闭塞	ěr mù bì sāi
虚论高议	xū lùn gāo yì
乐极生哀	lè jí shēng āi
鹤骨龙筋	hè gǔ lóng jīn
杜口吞声	dù kǒu tūn shēng
割据一方	gē jù yī fāng
迁延日月	qiān yán rì yuè
始终不渝	shǐ zhōng bù yú
终始不渝	zhōng shǐ bù yú
应机立断	yìng jī lì duàn
白面书郎	bái miàn shū láng
如兄如弟	rú xiōng rú dì
室迩人远	shì ěr rén yuǎn
燕燕于归	yàn yàn yú guī
聚少成多	jù shǎo chéng duō
招风揽火	zhāo fēng lǎn huǒ
河鱼腹疾	hé yú fù jí
心灰意懒	xīn huī yì lǎn
意懒心灰	yì lǎn xīn huī
正色直绳	zhèng sè zhí shéng
木公金母	mù gōng jīn mǔ
半涂而废	bàn tú ér fèi
福过灾生	fú guò zāi shēng
劳民动众	láo mín dòng zhòng
浮文巧语	fú wén qiǎo yǔ
心焦火燎	xīn jiāo huǒ liáo
洪水横流	hóng shuǐ héng liú
依山傍水	yī shān bàng shuǐ
见怪非怪	jiàn guài fēi guài
山崩地陷	shān bēng dì xiàn
白衣卿相	bái yī qīng xiàng
优游自得	yōu yóu zì dé
开物成务	kāi wù chéng wù
片瓦无存	piàn wǎ wú cún
天摧地塌	tiān cuī dì tā
遭时不偶	zāo shí bù ǒu
元元之民	yuán yuán zhī mín
旦夕之间	dàn xī zhī jiān
不可端倪	bù kě duān ní
持之以恒	chí zhī yǐ héng
黑价白日	hēi jià bái rì
庞然大物	páng rán dà wù
论德使能	lùn dé shǐ néng
没毛大虫	méi máo dà chóng
妙手空空	miào shǒu kōng kōng
朝阳鸣凤	zhāo yáng míng fèng
凤鸣朝阳	fèng míng zhāo yáng
鸣凤朝阳	míng fèng zhāo yáng
一枕黄粱	yī zhěn huáng liáng
祸乱滔天	huò luàn tāo tiān
风驰雨骤	fēng chí yǔ zhòu
飘风骤雨	piāo fēng zhòu yǔ
文从字顺	wén cóng zì shùn
字顺文从	zì shùn wén cóng
引过自责	yǐn guò zì zé
不宁唯是	bù níng wéi shì
强得易贫	qiǎng dé yì pín
触类而通	chù lèi ér tōng
去暗投明	qù àn tóu míng
不失毫厘	bù shī háo lí
反戈相向	fǎn gē xiāng xiàng
见危致命	jiàn wēi zhì mìng
救经引足	jiù jīng yǐn zú
引足救经	yǐn zú jiù jīng
七首八脚	qī shǒu bā jiǎo
接踵而至	jiē zhǒng ér zhì
卖头卖脚	mài tóu mài jiǎo
宝山空回	bǎo shān kōng huí
形势逼人	xíng shì bī rén
六问三推	liù wèn sān tuī
三推六问	sān tuī liù wèn
月盈则食	yuè yíng zé shí
优游自若	yōu yóu zì ruò
手疾眼快	shǒu jí yǎn kuài
眼疾手快	yǎn jí shǒu kuài
首尾相继	shǒu wěi xiāng jì
沉谋重虑	chén móu chóng lǜ
形孤影寡	xíng gū yǐng guǎ
肝脑涂地	gān nǎo tú dì
物以类聚	wù yǐ lèi jù
之死靡他	zhī sǐ mí tā
坐地分赃	zuò dì fēn zāng
白雪阳春	bái xuě yáng chūn
阳春白雪	yáng chūn bái xuě
酒食地狱	jiǔ shí dì yù
游闲公子	yóu xián gōng zǐ
三翻四覆	sān fān sì fù
辨如悬河	biàn rú xuán hé
玉碎珠沉	yù suì zhū chén
珠沉玉碎	zhū chén yù suì
辞严意正	cí yán yì zhèng
明珠暗投	míng zhū àn tóu
明珠投暗	míng zhū tóu àn
目挑心悦	mù tiāo xīn yuè
喜眉笑眼	xǐ méi xiào yǎn
以血洗血	yǐ xuè xǐ xuè
即景生情	jí jǐng shēng qíng
初生之犊	chū shēng zhī dú
贵耳贱目	guì ěr jiàn mù
贱目贵耳	jiàn mù guì ěr
遁身远迹	dùn shēn yuǎn jì
雨过天晴	yǔ guò tiān qíng
千乘万骑	qiān chéng wàn qí
束手坐视	shù shǒu zuò shì
文身剪发	wén shēn jiǎn fā
利齿能牙	lì chǐ néng yá
能牙利齿	néng yá lì chǐ
移情遣意	yí qíng qiǎn yì
望眼将穿	wàng yǎn jiāng chuān
坐地自划	zuò dì zì huá
代人捉刀	dài rén zhuō dāo
刻骨铭心	kè gǔ míng xīn
铭心刻骨	míng xīn kè gǔ
赤胆忠心	chì dǎn zhōng xīn
忠心赤胆	zhōng xīn chì dǎn
遗迹谈虚	yí jì tán xū
放纵不羁	fàng zòng bù jī
隐然敌国	yǐn rán dí guó
勃然大怒	bó rán dà nù
众怨之的	zhòng yuàn zhī dì
同舟敌国	tóng zhōu dí guó
杀身报国	shā shēn bào guó
取信于民	qǔ xìn yú mín
四山五岳	sì shān wǔ yuè
魂飞魄散	hún fēi pò sàn
魄散魂飞	pò sàn hún fēi
积忧成疾	jī yōu chéng jí
四纷五落	sì fēn wǔ luò
心旷神恬	xīn kuàng shén tián
盗怨主人	dào yuàn zhǔ rén
齐人攫金	qí rén jué jīn
必不挠北	bì bù náo běi
山鸡舞镜	shān jī wǔ jìng
岁在龙蛇	suì zài lóng shé
玉惨花愁	yù cǎn huā chóu
偷声细气	tōu shēng xì qì
以逸待劳	yǐ yì dài láo
逸以待劳	yì yǐ dài láo
五鼎万钟	wǔ dǐng wàn zhōng
助天为虐	zhù tiān wéi nüè
各色人等	gè sè rén děng
富国强民	fù guó qiáng mín
国富民强	guó fù mín qiáng
民富国强	mín fù guó qiáng
口干舌焦	kǒu gàn shé jiāo
地丑力敌	dì chǒu lì dí
谋图不轨	móu tú bù guǐ
图谋不轨	tú móu bù guǐ
补天浴日	bǔ tiān yù rì
黄发儿齿	huáng fà ér chǐ
爽然若失	shuǎng rán ruò shī
号天扣地	hào tiān kòu dì
三阳交泰	sān yáng jiāo tai
操之过激	cāo zhī guò jī
比物假事	bǐ wù jiǎ shì
龙潜凤采	lóng qián fèng cǎi
失张失致	sh zhng sh zhì
神藏鬼伏	shén cáng guǐ fú
败柳残花	bài liǔ cán huā
残花败柳	cán huā bài liǔ
罔极之恩	wǎng jí zhī ēn
公正廉明	gōng zhèng lián míng
廉明公正	lián míng gōng zhèng
先礼后兵	xiān lǐ hòu bīng
有根有苗	yǒu gēn yǒu miáo
尽付东流	jìn fù dōng liú
浮石沉木	fú shí chén mù
矢志不渝	shǐ zhì bù yú
绝妙好辞	jué miào hǎo cí
血盆大口	xuè pén dà kǒu
逆天违众	nì tiān wéi zhòng
朝发夕至	zhāo fā xī zhì
冰洁玉清	bīng jié yù qīng
冰清玉洁	bīng qīng yù jié
玉洁冰清	yù jié bīng qīng
玉清冰洁	yù qīng bīng jié
对头冤家	duì tóu yuān jiā
冤家对头	yuān jia duì tóu
雁断鱼沉	yàn duàn yú chén
黄钟长弃	huáng zhōng cháng qì
遁天倍情	dùn tiān bèi qíng
瞒天昧地	mán tiān mèi dì
昧地瞒天	mèi dì mán tiān
枝叶相持	zhī yè xīng chí
桃李之教	táo lǐ zhī jiào
卷土重来	juǎn tǔ chóng lái
一班一级	yī bān yī jí
大旱望云	dà hàn wàng yún
