derivation,example,explanation,pinyin,word,abbreviation,pinyin_r,first,last
鲁迅《我的第一个师父》这和名孩子为阿猫阿狗，完全是一样的意思容易养大。”,在德国无论～见面，一律互相举手高喊希特勒万岁”。★邹韬奋《法西斯作风的罪恶》,旧时人们常用的小名。引申为任何轻贱的，不值得重视的人或著作。,ā māo ā gǒu,阿猫阿狗,amag,a mao a gou,a,gou
《二程全书·伊川易传一》周之与否在君而已，不可阿谀奉迎求其比己也。”,其时京师有一流棍，名叫李光，专一～，谄事令孜。★明·凌濛初《初刻拍案惊奇》卷二十二,阿谀用言语恭维别人；逢迎迎合别人的心意。奉承，拍马，讨好别人。,ē yú féng yíng,阿谀逢迎,eyfy,e yu feng ying,e,ying
明·东鲁古狂生《醉醒石》第八回他却小器易盈，况且是个小人，在人前不过一味阿谀奉承。”,无,阿谀用言语恭维别人；奉承恭维，讨好。曲从拍马，迎合别人，竭力向人讨好。,ē yú fèng chéng,阿谀奉承,eyfc,e yu feng cheng,e,cheng
《诗经·小雅·鸿雁》鸿雁于飞，哀鸣嗷嗷。”,我记得历史上的罗马何等殷阗繁盛，怎么今日却是～，春燕无归，满眼凄惶。★清·梁启超《新罗马》,哀鸿哀鸣的鸿雁。比喻啼饥号寒的灾民。比喻在天灾人祸中到处都是流离失所、呻吟呼号的饥民。,āi hóng biàn yě,哀鸿遍野,ahby,ai hong bian ye,ai,ye
明·凌濛初《二刻拍案惊奇》卷三十八终日价没心没想，哀声叹气。”,我看你脸上一团私欲愁闷气色！这会子又～，你那些还不足，还不自在？★清·曹雪芹《红楼梦》第三十三回,因伤感郁闷或悲痛而发出叹息的声音。,āi shēng tàn qì,唉声叹气,astq,ai sheng tan qi,ai,qi
老舍《四世同堂》七四自从他作了副县长，随着白巡长挨家挨户地收铜铁，他的美誉便降落了许多。”,无,每家每户，户户不漏。挨，依次，顺次。,āi ji āi hù,挨家挨户,ajah,ai ji ai hu,ai,hu
南朝·梁·萧统《陶渊明集序》余爱嗜其文，不能释手。”,虽是不合他的路数，可奈文有定评，他看了也知道～。★清·文康《儿女英雄传》第三十五回,释放下。喜爱得舍不得放手。,ài bù shì shǒu,爱不释手,abss,ai bu shi shou,ai,shou
《诗经·大雅·焌民》维仲山甫举之，爱莫助之。”,收到各处的回信，只是写些～”之类的抱歉话。★叶圣陶《得失》,爱爱惜；莫不。虽然心中关切同情，却没有力量帮助。,ài mò néng zhù,爱莫能助,amnz,ai mo neng zhu,ai,zhu
《尚书大传·大战》爱人者，兼其屋上之乌。”,子存宠上了小老婆，未免～”，把他也看得同上客一般。★清·吴趼人《二十年目睹之怪现状》第十四回,因为爱一个人而连带爱他屋上的乌鸦。比喻爱一个人而连带地关心到与他有关的人或物。,ài wū jí wū,爱屋及乌,awjw,ai wu ji wu,ai,wu
汉·刘向《说苑·杂言》夫君子爱口，孔雀爱羽，虎豹爱爪，此皆所以治身法也。”,灰鹤与他都是高傲的，～的，而他与它们的高傲只是一种姿态而已，没有用，没有任何的用。★老舍《四世同堂》五十,羽毛比喻人的声望。比喻为珍惜自己的名声，行事十分谨慎。,ài xī yǔ máo,爱惜羽毛,axym,ai xi yu mao,ai,mao
陈若曦《耿尔在北京》他很困惑，也很痛苦，想不到爱憎分明、坚强独立的小睛会怕人‘闲话’。”,无,憎恨。爱和恨的立场和态度十分鲜明。,ài zēng fēn míng,爱憎分明,azfm,ai zeng fen ming,ai,ming
清·文康《儿女英雄传》第八回又把你姑娘一片侠肠，埋没得暧昧不明，我安龙媒真真的愧悔无地！”,武汉国民政府和当权军人对于这叛变采取了～的态度，办求化大事为小事”。★陶菊隐《北洋军阀统治时期史话》,暧昧含糊，不清楚。指不清不楚，不明不白。形容态度不明朗，关系不鲜明。,ài mèi bù míng,暧昧不明,ambm,ai mei bu ming,ai,ming
元·无名氏《抱妆盒》第四折小储君倒也安安稳稳守着妆盒做护身符，则是我陈琳兢兢战战抱着个天大闷葫芦。”,无,形容十分安定稳当。,ān ān wěn wěn,安安稳稳,aaww,an an wen wen,an,wen
《周易·系辞下》是故君子安而不忘危，存而不忘亡，治而不忘礼，是以身安而国家可保也。”,何小姐是从苦境里过来的，如今得地身安，安不忘危，立志要成全起这份人家，立番事业。★清·文康《儿女英雄传》第三十回,在安全的时候不忘记危难。意思是时刻谨慎小心，提高警惕。,ān bù wàng wēi,安不忘危,abww,an bu wang wei,an,wei
宋·袁文《翁牖闲评》八彼安分守己，恬于进取者，方且以道义自居，其肯如此侥幸乎？”,从此养好了，可要安分守己，再别胡行乱闹了。★清·曹雪芹《红楼梦》第七十二回,分本分。规矩老实，守本分，不做违法的事。,ān fèn shǒu jǐ,安分守己,afsj,an fen shou ji,an,ji
染斌《红旗谱》第一卷你们父子帮助我安家立业，我一辈子也忘不了。”,无,安置家庭，创立基业或事业。也指长期在一个地方劳动和生活。,ān jiā lì yè,安家立业,ajly,an jia li ye,an,ye
郭沫若《郑成功》第四章台湾每年可收二三季，我们去只要辛苦得几个月，就可以安家落户了。”,无,安安置；落户指定居。到一个新地方安家，长期居住。,ān jiā luò hù,安家落户,ajlh,an jia luo hu,an,hu
《老子》第八十章民各甘其食，美其服，安其俗，乐其业，至老死不相往来。”《汉书·货殖列传》各安其居而乐其业，甘其食而美其服。”,一家正～，不想安禄山兵乱，潼关失守，天子西幸。★明·冯梦龙《醒世恒言》卷六,安安定；乐喜爱，愉快；业职业。指安定愉快地生活和劳动。,ān jū lè yè,安居乐业,ajly,an ju le ye,an,ye
《后汉书·杨彪传》安贫乐道，恬于进趣，三辅诸儒莫不慕仰之。”,劝人～是古今治国平天下的大经络，开过的方子也很多，但都没有十全大补的功效。★鲁迅《花边文学·安贫乐道法》,道主张，思想。安于贫穷，以坚持自己的信念为乐。旧时士大夫所主张的为人处世之道。,ān pín lè dào,安贫乐道,apld,an pin le dao,an,dao
清·夏敬渠《野叟曝言》第三十二回四嫂不来聒噪，耳根清净，倒也安然无事，除非把你两家合成一家，我一个人就好照顾了。”,要得～，除非把你两家合成一家，我一个人儿就好照顾了。★清·文康《儿女英雄传》第九回,犹言平安无事。,ān rán wú shì,安然无事,arws,an ran wu shi,an,shi
《战国策·齐策》岁亦无恙耶？民亦无恙耶？王亦无恙耶？。”,只求处士每岁元旦，作一朱幡，上图日月五星之文，立于苑东，吾辈则安然无恙矣。★明·冯梦龙《醒世恒言》第四卷,恙病。原指人平安没有疾病。现泛指事物平安未遭损害。,ān rán wú yàng,安然无恙,arwy,an ran wu yang,an,yang
宋·释道原《景德传灯录》卷十僧问‘学人不据地时如何？’师云‘汝向什么处安身立命？’”,那里是镇守边庭，用人之际，足可以～。★明·施耐庵《水浒全传》第二回,安身在某处安下身来；立命精神有所寄托。指生活有着落，精神有所寄托。,ān shēn lì mìng,安身立命,aslm,an shen li ming,an,ming
三国·魏·曹植《求自试表》而臣敢陈闻于陛下者，诚与国分形同气，忧患共之者也。”,无,共同享受安乐，共同承担危难。形容关系密切，利害相连。,ān wēi yǔ gòng,安危与共,awyg,an wei yu gong,an,gong
元·无名氏《两军师隔江斗智》第二折这周瑜匹夫，累累兴兵来索瘸荆州地面，如今在柴桑渡口安营扎寨，其意非小。”,打什么地方进兵，打什么地方退兵，什么地方可以～，什么地方可以埋伏，指手画脚的讲了一通。★清·李宝嘉《官场现形记》第十四回,安、扎建立，安置；寨防守用的栅栏。指部队驻扎下来。也比喻建立临时的劳动或工作基地。,ān yíng zhā zhài,安营扎寨,ayzz,an ying zha zhai,an,zhai
刘少奇《论党》另有些同志在工作中疲蹋，老一套，安于现状。”,无,对目前的情况习惯了，不愿改变。,ān yú xiàn zhuàng,安于现状,ayxz,an yu xian zhuang,an,zhuang
清·范寅《越谚·附论·论堕贫》贪逸欲而逃勤苦，丧廉耻而习谄谀，甘居人下，安之若素。”,第二天宝小姐酒醒，很觉得过意不去◇来彼此熟了，见瞿太太常常如此，也就～了。★清·李宝嘉《官场现形记》第三十八回,安安然，坦然；之代词，指人或物；素平常。安然相处，和往常一样，不觉得有什么不合适。,ān zhī ruò sù,安之若素,azrs,an zhi ruo su,an,su
王树元《杜鹃山》第五嘲前马后跟你跑，出生入死为你干。”,无,马前马后。指追随左右。,ān qián mǎ hòu,鞍前马后,aqmh,an qian ma hou,an,hou
《荀子·王制》偃然按兵不动。”《吕氏春秋·恃君览》赵简子按兵而不动。”,又听得寨前炮响，史文恭～，只要等他入来，塌了陷坑，山后伏兵齐起，接应捉人。★明·施耐庵《水浒全传》第六十八回,按止住。使军队暂不行动。现也比喻暂不开展工作。,àn bīng bù dòng,按兵不动,abbd,an bing bu dong,an,dong
晋·陆机《文赋》然后选义案部，考辞就班。”,但黄公俊的祖父，他开始读了书，象一般读书人似的，他～的要将八股型的才学，货与帝王家”。★郑振铎《黄公俊之最后》,部、班门类，次序；就归于。按照一定的步骤、顺序进行。也指按老规矩办事，缺乏创新精神。,àn bù jiù bān,按部就班,abjb,an bu jiu ban,an,ban
明·冯梦龙《警世通言·白娘子水镇雷峰塔》不想遇着许宣……按捺不住，一时冒范天条。”,他一听这话，一股无名火直往上窜，无论如何也～。,按捺压抑，忍耐。心里急燥，克制不住。,àn nà bù zhù,按捺不住,anbz,an na bu zhu,an,zhu
《汉书·梅福传》今不循伯者之道，乃欲以三代选举之法取当时之士，犹察伯乐之图求骐骥于市，而不可得，变已明矣。”,每见一班～者，多失于骊黄牝牡。★明·赵沺《葬书问对》,索找；骥良马。按照画像去寻求好马。比喻墨守成规办事；也比喻按照线索去寻求。,àn tú suǒ jì,按图索骥,atsj,an tu suo ji,an,ji
《史记·高祖本纪》……项王使卒三万人从，楚与诸侯之慕从者数万人，从杜南入蚀中。去辄烧绝栈道，以备诸侯盗兵袭之，亦示项羽无东意……八月，汉王用韩信之计，从故道还，袭雍王章邯—迎击汉陈仓，雍兵败，…,臣已算定今番诸葛亮必效韩信～之计。★《三国演义》第九六回,指正面迷惑敌人，而从侧翼进行突然袭击。亦比喻暗中进行活动。陈仓，古县名，在今陕西省宝鸡市东，为通向汉中的交通孔道。,àn dù chén cāng,暗度陈仓,adcc,an du chen cang,an,cang
宋·苏轼《百步洪》诗之二佳人未肯回秋波，幼舆欲语防飞梭。”,对张（作霖）则～，对曹（锟）尤密切勾结。★蔡东藩、许廑父《民国通俗演义》第一二四回,旧时比喻美女的眼睛象秋天明净的水波一样。指暗中眉目传情。,àn sòng qiū bō,暗送秋波,asqb,an song qiu bo,an,bo
清·蒲松龄《聊斋志异·老龙船户》剖腹沉石，惨冤已甚，而木雕之有司，绝不少关痛痒，岂特粤东之暗无天日哉！”,上自王后，下至弄臣，骇得凝结着的神色也应声活动起来，似乎感到～的悲哀。★鲁迅《故事新编·铸剑》,昏暗得看不到天上的日光。形容在反动势力统治下社会的黑暗。,àn wú tiān rì,暗无天日,awtr,an wu tian ri,an,ri
清·文康《儿女英雄传》第三十四回头上戴一个黯淡无光的亮蓝顶儿，那枝俏摆春风的孔雀瓴已经虫蛀的剩了光杆儿了。”,但是这个电报却又引起了张勋的不愉快，因为，他的十三省盟主地位因此而～。★陶菊隐《北洋军阀统治时期史话》第二十四章,黯淡同暗淡”，不明亮，昏暗。形容失去光彩。,àn dàn wú guāng,黯淡无光,adwg,an dan wu guang,an,guang
清·百一居士《壶天录》女更黯然神伤，泫然流涕。”,这个满脸胡须的中年人，扫头看见了船尾妇妇，～的目光突然发亮了。★从维煕《遗落在海滩上的脚印》,指心神悲沮的样子。,àn rán shén shāng,黯然神伤,arss,an ran shen shang,an,shang
南朝·梁·江淹《别赋》黯然销魂者，惟别而已矣。”李善注黯然，失色貌”,所有同类题材的绘画和它比较起来，都～。★秦牧《艺海拾贝·〈最后的晚餐〉》,黯然心里不舒服、情绪低落的样子；失色因惊恐而变以脸色。本指心怀不好，脸色难看◇多比喻相形之下很有差距，远远不如。,àn rán shī sè,黯然失色,arss,an ran shi se,an,se
老舍《鼓书艺人》二十四新郎昂首阔步，在他身边迈着鸭子步，为的是显摆他那马靴和银马刺。”,无,昂仰，高抬。抬起头迈开大步向前。形容精神抖擞，意气风发。,áng shǒu kuò bù,昂首阔步,askb,ang shou kuo bu,ang,bu
欧阳予情《小英姑娘》她伸开两手昂首挺胸，狂了似的往外跑。”,个个视死如归，坚贞不屈，～站在那里。王之燕同志领头高呼起口号。★《上饶集中营·浩气长存》,抬起头，挺起胸膛。形容斗志高，士气旺。,áng shǒu tǐng xiōng,昂首挺胸,astx,ang shou ting xiong,ang,xiong
《诗经·小雅·鸿雁》鸿雁于飞，哀鸣嗷嗷。”汉·荀悦《前汉纪·成帝纪三》作治数年，天下遍被其劳，国家疲弊，府库空虚，下至众庶，嗷嗷苦之。”,文章尽可在别的刊物上发表，对于～的创造社的几种刊物却一字也不肯飞来。★郭沫若《学生时代·创造十年续编》,嗷嗷哀鸣声；待等待；哺喂食。饥饿时急于求食的样子。形容受饥饿的悲惨情景。,áo áo dài bǔ,嗷嗷待哺,aadb,ao ao dai bu,ao,bu
《三国志·吴志·三嗣主传》裴松之注引孙皓侍中李仁之言视人君相忤，是乃祀所谓傲慢；傲慢则无礼，无礼则不臣，不臣则犯罪，犯罪则陷不测矣。”,无,态度傲慢，对人不讲礼节。,ào màn wú lǐ,傲慢无礼,amwl,ao man wu li,ao,li
茅盾《白杨礼赞》难道你竟一点也不联想到，在敌后的广大土地上，到处有坚强不屈，就象这白杨树一样傲然挺立的守卫他们家乡的哨兵？”,无,傲然坚强不屈的样子。挺立像山峰一样高高地耸立。形容坚强而不可动摇。,ào rán tǐng lì,傲然挺立,artl,ao ran ting li,ao,li
无,一方有难，八方支援,形容各方面都支持、援助。,bā fāng zhī yuán,八方支援,bfzy,ba fang zhi yuan,ba,yuan
唐·卢纶《赋得彭祖楼送杨宗德归徐州幕》诗四户八窗明，玲珑逼上清。”宋·夏元鼎《满庭芳》词虽是无为清静，依然要八面玲珑。”,原来宝廷的为人，是～，却十分落拓。★清·曾朴《孽海花》第七回,玲珑精巧细致，指人灵活、敏捷。本指窗户明亮轩敞◇用来形容人处世圆滑，待人接物面面俱到。,bā miàn líng lóng,八面玲珑,bmll,ba mian ling long,ba,long
明·无名氏《八仙过海》第二折则俺这八仙过海神通大，方显这众圣归山道法强，端的万古名扬。”,说得好，咱们就～吧！★老舍《茶馆》第一幕,相传八仙过海时不用舟船，各有一套法术。民间因有八仙过海，各显神通”的谚语◇以比喻各自拿出本领或办法，互相竞赛。,bā xiān guò hǎi,八仙过海,bxgh,ba xian guo hai,ba,hai
萧白《晚祷》多少思怀在这圆圆月中，一次偶然的月下促膝，常成一生追念，于是巴山蜀水近来，洞庭湘河近来，扬子江钟山也近来……”,无,巴、蜀指四川一带。四川一带的山山水水。,bā shān shǔ shuǐ,巴山蜀水,bsss,ba shan shu shui,ba,shui
《儿女英雄传》第十回自然就不能不闹到扬眉裂眦拔刀相向起来。”,但当他们一看到侵略者公然～的时候，他们丝毫也不动摇地采取了伟大的中国人民在这样场合所惟一可能而且必须采取的办法。★《人民日报》1951.1.11,指动武。,bá dāo xiāng xiàng,拔刀相向,bdxx,ba dao xiang xiang,ba,xiang
宋·释道元《景德传灯录》卷二十二师曰‘路见不平，所以按剑。’”,路见不平，～。★元·马致远《陈抟高卧》第一折,旧小说中多指打抱不平。,bá dāo xiāng zhù,拔刀相助,bdxz,ba dao xiang zhu,ba,zhu
《孟子·公孙丑上》宋人有闵其苗之不长而揠之者，茫茫然归，谓其人曰‘今日病矣，予助苗长矣。’其子趋而往视之，苗则槁矣。”,那种不顾学生能否接受的填鸭式的教学方法，无异于～。,比喻违反事物发展的客观规律，急于求成，反而坏事。,bá miáo zhù zhǎng,拔苗助长,bmzz,ba miao zhu zhang,ba,zhang
《诗经·鄘风·载驰》大夫跋涉，我心则忧。”《左传·襄公二十八年》跋山涉水，蒙犯霜露。”,同样的青春，同样的年龄，有人～，为改变祖国一穷二白的面貌而感到莫大的幸福。★魏巍《路标》,跋山翻过山岭；涉水用脚趟着水渡过大河。翻山越岭，趟水过河。形容走远路的艰苦。,bá shān shè shuǐ,跋山涉水,bsss,ba shan she shui,ba,shui
《史记·项羽本纪》记载霸王项羽在和刘邦夺封建统治权的战争中，最后兵败，自知大势已去，在突围前夕，不得不和虞姬决别。,不是有一出戏叫《～》吗？这些同志如果总是不改，难免有一天要别姬”就是了。★毛泽东《在扩大的中央工作会议上的讲话》,姬指西楚霸王项羽的宠妾虞姬。形容英雄末路的悲壮情景。现多比喻独断专行，脱离群众，最终垮台。,bà wáng bié jī,霸王别姬,bwbj,ba wang bie ji,ba,ji
唐·韩愈《祭十二郎文》吾年未四十，而视茫茫，而发苍苍，而齿牙动摇。”,无,苍苍灰白色。头发灰白。形容人的苍老。,bái fà cāng cāng,白发苍苍,bfcc,bai fa cang cang,bai,cang
《庄子·知北游》人生天地之间，若白驹之过卻，忽然而已。”,～，日月穿梭，才见梅开腊底，又早天气回阳。★明·兰陵笑笑生《金瓶梅词话》第二回,白驹白色骏马，比喻太阳；隙缝隙。象凶马在细小的缝隙前跑过一样。形容时间过得极快。,bái jū guò xì,白驹过隙,bjgx,bai ju guo xi,bai,xi
明·豫章醉月子《精选雅笑·送匾》以为必中而遍问星相者，亦是白日做梦。”,换抠三县鬼迷心窍妄想回头！明摆着的，是你抠三县～。★谌容《万年青》五十七,大白天做梦。比喻根本不能实现的梦想。,bái rì zuò mèng,白日做梦,brzm,bai ri zuo meng,bai,meng
《金史·世纪》生女之地有混同江、长白山。混同江亦号黑龙江，所谓‘白山黑水’是也。”,～之间，是我大清发祥地，你们去看看体验一下也好。★唐明浩《曾国藩》第三部第四章,长白山和黑龙江。泛指我国东北地区。,bái shān hēi shuǐ,白山黑水,bshs,bai shan hei shui,bai,shui
《朱子语类》卷一０七今士大夫白屋起家，以致荣显。”,你看，他发了多少财，～，靠的是谁？如今也忘了水源头了，墙上的草，两边倒着呢。★丁玲《太阳照在桑干河上》,白手空手；起家创建家业。形容在没有基础和条件很差的情况下自力更生，艰苦创业。,bái shǒu qǐ jiā,白手起家,bsqj,bai shou qi jia,bai,jia
《诗经·卫风·氓》及尔偕老。”明·陆采《怀香记·奉诏班师》孩儿，我与你母亲白头偕老，富贵双全。”,小娘半老之际，风波历尽，刚好遇到个老成的孤老，两下志同道合，收绳卷索，～。★明·冯梦龙《醒世恒言》卷三,白头头发白。夫妻相亲相爱，一直到老。,bái tóu dào lǎo,白头到老,btdl,bai tou dao lao,bai,lao
《诗经·卫风·氓》及尔偕老。”明·陆采《怀香记·奉诏班师》孩儿，我与你母亲白头偕老，富贵双全。”,我原说过，她不会跟你～的。★巴金《寒夜》,白头头发白；偕共同。夫妻相亲相爱，一直到老。,bái tóu xié lǎo,白头偕老,btxl,bai tou xie lao,bai,lao
秦牧《鲜荔枝和干荔枝》白雪皑皑的山峰，当阳光照耀的时候……大概总以为是灿烂得很，大可观赏的吧。”,无,皑皑洁白的样子，多用来形容霜雪。洁白的积雪银光耀眼。,bái xuě ái ái,白雪皑皑,bxaa,bai xue ai ai,bai,ai
郭戈《金瓶梅传奇》第十一回柔玉不便道出自己身世，编个话儿与她道‘奴家父母早逝，自幼跟哥嫂度日。只是嫂嫂容不得，百般刁难，与其受人凌辱，倒不如自寻清净，避开人世烦恼。’”,无,用各种手段使对方过不去。,bǎi bān diāo nàn,百般刁难,bbdn,bai ban diao nan,bai,
《史记·周本纪》楚有养由基者，善射者也，去柳叶百步而射之，百发而百中之。”《战国策·西周策》楚有养由基者，善射；去柳叶百步而射之，百发百中。”,（关羽）带箭回寨，方知黄忠有百步穿杨之能。★明·罗贯中《三国演义》第五十三回,在一百步远以外射中杨柳的叶子。形容箭法或枪法十分高明。,bǎi bù chuān yáng,百步穿杨,bbcy,bai bu chuan yang,bai,yang
唐·吴融《商人》诗百尺竿头五两斜，此生何处不为家。”,功名～，自古及今，有几个干休。★元·张养浩《折桂令》曲,桅杆或杂技长竿的顶端。比喻极高的官位和功名，或学问、事业有很高的成就。,bǎi chǐ gān tóu,百尺竿头,bcgt,bai chi gan tou,bai,tou
《战国策·西周策》楚有养由基者，善射，去柳叶百步而射之，百发百中。”,回见子牙，叩头在地丞相妙计，～。”★明·许仲琳《封神演义》第三十六回,形容射箭或打枪准确，每次都命中目标。也比喻做事有充分把握。,bǎi fā bǎi zhòng,百发百中,bfbz,bai fa bai zhong,bai,zhong
王颖《海外赤子》百废待兴，一下子怎么能抓得过来。”,无,废被废置的事情；待等待；兴兴办。许多被搁置的事情等着要兴办。,bǎi fèi dài xīng,百废待兴,bfdx,bai fei dai xing,bai,xing
南朝·宋·刘义庆《世说新语·言语》见此茫茫，不觉百端交集，苟未免有情，亦复谁能遣此。”,我是上一个世纪出生的人，能参加这样的盛会，～，思绪万千。★郭沫若《科学的春天》,感感想；交同时发生。各种感触交织在一起。形容感触很多，心情复杂。,bǎi gǎn jiāo jí,百感交集,bgjj,bai gan jiao ji,bai,ji
清·李汝珍《镜花缘》第三回百花仙子只顾在此著棋，那知下界帝王忽有御旨命他百花齐放。”,美术展览会上展出了许多新作品，～，各具风格。,形容百花盛开，丰富多彩。比喻各种不同形式和风格的艺术自由发展。也形容艺术界的繁荣景象。,bǎi huā qí fàng,百花齐放,bhqf,bai hua qi fang,bai,fang
无,北方的夏天绿树成荫，百花争艳。,各种花草树木竞相开放出艳丽的花朵。,bǎi huā zhēng yàn,百花争艳,bhzy,bai hua zheng yan,bai,yan
《汉书·艺文志》凡诸子百八十九家……蜂出并作，各引一端，崇其所说，以此弛说，取舍诸候。”,自春秋末年以来，中国的思想得到一个极大的开放，呈现出一个～的局面。★郭沫若《吕不韦与秦王政的批判》,指各种学术流派的自由争论互相批评。也指不同意见的争论。百家，这种观点的人或各种学术派别。鸣，发表见解。,bǎi jiā zhēng míng,百家争鸣,bjzm,bai jia zheng ming,bai,ming
宋·刘过《建康狱中上吴居父》虽有百口而莫辩其辜。”,玉林和忠和醒悟了，一打便是祸事，若是李三顺身上有了伤，便～，官司”非输不可。★高阳《清宫外史》上册,莫不能；辩辩白。即使有一百张嘴也辩白不清。形容不管怎样辩白也说不清楚。,bǎi kǒu mò biàn,百口莫辩,bkmb,bai kou mo bian,bai,bian
清·曹雪芹《红楼梦》第一百二十回姑爷年纪略大几岁，并没有娶过的，况且人物儿长的是百里挑一的。”,对报名参军的人挑选很严格，可以说是～。,一百个当中就挑出这一个来。形容人才出众。,bǎi lǐ tiāo yī,百里挑一,blty,bai li tiao yi,bai,yi
汉·陈琳《武军赋》铠则东胡阙巩，百炼精刚。”,他周大勇的战士却在战争中～，精通了打击敌人的本领。★杜鹏程《保卫延安》第七章,比喻经过长期锻炼，变得非常坚强。,bǎi liàn chéng gāng,百炼成钢,blcg,bai lian cheng gang,bai,gang
清·魏源《庸易通义》至道问学之有知无行，分温故为存心，知新为致知，而敦厚为存心，崇礼为致知，此皆百密一疏。”,深知杜竹斋为人的吴荪甫此时却～，竟没有看透竹斋的心曲。他一而再，再而三的，用鼓励，用反激。★茅盾《子夜》十,在极周密的考虑中偶然出现了一点疏忽。,bǎi mì yī shū,百密一疏,bmys,bai mi yi shu,bai,shu
老舍《龙须沟》第三幕不是要开大会吗？百年不遇的事，我歇半天工，好开会去。”,无,一百年也碰不到一次。形容很少见到过或少有的机会。,bǎi nián bù yù,百年不遇,bnby,bai nian bu yu,bai,yu
清·梁启超《论民族竞争之大势》数月之间，而其权力已深入巩固，而百年大计于以定矣。”,～，教育为本。,大计长远的重要的计划。指关系到长远利益的计划或措施。,bǎi nián dà jì,百年大计,bndj,bai nian da ji,bai,ji
无,百年大业，教育为本。,指关系到长远利益的重要计划或措施。同百年大计”。,bǎi nián dà yè,百年大业,bndy,bai nian da ye,bai,ye
《粉妆楼》第一回百年和合，千载团圆恭喜！”,今日你们缔结了良缘，祝福你们～，万事如意。,夫妻永远和好之意。,bǎi nián hǎo hé,百年好合,bnhh,bai nian hao he,bai,he
清·文康《儿女英雄传》第九回若说一样的动心，把这等终身要紧的大事、百年难遇的良缘，倒扔开自己，双手送给我这样一个初次见面旁不相干的张金凤，尤其不是情理。”,这种怪事～，今天倒开了眼界。,百年也碰不到。形容罕见或很不容易碰到。,bǎi nián nán yù,百年难遇,bnny,bai nian nan yu,bai,yu
《管子·权修》一年之计，莫如树谷；十年之计，莫如树木，终身之计，莫如树人。”,古人都知道～的道理，我们更应该把培养人才这件大事抓好。,树种植，栽培。比喻培养人才是长期而艰巨的事。,bǎi nián shù rén,百年树人,bnsr,bai nian shu ren,bai,ren
《曹操集·卷二·军谯令》为存者立庙，使视其先人。魂而有灵，吾百年之后何恨哉！”元·武汉臣《老生儿》第三折俺女儿百年之后，可往俺刘家坟里埋也，去他张家坟里埋？”,您～，安葬何处？★鲁讯《题未定”草·五》,死的讳称。,bǎi nián zhī hòu,百年之后,bnzh,bai nian zhi hou,bai,hou
宋·李昿等《太平御览》九百一十五卷引《唐书》海州言凤见于城上，群鸟数百随之，东北飞向苍梧山。”,那些玉斝中的长春露酒也都由站在身边侍候的宫女接过去倾入一只绘着～的大瓷缸中。★姚雪垠《李自成》第二卷第三十一章,朝朝见；凤凤凰，古代传说中的鸟王。旧时喻指君主圣明而天下依附，后也比喻德高望重者众望所归。,bǎi niǎo cháo fèng,百鸟朝凤,bncf,bai niao chao feng,bai,feng
清·纪昀《阅微草堂笔记》卷十三此真百思不得其故矣。”,～，五夜踌蹰，故乘隙邀君一面，以决中疑。★清·无名氏《葛仙翁全传》,百多次；解理解。百般思索也无法理解。,bǎi sī bù jiě,百思不解,bsbj,bai si bu jie,bai,jie
清·范寅《越谚·名物·风俗》百无禁忌，诸邪回避。”,则知太公封神，古有此说。今人于门户每书姜太公在此，～，亦非无所本矣。★鲁迅《小说旧闻钞·封神传衍义》,百所有的，不论什么；禁忌忌讳。什么都不忌讳。,bǎi wú jìn jì,百无禁忌,bwjj,bai wu jin ji,bai,ji
汉·蔡琰《悲愤》诗为复强视息，虽生何聊赖。”,在～中，随手抓过一本书来，科学也好，文学也好，横竖什么都一样。★鲁迅《彷徨·伤逝》,聊赖依赖。精神上无所寄托，感到什么都没意思。,bǎi wú liáo lài,百无聊赖,bwll,bai wu liao lai,bai,lai
明·凌濛初《初刻拍案惊奇》第十三卷做爷娘的百依百顺，没一事违拗了他。”,这安公子是那女孩儿一般～的人。★清·文康《儿女英雄传》第三回,依、顺顺从。什么都依从。形容一切都顺从别人。,bǎi yī bǎi shùn,百依百顺,bybs,bai yi bai shun,bai,shun
《孙子·谋攻》百战百胜，非善之善者也。”,项籍唯不能忍，是以～而轻用其锋。★宋·苏轼《留侯论》,每战必胜。形容所向无敌。,bǎi zhàn bǎi shèng,百战百胜,bzbs,bai zhan bai sheng,bai,sheng
《孙子·谋攻》知彼知己者百战不殆。”,自古名将料敌制胜，训练士兵，故可使赴汤蹈火，～。★《金史·刘炳传》,经历许多次战役，都没有遭到危险。形容善于用兵。,bǎi zhàn bù dài,百战不殆,bzbd,bai zhan bu dai,bai,dai
汉·蔡邕《太尉乔玄碑》其性庄，疾华尚朴，有百折不挠，临大节而不可夺之风。”,耿耿自始，～。★清·姚莹《复杨君论诗文书》,折挫折。比喻意志坚强，无论受到多少次挫折，毫不动摇退缩。,bǎi zhé bù huí,百折不回,bzbh,bai zhe bu hui,bai,hui
汉·蔡邕《太尉乔玄碑》其性庄，疾华尚朴，有百折不挠，临大节而不可夺之风。”,汉阳民军总司令黄兴，系湖南长沙县人，向来主张革命，屡仆屡起，～。★蔡东藩、许廑父《民国通俗演义》第三回,折挫折；挠弯曲。比喻意志坚强，无论受到多少次挫折，毫不动摇退缩。,bǎi zhé bù náo,百折不挠,bzbn,bai zhe bu nao,bai,nao
明·冯梦龙《东周列国志》第一回各军士未及领赏，草草而散。正是乘兴而来，败兴而返。”,无,败兴遇到和想象不一致的事而情绪低落。扫兴地归来。,bài xìng ér guī,败兴而归,bxeg,bai xing er gui,bai,gui
《庄子·盗跖》摇唇鼓舌，擅生是非。”元·李寿卿《伍员吹箫》第一折他在平公面前，搬弄我许多事非。”,况三姑六婆，里外搬弄是非，何能不生事端。★清·李汝珍《镜花缘》第十二回,搬弄挑拔。把别人的话传来传去，有意挑拔，或在背后乱加议论，引起纠纷。,bān nòng shì fēi,搬弄是非,bnsf,ban nong shi fei,ban,fei
清·李绿园《歧路灯》第九十三回议亲之事，这三位老伯，并儿的外父一并说好，那就石板上钉钉，就如我爹订的一般。”,海云是已经定性、已经作了～的正式结论的阶级敌人。★王蒙《蝴蝶》,在石板上钉上铁钉。比喻事情已经决定，不能改变。,bǎn shàng dìng dīng,板上钉钉,bsdd,ban shang ding ding,ban,ding
清·蒋士诠《冬青树·提纲》半壁江山，比五季朝廷尤小。”,军声壮，阵法多，～全仗我。★清·吴梅《风洞山·阅兵》,半壁半边；江山比喻国家疆土。指在敌人入侵后残存或丧失的部分国土。,bàn bì jiāng shān,半壁江山,bbjs,ban bi jiang shan,ban,shan
宋·释普济《五灯会元》卷十一问‘来时无物去时空，二路俱迷，如何得不迷去？’师曰‘秤头半斤，秤尾八两。’”宋·释惟白《建中靖国续灯录》踏着秤锤硬似铁，八两元来是半斤。”,众将看他两个本事，都是～的，打扮也差不多。★明·施耐庵《水浒全传》第一百七回,八两即半斤。一个半斤，一个八两。比喻彼此一样，不相上下。,bàn jīn bā liǎng,半斤八两,bjbl,ban jin ba liang,ban,liang
《京本通俗小说·错斩崔宁》先前读书，后来看看不济，却去改业做生意。便是半路出家的一般。”,他不理会内行的嗤笑，写啊改啊，改啊写啊，终于写出了好作品，成了一个颇有希望的～的作家。★公今度《长短录》,原指成年后才出家做和尚或尼姑。比喻中途改行，从事另一工作。,bàn lù chū jiā,半路出家,blcj,ban lu chu jia,ban,jia
无,说来说去，我究竟在半梦半醒之间，做了些甚么呢？★倪匡《卖命·半梦半醒》,指睡眠尚未清醒。,bàn mèng bàn xǐng,半梦半醒,bmbx,ban meng ban xing,ban,xing
汉·张仲景《金匮要略·中风历节》无风之为病，当半身不遂，或但臂不遂者，此为痹脉微而数中风使然。”,蒋百里在宜山的南边路上，汽车坏了，他受了一下子凉，就有一点～的样子。★冯玉祥《我所认识的蒋介石》第三十一章,遂通随”，顺从。原为医学病症名，指半边身体不能随意转动。有时比喻诗文部分好，部分不好，不够匀称。,bàn shēn bù suí,半身不遂,bsbs,ban shen bu sui,ban,sui
参见半生半熟”。,五个中间的老徐能说几句～的广府话。★茅盾《过封锁线》,没有完全成熟或未烹煮至可食用的程度。比喻不熟悉；不熟练。,bàn shēng bù shú,半生不熟,bsbs,ban sheng bu shu,ban,shu
清·朱柏庐《治家格言》一粥一饭，当思来处不易；半丝半缕，恒念物力维艰。”,无,缕线。半根丝，半缕线。形容数量少，价值极其微小的东西。,bàn sī bàn lǜ,半丝半缕,bsbl,ban si ban lv,ban,lv
参见半死半生”。,想跑，水裹住他的脚，他就那么～的，低着头一步一步的往前曳。★老舍《骆驼祥子》十八,指没有生机和活力。死又死不了，活着又受罪。,bàn sǐ bù huó,半死不活,bsbh,ban si bu huo,ban,huo
《礼记·中庸》君子遵道而行，半途而废，吾弗难已矣。”,如果就此请假回国，这里的事～，将来保举弄不到，白吃一趟辛苦。★清·李宝嘉《官场现形记》第五十六回,废停止。指做事不能坚持到底，中途停顿，有始无终。,bàn tú ér fèi,半途而废,btef,ban tu er fei,ban,fei
元·王实甫《西厢记》第四本第一折半推半就，又惊又爱，檀口揾香腮。”,与其学那俗态，～，耽搁工夫；据俺主意，不如从实收了，倒也爽快。★清·李汝珍《镜花缘》第三回,推抵拒，推托；就靠拢，迎上去。一面推辞，一面靠拢上去。形容装腔作势假意推辞的样子。,bàn tuī bàn jiù,半推半就,btbj,ban tui ban jiu,ban,jiu
三国·魏·嵇康《答释难宅无吉凶摄生论》苟卜筮所以成相，虎可卜而地可择，何为半信而半不信耶？”,众人听了，也都～。★清·曹雪芹《红楼梦》第九十四回,有点相信，又有点怀疑。表示对真假是非不能肯定。,bàn xìn bàn yí,半信半疑,bxby,ban xin ban yi,ban,yi
元·马致远《青衫泪》第三折这船上是什么人，半夜三更，大呼小叫的。”,他常常工作到～。,一夜分为五更，三更是午夜十二时。指深夜。,bàn yè sān gēng,半夜三更,bysg,ban ye san geng,ban,geng
元·范居中《金殿喜重重·秋思》套曲我这里千回右转自彷徨，撇不下多情数桩。半真半假乔摸样，宜嗔宜喜娇情况，知疼知热俏心肠。”,刘老义们～地喊叫着不让他们逃，还故意打了几枪，然后带着余下的一部分转回大庙。★姚雪垠《长夜》第二十六章,一半真情，一半假意。不是完全真实的。,bàn zhēn bàn jiǎ,半真半假,bzbj,ban zhen ban jia,ban,jia
明·冯梦龙《警世通言》第十七卷谁知三场得意，榜上无名。自五岁进场，到今二十一岁，三科不中。”,这话令兄也说过，若～，大家莫想他回来。★清·李汝珍《镜花缘》第四十二回,张贴的名单上没有名字。泛指落选。,bǎng shàng wú míng,榜上无名,bswm,bang shang wu ming,bang,ming
明·孟称舜《鹦鹉墓贞文记》他一双儿女两情坚，休得棒打鸳鸯作话传。”,啼痕界破残妆面，德言分镜几时圆？远水高山，眼睁睁～散。★明·李开先《宝剑记》第十九出,用木棒打散一双鸳鸯。比喻拆散恩爱的夫妻或情侣。,bàng dǎ yuān yāng,棒打鸳鸯,bdyy,bang da yuan yang,bang,yang
周立波《暴风骤雨》第二部二三媒婆真是包办代替的老祖宗，可真是把人坑害死了。”,我们工作同志作好参谋，不要指手划脚，～。★陈残云《山谷风烟》第三四章,指应该和有关的人一起商量或一起做的事，却独自办理，不让旁人参与。,bāo bàn dài tì,包办代替,bbdt,bao ban dai ti,bao,ti
《求是》1996年第17期这类机构并不影响各个公司、企业实施光彩事业项目，更不能包打天下。”,无,包承担全部任务，负责完成。将打天下的整个任务承担下来。常指人逞强争胜。,bāo dǎ tiān xià,包打天下,bdtx,bao da tian xia,bao,xia
《黄帝宅经》卷上所以包罗万象，举一千从，运变无形而能化物，大矣哉，阴阳之理也。”,你怎言～，迟早飞升。★明·许仲琳《封神演义》第十三回,包罗包括；万象宇宙间的一切景象，指各种事物。形容内容丰富，应有尽有。,bāo luó wàn xiàng,包罗万象,blwx,bao luo wan xiang,bao,xiang
明·罗贯中《三国演义》第七十回忠（黄忠）怒曰‘竖子欺吾年老！吾手中宝刀却不老。’”,无,比喻虽然年龄已大或脱离本行已久，但功夫技术并没减退。,bǎo dāo bù lǎo,宝刀不老,bdbl,bao dao bu lao,bao,lao
无,爷爷虽然年纪很大了，但宝刀未老，依然每天出去晨练。,形容人到老年还依然威猛，不减当年。,bǎo dāo wèi lǎo,宝刀未老,bdwl,bao dao wei lao,bao,lao
王蒙《轮下》而你是一个四十六岁的男人，饱经沧桑，眼角皱纹细密如网。”,无,饱充分。沧桑沧海变桑田的简缩。泛指世事的变化。经历过多次的世事变化，生活经历极为丰富。,bǎo jīng cāng sāng,饱经沧桑,bjcs,bao jing cang sang,bao,sang
清·孔尚任《桃花扇》第二十一出鸡皮瘦损，看饱经雪霜，丝鬓如银。”,人们那被晒黑的～的脸上，显出严肃而紧张的神情。★冯德英《苦菜花》第一章,饱充分；经经历；风霜比喻艰难困苦。形容经历过长期的艰难困苦的生活和斗争。,bǎo jīng fēng shuāng,饱经风霜,bjfs,bao jing feng shuang,bao,shuang
冰心《跟小朋友谈访埃观感》在保家卫国的强烈感情里，我们两国人民是血肉相连的！”,无,保卫家乡和祖国。,bǎo jiā wèi guó,保家卫国,bjwg,bao jia wei guo,bao,guo
《淮南子·氾论训》（文）种辅翼越王勾践。而为之报怨雪耻。”,滥官害民贱徒，把我全家诛戮，今日正好报仇雪恨！★明·施耐庵《水浒全传》第五十八回,雪洗刷掉。报冤仇，除仇恨。,bào chóu xuě hèn,报仇雪恨,bcxh,bao chou xue hen,bao,hen
参见保残守缺”。,这些似乎都是～，汇集众说而成。★朱自清《经典常谈·周易第二》,抱着残缺陈旧的东西不放。形容思想保守，不求改进。,bào cán shǒu quē,抱残守缺,bcsq,bao can shou que,bao,que
程树榛《大学时代》刘向明和另外两人，抱成一团，异想天开地搞什么科学研究，在同学中造成很坏的影响。”,他们相互～，结党营私。,保持一致，行动起来像一个人。形容关系极为亲密。,bào chéng yī tuán,抱成一团,bcyt,bao cheng yi tuan,bao,tuan
清·刘鹗《老残游记》第四回这里于家父子同他家里人抱头痛哭。”,他的妻子不幸去世，他～，悲痛欲绝。,指十分伤心或感动，抱头大哭。,bào tóu tòng kū,抱头痛哭,bttk,bao tou tong ku,bao,ku
《老子》第二十三章故飘风不终朝，骤雨不终日。”,有雌雄二鸟，原在一处同飞，忽被～惊散。★明·吴承恩《西游记》第六十九回,暴、骤急速，突然。又猛又急的大风雨。比喻声势浩大，发展急速而猛烈。,bào fēng zhòu yǔ,暴风骤雨,bfzy,bao feng zhou yu,bao,yu
周恩来《评马歇尔离华声明》美帝国主义的对华政策已原形毕露，蒋介石政府的卖国外交亦暴露无遗。”,无,暴露显露，显现；遗遗漏。全都暴露出来。,bào lù wú yí,暴露无遗,blwy,bao lu wu yi,bao,yi
《尚书·武成》今商王受无道，暴殄天物，害虐焌民。”,既有许多值钱有东西，任人作践了，也似乎～。★清·曹雪芹《红楼梦》第五十六回,暴损害，糟蹋；殄灭绝；天物指自然生物。原指残害灭绝天生万物◇指任意糟蹋东西，不知爱惜。,bào tiǎn tiān wù,暴殄天物,bttw,bao tian tian wu,bao,wu
《古诗为焦仲卿妻作》我有亲父兄，性行暴如雷。”,他哥哥知道了，气得～。叫了他去骂。★清·吴趼人《二十年目睹之怪现状》第二十三回,暴暴烈，急躁。急怒叫跳，象打雷一样猛烈。形容又急又怒，大发脾气的样子。,bào tiào rú léi,暴跳如雷,btrl,bao tiao ru lei,bao,lei
宋·魏了翁《江陵州丛兰精舍记》公卿大臣皆卑躬屈膝唯后，虽谢安石之贤也，而犹不能免。”,不管有多大困难也不能向朝廷～，用变节投降的办法，苟安一时。★姚雪垠《李自成》第一卷第十四章,卑躬低头弯腰；屈膝下跪。形容没有骨气，低声下气地讨好奉承。,bēi gōng qū xī,卑躬屈膝,bgqx,bei gong qu xi,bei,xi
汉·应劭《风俗通义·世间多有见怪》时北壁上有悬赤弩照于杯，形如蛇。宣畏恶之，然不敢不饮。”,金玦厖凉含隐痛，～负奇冤。★清·黄遵宪《感事》诗,将映在酒杯里的弓影误认为蛇。比喻因疑神疑鬼而引起恐惧。,bēi gōng shé yǐng,杯弓蛇影,bgsy,bei gong she ying,bei,ying
《孟子·告子上》今之为人者，犹以一杯水救一车薪之火也。”,有新债未动毫分的，除了承许夏鼎三十两外，大有～之状。★清·李绿园《歧路灯》第七十四回,用一杯水去救一车着了火的柴草。比喻力量太小，解决不了问题。,bēi shuǐ chē xīn,杯水车薪,bscx,bei shui che xin,bei,xin
三国·魏·曹操《短歌行》悲从中来，不可断绝。”,大家联了此语，益觉～，泣不可抑。★蔡东藩、许廑父《民国通俗演义》第二十回,中内心。悲痛的感情从内心涌出来。,bēi cóng zhōng lái,悲从中来,bczl,bei cong zhong lai,bei,lai
无,生活的艰辛，爱憎的苦恼，使她产生了悲观厌世的情绪。,厌世厌弃人世。对生活失去信心，精神颓丧，厌弃人世。,bēi guān yàn shì,悲观厌世,bgys,bei guan yan shi,bei,shi
宋·苏轼《水调歌头》词人有悲欢离合，月有阴睛阳缺，此事古难全。”,童年的记忆最单纯最真切，影响最深最久，种种～，回想起来最有意思。★朱自清《我是扬州人》,悲伤、欢乐、离散、聚会。泛指生活中经历的各种境遇和由此产生的各种心情。,bēi huān lí hé,悲欢离合,bhlh,bei huan li he,bei,he
唐·韩愈《争臣论》彼二圣一贤者，岂不知自安佚之为乐哉？诚畏天命而悲人穷也。”,君生平绝口弗谈政治，独其～之怀，流露于不自觉，有如此者。★柳亚子《燕子龛遗诗序》,悲天哀叹时世；悯人怜惜众人。指哀叹时世的艰难，怜惜人们的痛苦。,bēi tiān mǐn rén,悲天悯人,btmr,bei tian min ren,bei,ren
无,她听到儿子遭到车祸的消息，悲痛欲绝。,绝穷尽。悲哀伤心到了极点。,bēi tòng yù jué,悲痛欲绝,btyj,bei tong yu jue,bei,jue
《晋书·王弇传》当大明之盛，而守局遐外，不得奉瞻大礼，闻问之日，悲喜交集。”,～的父亲紧紧抱住了久别的儿子。,交共。悲伤和喜悦的心情交织在一起。,bēi xǐ jiāo jí,悲喜交集,bxjj,bei xi jiao ji,bei,ji
唐·柳宗元《〈杨评事文集〉后序》其余各探一隅，相与背驰于道者，其去弥远。”,道学先生于是乎从而禁之，虽然很象～，其实倒是心心相印。★鲁迅《坟·从胡须说到牙齿》,背背向；道道路；驰奔跑。朝相反的方向跑去。比喻彼此的方向和目的完全相反。,bèi dào ér chí,背道而驰,bdec,bei dao er chi,bei,chi
元·贾仲名《对玉梳》第一折送的他离乡背井，进退无门。,～，卧雪眠霜。★元·马致远《汉宫秋》第三折,背离开；井古制八家为井，引伸为乡里，家宅。离开家乡到外地。,bèi jǐng lí xiāng,背井离乡,bjlx,bei jing li xiang,bei,xiang
《史记·淮阴侯列传》信乃使万人先行，出，背水陈。赵军望见而大笑。”,挫折也有两重性。它可以把人置于死地，也可能使人置于死地而后生。他只有～了。★理由《高山与平原》,背水背向水，表示没有退路。比喻与敌人决一死战。,bèi shuǐ yī zhàn,背水一战,bsyz,bei shui yi zhan,bei,zhan
《北史·周纪下·高祖武帝》背惠怒邻，弃信忘义。”,～是插在我背上的一把尖刀。★曹禺《王昭君》第五幕,背违背；信信用；弃扔掉；义道义。违背诺言，不讲道义。,bèi xìn qì yì,背信弃义,bxqy,bei xin qi yi,bei,yi
《国语·鲁语下》士有陪乘，告奔走也。”,于是群情惊疑，～，以为又将重演十年前之惨剧。★毛泽东《向国民党的十点要求》,指有重大的消息时，人们奔跑着相互转告。,bēn zǒu xiāng gào,奔走相告,bzxg,ben zou xiang gao,ben,gao
《书·五子之歌》民惟邦本，本固邦宁。”孔传言人君当固民以安国。”,自古道，立国基，民为邦本；衣食足，知荣辱，～。★京剧《串龙珠》,指人民安居乐业则国家太平。,běn gù bāng níng,本固邦宁,bgbn,ben gu bang ning,ben,ning
唐·慧能《六祖坛经·行由品》不思善，不思恶，正与么时，那个是明上座本来面目。”宋·苏轼《老人行》诗一任秋霜换鬓毛，本来面目长如故。”,这一润色，留传固然留传了，但可惜的是一定失去了许多～。★鲁迅《且介亭杂文·门外文谈》,原为佛家语，指人的本性◇多比喻事物原来的模样。,běn lái miàn mù,本来面目,blmm,ben lai mian mu,ben,mu
金·无名氏《绥德州新学记》然非知治之审，则未尝不本末倒置。”,该简者你却详而不简，该详者你又简而不详。～，批评你还不愿意？乱弹琴！★曲波《林海雪原》一二,本树根；末树梢；置放。比喻把主次、轻重的位置弄颠倒了。,běn mò dào zhì,本末倒置,bmdz,ben mo dao zhi,ben,zhi
明·冯梦龙《古今小说·蒋兴歌重会珍珠衫》你老人家女儿多，不把来当事了。本乡本土少什么一夫一妇的，怎舍得与异乡人做小？”,就是～的人，除非不做官还使得，要是做官的，谁保的住总在一处。★清·曹雪芹《红楼梦》第一百回,指本地，家乡。,běn xiāng běn tǔ,本乡本土,bxbt,ben xiang ben tu,ben,tu
元·尚仲贤《柳毅传书》楔子想他每无恩义，本性难移，着我向野田衰草残红里。”,你总是这样不爱收拾，屡次说你，你总不听。真是江山易改，～。★巴金《家》二,移改变。本质难于改变。,běn xìng nán yí,本性难移,bxny,ben xing nan yi,ben,yi
元·关汉卿《陈母教子》第一折我和你有个比喻我似那灵禽在后，你这等坌（笨）鸟先飞。”,女儿刻苦、自觉、用功，全靠～保持了各门功课全班第一。★毕飞宇《九层电梯》,行动笨拙的鸟要先飞。比喻能力差的人怕落后，做事比别人先动手。,bèn niǎo xiān fēi,笨鸟先飞,bnxf,ben niao xian fei,ben,fei
《云笈七签》卷八五[程伟]欲从求方，终不可得，云伟骨未应得之，逼不得已，妻尸解而去。”,无,指迫不得已。,bī bù dé yǐ,逼不得已,bbdy,bi bu de yi,bi,yi
《文汇报》1989.5.28反映的文艺作品，从古到今可谓车载船装，数不胜数。”,无,①指强迫良家妇女卖淫。②比喻被迫做某件坏事。,bī liáng wéi chāng,逼良为娼,blwc,bi liang wei chang,bi,chang
明·施耐庵《水浒全传》第十一回林冲雪夜上梁山。”,可以说差不多的人都是～的。★姚雪垠《李自成》第一卷第二十八章,比喻被迫起来反抗。现也比喻被迫采取某种行动。,bī shàng liáng shān,逼上梁山,bsls,bi shang liang shan,bi,shan
《三侠五义》第四四回这恶贼原想着是个暗算，趁着军官作下揖去，不能防备，这一脚定然鼻青脸肿。”,两条大汉子飞步闯出来，把沈建华拉下去，打得～。★杨大群《草头屯恩仇》第十四回,鼻子发青，脸部肿起。形容脸部伤势严重。,bí qīng liǎn zhǒng,鼻青脸肿,bqlz,bi qing lian zhong,bi,zhong
《战国策·秦策一》犯白刃，蹈煨炭，断死于前者，比是也。”宋·包拯《请救济江淮饥民疏》年亢旱，民食艰阻，流亡者比比皆是。”,上自朝廷，下至草野，～。★清·曹雪芹《红楼梦》第二回,比比一个挨一个。到处都是，形容极其常见。,bǐ bǐ jiē shì,比比皆是,bbjs,bi bi jie shi,bi,shi
《战国策·齐策三》寡人闻之，千里而一士，是比肩而立；百世而一圣，若随踵而至。”,虽使间世而生，何异～！★宋·陈亮《贺周丞相启》,比肩并肩。肩并肩地站立。比喻彼此距离极近。,bǐ jiān ér lì,比肩而立,bjel,bi jian er li,bi,li
《尔雅·释地》南方有比翼鸟焉，不比不飞，其名谓之鹣鹣。”,居里夫妇在科学征途上～。,比翼翅膀挨着翅膀。齐飞成双的并飞。比喻夫妻情投意合，在事业上并肩前进。,bǐ yì qí fēi,比翼齐飞,byqf,bi yi qi fei,bi,fei
《尔雅·释地》南方有比翼鸟焉，不比不飞，其名谓之鹣鹣。”,不是妾身多薄幸，只因司马太风骚，效神凤，下丹霄，～上泬寥。★明·朱权《卓文君》,比翼翅膀挨着翅膀。双飞成双的并飞。比喻夫妻情投意合，在事业上并肩前进。,bǐ yì shuāng fēi,比翼双飞,bysf,bi yi shuang fei,bi,fei
唐·李白《草书歌行》时时只见龙蛇走，左盘右蹙旭惊电。”,秀才肖王宾胸藏锦绣，～。★明·凌濛初《初刻拍案惊》卷二十,形容书法生动而有气势。,bǐ zǒu lóng shé,笔走龙蛇,bzls,bi zou long she,bi,she
《孟子·告子上》仁，人心也；义，人路也。”宋·朱熹注义者行事之宜，谓人之路，则可以见其为出入往来必由之路，而不可须臾舍矣。”,那山离此有六十里远，正是西方～，却有八百里火焰，四周围寸草不生。★明·吴承恩《西游记》第五十九回,由经由。必定要经过的道路。泛指事物必须遵循的规律或做事必须遵守的法则。,bì yóu zhī lù,必由之路,byzl,bi you zhi lu,bi,lu
《周书·王悦传》白马要冲，是必争之地。今城守寡弱，易可图也。”,无,敌对双方非争夺不可的战略要地。,bì zhēng zhī dì,必争之地,bzzd,bi zheng zhi di,bi,di
《诗经·小雅·小弁》维桑与梓，必恭敬止，靡瞻匪父，靡依匪母。”郭沫若《洪波曲》第十章五军长为李玉堂，一山东大汉，抵军部时，在门外相迎，毕恭毕敬。”,［韩老六］对于穷人的～的招呼从不理睬，而对于有钱的人，有说有笑。★周立波《暴风骤雨》第一部二,形容态度十分恭敬。,bì gōng bì jìng,毕恭毕敬,bgbj,bi gong bi jing,bi,jing
《周易·复》先王以至日闭关，商旅不行，后不省方。”,严复的译事三难信达雅”为打破～，西学东渐开了先河。★柯灵《序》,闭关封闭关口；锁封锁。闭关自守，不与外国往来。,bì guān suǒ guó,闭关锁国,bgsg,bi guan suo guo,bi,guo
《新编五代史平话·周史上》无事则民勤于耕稼，以广军储；有事则民习于弓矢，以莅武事。此真霸王之资也。闭关自守，又何忧乎？”,而且厦大也太过于～，此后还应该与他大学往还。★鲁迅《两地书》五十八,关闭关口，不和外人来往。比喻因循保守，不愿接触外界事物。,bì guān zì shǒu,闭关自守,bgzs,bi guan zi shou,bi,shou
汉·桓宽《盐铁论·刺复》是以曹丞相日饮醇酒，倪大夫闭口不言。”,无,紧闭着嘴，什么也不说。,bì kǒu bù yán,闭口不言,bkby,bi kou bu yan,bi,yan
南朝·宋·范晔《后汉书·史弼传》荆竟归田里，称病闭门不出。”,他总是～。,关起门来不外出，指杜绝与外界交往。,bì mén bù chū,闭门不出,bmbc,bi men bu chu,bi,chu
宋·朱熹《中庸或问》卷三古语所谓闭门造车，出门合辙，盖言其法之同。”,自以为～，出而合辙，而门外之辙与其所造之车，果相合否。★严复《救亡决论》,关起门来造车子。比喻脱离实际，只凭主观办事。,bì mén zào chē,闭门造车,bmzc,bi men zao che,bi,che
汉·王充《论衡·自纪》闭目塞聪，爱精自保。”,一个～、同客观外界根本绝缘的人，是无所谓认识的。★毛泽东《实践论》,闭上眼睛不看，堵住耳朵不听。形容对外界事物不闻不问。,bì mù sè tīng,闭目塞听,bmst,bi mu se ting,bi,ting
汉·刘珍《东观汉纪·光武帝纪》一量放兵纵火，闻之可以酸鼻。家有敝帚，享之千金。”宋·陆游《秋思》遗簪见取终安用，敝帚虽微亦自珍。”,但写出以后，却不很爱惜羽毛，有所谓～”的意思。★鲁迅《华盖集·并非闲话〈三〉》,敝破的，坏的；珍爱惜。把自己家里的破扫帚当成宝贝。比喻东西虽然不好，自己却很珍惜。,bì zhǒu zì zhēn,敝帚自珍,bzzz,bi zhou zi zhen,bi,zhen
《左传·宣公十二年》筚路蓝缕，以启山林。”,～，孙公既开其先；发扬光大，我公宜善其后。★蔡东藩、许廑父第九回《民国通俗演义》,筚路柴车；蓝缕破衣服。驾着简陋的车，穿着破烂的衣服去开辟山林。形容创业的艰苦。,bì lù lán lǚ,筚路蓝缕,blll,bi lu lan lv,bi,lv
宋·周敦颐《拙赋》上安下顺，弊绝风清。”,从前的赌痞”，现在自己在那里禁赌了，农会势盛的地方和牌一样～。★毛泽东《湖南农民运动考察报告》,弊坏事；清洁净。贪污、舞弊的事情没有了。形容坏事绝迹，社会风气良好。,bì jué fēng qīng,弊绝风清,bjfq,bi jue feng qing,bi,qing
宋·张元干《水调歌头》词万里碧空如洗，寒浸十分明月，帘卷玉波流。”,其时～，有一群大雁鹅正排成人字从高空中飞过。★沈从文《长河·秋（动中有静）》,碧空浅蓝色的天空。蓝色的天空明净得像洗过一样。形容天气晴朗。,bì kōng rú xǐ,碧空如洗,bkrx,bi kong ru xi,bi,xi
刘复《代某君寿某将军夫妇》声威震摄长愉塞，壁垒森严细柳营。”,无,壁垒古代军营四周的围墙；森严整齐，严肃。原指军事戒备严密。现也用来比喻彼此界限划得很分明。,bì lěi sēn yán,壁垒森严,blsy,bi lei sen yan,bi,yan
晋·张载《剑阁铭》惟蜀之门，作固作镇，是日剑阁，壁立千仞。”《水经·河水注》其山惟石，壁立千仞，临之目眩。”,海纳百川，有容乃大。～，无欲则刚。,壁立峭壁陡立。形容岩石高耸。,bì lì qiān rèn,壁立千仞,blqr,bi li qian ren,bi,ren
徐迟《一九五六年〈特写选〉序言》尖锐的矛盾，避而不谈，或加水冲淡了。”,无,躲避开而不肯说。指有意回避事实。,bì ér bù tán,避而不谈,bebt,bi er bu tan,bi,tan
清·俞达《青楼梦》第二十八回我欲姐姐迁个住处，他日相迎，亦可以避人耳目。”,以后切记在心，汝等亦不许向后花园闲玩，当～。★《驻春园小史》第四回,指避免走漏消息。,bì rén ěr mù,避人耳目,brem,bi ren er mu,bi,mu
《孙子·虚实》兵之形，避实而击虚。”,但执笔之际，～，顾彼忌此，实在气闷。★鲁迅《致台静农》,指避开敌人的主力，找敌人的弱点进攻。又指谈问题回避要害。,bì shí jiù xū,避实就虚,bsjx,bi shi jiu xu,bi,xu
唐·李林甫《唐六典·工部尚书》技能功巧者，不得隐巧补拙，避重就轻。”宋·刘挚《侍御史黄君墓志铭》民始不以多男为患，父子始不以避重就轻相去。”,恐将来弄出大祸，所以借了一件失察的事情参的，倒是～的意思，也未可知。★清·曹雪芹《红楼梦》第一百二回,指回避重的责任，只拣轻的来承担。也指回避要点，只谈无关紧要的事情。,bì zhòng jiù qīng,避重就轻,bzjq,bi zhong jiu qing,bi,qing
盛宣怀《上张香帅书》侄忝承付托，责无旁贷，必当鞭辟入里，成一完全商办大厂，为天下创。”,他们的思力不足，不足剖析入微，～。★朱自清《山野掇拾》,鞭辟鞭策，激励；里最里层。形容作学问切实。也形容分析透彻，切中要害。,biān pì rù lǐ,鞭辟入里,bprl,bian pi ru li,bian,li
《左传·宣公十五年》虽鞭之长，不及马腹。”,除掉腹地里几省外国人～，其余的虽然没有摆在面子上瓜分，暗地里都各有了主子了。★清·李宝嘉《官场现形记》第五十四回,及到。原意是鞭子虽长，也不能打马肚子。比喻相隔太远，力量达不到。,biān cháng mò jí,鞭长莫及,bcmj,bian chang mo ji,bian,ji
南朝·梁·萧统《文选·序》盖踵其事而增华，变其本而加厉，物既有之，文亦宜然。”,断句取义是在一句两句里拉出一个两个字来发挥，比起断章取义，真是～了。★朱自清《经典常谈·诗经第四》,厉猛烈。指比原来更加发展。现指情况变得比本来更加严重。,biàn běn jiā lì,变本加厉,bbjl,bian ben jia li,bian,li
《易系辞下》《易》之为书也不可远；为道也，屡迁，变动不居，周流六虚。”孔颖达疏言阴阳六爻更互变动，不恒居一体也。”,发现和掌握规律，就是从个别中找到了一般，从～的现象中找到了相对稳定的本质。★艾思奇《辩证唯物主义历史唯物主义》,指事物不断变化，没有固定的形态。,biàn dòng bù jū,变动不居,bdbj,bian dong bu ju,bian,ju
明·冯梦龙《古今小说·陈从善梅岭失浑家》这齐天大圣神通广大，变化多端。”,旧朋友是～，几乎是不剩一个了。★《鲁迅书信集·致曹靖华》,端头绪。形容变化极多。也指变化很大。,biàn huà duō duān,变化多端,bhdd,bian hua duo duan,bian,duan
唐·韩愈《殿中少监马君墓志》当是时，见王于北亭，犹高山深林巨谷龙虎，变化不测，杰魁人也。”,七十二座天门阵～，昼则凄风冷雨，夜则鬼哭神号。★明·无名氏《杨家将演义》第二十五回,测估测。变化很多，不能预料。,biàn huà mò cè,变化莫测,bhmc,bian hua mo ce,bian,ce
《庄子·天下》忽漠无形，变化无常。”,近来天气～，一会儿晴空万里，一会儿又大雨倾盆。,无常没有常态。指事物经常变化，没有规律性。,biàn huà wú cháng,变化无常,bhwc,bian hua wu chang,bian,chang
战国·楚·宋玉《高唐赋》须臾之间，变化无穷。”,如今三公子神通广大，～。★明·无名氏《杨家将演义》第五十七回,穷尽，终结。形容不断变化，没有止境。,biàn huà wú qióng,变化无穷,bhwq,bian hua wu qiong,bian,qiong
唐·韩愈《殿中少监马君墓志》当是时，见王于北亭，犹高山深林巨谷龙虎，变化不测，杰魁人也。”,吾红水阵”内夺壬癸之精，藏天乙之妙，～。★明·许仲琳《封神演义》第四十四回,变幻变化不可测度。变化很多，不能预料。,biàn huàn mò cè,变幻莫测,bhmc,bian huan mo ce,bian,ce
《庄子·天下》忽漠无形，变化无常。”,唐古拉山天气～，往往大晴天里忽然刮起了风雪。,指事物经常变化，没有规律性。,biàn huàn wú cháng,变幻无常,bhwc,bian huan wu chang,bian,chang
鲁迅《书信集·致杨霁云》；但是‘作家’之变幻无穷，一面固觉得是文坛之不幸，一面也使真相更分明。”,它给大海涂上万种色彩，而且～。★郭小川《致大海》诗,变化多种多样，没有穷尽。极言变化之多。,biàn huàn wú qióng,变幻无穷,bhwq,bian huan wu qiong,bian,qiong
董必武《棕建国十周年》遍地开花闹，冲天干劲传。粮棉大增产，煤铁倍加权。”,无,比喻好的事物到处涌现或普遍发展。,biàn dì kāi huā,遍地开花,bdkh,bian di kai hua,bian,hua
清·吴趼人《痛史》第六回打的遍体鳞伤，着实走不动了。”,无,浑身受伤，伤痕象鱼鳞一样密。形容受伤很重。,biàn tǐ lín shāng,遍体鳞伤,btls,bian ti lin shang,bian,shang
清·吴趼人《痛史》第十一回金奎也选了二十名彪形大汉，教他们十八般武艺。”,无,彪小老虎，比喻躯干壮大；汉男子。身材高大、结实的男子。,biāo xíng dà hàn,彪形大汉,bxdh,biao xing da han,biao,han
南朝·宋·刘义庆《世说新语·文学》支道林在白马寺中，将冯太常共语，因及《逍遥》，支卓然标新理于二家之表，立异于众贤之外。”,其中典礼集会之词，～固不可，机械陈腐亦不可。★朱自清《钟明〈呕心苦唇录〉序》,标提出，写明；异不同的，特别的。提出新奇的主张，表示与众不同。,biāo xīn lì yì,标新立异,bxly,biao xin li yi,biao,yi
碧野《天山景物记》它们吃了含有乳汁的酥油草，膘肥体壮，毛色格外发亮。”,无,形容牲畜肥壮结实。,biāo féi tǐ zhuàng,膘肥体壮,bftz,biao fei ti zhuang,biao,zhuang
《逸周书·谥法解》行见中外曰悫。”,我们不能做～的人。,表面与内在不一样。,biǎo lǐ bù yī,表里不一,blby,biao li bu yi,biao,yi
南朝·梁·刘勰《文心雕龙·附会》首尾周密，表里一体。”《朱子全书·论语》行之以忠者，是事事要着实，故某集注云‘以忠，则表里如一。’”,我言行一致，～。★郭沫若《屈原》第四幕,表外表；里内心。表面和内心象一个东西。形容言行和思想完全一致。,biǎo lǐ rú yī,表里如一,blry,biao li ru yi,biao,yi
无,追求～，不讲实际效果、实际效率、实际速度、实际质量、实际成本的形式主义必须制止。（邓小平《在全国科学大会开幕式上的讲话》,比喻浮夸或不切实际，敷衍塞责的做法。,biǎo miàn wén zhāng,表面文章,bmwz,biao mian wen zhang,biao,zhang
明·李贽《水浒全书发凡》今别出心裁，不依旧样，或特标于目外，或叠采于回中。”,只好～，鼓吹女人自杀。★鲁迅《坟·我之节烈观》,别另外；心裁心中的设计、筹划。另有一种构思或设计。指想出的办法与众不同。,bié chū xīn cái,别出心裁,bcxc,bie chu xin cai,bie,cai
唐·王士源《孟浩然集序》文不按古，匠心独妙。”,《蕃锦集》运用成语，～。★清·陈廷焯《白雨斋词话》,匠心巧妙的心思。指在技巧和艺术方面具有与众不同的巧妙构思。,bié jù jiàng xīn,别具匠心,bjjx,bie ju jiang xin,bie,xin
清·吕留良《与施愚山书》咏见赠诗，风力又别具一格。”,这个画家的人物画拙中见巧，～。,别另外。另有一种独特的风格。,bié jù yī gé,别具一格,bjyg,bie ju yi ge,bie,ge
唐·杜甫《丹青诗》凌烟功臣少颜色，将军下笔开生面。”,今日林妹妹这五首诗，亦可谓命意新奇，～了。★清·曹雪芹《红楼梦》第六十四回,生面新的面目。原意是凌烟阁里的功臣画像本已褪色，经曹将军重画之后才显得有生气。比喻另外创出一种新的形式或局面。,bié kāi shēng miàn,别开生面,bksm,bie kai sheng mian,bie,mian
郭沫若《海涛集·徐家埠》江西境内的风物，太平淡无奇了，这儿和长江沿岸所见到的别无二致。”,无,指区分不出两者的差别。,bié wú èr zhì,别无二致,bwez,bie wu er zhi,bie,zhi
明·冯梦龙《喻世明言》第七卷伯桃视之，止有一塌，塌上堆积书卷，别无他物。”,偌大的个戏台，空空洞洞，～，看了不觉有些好笑。★清·刘鹗《老残游记》第二回,除此之外没有多余的东西。同别无长物”。,bié wú tā wù,别无他物,bwtw,bie wu ta wu,bie,wu
唐·李白《山中问答》诗桃花流水窅然去，别有天地非人间。”,各处尽是画栋雕梁，珠帘绮户，那派艳丽光景，竟是～。★清·李汝珍《镜花缘》第九十八回,洞中另有一个天地。形容风景奇特，引人入胜。,bié yǒu dòng tiān,别有洞天,bydt,bie you dong tian,bie,tian
清·李汝珍《镜花缘》第五回此时只觉四处焦香扑鼻，倒也别有风味。”,酣眠固不可少，小睡也～的。★朱自清《荷塘月色》,风味原指美好的口味，引伸为事物的特色。另有一种美好的口味。比喻事物所另外具有的特殊色彩或趣味。,bié yǒu fēng wèi,别有风味,byfw,bie you feng wei,bie,wei
清·吴趼人《二十年目睹之怪现状》第九十九回王太尊也是说他办事可靠，那里知道他是别有用心的呢。”,无,用心居心，打算。心中另有算计。指言论或行动另有不可告人的企图。,bié yǒu yòng xīn,别有用心,byyx,bie you yong xin,bie,xin
《旧唐书·窦威传》时诸兄并以军功致仕通显，交结豪贵，宾客盈门，而威职掌闲散。”,无,指来客很多。,bīn kè yíng mén,宾客盈门,bkym,bin ke ying men,bin,men
《左传·襄公三十一年》宾至如归，无宁灾患，不畏寇盗，而亦不患燥湿。”,四方之客，一入鲁境，皆有常供，不至缺乏，～。★明·冯梦龙《东周列国志》第七十八回,宾客人；至到；归回到家中。客人到这里就象回到自己家里一样。形容招待客人热情周到。,bīn zhì rú guī,宾至如归,bzrg,bin zhi ru gui,bin,gui
《史记·太史公自序》叔孙通定礼仪，则文学彬彬稍进。”,唤出他两个儿子，兄先弟后，～。★清·李汝珍《镜花缘》第八十三回,彬彬原意为文质兼备的样子，后形容文雅。形容文雅有礼貌的样子。,bīn bīn yǒu lǐ,彬彬有礼,bbyl,bin bin you li,bin,li
汉·司马迁《与挚伯陵书》伏唯伯陵材能绝人，高尚其志，以善厥身，冰清玉洁，不以细行。”,我这一去～，干事回还，管着你们喝采他。★元·无名氏《陈州粜米》楔子,象冰那样清澈透明，象玉那样洁白无瑕。比喻人的操行清白（多用于女子）。,bīng qīng yù jié,冰清玉洁,bqyj,bing qing yu jie,bing,jie
清·蒋士铨《鸡毛房》冰天雪地风如虎，裸而泣者无栖所。”,你就在这儿吧，～的上哪儿去？★老舍《骆驼祥子》十二,形容冰雪漫天盖地。,bīng tiān xuě dì,冰天雪地,btxd,bing tian xue di,bing,di
《荀子·议兵》故近者亲其善，远方慕其德，兵不血刃，远迩来服。”,～，就平了广西省多年的乱党。★清·张春帆《宦海》第七回,兵武器；刃刀剑等的锋利部分。兵器上没有沾上血。形容未经战斗就轻易取得了胜利。,bīng bù xuè rèn,兵不血刃,bbxr,bing bu xue ren,bing,ren
《孙子·九地》兵之情主速。”《三国志·魏书·郭嘉传》太祖将征袁尚及三郡乌丸。……嘉言曰‘兵贵神速。’”,～，今夜分四路去劫大寨，杀得他只轮不返。★清·陈忱《水浒后传》第七回,神速特别迅速。用兵贵在行动特别迅速。,bīng guì shén sù,兵贵神速,bgss,bing gui shen su,bing,su
元·无名氏《梧桐叶》第四折那兵荒马乱，定然遭驱被掳。”,此时四处～，朝秦暮楚，我勉强做了一部《旧唐书》，那里还有闲情逸志弄这笔墨。”★清·李汝珍《镜花缘》第一回,荒、乱指社会秩序不安定。形容战争期间社会混乱不安的景象。,bīng huāng mǎ luàn,兵荒马乱,bhml,bing huang ma luan,bing,luan
《战国策·齐策二》齐必举兵伐梁，梁、齐之兵连于城下不能去，王以其间伐韩。”,若侯～，将至壕边，然后拒敌，事已迟矣。★明·罗贯中《三国演义》第三十一回,敌军已来到自己的城墙下面。比喻情势十分危急。,bīng lín chéng xià,兵临城下,blcx,bing lin cheng xia,bing,xia
《新五代史·安重荣传》尝谓人曰‘天子宁有种耶？兵强马壮者为之尔。’”,时孔明～，粮草丰足，所用之物，一切完备，正要出师。★明·罗贯中《三国演义》第九十七回,兵力强盛，战马健壮。形容军队实力强，富有战斗力。,bīng qiáng mǎ zhuàng,兵强马壮,bqmz,bing qiang ma zhuang,bing,zhuang
吴晗《朱元璋传》第三章二从至正十六年起，张士诚和朱元璋兵戎相见，大小数百战，互有胜负。”,无,兵戎武器。以武力相见。指用战争解决问题。,bīng róng xiāng jiàn,兵戎相见,brxj,bing rong xiang jian,bing,jian
南朝·梁·刘勰《文心雕龙·附会》是以驷牡异力，而六辔如琴；并驾齐驱，而一毂统福。”,若让我估量这本书的总价值，我以为只逊于《红楼梦》一筹，与《儒林外史》是可以～的。★朱自清《歧路灯》,并驾几匹马并排拉着一辆车；齐驱一齐快跑。并排套着的几匹马一齐快跑。比喻彼此的力量或才能不分高下。,bìng jià qí qū,并驾齐驱,bjqq,bing jia qi qu,bing,qu
《礼记·中庸》万物并育而不相害，道并行而不相悖。”,但风雅之事，又怎么能够和卫道的精神～呢？★巴金《家》九,悖违背，冲突。同时进行，不相冲突。,bìng xíng bù bèi,并行不悖,bxbb,bing xing bu bei,bing,bei
晋·傅玄《口铭》病从口入，祸从口出。”,我们要讲究饮食卫生，防止～。,疾病多是由食物传染。比喻应该注意饮食卫生。,bìng cóng kǒu rù,病从口入,bckr,bing cong kou ru,bing,ru
无,又是～，又是多难的岁月！他又绝望了。（《曹禹传》第三十章）,指长期患病。,bìng mó chán shēn,病魔缠身,bmcs,bing mo chan shen,bing,shen
《左传·成公十年》疾不可为也，在肓之上，膏之下，攻之不可，达之不及，药不至焉，不可为也。”,吾观刘琦过于酒色，～，今见面黄羸瘦，气喘呕血，不过半年，其人必死。★明·罗贯中《三国演义》第五十二回,膏肓古人把心尖脂肪叫膏”，心脏与膈膜之间叫肓”。形容病情十分严重，无法医治。比喻事情到了无法挽救的地步。,bìng rù gāo huāng,病入膏肓,brgh,bing ru gao huang,bing,huang
《公羊传·哀公十四年》拨乱世，反诸正，莫近诸《春秋》。”,今天运将转，不过数十年，真人当出，～。★明·冯梦龙《古今小说》卷三十二,拨治理；乱指乱世；反通返”，回复。消除混乱局面，恢复正常秩序。,bō luàn fǎn zhèng,拨乱反正,blfz,bo luan fan zheng,bo,zheng
《晋书·乐广传》此人之水镜，见之莹然，若披云雾而睹青天也。”,晚生得蒙老先生指教，如～，感激不尽。（清·吴敬梓《儒林外史》第三十九回）,拨开乌云见到太阳。比喻冲破黑暗见到光明。也比喻疑团消除，心里顿时明白。,bō yún jiàn rì,拨云见日,byjr,bo yun jian ri,bo,ri
无,波光粼粼的湖面上，渔帆点点。,形容波光明净。波光阳光或月光照在水波上反射过来的光。粼粼形容水石明净。,bō guāng lín lín,波光粼粼,bgll,bo guang lin lin,bo,lin
汉·扬雄《甘泉赋》于是大厦云谲波诡，摧摧而成观。”,这其间的悲欢离合，～，令人在冷静沉默中回想起来，抚今追昔，实不胜其感慨系之.★邹韬奋《抗战以来·开匙》,谲诡怪异，变化∶象云彩和水波那样，形态不可捉摸。原形容房屋构造就象云彩、波浪一样千姿百态◇多形容事物变幻莫测。,bō jué yún guǐ,波谲云诡,bjyg,bo jue yun gui,bo,gui
南朝·宋·鲍照《登大雷岸与妹书》旅客贫辛，波路壮阔。”,七言诗须～，顿挫激昂，大开开阖耳。★清·郎廷槐《师友诗传续录》,原形容水面辽阔。现比喻声势雄壮或规模巨大。,bō lán zhuàng kuò,波澜壮阔,blzk,bo lan zhuang kuo,bo,kuo
《三国志·吴书·孙策传》是岁地连震”裴松之注引《吴录》是冬魏文帝至广陵，临江观兵……帝见波涛汹涌，叹曰‘嗟乎！固天所以隔南北也。’”,无,汹涌水势腾涌的样子。形容波浪又大又急。,bō tāo xiōng yǒng,波涛汹涌,btxy,bo tao xiong yong,bo,yong
汉·韩婴《韩诗外传》卷七使骥不得伯乐，安得千里之足。”唐·韩愈《杂说》四世有伯乐，然后有千里马。千里马常有，而伯乐不常有。”,无,伯乐相传为秦穆公时的人，姓孙名阳，善相马。指个人或集体发现、推荐、培养和使用人才的人。,bó lè xiàng mǎ,伯乐相马,blxm,bo le xiang ma,bo,ma
三国·魏·曹丕《曲论·论文》傅毅之于班固，伯仲之间耳。”,～见伊吕，指挥若定失萧曹。★唐·杜甫《咏怀古迹》诗,伯仲兄弟排行的次第，伯是老大，仲是老二；间中间。比喻差不多，难分优劣。,bó zhòng zhī jiān,伯仲之间,bzzj,bo zhong zhi jian,bo,jian
汉·班固《汉书·谷永传》是故皇天勃然发怒，甲乙之间，暴风三溱拔树折木。”,周瑜听罢，～。★明·罗贯中《三国演义》第四十四回,勃然突然。突然变脸大发脾气。,bó rán dà nù,勃然大怒,brdn,bo ran da nu,bo,nu
汉·刘向《说苑·君道》凡处尊位者，必以敬下顺德规谏，必开不讳之门，蹲节安静以藉之，谏者勿振以威，母格其言，博采其辞，乃择可观。”,他对学生、画友，从不以我画线，而是主张～，自立门户。★黄胄《怀念望云老师》,博采广泛搜集采纳。从多方面吸取各家的长处。,bó cǎi zhòng cháng,博采众长,bczc,bo cai zhong chang,bo,chang
明·姜世昌《〈逸周书〉序》迄今读书，若揭日月而行千载，其博大精深之旨，非晚世学者所及。”,瑚之为学，～，以经世自任。★《清史稿·陆世仪传》,博广，多。形容思想和学识广博高深。,bó dà jīng shēn,博大精深,bdjs,bo da jing shen,bo,shen
《孔子家语·观周》吾闻老聃博古知今。”,你向有才女之名，最是～。★清·李汝珍《镜花缘》第五回,通通晓；博广博，知道得多。对古代的事知道得很多，并且通晓现代的事情。形容知识丰富。,bó gǔ tōng jīn,博古通今,bgtj,bo gu tong jin,bo,jin
《周书·庾信传》庾信，字子山，南阳新野人也。……幼而俊迈，聪敏绝伦，博览群书，尤善《春秋左氏传》。”,无,博广泛。广泛地阅读各种书。形容读书很多。,bó lǎn qún shū,博览群书,blqs,bo lan qun shu,bo,shu
《晋书·鄐诜传》诜博学多才，环伟倜傥，不拘细行，州郡礼命并不应。”,贯忠～，也好武艺，有肝胆。★明·施耐庵《水浒全传》第九十一回,学识广博，有多方面的才能。,bó xué duō cái,博学多才,bxdc,bo xue duo cai,bo,cai
《汉书·郊祀志》听其言，洋洋满耳，若将可遇；求之，荡荡如系风捕景，终不可得。”《朱子全书》若悠悠地似做不做，如捕风捉影，有甚长进？”,若被黜者一一求其所以得罪之故，～，捏造流言。★明·张居正《乞鉴别忠邪以定国上疏》,风和影子都是抓不着的。比喻说话做事丝毫没有事实根据。,bǔ fēng zhuō yǐng,捕风捉影,bfzy,bu feng zhuo ying,bu,ying
明·冯梦龙《东周列国志》第四十二回唅之逃，非贪生怕死，实欲为太叔伸不白之冤耳！”,若非屡次验明，则其姊受～，未老先生亦蒙羞于地下，不孝子弟，罪不容诛。★清·夏敬渠《野叟曝言》第十八回,白搞清楚。没有得到辩白或洗刷的冤屈。,bù bái zhī yuān,不白之冤,bbzy,bu bai zhi yuan,bu,yuan
《孙子·军形》善战者，立于不败之地，而不失敌之败也。”,无,原意是指善于打仗的就有取胜的把握，不会落到挫败的境地◇泛指办事有成功的充分把握。,bù bài zhī dì,不败之地,bbzd,bu bai zhi di,bu,di
明·朱之瑜《答小宅生顺书十九首》圣贤自有中正之道，不亢不卑，不骄不诌，何得如此也！”,老张虽着急，可是龙树古～的支应，使老张无可发作。★老舍《老张的哲学》,卑低、自卑；亢高傲。指对人有恰当的分寸，既不低声下气，也不傲慢自大。,bù bēi bù kàng,不卑不亢,bbbk,bu bei bu kang,bu,kang
《论语·公冶长》敏而好学，不耻下问。”,阁下既～，弟先须请教宗旨何如？★清·刘鹗《老残游记》第七回,乐于向学问或地位比自己低的人学习，而不觉得不好意思。,bù chǐ xià wèn,不耻下问,bcxw,bu chi xia wen,bu,wen
清·曾朴《孽海花》第十回见你不在，我就猜着到这里来了，所以一直赶来，果然不出所料。”,果然～，”这样的一念闪过校长先生的心头。(叶圣陶《一篇宣言》),事由变化，在预料之中。形容原先预料的准确。,bù chū suǒ liào,不出所料,bcsl,bu chu suo liao,bu,liao
元·郑德辉《王粲登楼》第一折报老爷得知，王粲不辞而别去了。”,于是，大家想不辞而别。★老舍《不成问题的问题》,辞告辞；别离别。没有告辞就离开了。或悄悄溜走了。,bù cí ér bié,不辞而别,bceb,bu ci er bie,bu,bie
唐·牛肃《纪闻·吴保安》今日之事，请不辞劳苦。”,真正难得的，是她那不会厌倦的同情和～的服务。★朱自清《刘云波女医师》,辞推托；劳苦劳累辛苦。不逃避劳累辛苦。形容人不怕吃苦，毅力强。,bù cí láo kǔ,不辞劳苦,bclk,bu ci lao ku,bu,ku
明·吴承恩《西游记》第十七回也是个不打自招的怪物，他忽然说出道后日是他母难之日，邀请诸邪来作生日。”,但是我还要说重庆发言人是个蠢猪，他～，向人国人民泄露了日本帝国主义的计划。★毛泽东《为皖南事变发表的命令和谈话》,招招供。旧指没有用刑就招供。比喻做了坏事或有坏的意图自我暴露出来。,bù dǎ zì zhāo,不打自招,bdzz,bu da zi zhao,bu,zhao
《后汉书·桓谭传》盖天道性命，圣人所难言也。自子贡以下，不得而闻。”唐·韩愈《争臣论》故虽谏且议，使人不得而知焉。”,从未到过广西，所以谁做了广西政府的高等顾问”等等，我～。★邹韬奋《经历·贫民窟里的报馆》,得能够。没有办法知道。,bù dé ér zhī,不得而知,bdez,bu de er zhi,bu,zhi
《旧唐书·哥舒翰传》先是，翰数奏禄山虽窃河朔，而不得人心，请持重以弊之，彼自离心，因而翦灭之，可不伤兵擒兹寇矣。”,只恨那婆子～，劈手夺了他宝贝去。★清·曾朴《孽海花》第七回,心心愿，愿望。得不到群众的支持拥护；得不到众人的好评。,bù dé rén xīn,不得人心,bdrx,bu de ren xin,bu,xin
无,他总喜欢不懂装懂，瞎指挥。,自己不懂却装作很精通的样子。,bù dǒng zhuāng dǒng,不懂装懂,bdzd,bu dong zhuang dong,bu,dong
宋·欧阳修《相州昼锦堂记》垂绅正笏，不动声色，而措天下于泰山之安。”,他也～，勤勤慎慎办他的公事。★清·李宝嘉《官场现形记》第十二回,声言谈；色脸色。在紧急情况下，说话、神态仍跟平时一样没有变化。形容非常镇静。,bù dòng shēng sè,不动声色,bdss,bu dong sheng se,bu,se
《维摩诘经·入不二法门品》如我意者，于一切法无言无说，无示无识，离诸问答，是为入不二法门。”,历观战史，水战用火攻，是颠扑不破的～。★高阳《清宫外史》下册,不二指不是两极端；法门佧行入道的门径。原为佛家语，意为直接入道，不可言传的法门◇比喻最好的或独一无二的方法。,bù èr fǎ mén,不二法门,befm,bu er fa men,bu,men
鲁迅《朝花夕拾·后记》但这种意见，恐怕是怀抱者不乏其人，而且由来已久的，不过大抵不敢毅然删改，笔之于书。”,无,乏缺少；其那，那些。那样的人并不少。,bù fá qí rén,不乏其人,bfqr,bu fa qi ren,bu,ren
姚雪垠《李自成》第四卷第十四章明末起义首领中一向重视养子，而且以养子继承皇位的事在五代不乏先例。”,无,有不少从前的事可以作为例子。,bù fá xiān lì,不乏先例,bfxl,bu fa xian li,bu,li
宋·陈亮《谢安比王导论》一切以大体弥缝之，号令无所变更，而任用不乏其人。”,他就是我，我就是他，我俩原是～的。★蔡东藩、许廑父《民国通俗演义》第一百三十回,彼那，对方；此这，我方。不分这个和那个。形容关系密切，交情深厚。,bù fēn bǐ cǐ,不分彼此,bfbc,bu fen bi ci,bu,ci
无,两位追求者的才学、家世都一样优秀，～，让她不知如何抉择。,分不出第一第二。,bù fēn bó zhòng,不分伯仲,bfbz,bu fen bo zhong,bu,zhong
无,无,负辜负；众众人；望期望。不辜负大家的期望。,bù fù zhòng wàng,不负众望,bfzw,bu fu zhong wang,bu,wang
清·曹雪芹《红楼梦》第四十六回不干不净，也不知道毛病儿，买了来三日两日，又弄鬼掉猴的。”,无,指不洁净，肮脏。也指因忌讳而感觉不洁净。也可形容语文不文明。,bù gān bù jìng,不干不净,bgbj,bu gan bu jing,bu,jing
清·吕留良《晚村文集·与高旦中书》卷二念头淡薄，自然删落，若不甘寂寞，虽外事清高，正是以退为进。”,从内务府垮下来的文锡，一向～。★高阳《清宫外史》下册,甘甘心；寂寞孤寂、冷落。形容不甘心被冷落或急于想参与某件事情。,bù gān jì mò,不甘寂寞,bgjm,bu gan ji mo,bu,mo
鲁迅《且介亭杂文附集·我的第一个师父》台下有人骂起来。师父不甘示弱，也给他们一个回骂。”,无,示显示，表现。不甘心表示自己比别人差。表示要较量一下，比个高低。,bù gān shì ruò,不甘示弱,bgsr,bu gan shi ruo,bu,ruo
明·王世贞《蔺相如完璧归赵论》蔺相如完璧归赵，人人都称赞他。但我不敢苟同这一看法。”,无,苟苟且。不敢随便地同意。指对人对事抱慎重态度。,bù gǎn gǒu tóng,不敢苟同,bggt,bu gan gou tong,bu,tong
晋·干宝《晋记》是故不攻而自败也。”唐·顾德章《上中书门下及礼院详议东都太庙修废状》是有都立庙之言，不攻而自破也。”,郢都无主，～。★明·冯梦龙《东周列国志》第七十六回,无须攻击，自己就会破灭。形容论点站不住脚，经不起反驳或攻击。,bù gōng zì pò,不攻自破,bgzp,bu gong zi po,bu,po
《礼记·曲礼上》父之仇，弗与共戴天。”,这亘古未有的壮举，像一柄锋利的匕首，直刺～的死敌。”★齐怀《刑场上的婚礼》,戴加在头上或用头顶着。不愿和仇敌在一个天底下并存。形容仇恨极深。,bù gòng dài tiān,不共戴天,bgdt,bu gong dai tian,bu,tian
《礼记·曲礼上》不登高，不临深，不苟訾，不苟笑。”,且说这位郑伯才君，单名一个雄字，乃是湖南湘潭县人，向来是个讲宋学的，方领矩步，～。★清·梁启超《新中国未来记》,苟苟且，随便。不随便说笑。形容态度庄重严肃。,bù gǒu yán xiào,不苟言笑,bgyx,bu gou yan xiao,bu,xiao
无,有些人为了个人私利，便～而做出损害公众利益的事情。,不考虑整个局面或形势。,bù gù dà jú,不顾大局,bgdj,bu gu da ju,bu,ju
叶圣陶《孤独》既然见到一点儿光，便不得不不顾一切地逃开。”,我闭上眼睛，～的向着他手里的刀迎上去。★巴金《长生塔·塔的秘密》,什么都不顾。,bù gù yī qiè,不顾一切,bgyq,bu gu yi qie,bu,qie
梁晓声《泯灭》三（2）她为什么将她那么痴情那么热烈那么不管不顾的爱给予这个孤傲而冷酷的翟子卿啊！……”,尽管有外人在，他还是～的撞进来了。,指对人不照料。也指举动莽撞，不顾别人。,bù guǎn bù gù,不管不顾,bgbg,bu guan bu gu,bu,gu
《史记·酷吏列传》是日皆报杀四百余人，其后郡中不寒而栗，滑民佐吏为治。”,岂果脂粉之气，不势而威？胡乃肮脏之身，～。★清·蒲松龄《聊斋志异·马介甫》,栗畏惧，发抖。不冷而发抖。形容非常恐惧。,bù hán ér lì,不寒而栗,bhel,bu han er li,bu,li
《汉书·袁帝纪》皆违经背古，不合时宜。”,闻得他因～，权势不容，竟投到这里来。★清·曹雪芹《红楼梦》第六十三回,时宜当时的需要和潮流。不适合时代形势的需要。也指不合世俗习尚。,bù hé shí yí,不合时宜,bhsy,bu he shi yi,bu,yi
明·施耐庵《水浒传》第二十七回武松听了这话，自家肚里寻思道‘这妇人不怀好意了。你看我且先耍他。’”,无,怀包藏。没安好心。,bù huái hào yì,不怀好意,bhhy,bu huai hao yi,bu,yi
明·冯梦龙《醒世通言·黄秀才徼灵玉马坠》众客咸不欢而散。”,公子大惭，～。★清·蒲松龄《聊斋志异·辛十四娘》,散离开，分手≤不愉快地分手。,bù huān ér sàn,不欢而散,bhes,bu huan er san,bu,san
元·高文秀《襄阳会》第三折轮起刀来望我脖子砍，不慌不忙缩了头。”,公路在山上盘旋，车子～地打着圈子。★巴金《旅途杂记·成渝路上》,不慌张，不忙乱。形容态度镇定，或办事稳重、踏实。,bù huāng bù máng,不慌不忙,bhbm,bu huang bu mang,bu,mang
《论语·为政》有四十而不惑”的说法。,他大学毕业年仅20，而光阴飞转，很快已近～了。,不惑遇到事情能明辨不疑。以此作为40岁的代称。,bù huò zhī nián,不惑之年,bhzn,bu huo zhi nian,bu,nian
宋·黄庭坚《王纯中墓志铭》君调用财力，不疾不徐，劳民劝功，公私以济。”,无,疾急速。徐缓慢。不急不慢。指处事能掌握适度的节律，不太快或不太慢。,bù jí bù xú,不疾不徐,bjbx,bu ji bu xu,bu,xu
宋·魏了翁《奏措京湖诸郡》或谓官民兵在城内者约二十万，而散在四郊者，不计其数。”,去州桥河内周围上下点灯，～。★明·施耐庵《水浒全传》第六十六回,没法计算数目。形容很多。,bù jì qí shù,不计其数,bjqs,bu ji qi shu,bu,shu
宋·黄榦《黄勉斋文集》卷四戒惧谨独，不待勉强，不假思索，只是一念之间，此意便在。”,华安～，援笔立就，手捧所做呈上。★明·冯梦龙《警世通言》卷二十六,假假借，依靠。形容做事答话敏捷、熟练，用不着考虑。,bù jiǎ sī suǒ,不假思索,bjss,bu jia si suo,bu,suo
宋·魏泰《东轩笔录》卷八福州之人，以为终世不见天日也，岂料端公赐问，然某尤为绛所苦者也。”,俺平生只是性情不好，不肯做那～的勾当，才走到这山穷水尽的地步。★清·遁庐《童子军·越墙》,比喻社会黑暗，见不到一点光明。,bù jiàn tiān rì,不见天日,bjtr,bu jian tian ri,bu,ri
无,在成绩面前，要始终保持谦虚谨慎，不骄不躁的作风。,躁急躁。不骄傲，不急躁。形容人态度谦逊，工作谨慎踏实。,bù jiāo bù zào,不骄不躁,bjbz,bu jiao bu zao,bu,zao
《古诗十九首》文彩双鸳鸯，裁为合欢被，著以长相思，缘以结不解。”,无,缘缘分。不可分解的缘分。比喻不能解脱的联系或关系。,bù jiě zhī yuán,不解之缘,bjzy,bu jie zhi yuan,bu,yuan
清·李汝珍《镜花缘》第十九回相形之下，走也不好，不走也不好；紧走也不好，慢走也不好，不紧不慢也不好；不知怎样才好！”,老人～地说……,形容心情平静，行动从容。,bù jīn bù màn,不紧不慢,bjbm,bu jin bu man,bu,man
《庄子·逍遥游》大有径庭，不近人情焉。”,大人先问自己真情怎样？还说我恐吓，实太过～。★清·黄小配《廿载繁华梦》第三十二回,不合乎人的常情。也指性情或言行怪僻。,bù jìn rén qíng,不近人情,bjrq,bu jin ren qing,bu,qing
《邓析子·无后篇》不进则退，不喜则忧，不得则亡，此世人之常。”,逆水行舟，～，学外语也是一样，一刻也放松不得。,不前进就要后退。,bù jìn zé tuì,不进则退,bjzt,bu jin ze tui,bu,tui
汉·孔融《论盛孝章书》珠玉无胫而自至者，以人好之也，况贤者之有足乎？”,袁伯珍慌忙把家里所有的东西，检点一番；别的一样不缺，只有金银首饰和钞票洋钱，却一概～。★清·无名氏《官场维新记》第四回,胫小腿；走跑。没有腿却能跑。比喻事物无需推行，就已迅速地传播开去。,bù jìng ér zǒu,不胫而走,bjez,bu jing er zou,bu,zou
《后汉书·虞延传》性敦朴，不拘小节。”,此人廓达之才，～。★明·冯梦龙《东周列国志》第十八回,拘拘泥。不为小事所约束。多指不注意生活小事。,bù jū xiǎo jié,不拘小节,bjxj,bu ju xiao jie,bu,jie
清·龚自珍《己亥杂诗》我劝天公重抖擞，不拘一格降人才。”,不但体裁，风格，题材，表现手法可以鼓励勇于创新，甚至连主题，也可以是～的。★秦牧《果王”的美号》,拘限制；格规格，方式。不局限于一种规格或一个格局。,bù jū yī gé,不拘一格,bjyg,bu ju yi ge,bu,ge
《公羊传·僖公四年》夷狄也，因亟痛中国，南夷与此狄交，中国不绝若线。”,音乐会上，演员的歌声～。,绝断；缕细线。多形容局面危急或声音、气息等低沉微弱、时断时续。,bù jué rú lǚ,不绝如缕,bjrl,bu jue ru lv,bu,lv
清·刘鹗《老残游记》第二回这是台下叫好的声音不绝于耳。”,无,绝断。声音在耳边不断鸣响。,bù jué yú ěr,不绝于耳,bjye,bu jue yu er,bu,er
唐·戴叔伦《哭朱放》最是不堪回首处，九泉烟冷树苍苍。”,诚有令人～者，则我今日之临眺于此，虽百年之久，曾不能以一瞬尔。★清·无名氏《杜诗言志》,堪可以忍受；回首回顾，回忆。指对过去的事情想起来就会感到痛苦，因而不忍去回忆。,bù kān huí shǒu,不堪回首,bkhs,bu kan hui shou,bu,shou
明·李开先《市井艳词序》二词哗于市井，虽儿女子初学言者，亦知歌之，但淫艳亵狎，不堪入耳。”,姚老夫子见他们所说的都是一派污秽之言，～。★清·李宝嘉《文明小史》第十六回,堪可，能；入耳听。指说的话使人听不进去（多指脏话）。,bù kān rù ěr,不堪入耳,bkre,bu kan ru er,bu,er
清·李汝珍《镜花缘》第二十三回此数肴也，以先生视之，固不堪入目矣。”,说着，早一屁股坐下，那种气极败坏的样子，实是～。★《晚清文学丛钞·瞎编奇闻》第三回,指形象丑恶，使人看不下去。,bù kān rù mù,不堪入目,bkrm,bu kan ru mu,bu,mu
清·曾国藩《复吴南屏书》纵使十次速灭，而设一次迁延，则桑梓之患，不堪设想。”,倘使没有这个人来阻拦一下，那天的情形恐将～的了。★巴金《旅途通讯·桂林的受难》,未来情况不能想象。指预料事情会发展到很坏的地步。,bù kān shè xiǎng,不堪设想,bksx,bu kan she xiang,bu,xiang
无,这篇文章论点不严密，不堪一击。,不堪经不起。形容力量薄弱，经不起一击。也形容论点不严密，经不起反驳。,bù kān yī jī,不堪一击,bkyj,bu kan yi ji,bu,ji
鲁迅《而已集·革首领”》虽然这‘北京文艺界’已被徐丹甫先生在《学灯》上指定，隐隐然不可动摇了，……。”,无,形容极其坚定、牢固。,bù kě dòng yáo,不可动摇,bkdy,bu ke dong yao,bu,yao
汉·王充《论衡·超奇篇》譬珠玉不可多得，以其珍也。”,盖北宋以睢漆擅名，今已～。★明·沈德符《万历野获编·时玩》,形容非常稀少，很难得到（多指人才或稀有物品）。,bù kě duō dé,不可多得,bkdd,bu ke duo de,bu,de
清·王无生《论小说与改变社会之关系》著诸书者，其人皆深极哀苦，有不可告人之隐，乃以委曲譬喻出之。”,无,不能告诉别人。指见不得人。,bù kě gào rén,不可告人,bkgr,bu ke gao ren,bu,ren
《诗经·大雅·板》匪我言耄，尔用忧谑。多将熇熇，不可救药。”,怀疑与猜忌，难道就竟已成了他们～的根性了吗？★郑振铎《桂公塘》十四,药治疗。病已重到无法用药医治的程度。比喻已经到了无法挽救的地步。,bù kě jiù yào,不可救药,bkjy,bu ke jiu yao,bu,yao
清·姬文《市声》第二十四回两口子正在吵得不可开交。”,倘一加人为，一办”，那就舆论沸腾，～了。★鲁迅《而已集·谈所谓大内档案”》,开打开，解开；交相错，纠缠。形容没法解开或摆脱。,bù kě kāi jiāo,不可开交,bkkj,bu ke kai jiao,bu,jiao
明·沈德符《万历野获编·褐盖》此辈不可理喻，亦不足深诘也。”,他们简直～，一定要进去，终于被我们的人赶出来了。★巴金《家》八,喻开导，晓喻。没法跟他讲道理。形容蛮横或固执。,bù kě lǐ yù,不可理喻,bkly,bu ke li yu,bu,yu
宋·欧阳修《记旧本韩文后》韩氏之文，没而不见者二百年，而后大施于今，此又非特好恶之所上下，盖其久而愈明，不可磨灭，虽蔽于暂而终耀于无穷者，其道当然也。”,但是我又不知道这是～的事实。★巴金《春雨》八,磨灭消失。永远消失不了。指事迹言论等将始终保留在人们的记忆中。,bù kě mó miè,不可磨灭,bkmm,bu ke mo mie,bu,mie
宋·胡仔《苕溪渔隐丛话前集·山谷下》读《庄子》，令人意宽思大，敢作；读《左传》，便使人入法度，不敢容易。二书不可偏废也。”,能读书，才必博；能养气，量必宏，二者～。★清·汇阴百一居士《壶天录》,偏废侧重一方，忽略另一方。指两方面都应同样重视，不能片面地强调一个方面，而忽视另一个方面。,bù kě piān fèi,不可偏废,bkpf,bu ke pian fei,bu,fei
唐·柳冕《答衢州郑使君》不可企而及之者性也。”,他的成绩并非～，我们只要奋发努力，一定能赶上他。,企希望；及达到。没有希望达到。形容远远赶不上。,bù kě qǐ jí,不可企及,bkqj,bu ke qi ji,bu,ji
《墨子·非攻中》百姓之道疾病而死者，不可胜数。”,一时乱将起来，舳舻簸荡，乍分乍合，溺死者～。★明·冯梦龙《喻世明言》卷二十二,胜尽。数也数不过来。形容数量极多。,bù kě shèng shǔ,不可胜数,bkss,bu ke sheng shu,bu,shu
唐·韩愈《送高闲上人序》泊与淡相遭，颓堕委靡，溃败不可收拾。”,蒲殿俊辈登台之后，因为纵容兵士的结果，弄到了一个～的地步。★郭沫若《少年时代·反正前后》,收拾整顿、整理。指事物败坏到无法整顿或不可救药的地步。,bù kě shōu shí,不可收拾,bkss,bu ke shou shi,bu,shi
《维摩诘所说经·不思议品》诸佛菩萨有解脱名不可思议。”,一片澄澈的蔚蓝色的天宇，高深得～。★郭沫若《少年时代·黑猫》,原有神秘奥妙的意思。现多指无法想象，难以理解。,bù kě sī yì,不可思议,bksy,bu ke si yi,bu,yi
清·吴敬梓《儒林外史》第二十六回当下吃完了酒，鲍文卿辞了回来，向向知府着实称赞这季少爷好个相貌，将来不可限量。”,无,限量限定止境、数量。形容前程远大。,bù kě xiàn liàng,不可限量,bkxl,bu ke xian liang,bu,liang
宋·罗大经《鹤林玉露补遗》卷十五荆公少年，不可一世。”,盖兴会飙举，～矣。★柳亚子《燕子龛遗诗序》,一世一时。认为当代的人都不行。形容目空一切、狂妄自大到了极点。,bù kě yī shì,不可一世,bkys,bu ke yi shi,bu,shi
《左传·襄公三十一年》门不容车，而不可逾越。”,在他看来，上海的学生娃和山寨的青年之间，是有着一道～的鸿沟的。★叶辛《蹉跎岁月》,逾越过。不可能超过或不可能越过。,bù kě yú yuè,不可逾越,bkyy,bu ke yu yue,bu,yue
明·谢肇渏《五杂俎·人部四》及一厕足，不能自返，而故为不可摸捉之言以掩之。”,可是，这个夹肉片和那的嚼饭，都似含着一些～的秘密。★老舍《赵子曰》第十八卷,捉摸揣测，预料。指对人或事物无法猜测和估量。,bù kě zhuō mō,不可捉摸,bkzm,bu ke zhuo mo,bu,mo
《孔子家语·入官》所求于迩，故不劳而得也。”,我的目标是不满于杨，而因此而是为的举动，却也许被第三者收渔人之利，～。★鲁迅《两地书》三十,获获取，得到。自己不劳动却占有别人的劳动成果。,bù láo ér huò,不劳而获,bleh,bu lao er huo,bu,huo
清·文康《儿女英雄传》第三十五回便见他一只手高高儿的举了一碗熬得透、得到不冷不热、温凉适中、可口儿的普洱茶来。”巴金《寒夜》三这一天是这个山城里少有的不冷不热的好天。”,他采取～的态度，和她保持若即若离的关系。★周而复《上海的早晨》第三部二七,指温度不高不低，冷热适中。亦比喻对人态度一般。,bù lěng bù rè,不冷不热,blbr,bu leng bu re,bu,re
宋·叶少蕴《避暑录话》卷上唐人言冬烘是不了了之语，故有‘主司头脑太冬烘，错认颜标是鲁公’之言。人以为戏谈。”,刚才的争论就这样～。★叶圣陶《小病》,了了结，结束。用不了结的办法去了结。指把事情放在一边不管，就算完事。,bù liǎo liǎo zhī,不了了之,bllz,bu liao liao zhi,bu,zhi
清·纪昀《阅微草堂笔记》卷十一此狐眼光如镜，然词锋太利，未免不留余地矣。”,无,不留一点空余的地方。多形容言语、行动没有留下可回旋的余地。,bù liú yú dì,不留余地,blyd,bu liu yu di,bu,di
《资治通鉴·唐玄宗开元二十四年》好以甘言啗人，而阴中伤之，不露辞色。”,你看它，埋没地下，～，生命的每一秒种都在为完成自己的使命而苦斗。★曹石《根的情操》,声说话的声音；色脸上的表情。心里的打算不在说话和脸色上显露出来。,bù lù shēng sè,不露声色,blss,bu lu sheng se,bu,se
明·吴炳《疗炉羹·絮影》眼中人不伦不类，阱中人不伶不俐。”,王夫人听了，早知道来意了。又见他说的～，也不便不理他。★清·曹雪芹《红楼梦》第六十七回,不伦不同类。既非这一类，又非那一类，形容成样子或没有道理。,bù lún bù lèi,不伦不类,blbl,bu lun bu lei,bu,lei
贺宜《序言》这个作品的结构也比较新颖，不落俗套。”,我学习写评论性质的文章，给自己立了两个标准。一个是独立思考，另一个是～。★臧克家《京华练笔三十年》,不因袭陈旧的格式。,bù luò sú tào,不落俗套,blst,bu luo su tao,bu,tao
《公羊传·宣公十二年》锡（赐）之不毛之地．”,南方～，瘴疫之乡；丞相秉钧衡之重任，而自远征，非所宜也。★明·罗贯中《三国演义》第八十七回,不生长草木庄稼的荒地。形容荒凉、贫瘠。,bù máo zhī dì,不毛之地,bmzd,bu mao zhi di,bu,di
元·无名氏《连环计》第四折怎么不明不白，着他父子每胡厮闹了一夜。”,薛婆当时满脸堆下笑来，便道大官人休得错怪。老身一生不曾要别人一厘一毫～的钱财。”★明·冯梦龙《古今小说》卷一,指说话含含糊糊，很不清楚。也形容行为暧昧。,bù míng bù bái,不明不白,bmbb,bu ming bu bai,bu,bai
晋·干宝《搜神记》卷二二人之言，不谋而合。”,如磁石铁，～。★宋·苏轼《朱寿昌梁武忏赞偈》,谋商量；合相符。事先没有商量过，意见或行动却完全一致。,bù móu ér hé,不谋而合,bmeh,bu mou er he,bu,he
《宋书·刘义恭传》世祖前锋至新亭，劭挟义恭出战，恒录在左右，故不能自拔。”,其既入世也，又复受此感染焉。虽有贤智，亦～。★清·梁启超《小说与群治之关系》,拔摆脱。不能主动地从痛苦、错误或罪恶中解脱出来。,bù néng zì bá,不能自拔,bnzb,bu neng zi ba,bu,ba
唐·卢照邻《寄裴舍人书》慨然而咏‘富贵他人合，贫贱亲戚离’，因泣下交颐，不能自已。”,无,已停止。指无法控制自己，使激动的情绪平静下来。,bù néng zì yǐ,不能自已,bnzy,bu neng zi yi,bu,yi
宋·朱熹《中庸章句》题注中者，不偏不倚，无过不及之名。”,只要办理得人，～，合乎中庸，一以国粹为归宿，那是决无流弊的。★鲁迅《彷徨·高老夫子》,倚偏。不偏向任何一方。表示中立或公正。,bù piān bù yǐ,不偏不倚,bpby,bu pian bu yi,bu,yi
毛泽东《新民主主义论》不把这种东西打倒，什么新文化都是建立不起来的。不破不立，不塞不流，不止不行。”,无,不破除旧的，就不能建立新的。,bù può bù lì,不破不立,bpbl,bu puo bu li,bu,li
《谷梁传·隐公八年》不期而会曰遇。”,前在公主府内，也是我们姐妹三十三个先会面；今日～，又是如此。★清·李汝珍《镜花缘》第六十九回,期约定时间。没有约定而遇见。指意外碰见。,bù qī ér yù,不期而遇,bqey,bu qi er yu,bu,yu
无,在确定销售计划之前，应先进行市场调查，以免做出～的预测。,指不符合实际。,bù qiē shí jì,不切实际,bqsj,bu qie shi ji,bu,ji
晋·陶潜《五柳先生传》不慕利，好读书，不求甚解，每有会意，欣然忘食。”,这人小的时候，诸事颟颟顸顸，～。★清·李宝嘉《官场现形记》第五十四回,甚很，极。只求知道个大概，不求彻底了解。常指学习或研究不认真、不深入。,bù qiú shèn jiě,不求甚解,bqsj,bu qiu shen jie,bu,jie
《汉书·叙传下》乐昌笃实，不桡不诎。”,教皇捉了他回，他在堂上～，定归开出信教自由的理数。★清·颐琐《黄绣球》第二十九回,屈屈服；挠弯曲。比喻在压力和面前不屈服，表现十分顽强。,bù qū bù náo,不屈不挠,bqbn,bu qu bu nao,bu,nao
元·武汉臣《生金阁》三折怎么不由分说，便将我飞拳走踢只是打。”,宝钗～，笑灌了湘云一杯。★清·曹雪芹《红楼梦》第六十二回,分说辩白，解说。不容人分辩解释。,bù róng fēn shuō,不容分说,brfs,bu rong fen shuo,bu,shuo
宋·陆游《严州乌龙广济庙碑》盖其灵响暴著，亦有不容置疑者矣。”,报告的内容与群众反映的情况一致，～。,不允许有什么怀疑。表示论证严密，无可怀疑。,bù róng zhì yí,不容置疑,brzy,bu rong zhi yi,bu,yi
郭沫若《洪波曲》第三章六寿昌大笑起来，掉头对着立群说‘不辱使命！’”,无,指不辜负别人的差使。,bù rǔ shǐ mìng,不辱使命,brsm,bu ru shi ming,bu,ming
明·施耐庵《水浒全传》第七回这伙人不三不四，又不肯近前来，莫不要攧洒家。”,也该撒泡尿自己照照！～，就想天鹅屁吃！★清·吴敬梓《儒林外史》第三回,指不正派，也指不象样子。,bù sān bù sì,不三不四,bsbs,bu san bu si,bu,si
《庄子·达生》上而不下，则使人善怒；下而不上，则使人善忘；不上不下，中身当心，则为病。”,无,上不去，下不来。形容进退两难。,bù shàng bù xià,不上不下,bsbx,bu shang bu xia,bu,xia
《论语·子罕》子在川上曰‘逝者如斯夫，不舍昼夜。”,道若途若川，车航混混，～。★汉·扬雄《法言·问道》,舍放弃。不放弃白天和黑夜。比喻夜以继日。,bù shě zhòu yè,不舍昼夜,bszy,bu she zhou ye,bu,ye
宋·洪迈《夷坚丁志·黄州野人》初不甚了了，养之数日，始能言，乃实人也。”,我回家去了三年，外面的事情，～。★清·吴趼人《二十年目睹之怪现状》第六十七回,甚很；了了明白。不很明白，不很懂。,bù shèn liǎo liǎo,不甚了了,bsll,bu shen liao liao,bu,liao
茅盾《子夜》十一偶或有独自低着头不声不响的，那一定是失败者。”,这是试探咱，要是咱～，以后开会就不再咱啰。★柳青《狠透铁》三,指不说话；不出声。,bù shēng bù xiǎng,不声不响,bsbx,bu sheng bu xiang,bu,xiang
宋·王楙《野客丛书·俗语有所自》似此等语，不可枚举。”,真是钉子之多，～。★鲁迅《书信集·致章廷谦》,胜尽；枚个。不能一个个地列举出来。形容数量很多。,bù shèng méi jǔ,不胜枚举,bsmj,bu sheng mei ju,bu,ju
宋·陆游《老学庵笔记》卷三于是不胜其烦，人情厌恶。”,许多反动宣传影片，列举名目就～。★鲁迅《二心集·现代电影与有产阶级》,胜禁得起；烦烦琐。烦琐得使人受不了。,bù shèng qí fán,不胜其烦,bsqf,bu sheng qi fan,bu,fan
宋·汪应辰《与朱元晦》问其无所苦否，则曰‘无事，无事’。寻即不省人事。”,大作又说我大声疾呼”之后，不过几年，青年就只能说外国话。我以为是～之谈。★鲁迅《集外集拾遗·报奇哉所谓……”》,省知觉。指昏迷过去，失去知觉。也指不懂人情世故。,bù xǐng rén shì,不省人事,bxrs,bu xing ren shi,bu,shi
周恩来《关于党的六大”的研究》这时离国共分裂还有两个月，如果……努力去做，还不失时机。”,无,失耽误，错过。时机具有时间性的机会。不错过当前的机会。指办事要抓住适宜的时间和有利的机会。,bù shī shí jī,不失时机,bssj,bu shi shi ji,bu,ji
宋·苏轼《后赤壁赋》我有斗酒，藏之久矣，以待子不时之需。”,粮食要有充分的储备，以应～。,不时不是预定的时间。说不定什么时候会出现的需要。,bù shí zhī xū,不时之需,bszx,bu shi zhi xu,bu,xu
《后汉书·张霸传》邓骘当朝贵盛，闻霸名行，欲与结交，霸逡巡不答。众人笑其不识时务。”,什么年月了，还吃这碗饭，太～了。★张洁《沉重的翅膀》,时务当前的形势和潮流。指不认识当前重要的事态和时代的潮流。现也指待人接物不知趣。,bù shí shí wù,不识时务,bssw,bu shi shi wu,bu,wu
《周易·需》有不速之客三人来，敬之终吉。”,这样出乎意外的～，却受着了真正是由衷而出的恳切的欢迎。★郭沫若《海涛集·跨着东海》,速邀请。指没有邀请突然而来的客人。,bù sù zhī kè,不速之客,bszk,bu su zhi ke,bu,ke
鲁迅《坟·摩罗诗力说》自学之声发，每响必中于人心，清晰昭明，不同凡响。”,无,凡响平凡的音乐。形容事物不平凡，很出色。,bù tóng fán xiǎng,不同凡响,btfx,bu tong fan xiang,bu,xiang
明·吴炳《情邮记·反噬》这事不痛不痒，却是一个大题目。”,即如小弟幼时，忽从面上生一肉核，非疮非疣，～。★清·李汝珍《镜花缘》第二十六回,既不是痛，也不是痒。原形容说不出的一种难受。现多比喻不触及实质，不切中要害，不解决问题。,bù tòng bù yǎng,不痛不痒,btby,bu tong bu yang,bu,yang
清·石玉昆《三侠五义》第七十六回也不想想朝廷家平空的丢了一个太守，也就不闻不问，焉有是理。”,大约这里的环境，本非有利于病，而不能完全～，也是使病缠绵之道。★《鲁迅书信集·致沈雁冰》,闻听。人家说的不听，也不主动去问。形容对事情不关心。,bù wén bù wèn,不闻不问,bwbw,bu wen bu wen,bu,wen
明·兰陵笑笑生《金瓶梅词话》第一回这人不甚读书，终日闲游浪荡，一自父母亡后，分外不务正业。”,在那时候他们是被骂为～的青年，但没人知道当时的社会已无青年们可务的正业。★郭沫若《少年时代·我的童年》,务从事。指丢下本职工作不做，去搞其他的事情。,bù wù zhèng yè,不务正业,bwzy,bu wu zheng ye,bu,ye
清·李宝嘉《官场现形记》第七十三回姓方的瞧着眼热，有凡家该钱的，也就不惜工本，公开一个学堂。”,无,惜吝惜。指舍得出本钱。,bù xī gōng běn,不惜工本,bxgb,bu xi gong ben,bu,ben
无,无,①平平淡淡；普普通通。②指冷言嘲笑。,bù xián bù dàn,不咸不淡,bxbd,bu xian bu dan,bu,dan
唐·陆龟蒙《蠹化》翳叶仰啮，如饥蚕之速，不相上下。”,以愚观之，晋楚互为雌雄，～。★明·冯梦龙《东周列国志》第五十五回,分不出高低好坏。形容水平相当。,bù xiāng shàng xià,不相上下,bxsx,bu xiang shang xia,bu,xia
《战国策·秦策一》襄主错龟数策占兆，以视利害。”北魏·郦道元《水经注》卷一汝之生，不祥之证。”,吴学究谏道此乃～，兄长改日出军。”★明·施耐庵《水浒全传》第六十回,兆预兆。不吉利的预兆。,bù xiáng zhī zhào,不祥之兆,bxzz,bu xiang zhi zhao,bu,zhao
明·方孝儒《送龚彦佐序》夫禄之以天下而系马千驷，常人思以其身易之而不可得，而伊尹不屑一顾视焉。”,我的眼光是一直线，只看前面的，两旁和后方，悍都然～了。★清·曾朴《孽海花》第二十八回,不屑不值得，不愿意；顾看。认为不值得一看。形容极端轻视。,bù xiè yī gù,不屑一顾,bxyg,bu xie yi gu,bu,gu
《后汉书·马援传》公孙不吐哺走迎国士，与图成败，反修饰边幅，如偶人形。此子何足久稽天下士乎？”《北齐书·颜之推传》好饮酒，多任纵，不修边幅。”,他又～，穿着一件稀烂的直裰，靸着一双破不过的蒲鞋。★清·吴敬梓《儒林外史》第五十五回,边幅布帛的边缘，比喻人的衣着、仪表。原形容随随便便，不拘小节◇形容不注意衣着或容貌的整洁。,bù xiū biān fú,不修边幅,bxbf,bu xiu bian fu,bu,fu
清·吴趼人《二十年目睹之怪现状》第四十回原来你这回到上海，干了这么一回事，也不虚此一行。”,无,虚空、白。没有空跑这一趟。表示某种行动还是有所收获的。,bù xū cǐ xíng,不虚此行,bxcx,bu xu ci xing,bu,xing
《汉书·霍光传赞》然光不学亡术，暗于大理。”,都说他的人是个好的，只可惜了一件，是犯了～”四个字的毛病。★清·李宝嘉《官场现形记》第五十六回,学学问；术技能。原指没有学问因而没有办法。现指没有学问，没有本领。,bù xué wú shù,不学无术,bxws,bu xue wu shu,bu,shu
无,无,徇曲从。不曲从私人交情。指为人公正，秉公处事。,bù xún sī qíng,不徇私情,bxsq,bu xun si qing,bu,qing
明·冯梦龙《醒世恒言·吴衙内邻舟赴约》秀娥一心忆着吴衙内，坐在旁边，不言不语，如醉如痴，酒也不沾一滴，箸也不动一动。”,王中见母子说话没缝，只得起来。～，走到前厅，看见主人灵柩。★清·李绿园《歧路灯》第32回,不说话，闷声不响。,bù yán bù yǔ,不言不语,byby,bu yan bu yu,bu,yu
《孟子·尽心上》仁义礼智根于心，其生色也，然见于面。盎于背，施于四体，四体不言而喻。”,你想他们这朋友之乐，尽可～了。★清·刘鹗《老残游记续集》第一回,喻了解，明白。不用说话就能明白。形容道理很明显。,bù yán ér yù,不言而喻,byey,bu yan er yu,bu,yu
清·夏敬渠《野叟曝言》第一百三十八回评每阅数年，必综叙素臣生子生孙，娶妇嫁女，中科发甲。而读者不厌其烦，甚至一回之中，先后数见，绝无沓冗繁复之病。”,今之史学则异是，必致谨于闾阎日用之细，起居笑貌之琐，～，不嫌其鄙。★清·严复《道学外传》,厌嫌。不嫌麻烦。,bù yàn qí fán,不厌其烦,byqf,bu yan qi fan,bu,fan
《公羊传·文公九年》始有大夫，则何以不氏？许夷狄者，不一而足也。”,两边摆地摊，售卖农家器具及乡下日用物件的，～。★清·刘鹗《老残游记》第十一回,足充足。指同类的事物不只一个而是很多，无法列举齐全。,bù yī ér zú,不一而足,byez,bu yi er zu,bu,zu
郝艳霞 王润生《三请薛仁贵》第三回李氏和柳大洪慌忙来到前厅，为银环求情。柳刚不依不饶。李氏急了，说‘你要杀银环，我就撞头！’”,无,形容要求不遂就纠缠个没烷完。,bù yī bù ráo,不依不饶,bybr,bu yi bu rao,bu,rao
《战国策·赵策三》秦之攻我也，不遗余力矣，必以倦而归也。”《史记·平原君虞卿列传》秦不遗余力矣，必且欲破赵军。”,委员和事，调停惟赖孔方；绅士责言，控诉～。★清·李宝嘉《文明小史》第四回,遗留；余力剩下的力量。把全部力量都使出来，一点不保留。,bù yí yú lì,不遗余力,byyl,bu yi yu li,bu,li
《邓析子·转辞》今墨劓不以为耻，斯民所以乱多治少也。”,对于自己的历史一点不懂，或懂得甚少，～，反以为荣。★毛泽东《改造我们的学习》,不认为是可耻的。指不知羞耻。,bù yǐ wéi chǐ,不以为耻,bywc,bu yi wei chi,bu,chi
宋·苏轼《再乞罢详定役法状》右臣先曾奏论前衙一役，只当招募，不当定差，执政不以为然。”,听他说洋人不是，口虽不言，心下却老大～。★清·李宝嘉《官场现形记》,然是，对。不认为是对的。表示不同意或否定。,bù yǐ wéi rán,不以为然,bywr,bu yi wei ran,bu,ran
《三国志·吴书·陆凯传》定大恨凯，思中伤之，凯终不以为意，乃心公家，义形于色，表疏皆指事不饰，忠恳内发。”北魏·杨衒之《洛阳伽蓝记·秦太上君寺》临淄官徒有在京邑，闻怀砖慕势，咸共耻之，唯崔孝忠一人不以为意。”,管亥望见救军来到，亲自引兵迎敌；因见玄德兵少，～。★明·罗贯中《三国演义》第十一回,不把它放在心上。表示对人、对事抱轻视态度。,bù yǐ wéi yì,不以为意,bywy,bu yi wei yi,bu,yi
汉·刘向《列女传·齐田稷母传》不义之财，非吾有也，不孝之子，非吾子也。”,这～，犬豕不顾，谁人要你的！★明·冯梦龙《古今小说》第二十二卷,不义不正当，不合理。不应该得到的或以不正当的手段获得的钱财。,bù yì zhī cái,不义之财,byzc,bu yi zhi cai,bu,cai
《论语·学而》有朋自远方来，不亦乐乎？”,哎，那骂得可真也是～。★郭沫若《屈原》第五幕,乎文言中用为疑问或反问的语气助词，这里相当于吗”。用来表示极度、非常、淋漓尽致地意思。,bù yì lè hū,不亦乐乎,bylh,bu yi le hu,bu,hu
《管子·戒》无翼而飞者声也。”《战国策·秦策三》众口所移，毋翼而飞。”,足足的一百六十块钱就那样便～了。★郭沫若《革命春秋·创造十年》,翼翅膀。没有翅膀却飞走了。比喻物品忽然丢失。也比喻事情传播得很迅速。,bù yì ér fēi,不翼而飞,byef,bu yi er fei,bu,fei
元·武汉臣《生金阁》三折怎么不由分说，便将我飞拳走踢只是打。”,可是人们～，还是狠狠地打了他一顿，还用马刀把所有的布袋都砍破了，把车子也劈掉了。★邓洪《潘虎》,由听从，顺便；分说辩白，解说。不容人分辩解释。,bù yóu fēn shuō,不由分说,byfs,bu you fen shuo,bu,shuo
清·曹雪芹《红楼梦》第八十一回我也不很记得了，但觉自己身子不由自主，倒象有什么人，拉拉扯扯，要我杀人才好。”,无,由不得自己，控制不住自己。,bù yóu zì zhǔ,不由自主,byzz,bu you zi zhu,bu,zhu
《孟子·梁惠王上》王曰‘叟，不远千里而来，亦将有以利吾国乎？’”,无,不以千里为远。形容不怕路途遥远。,bù yuǎn qiān lǐ,不远千里,byql,bu yuan qian li,bu,li
《孟子·梁惠王上》王曰‘叟，不远千里而来，亦将有以利吾国乎？’”,受加拿大共产党和美国共产党的派遣，～，来到中国。★毛泽东《纪念白求恩》,不以万里为远。形容不怕路途遥远。,bù yuǎn wàn lǐ,不远万里,bywl,bu yuan wan li,bu,li
《史记·平津侯主父列传》应对而皆动，不谋而俱起，不约而同会。”,中军元帅栾书，～，亦至朝门，正遇胥童引兵到来。★明·冯梦龙《东周列国志》第五十九回,约相约。事先没有约定而相互一致。,bù yuē ér tóng,不约而同,byet,bu yue er tong,bu,tong
晋·庾亮《报温峤书》吾忧西陲，过于历阳，足下无过雷池一步也。”,无,比喻不敢超越一定的范围和界限。同不敢越雷池一步”。,bù yuè léi shi,不越雷池,byls,bu yue lei shi,bu,shi
元·秦简夫《赵礼让肥》四折以下各随次第加官赐赏，这且不在话下。”,太史之类，不过傀儡，其实是～的。★《鲁迅书信集·致章廷谦》,指事物轻微，或者理所当然，不值得一提。,bù zài huà xià,不在话下,bzhx,bu zai hua xia,bu,xia
鲁迅《三闲集·通信》要谋生，谋生之道，则不择手段。”,无,择选择。指为了达到目的，什么手段都使得出来。,bù zé shǒu duàn,不择手段,bzsd,bu ze shou duan,bu,duan
老舍《女店员》第二幕如今的妇女跟男人不折不扣一样尊贵！”,无,折、扣出售商品时，按定价减去的成数。没有折扣，表示完全、十足的意思。,bù zhé bù kòu,不折不扣,bzbk,bu zhe bu kou,bu,kou
《抱朴子·辩问》移不正之风，易流遁之俗。”,无,不正当的社会风气。,bù zhèng zhī fēng,不正之风,bzzf,bu zheng zhi feng,bu,feng
明·赵弼《两教辨》遂使昏愚之徒，听其妖诞，舍正从邪，醉生梦死，不知不觉。尧舜三代以前，未闻有此教。”,他的残忍和狠毒，时而～地在老人面前显露出来。★曹禺《王昭君》第二幕,知知道；觉觉察。没有意识到，没有觉察到。现多指未加注意。,bù zhī bù jué,不知不觉,bzbj,bu zhi bu jue,bu,jue
明·冯梦龙《东周列国志》第一回宣王问曰‘如今红衣小儿何在？’答曰‘自教歌之后，不知去向。’”,无,向方向。不知道哪里去了。,bù zhī qù xiàng,不知去向,bzqx,bu zhi qu xiang,bu,xiang
明·施耐庵《水浒全传》第十九回抑且水荡坡塘，不知深浅。”,这和尚～，那三个魔头，神通广大得紧哩！★明·吴承恩《西游记》第七十四回,原意是不知道水的深浅◇多用以形容不懂得事情的利害。,bù zhī shēn qiǎn,不知深浅,bzsq,bu zhi shen qian,bu,qian
《论语·子路》则民无所措手足。”《三国志·吴书·诸葛恪传》哀喜交并，不知所措。”,程仁呆了，这个意外的遇见，使他一时～。★丁玲《太阳照在桑干河上》五五,措安置，处理。不知道怎么办才好。形容处境为难或心神慌乱。,bù zhī suǒ cuò,不知所措,bzsc,bu zhi suo cuo,bu,cuo
唐·张彦远《法书要录·购兰亭序》遽见追乎，不知所以。”,咪咪忽然拿起一只锅盖，用一只骨筷乒乒乓乓敲起来，敲得他～，惊惶失措，晕头转向。★王安忆《流逝》,以原因。不明白为什么是这样。指不知道原因。,bù zhī suǒ yǐ,不知所以,bzsy,bu zhi suo yi,bu,yi
三国·蜀·诸葛亮《出师表》临表涕泣，不知所云。”,这篇文章逻辑性太差，使人看了～。,云说。不知道说得是些么。形容说话内容混乱，无法理解。,bù zhī suǒ yún,不知所云,bzsy,bu zhi suo yun,bu,yun
《庄子·田子方》日夜无隙，而不知其所终。”《国语·越语下》遂乘扁舟，以浮于五湖，莫知其所终极。”,余幼在湖口，有一僧持显者书，周行各郡县……后～。★清·采蘅子《虫鸣漫录》,终最后，结局。不知道结局或下落。,bù zhī suǒ zhōng,不知所终,bzsz,bu zhi suo zhong,bu,zhong
无,对于他所提有关修改方案的提议，完全没有事实根据，～。,不值得批驳。,bù zhí yī bó,不值一驳,bzyb,bu zhi yi bo,bu,bo
明·冯梦龙《醒世恒言》卷十太医诊了诊脉，说道‘……此乃不治之症。’”,假使她们真知道立国数千年的大中华民国”的国民，往往有自欺欺人的～，那可真是没有面子了。★鲁迅《二心集·以脚报国》,医治不好的病。也比喻无法挽救的祸患。,bù zhì zhī zhèng,不治之症,bzzz,bu zhi zhi zheng,bu,zheng
清·李宝嘉《官场现形记》第五十六回温钦差听了一笑，也不置可否。”,吴荪甫～地淡淡一笑，转身就坐在一张椅子里。★茅盾《子夜》十,置放，立；可行；否不行。不说行，也不说不行。指不表明态度。,bù zhì kě fǒu,不置可否,bzkf,bu zhi ke fou,bu,fou
明·施耐庵《水浒全传》第十九回何涛思想在此不着边际，怎生奈何！我须用自去一遭。”,周氏和张氏又谈了一些～的闲话。★巴金《春》十五,着接触；边际边界，边缘。挨不着边儿。多指说话空泛，不接触实际。,bù zhuó biān jì,不着边际,bzbj,bu zhuo bian ji,bu,ji
《左传·隐公十一年》不度德，不量力。”《战国策·齐策三》荆甚固，而薛亦不量其力。”,就说我们殿试都是侥幸名列上等，并非～，何敢自不量力，妄自谈文。★清·李汝珍《镜花缘》第八十七回,量估量。自己不估量自己的能力。指过高地估计自己的实力。,bù zì liàng lì,不自量力,bzll,bu zi liang li,bu,li
《史记·刘敬叔孙叔通传》此特群盗鼠窃狗盗耳，何足置之齿牙间？”,宋江答道无能小将，～。”★明·施耐庵《水浒全传》第八十七回,不足不值得；挂齿放在嘴上讲。表示不值得一提。,bù zú guà chǐ,不足挂齿,bzgc,bu zu gua chi,bu,chi
宋·毕仲游《祭范德孺文》人乐其大而忘其私，不然则公不足为奇。”,这些都是小事情，～，不过偶然想到，举例而已。★《鲁迅书信集·致李霁野》,足值得。不值得奇怪。指某种事物或现象很平常，没有什么奇怪的。,bù zú wéi qí,不足为奇,bzwq,bu zu wei qi,bu,qi
清·吴趼人《二十年目睹之怪现状》第88回并且事成之后，大人步步高升，扶摇直上，还望大人栽培呢！”,祝你今年～。,步步表示距离很短；高升往上升。指职位不断上升。,bù bù gāo shēng,步步高升,bbgs,bu bu gao sheng,bu,sheng
明·罗贯中《三国演义》第七十一回可激劝士卒，拔寨前进，步步为营，诱渊来战而擒之此乃‘反客为主’之法。”,无,步古时以五尺为一步，步步”表示距离短。军队每向前推进一步就设下一首营垒。形容防守严密，行动谨慎。,bù bù wéi yíng,步步为营,bbwy,bu bu wei ying,bu,ying
无,两小小组配合默契，步调一致，任务完成得很好。,步调行进的步伐。比喻行动和谐一致。,bù diào yī zhì,步调一致,bdyz,bu diao yi zhi,bu,zhi
唐·皮日休《上真观》天禄行蹒跚。”,无,蹒跚走路一瘸一拐的样子。形容走路腿脚不方便，歪歪倒倒的样了。,bù lǚ pán shān,步履蹒跚,blps,bu lv pan shan,bu,shan
《宋史·章宗经三》年高艰于步履者，并听策杖，仍令舍人护卫扶之。”明·邵景瞻《觅灯因话·桂迁梦感录》念见刘，颈荷欠徽，手交木叶，颜色枯槁，步履艰难。”,譬如祖母的脚是三角形，～的，小姑娘的却是天足，能飞跑。★鲁迅《华盖集·这个与那个》,指行走困难行动不方便。,bù lǚ wéi jiān,步履维艰,blwj,bu lv wei jian,bu,jian
无,他从小就流露出才华横溢的天资来。,才华表现于外的才能。多指文学艺术方面而言，很有才华。,cái huá héng yì,才华横溢,chhy,cai hua heng yi,cai,yi
元·白朴《墙头马上》第一折七岁草字如云，十岁吟诗应口，才貌两全，京师人每呼少俊。”,刚配和一个～的女婿，情性又好，偏偏的得了冤孽症候，不过捱日子罢了。★清·曹雪芹《红楼梦》第一一０回,才学相貌都好。,cái mào shuāng quán,才貌双全,cmsq,cai mao shuang quan,cai,quan
唐·李隐《潇湘录·呼延冀》妾既与君匹偶，诸邻皆谓之才子佳人。”宋·晁补之《鹧鸪天》词夕阳芳草本无恨，才子佳人自多愁。”,此番招赘进蘧公孙来，门户又相称，才貌又相当，真个是～，一双两好”。★清·吴敬梓《儒林外史》第十一回,泛指有才貌的男女。,cái zǐ jiā rén,才子佳人,czjr,cai zi jia ren,cai,ren
刘绍棠《小荷才露尖尖角》五花婶子的这项收入十分可观。财大气粗，盖起这座青堂瓦舍的大宅院。”,那时他～，大进大出。★张周《步履艰难的中国》第二章,①指富有财产，气派不凡。②指仗着钱财多而气势凌人。,cái dà qì cù,财大气粗,cdqc,cai da qi cu,cai,cu
孙犁《秀露集·耕堂读书记（三）》如果当时这位作者，明达冷静一些，不财迷心窍，天下原可以平安无事的。”,无,指由于一心爱财而心中糊涂。,cái mí xīn qiào,财迷心窍,cmxq,cai mi xin qiao,cai,qiao
《诗经·周南·关雎》参差荇菜，左右采之。”汉·扬雄《法言·序目》国君将相，卿士名臣，参差不齐，一概诸圣。”,礼生见他们～，也只好由着他们敷衍了事。★清·李宝嘉《官场现形记》第一回,参差长短、高低不齐。形容水平不一或很不整齐。,cēn cī bù qí,参差不齐,ccbq,cen ci bu qi,cen,qi
唐·杜甫《奉赠韦左丞丈》残杯与冷炙，到处潜悲辛。”,做人不可攀结权贵，靠人施舍，以受～之辱。,指吃剩的饭菜。也比喻别人施舍的东西。,cán gēng lěng zhì,残羹冷炙,cglz,can geng leng zhi,can,zhi
毛泽东《论持久战》这些特点是事实上存在的，不是虚造骗人的；是战争的全部基本要素，不是残缺不全的片段。”,无,残残破；缺缺少；全完整。残破、缺少，很不完全。,cán quē bù quán,残缺不全,cqbq,can que bu quan,can,quan
唐·李华《吊古战场文》伤心惨目，有如是耶！”,他在一场车祸中不幸遇难，那场景真是～。,睹看。凄惨得叫人不忍心看。,cǎn bù rěn dǔ,惨不忍睹,cbrd,can bu ren du,can,du
唐·杜甫《丹青引赠曹将军霸》诏谓将军指绢素，意匠惨淡经营中。”,这样～之后，这一所房屋，在那条贫民窟的街道上简直是一所很整洁的屋子了。★邹韬奋《经历·惨淡经营之后》,惨淡苦费心思；经营筹划。费尽心思辛辛苦苦地经营筹划◇指在困难的的境况中艰苦地从事某种事业。,cǎn dàn jīng yíng,惨淡经营,cdjy,can dan jing ying,can,ying
峻青《故乡杂忆》指挥着几百万美械装备的大军，向解放区进行着惨绝人寰的大屠杀。”,无,人寰人世。世界上再没有比这更惨痛的事。形容惨痛到了极点。,cǎn jué rén huán,惨绝人寰,cjrh,can jue ren huan,can,huan
蔡东藩《唐史演义》第五十二回将妃、主等人，一一剖心致祭，惨无人道。”,杀我人民，系累我妇孺，～。★杨玉如《辛亥革命先著记》,惨狠毒，残暴。残酷狠毒到极点，如野兽一样。,cǎn wú rén dào,惨无人道,cwrd,can wu ren dao,can,dao
清·李汝珍《镜花缘》第四十八回只觉金光万道，瑞气千条，灿烂辉煌，华彩夺目。”,《西江月》领导全靠共产党，胜利～。”★刘流《烈火金钢·开头语》,灿烂鲜明耀眼。形容光彩四射，鲜明耀眼。也比喻成绩卓著，十分引人注目。,càn làn huī huáng,灿烂辉煌,clhh,can lan hui huang,can,huang
南唐·李煜《破阵子》最是仓皇离庙日，教坊犹奏别离歌。”,无,仓皇匆忙，慌张。慌慌张张地外出逃跑。,cāng huáng chū táo,仓皇出逃,chct,cang huang chu tao,cang,tao
晋·葛洪《神仙传·麻姑》麻姑自说云，接待以来，已见东海三为桑田。”,～，谓世事之多变。★清·程元升《幼学故事琼林·地舆》,桑田农田。大海变成桑田，桑田变成大海。比喻世事变化很大。,cāng hǎi sāng tián,沧海桑田,chst,cang hai sang tian,cang,tian
宋·苏轼《前赤壁赋》寄蜉蝣天天地，渺苍海之一粟。”,我本人只是～，渺小得很。真正伟大的是中国人民，是中国共产党，是中华人民共和国！★钱学森《在授奖仪式上的讲话》,粟谷子，即小米。大海里的一粒谷子。比喻非常渺小。,cāng hǎi yī sù,沧海一粟,chys,cang hai yi su,cang,su
朱自清《历史的战斗中》那拥抱过去的人虽不一定‘苍白无力’，那也不免外强中干。”,无,苍白灰白。形容贫弱无力。,āng bái búi lì,苍白无力,abbl,ang bai bui li,ang,li
宋·郭熙《山川训》春山澹冶而如笑，夏山苍翠而欲滴，秋山明净而如妆，冬山惨淡而如睡。”,在这块地面上，～的树木……一株株一丛丛地生长着。★秦牧《沙面晨眺》,苍翠深绿。形容草木等绿色植物仿佛饱含水份一样。,cāng cuì yù dī,苍翠欲滴,ccyd,cang cui yu di,cang,di
清·萧执中《勉县定军山武侯墓楹联》古石幽香名士骨；苍松翠柏老臣心。”,无,苍青色。翠青绿色。指四季常青的松柏。比喻具有高贵品质、坚定节操的人。,cāng sōng cuì bǎi,苍松翠柏,cscb,cang song cui bai,cang,bai
北周·庾信《同会河阳公新造山地聊得寓目》诗暗石疑藏虎，盘根似卧龙。”,在中州地面，四通八达，乃是～之地，英雄荟萃之区，非同小地方可比。★姚雪垠《李自成》第二卷第十六章,指隐藏着未被发现的人才，也指隐藏不露的人才。,cáng lóng wò hǔ,藏龙卧虎,clwh,cang long wo hu,cang,hu
《左传·宣公十五年》川泽纳污，山薮藏疾。”,这个地方曾经是一个～的黑窝。,污、垢肮脏的东西。比喻隐藏或包容坏人坏事。,cáng wū nà gòu,藏污纳垢,cwng,cang wu na gou,cang,gou
《汉书·五行志中之下》遂要崤阸，以败秦师，匹马觭轮无反者，操之急也。”,杨嗣昌和高起潜都没生气，劝他不要～，对作战方略要慢慢详议。★姚雪垠《李自成》第一卷第二章,操做，从事。处理事情，解决问题过于急躁。,cāo zhī guò jí,操之过急,czgj,cao zhi guo ji,cao,ji
明·朱国桢《涌幢小品·实录》陈文端请修正史，分各志二十八，务于详备，一志多至四五十万余言。未几，文端薨，各志草草了事。”,虽说僧经道忏，吊祭供饭，络绎不绝，终是钱银吝啬，谁肯踊跃，不过～。★清·曹雪芹《红楼梦》第一百一十回,草草形容草率、马虎；了办完，结束。草率地把事情结束了。,cǎo cǎo liǎo shì,草草了事,ccls,cao cao liao shi,cao,shi
南朝·梁·丘迟《与陈伯之书》暮春三月，江南草长，杂花生树，群莺乱飞。”,这样看来，花香鸟语，～，都是大自然的语言。★竺可桢《大自然的语言》,莺黄鹂。形容江南暮春的景色。,cǎo zhǎng yīng fēi,草长莺飞,czyf,cao zhang ying fei,cao,fei
无,无,运用智谋，凭借他人的人力或财力来达到自己的目的。,cǎo chuǎn jiè jiàn,草船借箭,ccjj,cao chuan jie jian,cao,jian
《汉书·贾谊传》其视杀人，若艾草菅然。”,象某人这样的官，真正是～了。★清·李宝嘉《官场现形记》第四十七回,草菅野草。把人命看作野草。比喻反动统治者随意谑杀人民。,cǎo jiān rén mìng,草菅人命,cjrm,cao jian ren ming,cao,ming
《晋书·苻坚载记》坚与苻融登城而望王师，见部阵齐整，将士精锐；又北望八公山上草森皆类人形，顾谓融曰‘此亦劲敌也，何谓少乎？’怃然有惧色。”,这一天大家都是惊疑不定，～，迨及到了晚上，仍然毫无动静。★清·吴趼人《二十年目睹之怪现状》第五十九回,把山上的草木都当做敌兵。形容人在惊慌时疑神疑鬼。,cǎo mù jiē bīng,草木皆兵,cmjb,cao mu jie bing,cao,bing
唐·韩愈《贞曜先生墓志铭》神施鬼设，间见层出。”《唐书·艺文志》历代盛衰，文章与时高下；然其变能百出，不可穷极，何其兴衰。”,爱国精神之表现于中外文学里已经是～的，数不胜数了。★闻一多《文艺与爱国——纪念三月十八》,层重复；穷尽。接连不断地出现，没有穷尽。,céng chū bù qióng,层出不穷,ccbq,ceng chu bu qiong,ceng,qiong
宋·陆九渊《与王谦仲书》方丈檐间，层峦叠嶂，奔腾飞动，近者数十里，远者数百里，争奇竞秀。”,～，出没翠涛。★明·袁宏道《西洞庭》,层峦山连着山；迭障许多高险的象屏障一样的山。形容山峰多而险峻。,céng luán dié zhàng,层峦叠嶂,cldz,ceng luan die zhang,ceng,zhang
唐·韩愈《寄崔二十六立之》诗安有巢中鷇，插翅飞天陲。”,重耳虽～也。★明·冯梦龙《东周列国志》第三十六回,插上翅膀也难逃走。比喻陷入困境，怎么也逃不了。,chā chì nán táo,插翅难逃,ccnt,cha chi nan tao,cha,tao
明·高明《琵琶记·报告戏情》休论插科打诨，也不寻宫数调，只看子孝与妻贤。”,事情出了岔子的时候，～，轻松的把责任卸在别人头上。★丁玲《太阳照在桑干河上》三五,科指古典戏曲中的表情和动作；诨诙谐逗趣的话。戏曲、曲艺演员在表演中穿插进去的引人发笑的动作或语言。,chā kē dǎ hùn,插科打诨,ckdh,cha ke da hun,cha,hun
无,不过废纸簏如果难以检查，也就成了事出有因，～”的疑案。（鲁迅《做杂文”也不易》）,查究起来，没有确实的根据或证据。,chá wú shí jù,查无实据,cwsj,cha wu shi ju,cha,ju
元·关汉卿《斗鹌鹑·女校尉》曲茶余饭饱邀故友，谢馆秦楼，散闷消愁。”,难道还只当作亭子间～”谈天的资料吗？★瞿秋白《普洛大众文艺的现实问题》,泛指休息或空闲的时候。,chá yú fàn hòu,茶余饭后,cyfh,cha yu fan hou,cha,hou
《论语·颜渊》夫达也者，质直而好义，察言而观色，虑以下人。”,宝钗见此景况，～，早知觉了七八分。★清·曹雪芹《红楼梦》第三十二回,察详审。观察别人的说话或脸色。多指揣摸别人的心意。,chá yán guān sè,察言观色,cygs,cha yan guan se,cha,se
明·汤显祖《牡丹亭·惊梦》原来姹紫嫣红开遍，似这般都付与断井颓垣。”,见垂柳拖丝，拂境清幽；～，迎风弄鸟，别有一种赏心之境。★清·禇人获《隋唐演义》六十九回,姹、嫣娇艳。形容各种花朵娇艳美丽。,chà zǐ yān hóng,姹紫嫣红,czyh,cha zi yan hong,cha,hong
《后汉书·吴汉传》帝时遣人观大司马何为，还言方修战攻之具，乃叹曰‘吴公差强人意，隐若一敌国矣。’”,我得了这一封信，似乎还～。★清·吴趼人《二十年目睹之怪现状》第七十六回,差尚，略；强振奋。勉强使人满意。,chā qiáng rén yì,差强人意,cqry,cha qiang ren yi,cha,yi
元·兰楚芳《粉蝶儿·恩情》若要称了心，则除是要到家，学知些柴米油盐价，恁时节闷减愁消受用杀。”,无,泛指一日三餐的生活必需品。,chái mǐ yóu yán,柴米油盐,cmyy,chai mi you yan,chai,yan
晋·潘岳《寡妇赋》思缠绵以瞀乱兮，心摧伤以怆恻。”,他是个忠臣，而且是个～的忠臣。★朱自清《经典常谈·辞赋》,悱恻悲苦的样子。旧时形容内心痛苦难以排解。也指文章感情婉转凄凉。,chán mián fěi cè,缠绵悱恻,cmfc,chan mian fei ce,chan,ce
高阳《清宫外史》上册长此以往，必定搞成明朝末年那个样子，大政受言路的影响，亿不定，政府一件事不能办。”,无,长期这样下去。,cháng cǐ yǐ wǎng,长此以往,ccyw,chang ci yi wang,chang,wang
清·李绿园《歧路灯》第三十六回长话短说，你与谭学生是同盟兄弟，他赢了俺一百多银子。”,无,要说的话很多，一时不能说清，只用扼要的几句话表明主要意思。,cháng huà duǎn shuō,长话短说,chds,chang hua duan shuo,chang,shuo
《战国策·赵策》岂非计久长，有子孙相继为王也哉。”《汉书·元帝纪》东垂被虐耗之害，关中有无聊之民，非长久之计。”,却把那袈裟留下，以为传家之宝，岂非子孙～耶？★明·吴承恩《西游记》第十六回,计计划，策略。长远的打算。,cháng jiǔ zhī jì,长久之计,cjzj,chang jiu zhi ji,chang,ji
元·无名氏《蓝采和》第四折这厮淡则淡到长命百岁。”,无,寿命很长，能活到一百岁。常用作祝福长寿之词。,cháng mìng bǎi suì,长命百岁,cmbs,chang ming bai sui,chang,sui
巴金《短简·给一个孩子》一件重大的事情要经过长年累月的努力才能够有成就。”,无,长年整年；累月很多个月。形容经过了很多年月。,cháng nián lěi yuè,长年累月,cnly,chang nian lei yue,chang,yue
清·曹雪芹《红楼梦》第七十八回原稿在哪里？倒要细细看看，长篇大论，不知说的是什么。”,诗上所叙闺臣姐姐事迹，～，倒象替他题了一个小照。★清·李汝珍《镜花缘》第八十九回,滔滔不绝的言论。多指内容烦琐、词句重复的长篇发言或文章。,cháng piān dà lùn,长篇大论,cpdl,chang pian da lun,chang,lun
《隋书·李谔传》连篇累牍，不出月露之形。”,高会广座，有所征引，～，应口吟诵。★清·黄宗羲《陈令升先生传》,篇幅很长，内容很多。,cháng piān lěi dú,长篇累牍,cpld,chang pian lei du,chang,du
《战国策·燕策二》轻卒锐兵，长驱至国。”汉·曹操《劳徐晃令》吾用兵三十余年，及所闻古之善用兵者，未有长驱直入敌围者也。”,我根据数日来的～，满相信着先头部队是已经进入了武昌。★郭沫若《革命春秋·北伐途次》,长驱不停顿地策马快跑；直入一直往前。指长距离不停顿的快速行进。形容进军迅猛，不可阻挡。,cháng qū zhí rù,长驱直入,cqzr,chang qu zhi ru,chang,ru
《太上纯阳真经·了三得一经》天一生水，人同自然，肾为北极之枢，精食万化，滋养百骸，赖以永年而长生不老。”,逍遥自在，超为上仙。正是玉室丹书著姓，～人家。★明·洪榝《清平山堂话本·蓝桥记》,长生永生。原为道教的话，后也用作对年长者的祝愿语。,cháng shēng bù lǎo,长生不老,csbl,chang sheng bu lao,chang,lao
清·钱彩《说岳全传》第六十六回岳夫人道‘……怎敢劳姐长途跋涉，决难从命。’”,无,跋涉翻山越岭、趟水过河。指远距离的翻山渡水。形容路途遥远，行路辛苦。,cháng tú bá shè,长途跋涉,ctbs,chang tu ba she,chang,she
《韩非子·五蠹》长袖善舞，多钱善贾。”,李春山～，当时的一班名公巨卿，甚至连醇王都被他巴结上了。★高阳《清宫外史》上册,袖子长，有利于起舞。原指有所依靠，事情就容易成功◇形容有财势会耍手腕的人，善于钻营，会走门路。,cháng xiù shàn wǔ,长袖善舞,cxsw,chang xiu shan wu,chang,wu
《荀子·君子篇》故尚贤使能，则主尊下安；贵贱有等，则令行而不流；亲疏有分，则施行而不悖；长幼有序，则事业捷成而有所休。”,无,指年长者和年幼者之间的先后尊卑。同长幼有叙”。,zhǎng yòu yǒu xù,长幼有序,z,zhang you you xu,zhang,xu
《乐府群珠·无名氏＜金字经＞》短叹长吁三两声。”,少可有一万声～，五千遍捣枕槌床。★元·王实甫《西厢记》第一本第二折,吁叹息。长一声、短一声不住地叹气。形容发愁的神情。,cháng xū duǎn tàn,长吁短叹,cxdt,chang xu duan tan,chang,tan
《汉书·贾谊传》建久安之势，成长治之业。”,要维持民族和国家的长久地位，还有道德问题，有了很好的道德，国家才能～。★孙中山《民族主义第六讲》,治太平；安安定。形容国家长期安定、巩固。,cháng zhì jiǔ ān,长治久安,czja,chang zhi jiu an,chang,an
无,～的国防力量是国家安全的保证。,常时常；备防备，准备；懈懈怠，放松。时刻准备着，毫不忪懈。,cháng bèi bù xiè,常备不懈,cbbx,chang bei bu xie,chang,xie
《后汉书·藏宫传》常胜之家，难于虑敌。”,我们不能要求事实上的～，这是自古以来就很少的。★毛泽东《中国革命战争的战略问题》,每战必胜的指挥官。,cháng shèng jiāng jūn,常胜将军,csjj,chang sheng jiang jun,chang,jun
南朝·宋·刘义庆《世说新语·雅量》殷怅然自失。”,忠泣诉父名，主人～。★清·蒲松龄《聊斋志异·牛成章》,怅然形容不如意、不痛快。象失去什么似的烦恼不快。,chàng rán ruò shī,怅然若失,crrs,chang ran ruo shi,chang,shi
明·李清《三垣笔记·崇桢》熊司副开元请对，意在攻周辅延儒，故请屏人，诸臣请退，皆允之，惟延儒等请退，则谕止之，故开元不能畅所欲言。”,还有一种坏处，是一做教员，未免有顾忌；教授有教授的架子，不能～。★鲁迅《而已集·读书杂谈》,畅尽情，痛快。畅快地把要说的话都说出来。,chàng suǒ yù yán,畅所欲言,csyy,chang suo yu yan,chang,yan
毛泽东《整顿党的作风》铲除这两方面的祸根，才能使党在团结全党同志和团结全国人民的伟大事业中畅行无阻。”,无,毫无阻碍地通行或通过。,chàng tōng wú zǔ,畅通无阻,ctwz,chang tong wu zu,chang,zu
无,铲除路面上的积雪，才能使道路再度～。,毫无阻碍地通行或通过。,chàng xíng wú zǔ,畅行无阻,cxwz,chang xing wu zu,chang,zu
无,《太白》创刊之初，原有一点同当时风行的《论语》、《人间世》～的意思。（唐弢《忆〈太白〉》）,过去，两个戏班子为了抢生意，有时候会硐一时间演同样的戏，称为唱对台戏。比喻采取与对方相对的行动，来反对或搞垮对方。,chàng duì tái xì,唱对台戏,cdtx,chang dui tai xi,chang,xi
宋·苏轼《超然台记》予弟子由适在济南，闻而赋之，且名其台曰‘超然’。以见予之无所往而不乐者，盖游于物之外也。”,这一种仪式既经举行，即倘有后患，各部都该负责，不能～，说风凉话了。★鲁迅《而已集·谈所谓大内档案》,超高超脱俗；物外世外。超出世俗生活之外。引申为置身事外。,chāo rán wù wài,超然物外,crww,chao ran wu wai,chao,wai
晋·李密《陈情表》人命危浅，朝不虑夕。”,这通告示，轰动了整个固始城，津津乐道，竟似忘了身在危城，～。★高阳《清宫外史》上册,早晨不能知道晚上会变成什么样子或发生什么情况。形容形势危急，难以预料。,zhāo bù bǎo xī,朝不保夕,zbbx,zhao bu bao xi,zhao,xi
北魏·郦道元《水经注·注水》或王命急宣，有时朝发白帝，暮到江陵。”唐·韩愈《祭鳄鱼文》以生以食，鳄鱼朝发而夕至也。”,防边防海，转运枪炮，～。★高阳《清宫外史》上册,早上出发晚上就能到达。形容路程不远或交通方便。,zhāo fā xī zhì,朝发夕至,zfxz,zhao fa xi zhi,zhao,zhi
汉·鼌错《论贵粟疏》赋敛不时，朝令而暮改。”《汉书·食货志上》急政暴虐，赋敛不时，朝令而暮改。”,政策要力求相对地稳定，不能～。,早晨发布的命令，晚上就改了。比喻经常改变主张和办法，一会儿一个样。,zhāo lìng xī gǎi,朝令夕改,zlxg,zhao ling xi gai,zhao,gai
无,青年人富有理想，朝气蓬勃，是祖国的未来。,朝气早上的空气，引伸为新生向上，努力进取的气象；蓬勃旺盛的样子。形容充满了生命和活力。,zhāo qì péng bó,朝气蓬勃,zqpb,zhao qi peng bo,zhao,bo
《庄子·齐物论》狙公赋芧，曰‘朝三而暮四。’众狙皆怒。曰‘然则朝四而暮三。’众狙皆悦。名实未亏而喜怒为用，亦因是也。”,厘定规则怎样服役，怎样纳粮，怎样磕头，怎样颂圣。而且这规则是不象现在那样～的。★鲁迅《坟·灯下漫笔》,原指玩弄手法欺骗人◇用来比喻常常变卦，反复无常。,zhāo sān mù sì,朝三暮四,zsms,zhao san mu si,zhao,si
明·冯梦龙《警世恒言》卷二十四再说沈洪自从中秋夜见了玉姐，到如今朝思暮想，废寝忘餐。”,他终于回到了阔别多年、～的故乡。,朝早晨；暮晚上。早晚都想念。形容非常想念或经常想着某一件事。,zhāo sī mù xiǎng,朝思暮想,zsmx,zhao si mu xiang,zhao,xiang
冯玉祥《我的生活》第十四章这时我和梁（喜奎）同住一间房，朝夕相处，相爱如弟兄。”,无,从早到晚都在一起。形容常生活在一起，关系密切。,zhāo xī xiāng chǔ,朝夕相处,zxxc,zhao xi xiang chu,zhao,chu
清·魏源《治篇十一》其朝野上下，莫不玩细娱而苟近安，安其危而利其害。”,若其栋梁方颓，樽俎犹昔，～，犹嘤鸣娱乐，颜色无改，斯非意重辞复，难可曲喻。★章炳麟《〈正学报〉缘起》,朝野指朝廷和民间；上下从中央到地方。指从中央到地方，从做官的到老百姓。,cháo yě shàng xià,朝野上下,cysx,chao ye shang xia,chao,xia
《后汉书·明德马皇后纪》前过濯龙门上，见外家问起居者，车如流水，马如游龙。”,花天酒地，闹个不休，～，日无暇晷。★清·吴趼人《二十年目睹之怪现状》第一回,车象流水，马象游龙。形容来往车马很多，连续不断的热闹情景。,chē shuǐ mǎ lóng,车水马龙,csml,che shui ma long,che,long
宋·朱熹《答胡季随书》近日学者说得太高了，意思都不确实，不曾见理会得一书一事，彻头彻尾。”,他是个～的机会主义者。,彻通，透。从头到尾，全部，十足的意思。,chè tóu chè wěi,彻头彻尾,ctcw,che tou che wei,che,wei
《旧唐书·梁崇义传》梁崇义，长安人，以升斗给于市，有臀力，能卷金舒钩◇为羽林射生，从来瑱于襄阳，沉默寡言，众悦之，累迁为偏裨。”,～，深沉不露，令我忆君之丰采。★陈毅《哭叶军长希夷同志》诗,沉默不出声；寡少。不声不响，很少说话。,chén mò guǎ yán,沉默寡言,cmgy,chen mo gua yan,chen,yan
闻一多《宫体诗的自赎》所以常常是那套褪色的陈词滥调，诗的本身并不能比题目给人以更深的印象。”,无,陈陈旧，陈腐；滥浮泛不合实际。指陈腐、空泛的论调。,chén cí làn diào,陈词滥调,ccld,chen ci lan diao,chen,diao
老舍《鼓书艺人》十七要是我们不抗战，今天早已经亡国了。陈规陋习也一样，你不跟它斗，它就会压垮你。”,无,陈旧不合理的规章制度或习惯。,chén guī lòu xí,陈规陋习,cglx,chen gui lou xi,chen,xi
唐·李咸用《山中》诗朝钟暮鼓不到耳，明月孤云长挂情。”,但见丹霞翠壁远近映楼阁，～杳霭罗幡幢。★宋·欧阳修《庐山高》诗,暮傍晚。佛教规矩，寺里晚上打鼓，晚上敲钟。比喻可以使人警觉醒悟的话。,chén zhōng mù gǔ,晨钟暮鼓,czmg,chen zhong mu gu,chen,gu
无,无,指奔走四方，在外谋生。,chuǎng dàng jiāng hú,闯荡江湖,cdjh,chuang dang jiang hu,chuang,hu
三国·魏·曹操《让县自明本志令》设使国家无有孤，不知当几人称帝，几人称王。”宋·汪元量《读史》刘项称王称霸，关张无命无功。”,决不可把自己关在小房子里，自吹自擂，～。（毛泽东《在陕甘宁边区参议会的演说》）,王帝王；霸古代诸侯联盟的首领。比喻凭借权势横行一方，或狂妄地以首脑自居。,chēng wáng chēng bà,称王称霸,cwcb,cheng wang cheng ba,cheng,ba
宋·朱敦儒《感皇恩》词称心如意，剩活人间几岁？”,但是这个贵州，十分瘠苦，处万山之中，又是晴少雨多，吃的、用的、穿的，无一样能够～。★清·吴趼人《糊涂世界》卷五,形容心满意足，事情的发展完全符合心意。,chèn xīn rú yì,称心如意,cxry,chen xin ru yi,chen,yi
《九命奇冤》第四回你见了我家侄老爹，就称呼一声大爷，也不辱没了你，你怎么称兄道弟起来！”,无,朋友间以兄弟相称。形容关系亲密。,chēng xiōng dào dì,称兄道弟,cxdd,cheng xiong dao di,cheng,di
明·吴承恩《西游记》第十六回正是财动人心，他也不救火，他也不叫水，拿着那袈裟，趁哄打劫，拽回云步，经转山洞而去。”,等警察赶到时，那几个～的流氓早已逃走了。,趁乘机。趁人家失火时去抢劫。比喻乘人之危谋取私利。,chèn huǒ dǎ jié,趁火打劫,chdj,chen huo da jie,chen,jie
老舍《四世同堂》十九他觉得老大实在有可爱的地方，于是，他决定趁热打铁，把话都说净。”,无,铁要趁烧红的时候打。比喻要抓紧有利的时机和条件去做。,chèn rè dǎ tiě,趁热打铁,crdt,chen re da tie,chen,tie
《去笈七签》卷一二０将至所居，自后垣乘虚而入，径及庭中。”,如今百病～。★清·石玉昆《三侠五义》第四十回,趁乘着；虚空虚。趁力量虚弱时侵入。,chèn xū ér rù,趁虚而入,cxer,chen xu er ru,chen,ru
清·霁园主人《夜谭随录·梨花》因耳语其故，公子大骇，入舱隐叩细君，细君结舌瞠目。”,他问每个同学的时候，别的同学也不得不倾耳静听，注意前后情节的线索，否则突然问到，便不免～，不知所答。★邹韬奋《经历》,瞪瞪着眼；结舌说不出话来。瞪着眼睛说不出话来。形容窘困或惊呆的样子。,chēng mù jié shé,瞠目结舌,cmjs,cheng mu jie she,cheng,she
《三国志·吴书·步骘》女配太子，受礼若吊，慷忾之趋，惟笃之物，成败得失，皆如所虑，可谓守道见机，好古之士也。”,无,得得利。失失利。成功与失败，得到的与丢掉的。,chéng bài dé shī,成败得失,cbds,cheng bai de shi,cheng,shi
宋·吴自牧《梦梁录·恤贫济老》杭城富室多是外郡寓之人……四方百货，不趾而集，自此成家立业者众矣。”,原来廉锦枫曾祖向居岭南，因避南北朝之乱，逃至海外，就在君子国～。★清·李汝珍《镜花缘》第十三回,指男的结了婚，有职业，能独立生活。,chéng jiā lì yiè,成家立业,cjly,cheng jia li yie,cheng,yie
《易系·辞下》善不积，不足以成名。”,她个人主义、～思想严重。★黄宗英《大雁情》,树立名声，成为专家。,chéng míng chéng jiā,成名成家,cmcj,cheng ming cheng jia,cheng,jia
清·文康《儿女英雄传》第二十二回平白的没事还在这里成年累月的闲住着，何况来招呼姑娘呢？”,他的高超的技术，是～积累进来的。,成整；累积聚。一年又一年，一月又一月。形容时间长久。,chéng nián lěi yuè,成年累月,cnly,cheng nian lei yue,cheng,yue
老舍《神拳》第二幕做假事骗得了几个人，骗不了成千上万的人。”,无,形容数量很多。,chéng qiān shàng wàn,成千上万,cqsw,cheng qian shang wan,cheng,wan
《新编五代史平话·周史上》无奈那雀儿成群结队来偷吃谷粟，才赶得东边的云，又向西边来吃。”,常与这些轻薄少年，～，驰马试剑，黑夜里往来太行道上。★明·凌濛初《二刻拍案惊奇》卷三十,成成为，变成。一群群人集合在一起。,chéng qún jié duì,成群结队,cqjd,cheng qun jie dui,cheng,dui
《论语·颜渊》君子成人之美，不成人之恶。小人反是。”,敝人向来最赞成一切牺牲，也最乐于～”，况且我们是同志，我当然应该给你想一个完全的办法。★鲁迅《华盖集·牺牲谟》,成成就。成全别人的好事。,chéng rén zhī měi,成人之美,crzm,cheng ren zhi mei,cheng,mei
《儿女英雄传》第二六回讲到姐姐今日这喜事，不但有媒有妁，并且不请得是成双成对的媒妁，余外更多着一位月下老人。”,当然，这都是那些春风满面的少男少女，～，含情脉脉。★俞天白《危栏》,配成一对，多指夫妻或情侣。,chéng shuāng chéng duì,成双成对,cscd,cheng shuang cheng dui,cheng,dui
柳亚子《题战史》诗成王败寇漫相呼，直笔何人纵董狐。”,无,旧指在争夺政权斗争中，成功了的就是合法的，称帝称王；失败了的就是非法的，被称为寇贼‖有成功者权势在手，无人敢责难，失败者却有口难辩的意思。,chéng wáng bài kòu,成王败寇,cwbk,cheng wang bai kou,cheng,kou
宋·苏轼《文与可画筼箉谷偃竹记》故画竹，必先得成竹于胸中。”,他回答老师的问题从容不迫，～。,成竹现成完整的竹子。画竹前竹的全貌已在胸中。比喻在做事之前已经拿定主义。,chéng zhú zài xiōng,成竹在胸,czzx,cheng zhu zai xiong,cheng,xiong
明·朱国祯《涌幢小品·曾有萩赠文》公承前草创，启后规模，此之功德，垂之永久。”,至于青年之急待攻击，实较老年为尤甚，因为他们是～的桥梁，国家的绝续，全在他们肩上的。★鲁迅《两地书》一一,承承接；启开创。承接前面的，开创后来的。指继承前人事业，为后人开辟道路。,chéng qián qǐ hòu,承前启后,cqqh,cheng qian qi hou,cheng,hou
宋·张炎《词源·制曲》思量头如何起，尾如何结，方始选韵，而后述曲，最是过片不要断了曲意，须要承上启下。”,这两段文字中应有几句～的话。,承接上面的，引起下面的。多用在写文章方面。,chéng shàng qǐ xià,承上启下,csqx,cheng shang qi xia,cheng,xia
明·朱国祯《涌幢小品·曾有萩赠文》公承前草创，启后规模，此之功德，垂之永久。”,文中这句话起到了～的作用。,继承前代的，启发后代的。,chéng xiān qǐ hòu,承先启后,cxqh,cheng xian qi hou,cheng,hou
汉·杜诗《乞退郡疏》奉职无效，久窃禄位，令功臣怀愠，诚惶诚恐。”,一些成了惊弓之鸟的部员们算也～地先后把那段危险的地面通过了。★郭沫若《北伐途中》二十一,诚实在，的确；惶害怕；恐畏惧。非常小心谨慎以至达到害怕不安的程度。,chéng huáng chéng kǒng,诚惶诚恐,chck,cheng huang cheng kong,cheng,kong
《后汉书·马援传》开心见诚，无所隐伏。”,大远的～来了，岂有个不叫你见个真佛儿去的呢？★清·曹雪芹《红楼梦》第六回,形容十分真挚诚恳。,chéng xīn chéng yì,诚心诚意,cxcy,cheng xin cheng yi,cheng,yi
姚雪垠《长夜》二一刘老义是一个任性的人，他诚心实意地想要你跟他过日子。”,无,形容十分真挚诚恳。,chéng xīn shí yì,诚心实意,cxsy,cheng xin shi yi,cheng,yi
《宋书·宗悫传》悫年少时，炳问其志，悫曰‘愿乘长风破万里浪。’”,轮船在～，汽车在驶过原野。★茅盾《子夜》五,船只乘着风势破浪前进。比喻排除困难，奋勇前进。,chéng fēng pò làng,乘风破浪,cfpl,cheng feng po lang,cheng,lang
明·罗贯中《三国演义》第十八回我乘其不备而更追之，故能胜也。”,无,乘趁。利用别人没有防备的时机，去侵害对方。,chéng qí bù bèi,乘其不备,cqbb,cheng qi bu bei,cheng,bei
《后汉书·盖勋传》谋事杀良，非忠也；乘人之危，非仁也。”,那种～，大发横财的人，是缺德的人。,乘人家危难的时候去威胁损害。,chéng rén zhī wēi,乘人之危,crzw,cheng ren zhi wei,cheng,wei
《新编五代史评话·梁史卷上》李思安跃马交斗，经二十余合，思安拽枪徉败，退去。单可及乘胜追击。”,无,乘趁着。趁着胜利的形势继续追击敌人，扩大战果。,chéng shèng zhuī jī,乘胜追击,cszj,cheng sheng zhui ji,cheng,ji
《晋书·王徽之传》人问其故，徽之曰‘本乘兴而来，兴尽而反，何心见安道邪？’”,正是～，败兴而返。★明·冯梦龙《东周列国志》第一回,乘趁，因；兴兴致，兴趣。趁着兴致来到，结果很扫兴的回去。,chéng xìng ér lái,乘兴而来,cxel,cheng xing er lai,cheng,lai
宋·张君房《去笈七签》卷一二０将至所居，自后垣乘虚而入，径及庭中。”,若各存意见，不能和睦，是自己先孤了，别人安得不～。★清·李汝珍《镜花缘》第七十四回,乘趁。趁着虚弱疏漏的地方进入。,chéng xū ér rù,乘虚而入,cxer,cheng xu er ru,cheng,ru
《诗经·周颂·小毖》予其惩而毖后患。”,唐总理～，实不欲再当此任，只是需款甚急，又不好不硬着头皮，出去商办。★蔡东藩、许廑父《民国通俗演义》第十回,惩警戒；毖谨慎。指批判以前所犯的错误，吸取教训，使以后谨慎些，不致再犯。,chéng qián bì hòu,惩前毖后,cqbh,cheng qian bi hou,cheng,hou
清·曹雪芹《红楼梦》第十五回他近日所见的这几个三等仆妇，吃穿用度，已是不凡了，何况今至其家。”,无,指日常衣食费用。,chī chuān yòng dù,吃穿用度,ccyd,chi chuan yong du,chi,du
魏巍《路标》却有人认为糊糊涂涂地吃喝玩乐，那才算没有虚掷自己的年华。”,无,指过恣意享乐的生活。,chī hē wán lè,吃喝玩乐,chwl,chi he wan le,chi,le
周恩来《目前形势和新四军的任务》而我们新四军能吃苦耐劳，不怕困难。”,无,耐禁受得住。能过困苦的生活，也经得起劳累。,chī kǔ nài láo,吃苦耐劳,cknl,chi ku nai lao,chi,lao
周立波《暴风骤雨》第一部六人心隔肚皮，备不住有那吃里扒外的家伙走风漏水，叫韩老六跑了。”,无,接受这一方面的好处，却为那一方面卖力。也指将自己方面的情况告诉对方。,chī lǐ pá wài,吃里扒外,clpw,chi li pa wai,chi,wai
清·程道一《消闲演义》朝臣都不一心，总是吃里爬外，恐怕将来闹糟了算呀！”,这种～的事，我劝你不要做。,接受这一方面的好处，却为那一方面卖力。也指将自己方面的情况告诉对方。,chī lǐ pá wài,吃里爬外,clpw,chi li pa wai,chi,wai
清·石昆玉《三侠五义》第十四回且说苗家父子丢了银子，因是暗昧之事，也不敢声张，竟吃了哑巴亏了。”,无,自己遭受暗算或受损吃亏，不敢声张或无法申诉，只好自认吃亏。,chī yǎ bā kuī,吃哑巴亏,cybk,chi ya ba kui,chi,kui
《后汉书·樊宏传》尝欲作器物，先种梓漆，时人嗤之。”,说于乡，乡人笑之；说于市，市人非之；请于巨绅贵族，更～。★清·颐琐《黄绣球》第七回,嗤讥笑。用鼻子吭声冷笑。表示轻蔑。,chī zhī yǐ bí,嗤之以鼻,czyb,chi zhi yi bi,chi,bi
宋·释惠洪《冷斋夜话》卷九此正所谓对痴人说梦也。”,子牙笑曰邓将军，你这篇言词，真如～。”★明·许仲琳《封神演义》第五十三回,痴傻。原指对痴人说梦话而痴人信以为真。比喻凭借荒唐的想象胡言乱语。,chī rén shuō mèng,痴人说梦,crsm,chi ren shuo meng,chi,meng
明·罗贯中《平妖传》第五回谁知那道也自痴心妄想，魂颠梦倒，分明是癞蛤蟆想着天鹅肉吃。”,大凡人不做指望，到也不在心上；一做指望，便～，时刻难过。★明·冯梦龙《古今小说·蒋兴哥重会珍珠衫》,痴心沉迷于某人或某事的心思；妄想荒诞的打算。一心想着不可能实现的事。也指愚蠢荒唐的想法。,chī xīn wàng xiǎng,痴心妄想,cxwx,chi xin wang xiang,chi,xiang
《左传·宣公三年》魑魅魍魉，莫能逢之。”,如今把事实指出，愈使～无所遁形于光天化日之下了！★邹韬奋《患难余生记·进步文化的遭难》,原为古代传说中的鬼怪。指各种各样的坏人。,chī mèi wǎng liǎng,魑魅魍魉,cmwl,chi mei wang liang,chi,liang
《剪灯新话·三山福地传》汝宜择地而居，否则恐预池鱼之殃。”,王仁东也觉得军机全班尽撤，未免过分，连带使翁同酥受～，内心更为不安。★高阳《清宫外史》下册,比喻受牵连而遭到的祸害。,chí yú zhī yāng,池鱼之殃,cyzy,chi yu zhi yang,chi,yang
北魏·郦道元《水经注·涑水》赀拟王公，驰名天下。”,国民革命军新编第四军抗战有功，～。★毛泽东《为皖南事变发表的命令和谈话》,驰传播。形容名声传播得极远。,chí míng zhōng wài,驰名中外,cmzw,chi ming zhong wai,chi,wai
清·曾国藩《家训喻纪泽》尔之短处，在言语欠钝讷，举止欠端重，看书不能深入，而作文不能峥嵘。若能从此三事上下一番苦功，进之以猛，持之以恒，不过一二年，自尔精进而不觉。”,学习要锲而不舍，～，就能取得好成绩。,持坚持；恒恒心。长久坚持下去。,chí zhī yǐ héng,持之以恒,czyh,chi zhi yi heng,chi,heng
《梁书·元帝纪》叱咤则风云兴起，鼓动则嵩华倒拔。”,因此，一变而为欺人与自欺，而应当～的武士都变成了小丑。★老舍《四世同堂》九,叱咤怒喝声。一声呼喊、怒喝，可以使风云翻腾起来。形容威力极大。,chì zhà fēng yún,叱咤风云,czfy,chi zha feng yun,chi,yun
明·罗贯中《三国演义》第五十九回许褚性起，飞回阵中，卸下盔甲，浑身筋突，赤体提刀，翻身上马，来与马超决战。”,他终于～，亲自出马了。,光着膀子上阵。比喻亲身上场，不加掩饰地进行活动。,chì bó shàng zhèn,赤膊上阵,cbsz,chi bo shang zhen,chi,zhen
明·汤显祖《还魂记·淮警》贼子豪雄是李全，忠心赤胆向胡天，靴尖踢倒长天堑，却笑江南土不坚。”,又有公子一个嬷嬷爹，这人姓华名忠，年纪五十岁光景，一生耿直，～。★清·文康《儿女英雄传》第一回,赤比喻真纯。形容十分忠诚。,chì dǎn zhōng xīn,赤胆忠心,cdzx,chi dan zhong xin,chi,xin
明·罗贯中《三国演义》第84回耀武扬威，辱骂不绝；多有解衣卸甲，赤身裸体，或谁或坐。”,无,赤光着。大部分身体或全身裸露。,chì shēn luǒ tǐ,赤身裸体,cslt,chi shen luo ti,chi,ti
元·马致远《任风子》第一折争奈他赤手空拳。”,老人没了主意，日本兵有枪，他自己～。★老舍《四世同堂》三十五,赤手空手。两手空空。比喻没有任何依靠。,chì shǒu kōng quán,赤手空拳,cskq,chi shou kong quan,chi,quan
《孟子·离娄下》大人者，不失其赤子之心者也。”,尧、舜、禹、汤、周、孔，时刻以救民济世为心，所谓～，原不过是不忍”二字。★清·曹雪芹《红楼梦》第一一八回,赤子初生的婴儿。比喻人心地纯洁善良。,chì zǐ zhī xīn,赤子之心,czzx,chi zi zhi xin,chi,xin
《诗经·邶风·旄丘》叔兮伯兮，褎如充耳。”,这里袁伯珍只装作～，一面出了告示，按户收起捐来。★清·无名氏《官场维新记》第九回,充塞住。塞住耳朵不听。形容有意不听别人的意见。,chōng ěr bù wén,充耳不闻,cebw,chong er bu wen,chong,wen
李欣《无限风光在险峰”》胜利之后，也不‘万事大吉’，不可冲昏头脑，否则还可能丧失胜利的果实。”,无,因胜利而头脑发热，不能总冷静思考和谨慎行事。,chōng hūn tóu nǎo,冲昏头脑,chtn,chong hun tou nao,chong,nao
晋·王羲之《兰亭集序》此地有崇山峻岭，茂林修竹。”,唐敖一心记挂梦神所说名花，每逢～，必要泊船，上去望望。★清·李汝珍《镜花缘》第八回,崇高；峻山高而陡。高大险峻的山岭。,chóng shān jùn lǐng,崇山峻岭,csjl,chong shan jun ling,chong,ling
茅盾《向鲁迅学习》那时清王朝以及当权的洋务派崇洋媚外，出卖国家主权。”,无,洋西洋，指西方国家；媚谄媚。崇拜西方一切，谄媚外国人。指丧失民族自尊心，一味奉承巴结外国人。,chóng yáng mèi wài,崇洋媚外,cymw,chong yang mei wai,chong,wai
晋·潘岳《在怀县》诗宠辱易不惊，恋本难为思。”,不过他经的大风大浪太多，虽未到～，名利皆忘的境地，却已能不动声色，淡然置之。★高阳《清宫外史》下册,宠宠爱。受宠受辱都不在乎。指不因个人得失而动心。,chǒng rǔ bù jīng,宠辱不惊,crbj,chong ru bu jing,chong,jing
无,无,丝得一根一根地抽，茧得一层一层地剥。形容分析事物极为细致，而且一步一步很有层次。,chōu sī bāo jiǎn,抽丝剥茧,csbj,chou si bao jian,chou,jian
唐·姚鹄《随州献李侍御》之二旧隐每杯空竟夕，愁眉不展几经春。”,后见统领端茶，只得退回家中，～的终日在家里对老婆孩子咳声叹气。★清·李宝嘉《官场现形记》第三十回,展舒展。由于忧愁而双眉紧锁。形容心事重重的样子。,chóu méi bù zhān,愁眉不展,cmbz,chou mei bu zhan,chou,zhan
元·王实甫《西厢记》第三本第二折对人前巧语花言，背地里愁眉泪脸。”,成老爹气得～，只得自己走出去回那几个乡里人去了。★清·吴敬梓《儒林外史》第四十八回,皱着眉头，哭丧着脸。形容愁苦的神色。,chóu méi kǔ liǎn,愁眉苦脸,cmkl,chou mei ku lian,chou,lian
宋·释道源《景德传灯录》卷二十二时有圆应长者，出众作礼问曰‘云愁雾惨，大众呜呼，请师一言，未在告别。’”,今天，那美丽的三千里江山还有半壁笼罩着～。★杨朔《历史的指针》,形容暗淡无光的景象。多比喻令人忧愁苦闷的局面。,chóu yún cǎn wù,愁云惨雾,cycw,chou yun can wu,chou,wu
东汉·班固《汉书·孝武李夫人传》哀裴回以踌躇。”,无,踌躇迟疑不决的样子。犹豫不决，不敢前进。,chóu chú bù qián,踌躇不前,ccbq,chou chu bu qian,chou,qian
《庄子·养生主》提刀而立，为之四顾，为之踌躇满志。”,这在胡景伊自然是～，而在尹昌衡则会义愤填膺了。★郭沫若《少年时代·黑猫》,踌躇从容自得的样子；满满足；志志愿。形容对自己取得的成就非常得意。,chóu chú mǎn zhì,踌躇满志,ccmz,chou chu man zhi,chou,zhi
清·李汝珍《镜花缘》第六十七回得失心未免过重，以致弄的忽哭忽笑，丑态百出。”,无,各种丑恶的样子都表现出来了。,chǒu tài bǎi chū,丑态百出,ctbc,chou tai bai chu,chou,chu
见臭不可当”,呕出黑渖数斗，～。★清·蒲松龄《聊斋志异·酒狂》,臭得使人受不了。比喻人名声极坏。,chòu bù kě wén,臭不可闻,cbkw,chou bu ke wen,chou,wen
无,希特勒是一个臭名远扬的战争罪犯。,名名声；扬传播。坏名声传得很远。,chòu míng yuǎn yáng,臭名远扬,cmyy,chou ming yuan yang,chou,yang
《左传·襄公八年》今譬于草木，寡君在君，君之臭味也『·蔡邕《玄文先生李休碑》凡其亲昭朋徒、臭味相与，大会而葬之。”,两情不谋而合，况是彼此熟识，一经会面，～，当即互相借重，定名为请愿联合会。★蔡东藩、许廑父《民国通俗演义》第四八回,臭味气味；相投互相投合。彼此的思想作风、兴趣等相同，很合得来（常指坏的）。,xiù wèi xiāng tóu,臭味相投,xwxt,xiu wei xiang tou,xiu,tou
《孟子·梁惠王下》出乎尔者，反乎尔者也。”,倘若不肯，也只好由他，我们不能做～的事。★清·李宝嘉《官场现形记》第五十九回,尔你；反通返”，回。原意是你怎样做，就会得到怎样的后果。现指人的言行反复无常，前后自相矛盾。,chū ěr fǎn ěr,出尔反尔,cefe,chu er fan er,chu,er
毛泽东《发刊词》准备对付可能的突然事变，使党和革命不在可能的突然事变中遭受出乎意料的损失。”,老朋友劝他出去一下调理也好，～的是学校竟然不准。★吴晗《清华杂议》,指出人意料。,chū hū yì liào,出乎意料,chyl,chu hu yi liao,chu,liao
清·文康《儿女英雄传》自己倒出乎意外，一时抓不着话岔儿。”,无,用于意想、预料之外。,chū hū yì wài,出乎意外,chyw,chu hu yi wai,chu,wai
柯云路《三千万》白莎轻微地一怔，她对丁猛的平淡反应出乎预料。”,无,指出人意料。,chū hū yù liào,出乎预料,chyl,chu hu yu liao,chu,liao
《诗经·小雅·都人士》彼都人士，狐裘黄黄，其容不改，出言成章。”,人皆言子建～，臣未深信。主上可召入，以才试之。★明·罗贯中《三国演义》第七十九回,说出话来就成文章。形容文思敏捷，口才好。,chū kǒu chéng zhāng,出口成章,ckcz,chu kou cheng zhang,chu,zhang
明·许仲琳《封神演义》第四十八回好妖道‘焉敢如此出口伤人，欺吾太甚。”,何世清也用手一指他你不能～！”★刘流《烈火金刚》第十一回,说出话来污辱人；说出的话有损人的尊严。,chū kǒu shāng rén,出口伤人,cksr,chu kou shang ren,chu,ren
《孟子·公孙丑上》出于其类，拔乎其萃，自生民以来，未有盛于孔子也。”,而在那海一样的人民当中，到处都有～的劳动英雄，这些英雄本身就是人民当中开出的鲜艳花朵。★杨朔《迎春词》,拔超出；类同类；萃原为草丛生的样子，引伸为聚集。超出同类之上。多指人的品德才能。,chū lèi bá cuì,出类拔萃,clbc,chu lei ba cui,chu,cui
明·冯梦龙《东周列国志》汝依违观望其间，并不见出奇画策，无非因人成事。”,其余的人，连老贺在内，也都～，各有贡献。★孔厥《新儿女英雄续传》第九章,谋计谋；划筹划。制定计谋策略。指为人出主意。,chū móu huà cè,出谋划策,cmhc,chu mou hua ce,chu,ce
无,刘备得力于诸葛亮的～，而取得了赤壁之战的胜利。,出主意、想对策来帮助解决问题。,chū móu xiàn cè,出谋献策,cmxc,chu mou xian ce,chu,ce
《孙子·计篇》攻其无备，出其不意。”,今日是年晚，此老必定在家，须乘此时调兵围住，～，方无走失。★明·凌濛初《二刻拍案惊奇》卷四,其代词，对方；不意没有料到。趁对方没有意料到就采取行动。,chū qí bù yì,出其不意,cqby,chu qi bu yi,chu,yi
《孙子·势篇》凡战者，以正合，以奇胜。故善出奇者，无穷如天地，不竭如江河。”,统率所部，～，将法人所占越南各城，迅图恢复。★高阳《清宫外史》下册,奇奇兵，奇计；制制服。出奇兵战胜敌人。比喻用对方意料不到的方法取得胜利。,chū qí zhì shèng,出奇制胜,cqzs,chu qi zhi sheng,chu,sheng
宋·欧阳修《与梅圣俞书》老夫当避路，放他出一头地也。”,孙俊英见人家看得起，能～，一呼百应，好不威风自在。★冯德英《迎春花》第八章,指高人一等。形容德才超众或成就突出。,chū rén tóu dì,出人头地,crtd,chu ren tou di,chu,di
《南史·袁宪传》宪常招引诸生与之谈论新义，出人意表，同辈咸嗟服焉。”宋·苏轼《举何去非换文资状》其论历代所以废兴成败，皆出人意表。”,惟宋苏东坡学士有题秦穆公墓诗，～。★明·冯梦龙《东周列国志》第四十七,表外。出乎人们意料之外。,chū rén yì biǎo,出人意表,cryb,chu ren yi biao,chu,biao
《南史·袁宪传》宪常招引诸生与之谈论新义，出人意表，同辈咸嗟服焉。”,才貌却相当，缘合未堪奇赏，～，在那错联鸾凰。★明·无名氏《赠书记·奉诏团圆》,出乎人们意料之外。,chū rén yì liào,出人意料,cryl,chu ren yi liao,chu,liao
明·凌濛初《初刻拍案惊奇》卷一却又有转眼贫富出人意外，眼前事分毫算不得准的哩！”,无,出于人们的意料之外，都没想到的。,chū rén yì wài,出人意外,cryw,chu ren yi wai,chu,wai
元·王实甫《西厢记》第二本第二折我不曾出声，他连忙答应。金圣叹‘真正出神入化之笔’。”,不知道这位老画师是观察了多少的活虾，才能够画虾画得这样～的。★秦牧《虾趣》,神、化指神妙的境域。极其高超的境界。形容文学艺术达到极高的成就。,chū shén rù huà,出神入化,csrh,chu shen ru hua,chu,hua
《老子》第五十章出生入死，生之徒十有三，死之徒十有三。”,这一层，不烦圣虑，他们是～的老兄弟，何况国家如此，不至于还闹义气。★高阳《清宫外史》上册,原意是从出生到死去◇形容冒着生命危险，不顾个人安危。,chū shēng rù sǐ,出生入死,csrs,chu sheng ru si,chu,si
王朔《顽主》续篇二‘出师不利出师不利。’马青探头探脑往前后胡同口张望，见确实没有作家追杀而来，这才放下心，对于观说，‘谁想到今儿作家全出街了。’ ”,无,师军队。利顺利。出战不顺利。形容事情刚开始，就遭受败绩。,chū shī bù lì,出师不利,csbl,chu shi bu li,chu,li
南朝·梁·钟嵘《诗品》卷中谢诗如芙蓉出水，颜如错彩镂金。”,马娇字婉容，姿首清丽，濯濯如春月柳，滟滟如～，真不愧娇之一字也。★清·余怀《板桥杂记·马娇》,芙蓉荷花。刚开放的荷花。比喻诗文清新不俗。也形容天然艳丽的女子。,chū shuǐ fú róng,出水芙蓉,csfr,chu shui fu rong,chu,rong
元·无名氏《庞娟夜走马陵道》第三折如今佯推风疾举发，白日里与儿童作戏，到晚间共羊犬同眠。不知几时才得个出头之日。”,照此下去，我要躲到何年何月方有～！★清·李宝嘉《官场现形记》第二十八回,出头摆脱困境等。指从困厄、冤屈、压抑的处境中摆脱出来的日子。,chū tóu zhī rì,出头之日,ctzr,chu tou zhi ri,chu,ri
《三国志·魏书·张郺传》郺快军败，出言不逊。”,八岁纵笔成文，本郡举他神童，起送至京。因～，冲突了试官，打落下去。★明·冯梦龙《喻世明言》卷三十一,逊谦让，有礼貌。说话粗暴无礼。,chū yán bù xùn,出言不逊,cybx,chu yan bu xun,chu,xun
无,无,指考虑事情以国家和集体的利益为出发点。,chū yǐ gōng xīn,出以公心,cygx,chu yi gong xin,chu,xin
《隋史遗文》四回本待砍你狗头，怜你也是贫民，出于无奈，饶你去罢！”,无,指实在没有办法而不得不这样。无奈无可奈何。,chū yú wú nài,出于无奈,cywn,chu yu wu nai,chu,nai
明·罗贯中《三国演义》第三九回直须惊破曹公胆，初出茅庐第一功。”,那傻小子是～”，我们准可以扫光他！★鲁迅《彷惶·高老夫子》,茅庐草房。原比喻新露头脚。现比喻刚离开家庭或学校出来工作。缺乏经验。,chū chū máo lú,初出茅庐,ccml,chu chu mao lu,chu,lu
无,他在这次比赛中初露锋芒，夺得第一名。,比喻刚开始显示出力量或才能。,chū lù fēng máng,初露锋芒,clfm,chu lu feng mang,chu,mang
宋·李昿《太平广记》舍之职责，在乎除暴安良。”,俺闻剑客行为莫不至公无私，倘心存偏袒，未有不遭恶报；至除暴安良，尤为切要。★清·李汝珍《镜花缘》第六十回,暴暴徒；良善良的人。铲除强暴，安抚善良的人民。,chú bào ān liáng,除暴安良,cbal,chu bao an liang,chu,liang
《左传·哀公元年》树德莫如滋，云疾莫如尽。”《尚书·泰誓下》树德务滋，除恶务本。”,消息何殊马牛风，～不相容。★李木庵《一九四九年元旦献词》诗,恶邪恶；务必须。清除坏人坏事必须干净彻底。,chú è wù jìn,除恶务尽,cewj,chu e wu jin,chu,jin
《左传·昭公十七年》彗，所以除旧布新也。”,～识君意，烂烂一星光射人。★清·黄遵宪《西乡星歌》,布安排，开展。清除旧的，建立新的。以新的代替旧的。,chú jiù bù xīn,除旧布新,cjbx,chu jiu bu xin,chu,xin
《诗经·曹风·蜉蝣》蜉蝣之羽，衣裳楚楚。”金·元好问《杂言》诸郎楚楚皆玉立。”,有卖鱼阿土者，见一女从屋中出，年二十许，～。★清·淮阴百一居士《壶天录》卷下,楚楚鲜明整洁的样子。形容美好的样子引人怜爱。,chǔ chǔ dòng rén,楚楚动人,ccdr,chu chu dong ren,chu,ren
南朝·宋·刘义庆《世说新语·言语》松树子非不楚楚可怜，但永无栋梁之用耳。”,偶抱恙，抱闲泄子诊视，虽云鬓蓬松，而意态幽闲，大有～之致。★清·许豫《白门新柳记·补礼·喜龄》,楚楚植物丛生的样子，也形容痛苦的神情。本指幼松纤弱可爱，后形容女子娇弱的样子。,chǔ chǔ kě lián,楚楚可怜,cckl,chu chu ke lian,chu,lian
《谷梁传·隐公元年》何甚乎郑伯？甚郑伯之处心积虑成于杀也。”,如此者～，已非一日。★清·李宝嘉《官场现形记》第四十六回,处心存心；积虑经过长时间的老虎。形容蓄谋已久。,chǔ xīn jī lǜ,处心积虑,cxjl,chu xin ji lv,chu,lv
晋·袁宏《三国名臣序赞》爰初发迹，遘此颠沛，神情玄定，处之弥泰。”,大赤包听出瑞宣的讽刺，而～，她尖声的咯咯的笑了。★老舍《四世同堂》四十八,处处理，对待；泰然安然，不以为意的样子。若无其事的样子。形容自理事情沉着镇定。也指对待问题毫不在意。,chǔ zhī tài rán,处之泰然,cztr,chu zhi tai ran,chu,ran
唐·韩愈《昌黎集·贞曜先生墓志铭》及其为诗，刿目怵心。”,你记得复辟与龙旗的不可分离性，你便会原谅我看见龙凤”二字而不禁～的苦衷了。★闻一多《龙凤》,看见某种严重情况，心里感到震惊。,chù mù jīng xīn,怵目惊心,cmjx,chu mu jing xin,chu,xin
元·无名氏《闺怨》曲风，吹灭残灯，不由的见景生情，伤心。”,人在～的时候，能联想起很多往事。,受到眼前景物的触动，引起联想，产生某种感情。,chù jǐng shēng qíng,触景生情,cjsq,chu jing sheng qing,chu,qing
《周易·系辞上》引而伸之，触类而长之，天下之能事毕矣。”,我真高兴，得着两个新鲜的意思，让我对于生活的方法，能～的思索一回。★朱自清《海阔天空”与古今中外”》,触类接触某一方面的事物；旁通相互贯通。掌握了某一事物的知识或规律，进而推知同类事物的知识或规律。,chù lèi páng tōng,触类旁通,clpt,chu lei pang tong,chu,tong
唐·韩愈《昌黎集·贞曜先生墓志铭》及其为诗，刿目怵心。”,又因他姓赤，惟恐厕内倘有赤痢血痔之类，也好教他～，时常打扫因此把他派了。★清·李汝珍《镜花缘》第九十九回,看见某种严重情况，心里感到震惊。,chù mù jīng xīn,触目惊心,cmjx,chu mu jing xin,chu,xin
无,这东西就在你身边，你触手可及就可以拿到。,近在手边，一伸手就可以接触到。,chù shǒu kě jí,触手可及,cskj,chu shou ke ji,chu,ji
南朝·梁·周兴嗣《千字文》川流不息，渊澄取映。”,两个丫头，～的在家前屋后的走，叫的太太一片声响。★清·吴敬梓《儒林外史》第二十七回,川河流。形容行人、车马等象水流一样连续不断。,chuān liú bù xī,川流不息,clbx,chuan liu bu xi,chuan,xi
汉·刘向《说苑·善说》缕困针而入，不因针而急；嫁女因媒而成，不因媒而亲。”明·周楫《西湖二集》卷一二万乞吴二娘怎生做个方便，到黄府亲见小姐询其下落，做个穿针引线之人。”,从前是贩卖云土和军火的大商人，现在给老头子和外国人～……。★梁信《从奴隶到将军》上集第二章,使线的一头通过针眼。比喻从中联系、拉拢。,chuān zhēn yǐn xiàn,穿针引线,czyx,chuan zhen yin xian,chuan,xian
无,欢迎兄弟单位来我厂传经送宝。,经经典，经验。把成功的经验和办法传送给别人。,chuán jīng sòng bǎo,传经送宝,cjsb,chuan jing song bao,chuan,bao
《公羊传·闵公二年》鲁人至今以为美谈。”,遂以玉卿诗，比之陈琳一檄，一时词林，～。★清·王韬《海陬冶游续录》卷下,指传扬开去，成为人们赞美、称颂的事情。,chuán wéi jiā huà,传为佳话,cwjh,chuan wei jia hua,chuan,hua
《公羊传·闵公二年》鲁人至今以为美谈。”,元旦昧爽，复衣冠送出，萧山至今～。★明·张岱《募造无主祠堂疏》,美谈人们津津乐道的好事。指传扬开去，成为人们赞美、称颂的事情。,chuán wéi měi tán,传为美谈,cwmt,chuan wei mei tan,chuan,tan
清·李宝嘉《官场现形记》第四十九回自己辛苦了一辈子，挣了这分大家私，死下来又没有个传宗接代的人，不知当初要留着这些钱何用。”,我想劝他讨个小”，将来生个儿子也可以～。★巴金《秋》第三十七章,宗宗教，家族。代后代。传延宗教，接续后代。旧指生了独生子可以使家世一代一代传下去。,chuán zōng jiē dài,传宗接代,czjd,chuan zong jie dai,chuan,dai
清·曹雪芹《红楼梦》第四十六回怪道！你们串通一气来算计我。”,他们和赌馆的人虽然～，惟恐怕他们冒冒失失的放枪拒敌……★清·张春帆《宦海》第二回,相互勾结，一个鼻孔出气。,chuàn tōng yī qì,串通一气,ctyq,chuan tong yi qi,chuan,qi
宋·苏辙《寄范文景仁》诗欣然为我解东阁，明窗净几舒华茵。”,～，是一间雅洁的书房。★华而实《汉衣冠·序幕》,几小桌。形容房间干净明亮。,chuāng míng jī jìng,窗明几净,cmjj,chuang ming ji jing,chuang,jing
明·天然智叟《石头点·郭挺之榜前认子》忙忙与女儿说知，叫老妈央人相帮打点。早鼓乐吹吹打打，迎人村来了。”,俺倒去～伏待著他听。★清·孔尚任《桃花扇·听稗》,指各种乐器的合奏。也用以形容故意渲染某种言行或事物，吸引别人注意。,chuī chuī dǎ dǎ,吹吹打打,ccdd,chui chui da da,chui,da
《韩非子·大体》不吹毛而求小疵，不洗垢而察之难。”,若～，天下人安得全无过失者？★清·阮葵生《茶余客话》卷一,求找寻；疵毛病。吹开皮上的毛寻疤痕。比喻故意挑剔别人的缺点，寻找差错。,chuī máo qiú cī,吹毛求疵,cmqc,chui mao qiu ci,chui,ci
《旧唐书·高宗纪下》时帝风疹不能听朝，政事皆决于天后。自诛上官仪后，上每视朝，天后垂帘于御座后，政事大小皆预闻之，内外称为二圣。”,无,垂帘太后或皇后临朝听政，殿上用帘子遮隔。听治理。指太后临朝管理国家政事。,chuí lián tīng zhèng,垂帘听政,cltz,chui lian ting zheng,chui,zheng
宋·张元幹《庐川词·醉落魄》年华垂暮犹离索。”,无,垂将，快要；暮晚，老年。快要到老年。,chuí mù zhī nián,垂暮之年,cmzn,chui mu zhi nian,chui,nian
冯德英《迎春花》第十七章不料，炸成重伤的蒋子金，垂死挣扎地用手里的小剜刀去刺好的腿。”,无,垂将近。临死前的挣扎，妄想延长生命。比喻行将灭亡之时的孤注一掷。,chuí sǐ zhēng zhá,垂死挣扎,cszz,chui si zheng zha,chui,zha
唐·韩愈《送穷文》主人于是垂头丧气，上手称谢。”,李德才一口回绝说情的事，运涛～走出来。★梁斌《红旗谱》十三,垂头耷拉着脑袋；丧气神情沮丧。形容因失败或不顺利而情绪低落、萎蘼不振的样子。,chuí tóu sàng qì,垂头丧气,ctsq,chui tou sang qi,chui,qi
老舍《赵子曰》第三章对面坐着一个垂涎三尺的小黑白花狗，挤眉弄眼的希望吃些白薯须子和皮。”,无,涎口水。口水挂下三尺长。形容极其贪婪的样子。也形容非常眼热。,chuí xián sān chǐ,垂涎三尺,cxsc,chui xian san chi,chui,chi
唐·柳宗元《招海贾文》垂涎闪舌兮，挥霍旁午。”,但是在我这样的一个穷小子看来，确觉得 这是一个不小的数目，而且老实说，确也有些～！★邹韬奋《经历·贫民窟里的报馆》,涎口水。馋得连口水都要滴下来了。形容十分贪婪的样子。,chuí xián yù dī,垂涎欲滴,cxyd,chui xian yu di,chui,di
元·萧德祥《杀狗劝夫》第二折我衷肠，除告天，奈天高，又不知，只落的捶胸顿足空流泪。”,孔明说罢，触动玄德衷肠，真个～，放声大哭。★明·罗贯中《三国演义》第五十六回,捶敲打；顿跺。敲胸口，跺双脚。形容非常懊丧，或非常悲痛。,chuí xiōng dùn zú,捶胸顿足,cxdz,chui xiong dun zu,chui,zu
唐·孟郊《登科后》诗春风得意马蹄疾，一日看尽长安花。”,在这些伸手”派心目中，新社会也不过是一个猎场，可以任由他们在其中践踏一切，呼朋引类，～，纵马狩猎。★秦牧《手莫伸》,得意扬扬自得的样子。旧时形容考中进士后的兴奋心情◇形容职位升迁顺利。,chūn fēng dé yì,春风得意,cfdy,chun feng de yi,chun,yi
《孟子·尽心上》有如时春风雨化之者。”,满想在这～的环境里，多受一些教益，哪知道刚入党后的一点钟内，就要离开这块令人陶醉的土地。★李英儒《野火春风斗古城》十二章,化化生和养育。指适宜于草木生长的风雨。比喻良好的薰陶和教育。,chūn fēng huà yǔ,春风化雨,cfhy,chun feng hua yu,chun,yu
元·宋方壶《斗鹌鹑·踏青》套曲时遇着春光明媚，人贺丰年，民乐雍熙。”,行够多少山原，历尽无穷水道，不觉的秋去冬残，又值～。★明·吴承恩《西游记》第七十二回,明媚美好，可爱。形容春天的景物鲜明可爱。,chūn guāng míng mèi,春光明媚,cgmm,chun guang ming mei,chun,mei
宋·释普济《五灯会元》卷十九春寒料峭，冻杀年少。”,那是一个阴冷的漆黑之夜。～，风雨凄凄。★何为《春夜的沉思和回忆》,料峭微寒。形容初春的寒冷。,chūn hán liào qiào,春寒料峭,chlq,chun han liao qiao,chun,qiao
宋·范仲淹《岳阳楼记》至若春和景明，波澜不惊，上下天光，一碧万顷。”,无,春光和煦，风景鲜明艳丽。,chūn hé jǐng míng,春和景明,chjm,chun he jing ming,chun,ming
《三国志·魏志·刑飆传》而桢礼遇殊荣，飆反疏简，私惧观者将谓君侯习近不肖，礼贤不足，采庶子之春华，忘家丞之秋实。”《后汉书》卷五十二春发其华，秋收其实，有始有极，爱登其质。,～，没有那浩荡的春风，又哪里会有这满野秋色和大好的收成呢？★峻青《秋色赋》,华花。春天开花，秋天结果。比喻人的文采和德行。现也比喻学习有成果。,chūn huá qiū shí,春华秋实,chqs,chun hua qiu shi,chun,shi
宋·周紫芝《太仓稊米集·岁杪雨雪连日闷题二首》树头雪过梅犹在，地上春回柳未知。”,无,好象春天又回到大地。形容严寒已过，温暖和生机又来到人间。,chūn huí dà dì,春回大地,chdd,chun hui da di,chun,di
明·朱国祯《涌幢小品·南内》春暖花开，命中贵陪内阁儒臣宴赏。,～，我好引着孩子们园里做活。★清·李绿园《歧路灯》第40回,春天气候温暖，百花盛开，景色优美。比喻游览、观赏的大好时机。,chūn nuǎn huā kāi,春暖花开,cnhk,chun nuan hua kai,chun,kai
明·刘基《大堤曲》春去秋来年复年，生歌死哭长相守。”,～，他觉得自己真的老了。,春天过去，秋天到来。形容时光流逝。,chūn qù qiū lái,春去秋来,cqql,chun qu qiu lai,chun,lai
唐·吕从庆《丰溪存稿·小园》小园春色丽，花发两三株。”宋·叶绍翁《游小园不值》应怜屐齿印苍苔，小扣柴扉久不开。春色满园关不住，一枝红杏出墙来。”,无,园内到处都是春天美丽的景色。比喻欣欣向荣的景象。,chūn sè mǎn yuán,春色满园,csmy,chun se man yuan,chun,yuan
无,北国依然春寒料峭，南国却已～了。,意意味；盎然洋溢，深厚。春天的意味正浓。,chūn yì àng rán,春意盎然,cyar,chun yi ang ran,chun,ran
《三国志·魏书·鲍勋传》盖以吴、蜀唇齿相依，凭阴山水，有难拔之势故也。”,高丽王倒也识见宏远，道大宋与辽百年和好，～，不宜改图。★清·陈忱《水浒后传》第十三回,象嘴唇和牙齿那样互相依靠。比喻关系密切，相互依靠。,chún chǐ xiāng yī,唇齿相依,ccxy,chun chi xiang yi,chun,yi
金·丘处机《神光灿》不在唇枪舌剑，人前斗，惺惺广学多知。”,日内瓦，话重说。换～，议倾坛席。★陈毅《满江红·送周总理赴日内瓦》词,舌如剑，唇象枪。形容辩论激烈，言词锋利，象枪剑交锋一样。,chún qiāng shé jiàn,唇枪舌剑,cqsj,chun qiang she jian,chun,jian
《左传·哀公八年》夫鲁，齐晋之唇，唇亡齿寒，君所知也。”,这两家公司有着多种业务关系，正所谓是～。,嘴唇没有了，牙齿就会感到寒冷。比喻利害密要相关。,chún wáng chǐ hán,唇亡齿寒,cwch,chun wang chi han,chun,han
南朝·宋·刘敬叔《异苑·句容水脉》掘得一黑物，无有首尾，形如数百斛舡，长数十丈，蠢蠢而动。”,据点里的敌人又～。★峻青《爆炸远征队》五,蠢蠢爬虫蠕动的样子。比喻敌人准备进攻或坏人阴谋捣乱。,chǔn chǔn yù dòng,蠢蠢欲动,ccyd,chun chun yu dong,chun,dong
《诗经·小雅·角弓》此令兄弟，绰绰有裕。”,这寓所起先原是两人同住的，今去了魏撰之，房舍尽有，就安寓那闻俊卿主仆三人，还～。★明·凌濛初《二刻拍案惊奇》卷十七,绰绰宽裕的样子。形容房屋或钱财非常宽裕，用不完。,chuò chuò yǒu yú,绰绰有余,ccyy,chuo chuo you yu,chuo,yu
《仪礼·聘礼》辞多则史，少则不达，辞苟足以达义之至也。”宋·惠洪《高安城隍庙记》盖五百年而书功烈者，辞不达意，余尝叹息之。”,不然，必有个～的毛病。（清·吴趼人《二十年目睹之怪现状》第三十回）,词言词；意意思。指词句不能确切地表达出意思和感情。,cí bù dá yì,词不达意,cbdy,ci bu da yi,ci,yi
老舍《老张的哲学》圆圆的脸，长满银灰的胡子，慈眉善目的。”,无,形容人的容貌一副善良的样子。,cí méi shàn mù,慈眉善目,cmsm,ci mei shan mu,ci,mu
华而实《汉衣冠》四此起彼伏，似有万人响应。”,无,这里起来，那里下去。形容接连不断。,cǐ qǐ bǐ fú,此起彼伏,cqbf,ci qi bi fu,ci,fu
毛泽东《中国革命战争的战略问题》时大时小时缩时伸是经常的，此起彼落也往往发生。”,无,这里起来，那里下去。形容接连不断。,cǐ qǐ bǐ luò,此起彼落,cqbl,ci qi bi luo,ci,luo
《左传·僖公四年》筮短龟长，不如从长。”元·李行道《灰阑记》楔子且待女孩儿到来，慢慢的与他从长计议，有何不可。”,少奶奶到了此时，真是无可如何，只得说道公公婆婆，且先请起，凡事都可以～。★清·吴趼人《二十年目睹之怪现状》第八十九回,用较长的时间慎重考虑、仔细商量。,cóng cháng jì yì,从长计议,ccjy,cong chang ji yi,cong,yi
《国语·周语下》谚曰从善如登，从恶如崩。”,若复染寻常百姓之习，则～，不可复振矣。★清·顾炎武《留书与山史》,指为恶如山崩那样容易。,cóng è rú bēng,从恶如崩,cerb,cong e ru beng,cong,beng
汉·班彪《王命论》从谏如顺流，趣时如响赴。”,也有少数聪明点的，为了坐稳江山，笼络人心，也能～。★臧克家《纳谏与止谤》,谏直言规劝。听从规劝像流水一样自然。形容乐于接受别人的批评意见。,cóng jiàn rú liú,从谏如流,cjrl,cong jian ru liu,cong,liu
明·李贽《与周友山书》想仲尼不为已甚，诸公遵守孔门家法，决知从宽发落、许其改过自新无疑。”,少不得欢天喜地，把令亲～的。★清·张南庄《何典》第二回,发落处分，处置。指处罚从宽，轻予放过。,cóng qīng fā luò,从轻发落,cqfl,cong qing fa luo,cong,luo
《旧唐书·刘世龙传》而思礼以为得计，从容自若，尝与相忤者，必引令枉诛。”,这些人～地叩了头，花费了半点钟以上的时间。★巴金《家》十五,从容不慌不忙，很镇静；不迫不急促。不慌不忙，沉着镇定。,cóng róng bù pò,从容不迫,crbp,cong rong bu po,cong,po
明·李贽《焚书·杂述·豫约》有问乃答，不问即默，安闲自在，从容应答，不敢慢之，不可敬之。”,无,从容舒缓，悠然。不慌不忙地应付答对。,cóng róng yìng duì,从容应对,cryd,cong rong ying dui,cong,dui
《国语·周语下》谚曰从善如登，从恶如崩。”韦昭注如登，喻难；如崩，喻易。”,无,指为善如登山那样不易，比喻学好很难。,cóng shàn rú dēng,从善如登,csrd,cong shan ru deng,cong,deng
《左传·成公八年》君子曰从善如流，宜哉。”,八毛！”他也立刻懂得，将五分钱让去，真是～”，有正人君子的风度。★鲁迅《华盖集续编·马上日记》,从听从；善好的，正确的；如流好象流水向下，形容迅速。形容能迅速地接受别人的好意见。,cóng shàn rú liú,从善如流,csrl,cong shan ru liu,cong,liu
《汉书·周亚夫传》直入武库，击鸣鼓。诸侯闻之，以为将军从天而下也。”,哥哥，你真是～也！万乞救我一救。★明·吴承恩《西游记》第三十一回,降下落。比喻出于意外，突然出现。,cóng tiān ér jiàng,从天而降,ctej,cong tian er jiang,cong,jiang
《朱子全书·孟子三》是金声底，从头到尾只是金声；是玉声底，从头到尾只是玉声；是丝竹之声，从头到尾只是丝竹之声。”,无,从开头到结尾。指某件事物的全过程或全部内容。,cóng tóu dào wěi,从头到尾,ctdw,cong tou dao wei,cong,wei
宋·朱熹《朱子语类》卷二十今来所问，皆是不会仔细看书，又不曾从头到尾看，只是中间接起一句一字来备礼发问。”,象一个人受了一辈子的冤屈，如今遇到一个亲人，他得～倾吐出来。★巴金《火》第二部第十节,从开头至结尾。指某件事物的全过程或全部内容。,cóng tóu zhì wěi,从头至尾,ctzw,cong tou zhi wei,cong,wei
《论语·为政》六十而耳顺，七十而从心所欲，不逾矩。”,从此可以高枕而卧，～了。★邹韬奋《患难余生记·进步文化的遭难》,按照自己的意思，想怎样便怎样。,cóng xīn suǒ yù,从心所欲,cxsy,cong xin suo yu,cong,yu
《周易·恒》曰妇人贞洁，从一而终也。”,同一个人，怎的女子就该～，男子便许大妻大妾？★清·文康《儿女英雄传》第二十七回,丈夫死了不再嫁人，这时旧时束缚妇女的封建礼教。,cóng yī ér zhōng,从一而终,cyez,cong yi er zhong,cong,zhong
穆欣《南线巡回·广州——南中国的门户》广州解放后，地下庄就展开了人民币的投机‘炒卖’。他们制造黑市……乘机从中渔利。”,无,渔劳取。渔利乘机谋取不正当的权益。人当中捞取好处。,cóng zhōng yú lì,从中渔利,czyl,cong zhong yu li,cong,li
清·张集馨《道咸宦海见闻录》是以粮道必应酬将军者，畏其从中作梗也。”,英、美两公使不免恐慌，暗想日、俄两国～，定是不怀好意。★蔡东藩、许廑父《民国通俗演义》第十回,梗阻塞，妨碍。在事情进行中，设置障碍，故意为难。,cóng zhōng zuò gěng,从中作梗,czzg,cong zhong zuo geng,cong,geng
北齐·颜之推《颜氏家训·治家》如有聪明才智，识达古今，正当辅佐君子，助其不足。”,因思姊姊同妹妹，～岂输男。★清·秋谨《精卫石》第二回,指有丰富敏捷的智力和显著的才能。,cōng míng cái zhì,聪明才智,cmcz,cong ming cai zhi,cong,zhi
明·施耐庵《水浒全传》第四十九回原来这乐和是一个聪明伶俐的人；诸般乐品学着便会；作事道头知尾；说起枪棒武艺，如糖似蜜价爱。”,这个人真是～；她东问西找，竟然到了我们这里。★吴强《红日》第八章,聪明智力发达，天资高。伶俐灵活、乖巧。形容小孩头脑机灵，活泼且乖巧。,cōng míng líng lì,聪明伶俐,cmll,cong ming ling li,cong,li
明·周楫《西湖二集·洒雪堂巧结良缘》不觉魏鹏渐渐长大……聪明智慧，熟于经史。”,要论这小姐的模样儿，～，根基家当，倒也配的过。★清·曹雪芹《红楼梦》第二十九回,智力过人，心思敏锐。,cōng míng zhì huì,聪明智慧,cmzh,cong ming zhi hui,cong,hui
宋·黄庭坚《四休导士诗序》粗茶淡饭饱即休，补破遮寒暖即休，三平二满过即休，不贪不妒老即休。”,连顿～也吃不饱。★清·李宝嘉《官场现形记》第三十四回,粗粗糙、简单；淡饭指饭菜简单。形容饮食简单，生活简朴。,cū chá dàn fàn,粗茶淡饭,ccdf,cu cha dan fan,cu,fan
宋·朱熹《朱子语类·学四》去尽皮方见肉，去尽肉方见骨，终骨方见髓，使粗心大气不得。”,这是我～，我若不进去，他怎得出来？★清·文康《儿女英雄传》第四回,粗粗蔬。指做事马虎，不细心。,cū xīn dà yì,粗心大意,cxdy,cu xin da yi,cu,yi
《朱子语类》卷七八《书序》恐不是孔安国做，汉文粗枝大叶，今《书序》细腻，只似六朝时文字。”,这么细细给你说，三天三夜也说不完，还是～告诉你吧！★赵树理《地板》,绘画，画树木粗枝大叶，不用工笔。比喻工作粗糙，不认真细致。,cū zhī dà yè,粗枝大叶,czdy,cu zhi da ye,cu,ye
鲁迅《二心集·善于翻译的通信》现在粗制滥造的翻译，不是这班人干的，就是一些书贾的投机。”,无,滥过多，不加节制。写文章或做东西马虎草率，只求数量，不顾质量。,cū zhì làn zào,粗制滥造,czlz,cu zhi lan zao,cu,zao
唐·田颖《揽云台记》即有友人，不过十余知音之侣，来则促膝谈心，率皆圣贤之道，不敢稍涉异言。”,依弟愚见，这厅事也太阔落，意欲借尊斋，只需一席酒，我四人～，方才畅快。★清·吴敬梓《儒林外史》第十回,促靠近；促膝膝碰膝，坐得很近。形容亲密地谈心里话。,cù xī tán xīn,促膝谈心,cxtx,cu xi tan xin,cu,xin
清·纪昀《阅微草堂笔记·姑妄听之一》既不炳烛，又不扬声，猝不及防，突然相遇，是先生犯鬼，非鬼犯先生。”,无,猝突然，出其不意。事情来得突然，来不及防备。,cù bù jí fáng,猝不及防,cbjf,cu bu ji fang,cu,fang
无,无,催催促，促使。形容事迹十分感人，使人不禁流下眼泪。,cuī rén lèi xià,催人泪下,crlx,cui ren lei xia,cui,xia
《后汉书·耿弇传》归发突骑，以辚乌合之众，如摧枯折腐耳。”《晋书·甘卓传》将军之举武昌，若摧枯拉朽。”,拣着个精壮的村夫，赶上一拳打去，只望先打倒一个硬的，其余的便如～了。★明·冯梦龙《醒世恒言》卷三十四,枯、朽枯草朽木。摧折枯朽的草木。形容轻而易举。也比喻摧毁腐朽势力的强大气势。,cuī kū lā xiǔ,摧枯拉朽,cklx,cui ku la xiu,cui,xiu
宋·周密《武林旧事》第三卷玉山宝带，尽壁寸珠，璀璨夺目。”,方志敏同志和无数先烈为之奋斗……，～的革命红旗已经插遍祖国大地。★穆欣《南线巡回·又照秦淮一叶枫”》,璀璨美玉发光。光辉灿烂耀人眼睛。,cuǐ càn duó mù,璀璨夺目,ccdm,cui can duo mu,cui,mu
南朝·梁·任昿《述异记》吴黄龙中，吴郡海盐有陆东，妻朱氏，亦有容止，夫妻相重，寸步不离，时人号为比肩人。”,他家女孩儿韩爱姐，逐日上去答应老太太，～，要一奉十，拣口儿吃用，换套穿衣。★明·兰陵笑笑生《金瓶梅词话》第八十一回,寸步形容距离很近。原指夫妻和睦，一步也不离开。现在泛指两人感情好，总在一起。,cùn bù bù lí,寸步不离,cbbl,cun bu bu li,cun,li
清·梁启超《十种德性相反相成义》盖西国政治之基础，在于民权，而民权之巩固由于国民竞争权利寸步不肯稍让，即以人人不拔一毫之心，以自利天下。”,无,连寸步也不让给别人。形容丝毫不肯让步、妥协。,cùn bù bù ràng,寸步不让,cbbr,cun bu bu rang,cun,rang
唐·杜甫《九日寄岑参》出门复入门，雨脚但如旧。所向泥活活，思君令人瘦……寸步曲江头，难为一相就。”,美娘赤了脚，～。★明·冯梦龙《醒世恒言》卷三,连一步都难以进行。形容走路困难。也比喻处境艰难。,cùn bù nán xíng,寸步难行,cbnx,cun bu nan xing,cun,xing
元·关汉卿《窦娥冤》第四折那山阳县有用毒药谋死公公犯妇窦娥，他问斩之时，曾发愿道‘若是果有冤枉，着你楚州三年不雨，寸草不生。’可有这件事来？”,无,寸草一点儿草。形容土地贫瘠，连一点儿草都不长。亦形容灾情严重。,cùn cǎo bù shēng,寸草不生,ccbs,cun cao bu sheng,cun,sheng
元·金好问《鸿沟同钦叔赋》雌雄自决已无策，尺寸必争唯上流。”,我们是针锋相对，～，绝不让国民党轻轻易易地占我们的地方，杀我们的人。★毛泽东《抗日战争胜利后的时局和我们的方针》,即使是一点点土地，也要和敌人争夺。形容对敌斗争毫不退让。,cùn tǔ bì zhēng,寸土必争,ctbz,cun tu bi zheng,cun,zheng
张震《英明的预见，正确的战役方针——回忆淮海战役》寸土必守，寸土不让，坚决守住阵地。”,无,一寸土地也不让人。,cùn tǔ bù ràng,寸土不让,ctbr,cun tu bu rang,cun,rang
晋·阮籍《咏怀》诗娱乐未终极，白日忽蹉跎。”,倘我不能报复而死，埋没了龙家的豹韬，枉～一死鸿毛。★明·张凤翼《灌园记·君后授衣》,蹉跎时光白白过去。把时光白白地耽误过去。指虚度光阴。,cuō tuó suì yuè,蹉跎岁月,ctsy,cuo tuo sui yue,cuo,yue
元·无名氏《千里独行》楔子咱今晚间，领着百十骑人马，偷营动寨，走一遭去，杀他个措手不及。”,关公赤兔马快，早已跑到面前，颜良～，被云长手起一刀，刺于马下。★明·罗贯中《三国演义》第二十五回,措手着手处理。来不及动手应付。指事出意外，一时无法对付。,cuò shǒu bù jí,措手不及,csbj,cuo shou bu ji,cuo,ji
清·张集馨《道咸宦海见闻录》遍山皆青皮古松，不下数百株，太湖石亦高低错落有致，异鸟飞翔，唘音木杪，真蓬莱仙境也。”,无,错落参差不齐。致情趣。形容事物的布局虽然参差不齐，但却极有情趣，使人看了有好感。,cuò luò yǒu zhì,错落有致,clyz,cuo luo you zhi,cuo,zhi
《周易·系辞上》参伍以变，错综其数。”,不管形式上怎样～，变化诡奇，实际上总有一个基本的道理贯串其间。★秦牧《河汊错综》,错交错，交叉；综合在一起。形容头绪多，情况复杂。,cuò zōng fù zá,错综复杂,czfz,cuo zong fu za,cuo,za
《礼记·檀弓下》公子丧，诸达官之长杖。”,～，略有些名目在世者，其死后必有部诗文刻集。★清·张贵胜《遣愁集·感慨》,达官大官。指地位高的大官和出身侯门身价显赫的人。,dá guān guì rén,达官贵人,dggr,da guan gui ren,da,ren
叶圣陶《隔膜》按照着次序一问一答，没有答非所问的弊病，就算情意格外浓厚。”,无,回答的不是所问的内容。,dá fēi suǒ wèn,答非所问,dfsw,da fei suo wen,da,wen
清·曹雪芹《红楼梦》第四十五回气的我只有替平儿打抱不平。”,扶正义，～，正是我们革命党我的本色。★吴玉章《从甲午战争前后到辛亥革命前后的回忆》,遇见不公平的事，挺身而出，帮助受欺负的一方。,dǎ bào bù píng,打抱不平,dbbp,da bao bu ping,da,ping
宋·郑文宝《南唐近事》王鲁为当涂宰，颇以资产为务，会部民连状诉主簿贪贿于县尹。鲁乃判曰‘汝虽打草，吾已惊蛇。’”,空自去～”，倒吃他做了手脚，却是不好。★明·施耐庵《水浒全传》第二十九回,打草惊了草里的蛇。原比喻惩罚了甲而使乙有所警觉◇多比喻做法不谨慎，反使对方有所戒备。,dǎ cǎo jīng shé,打草惊蛇,dcjs,da cao jing she,da,she
宋·释普济《五灯会元》卷十五老僧四十年方打成一片。”,扬弃知识阶级的绅士身分，提高大众的鉴赏水准，这样～，平民化，大众化。★朱自清《论通俗化》,原指形成一个整体。现多形容感情融洽，成为一体。,dǎ chéng yī piàn,打成一片,dcyp,da cheng yi pian,da,pian
无,我们厂的领导与群众～。,形容关系十分亲密。,dǎ dé huǒ rè,打得火热,ddhr,da de huo re,da,re
《人民日报》1988.12.31披露了我们向上级反映我店截留利润六十五万元的问题后，遭受打击报复的一些真相。”,无,打击攻击。用敌对的态度回击对方。,dǎ jī bào fù,打击报复,djbf,da ji bao fu,da,fu
老舍《华实春秋》他这是打马虎眼，麻痹我们大伙儿，假充好人，想混过这一关去！”,无,故意装糊涂蒙骗人。,dǎ mǎ hu yǎn,打马虎眼,dmhy,da ma hu yan,da,yan
无,他此举就是想打破常规去实现他的梦想。,常规沿袭下来的规矩。打破了一般的规矩或一向实行的规章制度。,dǎ pò cháng guī,打破常规,dpcg,da po chang gui,da,gui
明·董说《西游补》第一回在那里采野花，结草卦，抱儿携女，打情骂俏。”,高兴起来，简直不分主仆，～的搅做一团。★清·曾朴《孽海花》第三十五回,情风情；俏俏皮、风趣。指男女调情。,dǎ qíng mà qiào,打情骂俏,dqmq,da qing ma qiao,da,qiao
无,她已经被打入冷宫。,打与某些动词结合成为一个词，表示进行的意思；冷宫古代皇帝把失宠的后妃软禁于冷僻宫内。比喻人不被重视或把事情搁置一边。,dǎ rù lěng gōng,打入冷宫,drlg,da ru leng gong,da,gong
元·关汉卿《窦娥冤》第二折左右，打散堂鼓，将马来，回私宅去也。”,敲败兵锣，～。★清·翟灏《通俗编》卷一,原指封建官吏退堂时打鼓。现在比喻跟人共同做事中途退缩。,dǎ tuì táng gǔ,打退堂鼓,dttg,da tui tang gu,da,gu
清·李宝嘉《官场现形记》六十六回有些会打小算盘的人，譬如一向是孝敬一百两的如今只消一百块钱。”,无,在小处精打细算，斤斤计较。,dǎ xiǎo suàn pán,打小算盘,dxsp,da xiao suan pan,da,pan
周立波《暴风骤雨》第二部二四听到叫他名，他大步流星地迈过去，把它牵上。”,无,形容步子跨得大，走得快。,dǎ bù liú xīng,大步流星,dblx,da bu liu xing,da,xing
晋·石崇《许巢论》盖闻圣人在位，则群材必举，官才任能，轻重允宜，大任已备，则不抑大材使居小位；小材已极其分，则不以积久而合处过材之位。”,～古所叹，管仲萧何实流业。★宋·陆游《送辛幼安殿撰造朝》诗,把大的材料当成小的材料用。比喻使用不当，浪费人才。,dà cái xiǎo yòng,大材小用,dcxy,da cai xiao yong,da,yong
元·郑德辉《伊尹耕莘》楔子盖凡升天之时，先参贫道，授与仙诀，大彻大悟后，方得升九天朝真而观元始。”,这一回，得看你是不是～，决心离开下流社会，迈步走进上流社会了。★欧阳山《苦斗》四三,彻明白；悟领会。形容彻底醒悟。,dà chè dà wù,大彻大悟,dcdw,da che da wu,da,wu
明·冯梦龙《警世通言》第28卷则一张那员外大吃一惊，回身便走，来到后边，望后倒了。”,那个朋友和他再次见面，不禁～。★巴金《等着盼着》,形容对发生的事感到十分意外。,dà chī yī jīng,大吃一惊,dcyj,da chi yi jing,da,jing
鲁迅《且介亭杂文末编·答徐懋庸并关于抗日统一战线问题》嘁嘁嚓嚓，招生是非，搬弄口舌，决不在大处着眼。”,无,从大的方面观察、思考问题，抓住主要矛盾。,dà chù zhuó yǎn,大处着眼,dczy,da chu zhuo yan,da,yan
清·曾朴《孽海花》第25回如今想来，真是大错特错！”,现在我们进了牢狱便是‘得仁’，那是～！★邹韬奋《经历》五十,强调错误到极点。,dà cuò tè cuò,大错特错,dctc,da cuo te cuo,da,cuo
郭沫若《南京印象》这儿在三天前正是大打出手的地方，而今天却是太平无事了。”,无,打出手戏曲中的一种武打技术，一出剧中的主要人物与多个对手相打，形成种种武打场面。比喻逞凶打人或殴斗。,dà dǎ chū shǒu,大打出手,ddcs,da da chu shou,da,shou
无,他就是大大咧咧的性格。,形容待人处事随随便便，满不在乎。,dà dà liē liē,大大咧咧,ddll,da da lie lie,da,lie
明·施耐庵《水浒全传》第一百十八回当下催军劫寨，大刀阔斧，杀将进去。”,世界上原有两种人一种是～的人，一种是细针密线的人。★朱自清《山野掇拾》,原指使用阔大的刀斧砍杀敌人◇比喻办事果断而有魄力。,dà dāo kuò fǔ,大刀阔斧,ddkf,da dao kuo fu,da,fu
蔡东藩、许廑父《民国通俗演义》第六十二回夹注阴历正月初三日立春，当时有大地回春，万象更新之义，故诹吉于初四日。”,无,指冬去春来，草木萌生，大地上出现一片生机景象。有时亦用比喻形势好转。,dà dì huí chūn,大地回春,ddhc,da di hui chun,da,chun
《论语·季氏》邦分崩离析，而不能守业；而谋动干戈于邦内。”,刚才唐兄说国王必是暂缓吉期，那知全出乎意料之外，并且～，用兵征剿。★清·李汝珍《镜花缘》第三十五回,干戈古代的两种武器。大规模地进行战争。比喻大张声势地行事。,dà dòng gān gē,大动干戈,ddgg,da dong gan ge,da,ge
无,见到不务正业的他，父亲一定大动肝火。,指大怒。,dà dòng gān huǒ,大动肝火,ddgh,da dong gan huo,da,huo
《孟子·尽心下》大而化之之谓圣。”,这些新的又未免太无边际，～了。★朱自清《文心序》,化改变，转变。原指大行其道，使天下化之◇形容做事情不小心谨慎。,dà ér huà zhī,大而化之,dehz,da er hua zhi,da,zhi
《庄子·逍遥游》肩吾问于连叔曰‘吾闻言于接舆，大而无当，往而不返，吾惊怖其言，犹河汉而无极也。’”,要而言之，《全上古秦汉三国六朝文》实在的是～的书，可供陈列而不适于实用的。★鲁迅《书信集·致章廷谦》,当底。虽然大，却无底。原指大得无边际◇多用作表示大得不切合实际、不合用。,dà ér wú dàng,大而无当,dewd,da er wu dang,da,dang
《三国志·吴书·陆逊传》今不忍小忿而发雷霆之怒。”,不知说了一句甚么话，符老爷登时～起来，把那独脚桌子一掀。(清·吴趼人《二十年目睹之怪现状》第七十四回),霆极响的雷，比喻震怒。比喻大发脾气，大声斥责。,dà fā léi tíng,大发雷霆,dflt,da fa lei ting,da,ting
唐·韩愈《祭柳子厚文》玉佩琼琚，大放厥词。”,也许他认定我年轻无知，才毫无顾虑地在我面前～。★郭良蕙《焦点》十,厥其，他的；词文辞，言辞。原指铺张词藻或畅所欲言。现用来指大发议论。,dà fàng jué cí,大放厥词,dfjc,da fang jue ci,da,ci
高阳《母子君臣》然而她到底是经过无数大风大浪的，深知躲避不了的烦恼，只有昂起头来硬顶。”,无,指巨大的风浪。比喻社会的大动荡、大变化。也比喻尖锐、复杂、激烈、艰苦的斗争。,dà fēng dà làng,大风大浪,dfdl,da feng da lang,da,lang
《后汉书·边韶传》边孝先，腹便便。”,室如悬磬待遗秉，～乃空洞。★清·姚鼐《王君病起有诗见和因复次韵赠之》,便便肥胖的样子。形容肥胖的样子。,dà fù pián pián,大腹便便,dfpp,da fu pian pian,da,pian
汉·马融《忠经·天地神明》忠者中也，至公无私。”,要把你的志向拿定，而且要抱着一个光明磊落、～的心怀。（郭沫若《屈原》第一幕）,指办事公正，没有私心。现多指从集体利益出发，毫无个人打算。,dà gōng wú sī,大公无私,dgws,da gong wu si,da,si
《尚书·禹贡》讫于四海，禹锡玄圭，告厥成功。”《汉书·王莽传上》十万众并集，平作二旬，大功毕成。”,及～，天下已定，而后实行其共和主义之政策，恢复我完全之金瓯。★章炳麟《驳革命驳议》,功事业；告宣告。指巨大工程或重要任务宣告完成。,dà gōng gào chéng,大功告成,dggc,da gong gao cheng,da,cheng
元·柯丹丘《荆钗记·误讣》儿，此生休想同衾枕，要相逢除非东海捞针。”,要打听前任巡检太爷家眷的下落，那真是～一般，问了半天，没有人知道的。★清·吴趼人《二十年目睹之怪现状》第一百七回,在大海里捞一根针。比喻极难找到。,dà hǎi lāo zhēn,大海捞针,dhlz,da hai lao zhen,da,zhen
无,……彼乃举其防家贼、媚异族之手段，送我～。（清·秋瑾《普告同胞檄,河山国土。无限美好的祖国大地。,dà hǎo hé shān,大好河山,dhhs,da hao he shan,da,shan
老舍《新时代的旧悲剧》七各处都是新油饰的，大红大绿，象个乡下的新娘子，尽力打扮而怪难受的。”,她的衣着大红大绿，很远就能认出来。,指颜色浓艳。,dà hóng dà lǜ,大红大绿,dhdl,da hong da lv,da,lv
老舍《四世同堂》我看出来，现在干什么也不能大红大紫，除了作官和唱戏！”,无,形容显赫、得意。,dà hóng dà zǐ,大红大紫,dhdz,da hong da zi,da,zi
元·无名氏《谢金吾》是什么人在门口大呼小叫，我去看咱。”,擎火把的都是年轻的农民，另一只手提着枪，也有拿镐的，～的嚷嚷着。★杨朔《雪花飘飘》,高一声低一声地乱叫乱喊。,dà hū xiǎo jiào,大呼小叫,dhxj,da hu xiao jiao,da,jiao
明·罗贯中《三国演义》第三十六回玄德大获全胜，引军入樊城，县令刘泌出现。”,请伏兵于河口，乘其将济而击之，必～。★明·冯梦龙《东周列国志》第四十八回,获擒获俘虏，夺取敌方辎重；全完全。形容获得完全的胜利。,dà huò quán shèng,大获全胜,dhqs,da huo quan sheng,da,sheng
《庄子·天地》大惑者终身不解，大愚者终身不灵。”,母疑涉妄，然窥女无他，～。★清·蒲松龄《聊斋志异·土偶》,惑，迷惑；解理解。感到非常迷惑，不能理解。,dà huò bù jiě,大惑不解,dhbj,da huo bu jie,da,jie
明·罗贯中《三国演义》第五十四回孔明曰‘来意亮已知道了。适间卜《易》，得一大吉大利之兆。”,无,非常吉祥、顺利。旧时用于占卜和祝福。,dà jí dà lì,大吉大利,djdl,da ji da li,da,li
清·石玉昆《三侠五义》第十八回献茶已毕，叙起话来，问答如流，气度从容，真是大家风范，把个狄后乐了个了不得。”,无,大家旧指有声望地位的高门贵族。风范风度、气派。出自高贵人家特有的气派。,dà jiā fēng fàn,大家风范,djff,da jia feng fan,da,fan
南朝·宋·刘义庆《世说新语·贤媛》顾家妇清心玉映，自是闺房之秀。”,姑娘既是位～，怎生来得到此？★清·文康《儿女英雄传》第八回,旧指世家望族中有才德的女子。也泛指有钱有势人家的女儿。,dà jiā guī xiù,大家闺秀,djgx,da jia gui xiu,da,xiu
宋·苏轼《赤壁怀古》大江东去，浪淘尽，千古风流人物。”,无,长江的水往东奔流而去◇借用为词牌名。多表示陈迹消逝，历史向前发展。,dà jiāng dōng qù,大江东去,djdq,da jiang dong qu,da,qu
清·恽敬《上曹俪笙侍郎书》而大江南北，以文名天下者，几于昌（猖）狂无理，排溺一世之人，其势力至今未已。”,无,指靠临长江中下游两岸的广大地区。,dà jiāng nán běi,大江南北,djnb,da jiang nan bei,da,bei
明·施耐庵《水浒全传》第六十六回正月十五日，上元佳节，好生晴朗，黄昏月上，六街三市，各处坊隅巷陌，点花放灯，大街小巷，都有社火。”,吃了早饭，摇个串玲上行走去了，～乱走一气。★清·刘鹗《老残游记》第十九回,城镇里的街道里弄，概指都市里的各处地方。,dà jiē xiǎo xiàng,大街小巷,djxx,da jie xiao xiang,da,xiang
《汉书·霍光传》群臣皆惊愕失色，莫敢发言。”,金方伯听见不是王慕维，又自称举人，不觉～。★清·张春帆《宦海》第二回,非肠怕，脸色都变了。,dà jīng shī sè,大惊失色,djss,da jing shi se,da,se
宋·朱熹《答林择之》要肱把此事做一平常事看，朴实头做将去，久之自然见效，不必如此大惊小怪，起模画样也。”,兄弟，休要～的，则他便是杨衙内，是个有权有势的的。★元·李文蔚《燕青博鱼》第一折,形容对没有什么了不起的的事情过分惊讶。,dà jīng xiǎo guài,大惊小怪,djxg,da jing xiao guai,da,guai
清·赵翼《忧旱》今年天作奇文章，大开大合为弛张。”,无,形容文思跌荡，放得开，收得拢。,dà kāi dà hé,大开大合,dkdh,da kai da he,da,he
唐·李瀎《松窗杂录·楚几》光业马上取笔答之，曰‘大开眼界莫言冤。’”,无,开阔视野，增回见识。,dà kāi yǎn jiè,大开眼界,dkyj,da kai yan jie,da,jie
明·许三阶《节侠记·诛佞》李秦授这厮，今日圣旨杀他，大快人心；兄请正坐了，就决了他，使小弟得以快睹。”,老江，你看多么～呀！”说到这里，她喘了一口气，发觉自己太兴奋了。★杨沫《青春之歌》第二部第三十九章,快痛快。指坏人坏事受到惩罚或打击，使大家非常痛快。,dà kuài rén xīn,大快人心,dkrx,da kuai ren xin,da,xin
粟裕《激流归大海》这支队伍经过严峻的锻炼和考验，质量更高了，是大浪淘沙保留下来的精华。”,无,淘用水冲洗。去掉杂质。在大浪中洗净沙石。比喻在激烈的斗争中经受考验、筛选。,dà làng táo shā,大浪淘沙,dlts,da lang tao sha,da,sha
清·李宝嘉《官场现形记》第二十四回你一到京打听人家，像他这样大名鼎鼎，还怕有不晓得的。”,当时有华灵毡士者，～之学者。★清·梁启超《格致学沿革考略》,鼎鼎盛大的样子。形容名气很大。,dà míng dǐng dǐng,大名鼎鼎,dmdd,da ming ding ding,da,ding
明·王世桢《鸣凤记》第二十三出又见他烈烈轰轰，呼呼喝喝，大模大样，前遮后拥，把那街上闲人尽打开。”,安禄山，我且问你，这般～是几时起的？★清·洪昻《长生殿》第十三出,形容态度傲慢，目中无人的样子。,dà mó dà yàng,大模大样,dmdy,da mo da yang,da,yang
元·关汉卿《裴度还带》第三折夫人云皆是先生阴德太重，救我一家之命。因此遇大难不死，必有后程，准定发迹也。”,～，必有后禄。★明·冯梦龙《喻世明言》卷二十一,难灾祸。遇到巨大的灾难而没有死掉。形容幸运地脱险。,dà nàn bù sǐ,大难不死,dnbs,da nan bu si,da,si
鲁迅《彷徨·弟兄》他仿佛已经有什么大难临头似的，说话有些口吃了，声音也发着抖。”,无,难灾祸；临来到。大祸落到头上。,dà nàn lín tóu,大难临头,dnlt,da nan lin tou,da,tou
《史记·高祖本纪》天下所不容，大逆无道。”《汉书·杨恽传》为妖恶言，大逆不道，请逮捕治。”,汝赖吾玉玺，僭称帝号，背反汉室，～！吾方欲加兵问罪，岂肯反助贼乎！★明·罗贯中《三国演义》第十七回,逆叛逆；道指封建道德；不道违反封建道德。旧时统治阶级对破坏封建秩序的人所加的重大罪名。,dà nì bù dào,大逆不道,dnbd,da ni bu dao,da,dao
老舍《四世同堂》她的喜怒哀乐都是大起大落，整出整落的。”,他的一生多次都是～的。,大幅度地起落。形容变化大。,dà qǐ dà luò,大起大落,dqdl,da qi da luo,da,luo
毛泽东《给陈毅同志谈诗的一封信》你的大作，大气磅礴。”,无,磅礴广大无边际的样子。形容气势浩大。,dà qì páng bó,大气磅礴,dqpb,da qi pang bo,da,bo
《老子》四十二章大方无隅，大器晚成。”,二位先生高才久屈，将来定是～的。★清·吴敬梓《儒林外史》第四十九回,大器比喻大才。指能担当重任的人物要经过长期的锻炼，所以成就较晚。也用做对长期不得志的人的安慰话。,dà qì wǎn chéng,大器晚成,dqwc,da qi wan cheng,da,cheng
宋·释道原《景德传灯录》卷九长老身材勿量大，笠子太小生。师云‘虽然如此大千世界总在里许。’”,～无奇不有，充满了矛盾。,佛教用语，世界的千倍叫小千世界，小千世界的千倍叫中千世界，中千世界的千倍叫大千世界◇指广大无边的人世。,dà qiān shì jiè,大千世界,dqsj,da qian shi jie,da,jie
清·曾朴《孽海花》第六回他却忘其所以，大权独揽，只弄些小聪明，闹些空意气。”,无,揽把持。一个人把持着权力，独断专行。,dà quán dú lǎn,大权独揽,dqdl,da quan du lan,da,lan
蒲韧《二千年间》九王安石得到神宗皇帝的支持，大权在握，就全力来推行一些新的政治。”,无,手中掌握有很大权力。,dà quán zài wò,大权在握,dqzw,da quan zai wo,da,wo
唐·李商隐《杂纂》把花间喝道”、月下把火”等列为杀风景”的事情。,安公子高高兴兴的一个酒场，再不想作了这等一个～。★清·文康《儿女英雄传》第三十回,损伤美好的景致。比喻败坏兴致。,dà shā fēng jǐng,大煞风景,dsfj,da sha feng jing,da,jing
唐·韩愈《后十九日复上宰相书》行且不息，以蹈于穷饿之水火，其既危且亟矣，大其声而疾呼矣。”,我们可以～，而不要隐晦曲折，使人民大众不易看懂。（毛泽东《在延安文艺座谈会上的讲话》）,疾快。大声呼喊，引起人们注意。,dà shēng jí hū,大声疾呼,dsjh,da sheng ji hu,da,hu
《史记·高祖本记》秦人大失望。”,瑞虹～，但到此地间，无可奈何。★明·冯梦龙《醒世恒言》卷三十六,表示原来的希望完全落空。,dà shī suǒ wàng,大失所望,dssw,da shi suo wang,da,wang
宋·陈亮《上孝宗皇帝第三书》天下大势之所趋，非人力之所能移也。”,解放区人民的力量，大后方人民的力量，国际形势，～，使得国民党不得不承认这些东西。★毛泽东《关于重庆谈判》,大势指整个局势。整个局势发展的趋向。,dà shì suǒ qū,大势所趋,dssq,da shi suo qu,da,qu
宋·朱熹《朱子谏类》卷五十一程子说天命之改，莫是大势已去。”,纣王看见，不觉大惊，知～，非人力可挽。★明·许仲琳《封神演义》第九十七回,大势事情发展的趋势。有利的形势已经丧失，前途已经没有希望。,dà shì yǐ qù,大势已去,dsyq,da shi yi qu,da,qu
徐迟《歌德巴赫猜想》一页一页的历史写出来了，大是大非，终于有了无私的公论。”,无,指带有原则性、根本性的是非问题。,dà shì dà fēi,大是大非,dsdf,da shi da fei,da,fei
清·曹雪芹《红楼梦》第五十一回成年家大手大脚的，替太太不知背地里赔垫了多少东西，真真赔的是说不出来的，那里又和太太算去。”,一样的～，好象伦敦的巡警都是一母所生的哥儿们。★老舍《二马》,原指人手大，脚大◇多用来形容花钱、用东西不节省。,dà shǒu dà jiǎo,大手大脚,dsdj,da shou da jiao,da,jiao
唐·韩愈《答元侍御书》而足下年尚强，嗣德有继，将大书特书，屡书不一书而已也。”,倘令为林文忠作传，则烧鸦片一事，固当～。★清·吴汝纶《答严几道》,书写。大写特写。指对意义重大的事情特别郑重地加以记载。,dà shū tè shū,大书特书,dsts,da shu te shu,da,shu
无,我们不能大肆挥霍，要注意勤俭节约。,大肆任意，放纵。无节制地大量花钱。,dà sì huī huò,大肆挥霍,dshh,da si hui huo,da,huo
无,这件丑闻经过报纸～后，使他声望骤降，因此决定退出选举。,极力宣传使大家知道。,dà sì xuān chuán,大肆宣传,dsxc,da si xuan chuan,da,chuan
《孔丛子·公孙龙》使此人于广庭大众之中，见侮而不敢斗，王将以为臣乎？”,这是秘密的事，他敢在～之下喧扬起来？★清·吴趼人《二十年目睹之怪现状》第八十六回,大庭宽大的场地；广众为数很多的人群。指聚集很多人的公开场合。,dà tíng guǎng zhòng,大庭广众,dtgz,da ting guang zhong,da,zhong
《庄子·天下》大同而与小同异，此之谓小同异；万物毕同毕异，此之谓大同异。”,说的是侯统领一个，其实如今做官的人，无非与侯统领～罢了。★清·吴趼人《二十年目睹之怪现状》第八十四回,大体相同，略有差异。,dà tóng xiǎo yì,大同小异,dtxy,da tong xiao yi,da,yi
《史记·黥布传》出就舍，张御食饮从官如汉王居，布又大喜过望。”,灿若灯下一看，正是前日相逢之人，不觉～，方才放下了心。★明·凌濛初《初刻拍案惊奇》卷十六,过超过；望希望。结果比原来希望的还好，因而感到特别高兴。,dà xǐ guò wàng,大喜过望,dxgw,da xi guo wang,da,wang
茹志娟《高高的白杨树》爱唱的人，就在舞台上痛痛快快唱吧．种棉花的，就在连成片的土地上大显身手吧！”,无,显表露，表现；身手指本领。充分显示出本领和才能。,dà xiǎn shēn shǒu,大显身手,dxss,da xian shen shou,da,shou
明·吴承恩《西游记》第八十九回他三人辞了师父，在城外大显神通。”,惟有召西乃明心见性之人，学佛未成者来，～，将此辈一扫而空之。★清·袁枚《续子不语》卷五,神通原为佛家语，指无所不能的力量◇指特别高超的本领。形容充分显示出高明的本领。,dà xiǎn shén tōng,大显神通,dxst,da xian shen tong,da,tong
《庄子·逍遥游》吾惊怖其言，犹河汉而无极也。大有径庭，不近人情焉？”,虽然结果一样，其因”却～。（鲁迅《集外集拾遗·田园思想》）,径小路；庭院子；径庭悬殊，偏激。比喻相差很远，大不相同。,dà xiāng jìng tíng,大相径庭,dxjt,da xiang jing ting,da,ting
宋·洪迈《容斋三笔》卷十一奸佞之臣，罔真宗以符端，大兴土木之役，以为通宫玉清昭应之建。”,灵王既归，耻其无功，乃～，欲以物力制度，夸示诸侯。★明·冯梦龙《东周列国志》第六十七回,兴创办；土木指建筑工程。大规模地盖房子。,dà xīng tǔ mù,大兴土木,dxtm,da xing tu mu,da,mu
清·袁枚《与陈刺史虚斋》未登大雅之堂，还望刺史陶冶而成全之。”,无,高雅的厅堂。比喻高的要求，完美的境界。,dà yǎ zhī táng,大雅之堂,dyzt,da ya zhi tang,da,tang
《论语·宪问》子曰‘其言之不怍，则为之也难。’”宋·朱熹注大言不惭，则无必为之志，而不自度其能否也。欲践其言，其不难哉！”,严知孝听他这个得意的学生～的说着，脸上的愁闷就散开了。★梁斌《红旗谱》四二,说大话，不感到难为情。,dà yán bù cán,大言不惭,dybc,da yan bu can,da,can
清·吴敬梓《儒林外史》第五回次日早晨，大摇大摆出堂，将回子发落了。”,无,走路时身子摇亿摆。形容自以为了不起的傲慢神态。,dà yáo dà bǎi,大摇大摆,dydb,da yao da bai,da,bai
宋·曹辅《唐颜文忠公新庙记》大义凛然，奋裙首倡。”,因想起文丞相和谢先生，一般的～，使宋室虽亡，犹有余荣。★清·吴趼人《痛史》第二十二回,大义正义；凛然严肃、或敬畏的样子。由于胸怀正义而神态庄严，令人敬畏。,dà yì lǐn rán,大义凛然,dylr,da yi lin ran,da,ran
《左传·隐公四年》大义灭亲，其是之谓乎。”,这是一条汉子，～，死活只有一个党。★丁玲《太阳照在桑干河上》二四,大义正义，正道；亲亲属。为了维护正义，对犯罪的亲属不循私情，使受到应得的惩罚。,dà yì miè qīn,大义灭亲,dymq,da yi mie qin,da,qin
《北齐书·唐邕传》比及武平之末，府藏渐虚，邕度支取金，大有裨益。”,其间卓然自得者，于圣经贤传，～。★明·焦竑《玉堂丛语·文学》,裨益益处、好处。形容益处很大。,dà yǒu bì yì,大有裨益,dyby,da you bi yi,da,yi
无,出国留学人员回国后也是大有可为的。,事情有发展前途，很值得做。,dà yǒu kě wéi,大有可为,dykw,da you ke wei,da,wei
《资治通鉴·隋纪炀帝大业十一年》帝至东都，顾眄街衢，谓侍臣曰‘犹大有人在。’意谓向日平杨玄感，杀人尚少故也。”,出面的虽是章士钊，其实黑幕中～。★《鲁迅书信集·致李秉中》,形容某一种人为数不少。,dà yǒu rén zài,大有人在,dyrz,da you ren zai,da,zai
清·无名氏《三侠五义》艾虎听了，暗暗思忖道‘这话语之中大有文章。’”,他的话～可做。,指话语、文章、或已表露的现象之中，很有令人难以捉摸的意思或别的情况。,dà yǒu wén zhāng,大有文章,dywz,da you wen zhang,da,zhang
《孟子·公孙丑下》故将大有为之君，必有所不召之臣，欲有谋焉则就之。”朱熹集注大有为之君，大有作为，非常之君也。”,民国元年革命后，先生的所志已达，该可以～了，然而还是不得志。★鲁迅《且介亭杂文末编·关于于太炎先生二三事》,作为做出成绩。能够极大地发挥作用，作一番贡献。,dà yǒu zuò wéi,大有作为,dyzw,da you zuo wei,da,wei
明·罗贯中《三国演义》第二十八回行了数日，忽值大雨滂沱。”,无,滂沱雨大而多的样子。形容寸下得很大。,dà yǔ páng tuó,大雨滂沱,dypt,da yu pang tuo,da,tuo
唐·杜甫《白帝》诗白帝城中云出门，白帝城下雨翻盆。”,无,雨大得象盆里的水直往下倒。形容雨大势急。,dà yǔ qīng pén,大雨倾盆,dyqp,da yu qing pen,da,pen
明·冯梦龙《警世通言·俞伯牙摔琴谢知音》偶然风狂浪涌，大雨如注，舟楫不能前进，泊于山崖之下。”,又三日，率众诅龙潭，以激神怒，～。★明·朱国桢《涌幢小品·山子道气》,注灌入。形容寸下得很大，雨水象往下灌似的。,dà yǔ rú zhù,大雨如注,dyrz,da yu ru zhu,da,zhu
无,你知道大禹治水的故事吗？,禹三皇五帝时中原的领袖。大禹治理水患为百姓谋福。,dà yǔ zhì shuǐ,大禹治水,dyzs,da yu zhi shui,da,shui
唐·韩愈《为裴相公让官表》启中兴之宏图，当太平之昌历。”,无,展把卷画打开，比喻实现；宏图比喻宏伟远大的谋略与计划。大规模地实施宏伟远大的计划或抱负。,dà zhǎn hóng tú,大展宏图,dzht,da zhan hong tu,da,tu
清·张春帆《宦海》第九回李参戎带著这些人陆续出了镇南关，便大张旗鼓，排齐队伍，浩浩荡荡的向前进发。”,至于那一部小说，本来当属于古董之部，若要～，颂为二十世纪的新作品，则小子不敏，实不敢也。★鲁迅《书信集·致胡适》,张陈设，展示；旗鼓旗帜和战鼓。形容进攻的声势和规能大。也形容群众活动声势和规能大。,dà zhāng qí gǔ,大张旗鼓,dzqg,da zhang qi gu,da,gu
蔡东藩、许廑父《民国通俗演义》第三十八回颇欲展施抱负，造成一法治国，所以一经就任，便草就大政方针宣言书，拟向国会宣布。”,无,重大的政策与措施，引导事业前进的方向和指针。,dà zhèng fāng zhēn,大政方针,dzfz,da zheng fang zhen,da,zhen
无,我们很佩服他在处理此事过程中所展示的大智大勇。,指非凡的才智和勇气。,dà zhì dà yǒng,大智大勇,dzdy,da zhi da yong,da,yong
宋·苏轼《贺欧阳少师致仕启》大勇若怯，大智如愚。”,执雌守黑，不敢自遂，～，于是乎在。★章炳麟《箴新党论》,某些才智出众的人，看来好象愚笨，不露锋芒。,dà zhì ruò yú,大智若愚,dzry,da zhi ruo yu,da,yu
无,他拿此小事大做文章来对付你们。,比喻为达到某种目的，在某些问题上横生枝节，或借题发挥，扩大事态。,dà zuò wén zhāng,大做文章,dzwz,da zuo wen zhang,da,zhang
《庄子·达生》几矣。鸡虽有鸣者，已无变矣，望之似木鸡矣，其德全矣；异鸡无敢应者，反走矣。”,匪首侯殿坤，在得知这个噩耗之后，特别是知道了老妖道的落网后，当即～。★曲波《林海雪原》二八,呆傻，发愣的样子。呆得象木头鸡一样。形容因恐惧或惊异而发愣的样子。,dāi ruò mù jī,呆若木鸡,drmj,dai ruo mu ji,dai,ji
无,我们一定要将林州人民战天斗地、艰苦创业的红旗渠精神”代代相传。,一代接一代地相继传下去。,dài dài xiāng chuán,代代相传,ddxc,dai dai xiang chuan,dai,chuan
陶菊隐《北洋军阀统治时期史话》各省系军阀慑于人民的巨大力量，都不肯代人受过，曹辊也就不敢一意孤行。”,无,受承受，担待；过过失，过错。替别人承担过错的责任。,dài rén shòu guò,代人受过,drsg,dai ren shou guo,dai,guo
《论语·子罕》沽之哉！沽之哉！，我待贾者也。”,象中世纪骑士那样站在虹的桥上，高揭着什么怪好听的旗号，而实在只是出风头，或竟是～。★茅盾《虹》一,沽卖。等有好价钱才卖。比喻谁给好的待遇就替谁工作。,dài jià ér gū,待价而沽,djeg,dai jia er gu,dai,gu
汉·司马迁《报任少卿书》教以慎于接物，推贤士为务。”明·陶宗仪《辍耕录》卷五右二事可见前辈诸老谦恭退抑，汲引后进，待人接物者如此。”,他对事能从各方面看，能有充分的谅解精神，因此他的～都有很合理的态度。★邹韬奋《患难余生记·流亡》,物人物，人们。指跟别人往来接触。,dài rén jiē wù,待人接物,drjw,dai ren jie wu,dai,wu
《礼记·曲礼上》女子待嫁，笄而字。”,养成一个如珠似玉的女儿，不特好才貌，还缠得一双小足儿，现年十七岁，待字深闺。★清·黄小配《廿载繁华梦》第二回,字许配；闺女子卧室。留在闺房之中，等待许嫁。旧指女子成年待聘。,dài zì guī zhōng,待字闺中,dzgz,dai zi gui zhong,dai,zhong
明·王守仁《案行漳南道守巡官戴罪督兵剿贼》其覃恒等所统军，就仰高伟管领，戴罪杀贼立功自赎。”,无,带着罪过或错误去创立功勋，以功赎罪。,dài zuì lì gōng,戴罪立功,dzlg,dai zui li gong,dai,gong
《三国志·吴书·鲁肃传》肃邀羽相见，各驻兵马百步上，但请将军单刀赴会。”,吾来日独驾小舟，只用亲随十余人，～，看鲁肃如何近我。★明·罗贯中《三国演义》第六十六回,单刀一把刀，指一个人。原指蜀将关羽只带一口刀和少数随从赴东吴宴会◇泛指一个人冒险赴约。有赞扬赴会者的智略和胆识之意。,dān dāo fù huì,单刀赴会,ddfh,dan dao fu hui,dan,hui
宋·释道元《景德传灯录》卷十二若是作家战将，便请单刀直入，更莫如何若何。”,上面一篇嗣汉六十二代天师正一真人张元旭”的序文，尤为～。★鲁迅《热风》三十三,用短柄刀直接刺入。原比喻认定目标，勇猛精进◇比喻说话直接了当，不绕弯子。,dān dāo zhí rù,单刀直入,ddzr,dan dao zhi ru,dan,ru
五代·楚·汪遵《乌江》诗兵散弓残挫虎威，单枪匹马突重围。”,冯寡妇大骂那些女人是熊包，自己～，趁人们在街上歇晌的当儿，故意在大街上向村西头走。★冯德英《迎春花》第十三章,原指打仗时一个人上阵。比喻行动没人帮助。,dān qiāng pí mǎ,单枪匹马,dqpm,dan qiang pi ma,dan,ma
元·无名氏《梧桐叶》第四折为兵戈担惊受恐。”,休听那算命的胡说，撇下一个家业，～，去虎穴龙潭里做买卖。（明·施耐庵《水浒全传》第六十一回）,形容十分担心或害怕。,dān jīng shòu pà,担惊受怕,djsp,dan jing shou pa,dan,pa
唐·白居易《策林一·策头》殚思极虑，以尽微臣献言之道乎！”,但这～用苦功夫去认真创作”出来的学说，和我们只有常识的见解是很不一样的。★鲁迅《花边文学·商贾的批评》,殚竭尽；虑思虑。形容用尽心思。,dān jīng jié lǜ,殚精竭虑,djjl,dan jing jie lv,dan,lv
清·杨潮观《吟风阁杂剧·黄石婆授计逃关》因此上胆大包天，一铁锺，几乎把秦王断送。”,我虽年幼，～，小小秦庭，何足道哉。★欧阳予倩《荆轲》第四幕,包包容。形容胆子极大。,dǎn dà bāo tiān,胆大包天,ddbt,dan da bao tian,dan,tian
清·曾朴《孽海花》第十回这种人要在敝国，是早已明正典刑，哪里容他们如此胆大妄为呢。”,说他擅卖矿产，～，请旨拿交刑部治罪。★清·李宝嘉《官场现形记》第五十三回,妄为胡搞，乱做×无顾忌地干坏事。,dǎn dà wàng wéi,胆大妄为,ddww,dan da wang wei,dan,wei
《旧唐书·孙思邈传》胆欲大而心欲小，智欲圆而行欲方。”,以～勇猛灵活的战斗作风，炸死炸伤了几百名敌人。★峻青《不尽巨涛滚滚来》,形容办事果断，考虑周密。,dǎn dà xīn xì,胆大心细,ddxx,dan da xin xi,dan,xi
巴金《谈〈寒夜〉》他后来竟变成了一个胆小怕事、见人低头、懦弱安分、甘受欺侮的小公务员。”,无,胆子非常小，怕事情落在自己头上，怕惹麻烦。,dǎn xiǎo pà shì,胆小怕事,dxps,dan xiao pa shi,dan,shi
元·无名氏《碧桃花》第三折不由我不心惊胆战，索陪着笑脸儿褪后趋前。”,三藏见说，又～，不敢举步。★明·吴承恩《西游记》第十三回,战通颤”，发抖。形容十分害怕。,dǎn zhàn xīn jīng,胆战心惊,dzxj,dan zhan xin jing,dan,jing
《汉书·王吉传》吉与贡禹为友，世称‘王阳在位，贡禹弹冠。’”宋·苏洵《管仲论》一日无促，则三子者，可以弹冠而相庆矣。”,无,弹冠掸去帽子上的灰尘，准备做官。指官场中一人当了官或升了官，同伙就互相庆贺将有官可做。,tán guān xiāng qìng,弹冠相庆,tgxq,tan guan xiang qing,tan,qing
宋·杨万里《钤辖赵公墓志铭》公挺身与兵，屡捷。七年，粮尽援绝，势不能复支，遂率所部数千人南归。”,无,作战中弹药用完了，粮食也断绝了。指无法继续作战的危险处境。,dàn jìn liáng jué,弹尽粮绝,djlj,dan jin liang jue,dan,jue
《史记·平原君虞卿列传》此弹丸之地弗予，令秦来年复攻王，王得无割其内而媾乎？”,西歧城不过～，姜子牙不过浅行之夫。★明·许仲琳《封神演义》第四十四回,弹丸弹弓所用的铁丸或泥丸。弹丸那么大的地方。形容地方非常狭小。,dàn wán zhī dì,弹丸之地,dwzd,dan wan zhi di,dan,di
清·李汝珍《镜花缘》第二十六回弓弦响处，那弹子如雨点一般打将出去，真是‘弹无虚发’，每发一弹，岸上即倒一人。”,无,弹弹子或子弹。弹子或子弹颗颗中靶，没有一颗打出靶外。形容百发百中。,dàn wú xū fā,弹无虚发,dwxf,dan wu xu fa,dan,fa
三国·蜀·诸葛亮《戒子书》非淡泊无以明志，非宁静无以致远。”,至于宽闲之野，寂寞之滨，每自寓其天怀之乐，而～，宁静致远，未尝不处处流露。★清·无名氏《杜诗言志》卷三,指不追求名利才能使志趣高洁。,dàn bó míng zhì,淡泊明志,dbmz,dan bo ming zhi,dan,zhi
无,我们对此不能～，要引起高度重视。,淡然不经心，不在意；处处理，对待。以漫不经心的态度对待事物。,dàn rán chǔ zhī,淡然处之,drcz,dan ran chu zhi,dan,zhi
汉·陈琳《答东阿王笺》秉青萍干将之器，拂钟无声，应机立断。”,哥哥，国姓爷就在城下，你应该～。★郭沫若《郑成功》第七章,当机抓住时机。在紧要时刻立即做出决断。,dāng jī lì duàn,当机立断,djld,dang ji li duan,dang,duan
宋·辛弃疾《恋绣衾·无题》我自是笑别人的，却元来当局者迷。”,希望我们大家互相勉励……～，旁观者清，我们应该有则改之，无则加勉。★邹韬奋《事业管理与职业修养·关于工作与学习五》,迷糊涂，迷惑。指当事人反而糊涂。,dāng jú zhě mí,当局者迷,djzm,dang ju zhe mi,dang,mi
《论语·卫灵公》子曰‘当仁，不让于师。’”,人家骂小弟鱼肉乡愚，这句话仔细想来，在小弟却是～。★清·李宝嘉《官场现形记》第十七回,原指以仁为任，无所谦让◇指遇到应该做的事就积极主动去做，不推让。,dāng rén bù ràng,当仁不让,drbr,dang ren bu rang,dang,rang
宋·释普济《五灯会元·黄檗运禅师法嗣·临济义玄禅师》上堂，僧问‘如何是佛法大意？’师亦竖拂子，僧便喝，师亦喝。僧拟议，师便打。”,那日程希明～，未免触动了天良。★清·李绿园《歧路灯》第十四回,佛教禅宗和尚接待初学的人常常用棒一击或大喝一声，促他醒悟。比喻严厉警告，促使人猛醒过来。,dāng tóu bàng hè,当头棒喝,dtbh,dang tou bang he,dang,he
《五灯会元·黄檗运禅师法嗣·临济义玄禅师》上堂，僧问‘如何是佛法大意？’师亦竖拂子，僧便喝，师亦喝。僧拟议，师便打。”,孔子好象受了～，亡魂失魄地坐着，恰如一段呆木头。★鲁迅《故事新编·出头》,迎头一棍子。比喻受到严重警告或突然的打击。,dāng tóu yī bàng,当头一棒,dtyb,dang tou yi bang,dang,bang
《孟子·尽心上》知者无不知也，当务之为急；仁者无不爱也，急亲贤之为务。”,今学者～，曰中国古今史，曰泰东西古近史。★清·沈惟贤《万国演义序》,当务指应当办理的事。当前任务中最急切要办的事。,dāng wù zhī jí,当务之急,dwzj,dang wu zhi ji,dang,ji
宋·欧阳修《回丁判官书》夫人有厚己而自如者，恃其中有所以当之而不愧也。”,尊翁一生，清慎勤三字，可～。★高阳《清宫外史》上册,无愧毫无愧色。当得起某种称号或荣誉，无须感到惭愧。,dāng zhī wú kuì,当之无愧,dzwk,dang zhi wu kui,dang,kui
《后汉书·党锢传序》自武帝以后，崇尚儒学，怀经协术，所在雾会。至有石渠分争之论，党同伐异之说。”,读者幸勿比例惴测，谓此事为某人写照，此名为某人化身，致生种种～意见。★清·梁启超《新中国未来记·绪言》,伐讨伐，攻击。指结帮分派，偏向同伙，打击不同意见的人。,dǎng tóng fá yì,党同伐异,dtfy,dang tong fa yi,dang,yi
战国·楚·宋玉《高唐赋》感心动耳，回肠伤气。”三国·魏·曹丕《大墙上蒿行》女娥长歌，声协宫商，感心动耳，荡气回肠。”,这首乐曲旋律优美动人，令人～。,荡动摇；回回转。形容文章、乐曲十分婉转动人。,dàng qì huí cháng,荡气回肠,dqhc,dang qi hui chang,dang,chang
南朝·梁·任昿《为梁武帝集坟籍令》近灾起柏梁，遂延渠阁，青编素简，一同煨尽，湘囊綖帙，荡然无存。”,使民国政制，～，澔澔新邦，悬为虚器。★蔡东藩、许廑父《民国通俗演义》第五十九回,荡然完全空无。形容东西完全失去，一点没有留下。,dàng rán wú cún,荡然无存,drwc,dang ran wu cun,dang,cun
《旧唐书·严震传》梁汉之间，刀耕火耨。”,随着农业机械化的普及，～的那种原始的农业耕作技术已逐渐消失了。,古时一种耕种方法，把地上的草烧成灰做肥料，就地挖坑下种。,dāo gēng huǒ zhòng,刀耕火种,dghz,dao geng huo zhong,dao,zhong
南朝·梁·吴筠《战城南四首》剑光挥夜电，马汗昼夜泥。”,多年阔别，一旦重逢尤其在此～的北中国一隅聚首，使人发生无限的感喟。★范长江《塞上行·从嘉峪关到山海关》,隐约显现出刀剑的闪光和影子。形容环境充满了凶险的气氛。,dāo guāng jiàn yǐng,刀光剑影,dgjy,dao guang jian ying,dao,ying
清·钱彩《说岳全传》其时天下太平已久，真个是马放南山，刀枪入库，五谷丰登，万民乐业。”,无,没有战争，不用武备；和平麻痹，解除武装，不作戒备。,dāo qiāng rù kù,刀枪入库,dqrk,dao qiang ru ku,dao,ku
元·李文蔚《燕青捕鱼》刀下留人！哥哥息怒。”,无,为营救将被斩首的人而向主持或执行斩首的人发出的留人一命的紧急呼吁。,dāo xià liú rén,刀下留人,dxlr,dao xia liu ren,dao,ren
郭沫若《苏联纪行·六月二十七日》她把说明小册子的英文部分似乎已经读得倒背如流了。”,无,背背诵。把书或文章倒过来背，背得像流水一样流畅。形容背得非常熟练，记得非常牢。,dào bèi rú liú,倒背如流,dbrl,dao bei ru liu,dao,liu
无,看来，他们上上下下都串通好了，而且要倒打一耙。,《西游记》故事猪八戒以钉耙为武器，常用回身倒打一耙的绝技战胜对手。自己做错了，不仅拒绝别人的指摘，反而指摘对方。,dào dǎ yī pá,倒打一耙,ddyp,dao da yi pa,dao,pa
《史记·伍子胥列传》吾日暮途远，吾故倒行而逆施之。”,在压迫得透不过气来的时候，疏解和抗议都无用，压迫者是可以任所欲为，～的。★邹韬奋《患难余生记·离渝前的政治形势》,原指做事违反常理，不择手段。现多指所作所为违背时代潮流或人民意愿。,dào xíng nì shī,倒行逆施,dxns,dao xing ni shi,dao,shi
《庄子·胠箧》盗跖之徒问于跖曰‘盗亦有道乎？’跖曰‘何适而无有道耶？夫妄意室中之藏，圣也；入先，勇也；出后，义也；知可否，知也；分均，仁也。……’”,尝举以告姚安公，谓～也。★清·纪昀《阅微草堂笔记》卷九,道道理。盗贼也有他们的那一套道理。,dào yì yǒu dào,盗亦有道,dyyd,dao yi you dao,dao,dao
清·蒲松龄《聊斋志异·成仙》又八九年，成忽自至，黄巾氅服，岸然道貌。”,因看见端甫～，不敢造次。★清·吴趼人《二十年目睹之怪现状》第一百四回,道貌正经严肃的容貌；岸然高傲的样子。指神态严肃，一本正经的样子。,dào mào àn rán,道貌岸然,dmar,dao mao an ran,dao,ran
《论语·阳货》道听而途说，德之弃也。”《汉书·艺文志》小说家者流，盖出于稗官，街谈巷语，道听途说者之所造也。”,妹子～，不知是否？尚求指示。★清·李汝珍《镜花缘》第五十三回,道、途路。路上听来的、路上传播的话。泛指没有根据的传闻。,dào tīng tú shuō,道听途说,dtts,dao ting tu shuo,dao,shuo
宋·苏轼《和子由除日见寄》诗感时嗟事变，所得不偿失。”,饶鸿生在精养轩虽化了几十块冤枉钱，在后乐园倒明白了一桩古典，不能说～了。★清·李宝嘉《文明小史》第五十三回,偿抵得上。所得的利益抵偿不了所受的损失。,dé bù cháng shī,得不偿失,dbcs,de bu chang shi,de,shi
《老子·道德经》不敢进寸而退尺。”《战国策·秦策三》王不如远交而近攻，得寸则王之寸， 得尺亦王之尺也。”,法国～，五年以后吞并了整个南圻，而心犹未足，还打算攘夺北圻，仅留下中圻给越南。★高阳《清宫外史》下册,得了一寸，还想再进一尺。比喻贪心不足，有了小的，又要大的。,dé cùn jìn chǐ,得寸进尺,dcjc,de cun jin chi,de,chi
先秦·孟轲《孟子·公孙丑下》得道者多助，失道者寡助。寡助之至，亲戚畔之。”,我则～，彼则众叛亲离。★孙中山《军人精神教育》第二章,指符合道义者则能得到多数人的帮助。,dé dào duō zhù,得道多助,dddz,de dao duo zhu,de,zhu
明·罗贯中《三国演义》第九十六回孔明变色曰‘是何言也！得而复失，与不得同。公以此贺我，实足使我愧赧耳！’”,无,复又，再。刚得到又失去了。,dé ér fù shī,得而复失,defs,de er fu shi,de,shi
元·无名氏《小孙屠》第四出孩儿，我听得道你要出外打旋，怕家中得过且过，出去做甚的？”,但是吃烟人的脾气，总是～，那一个是真心肯戒。★清·彭养鸥《黑籍冤魂》第一回,且暂且。只要能够过得去，就这样过下去。形容胸无大志。,dé guò qiě guò,得过且过,dgqg,de guo qie guo,de,guo
清·洪亮吉《江北诗话》卷二得天独厚开盈尺，与月同园到十分。”,曹沾进园，草草看了，便觉这南园”～，就在它有一片好水。★端木蕻良《曹雪芹》十八,天天然，自然；厚优厚。具备的条件特别优越，所处环境特别好。,dé tiān dú hòu,得天独厚,dtdh,de tian du hou,de,hou
《庄子·天道》不徐不疾，得之于手而应于心。”,挟了七八万现款的冯云卿就此走进了公债市场，半年来总算～，扯起息来，二分半是有的。★茅盾《子夜》,得得到，想到；应反应，配合。心里怎么想，手就能怎么做。比喻技艺纯熟或做事情非常顺利。,dé xīn yìng shǒu,得心应手,dxys,de xin ying shou,de,shou
清·文康《儿女英雄传》第二回他虽然和咱们满州汉军隔旗，却是我第一个得意门生，他待我也实在亲热，那个人将来不可限量。”,无,得意称心如意；门生亲授业的弟子或科举中试者对座师的自称◇泛指学生。最满意的弟子或学生。,dé yì mén shēng,得意门生,dyms,de yi men sheng,de,sheng
《晋书·阮籍传》嗜酒能啸，善弹琴。当其得意，忽忘形骸。”,他把科长看成有天那么大，把他和科长连在一块，他没法不～。★老舍《四世同堂》三十二,形形态。形容高兴得失去了常态。,dé yì wàng xíng,得意忘形,dywx,de yi wang xing,de,xing
《史记·管晏列传》意气扬扬，甚自得也。”,单道台～的答道忙虽忙，然而并不觉得其苦。”★清·李宝嘉《官场现形记》第五十七回,洋洋得意的样子。形容称心如意、沾沾自喜的样子。,dé yì yáng yáng,得意洋洋,dyyy,de yi yang yang,de,yang
曹靖华《哪有闲情话年月》作者仿佛要为我开小型展览会似的，把自己的得意之作都陈列在我面前了。”,无,指自己认为非常满意的作品。,dé yì zhī zuò,得意之作,dyzz,de yi zhi zuo,de,zuo
宋·许月卿《先天集·人邑道中三首》天涵地育王公旦，德备才全范仲淹。”,无,德品德；才才能；备具备。既有好的思想品质，又有工作的才干和能力。,dé cái jiān bèi,德才兼备,dcjb,de cai jian bei,de,bei
《晋书·简文三子传》元显因讽礼官下仪，称已德隆望重，既录百揆，内外群僚皆应尽敬。”,我们家～，呼韩邪单于保护我们、信任我们。★曹禺《王昭君》第三幕,德品德；望声望。道德高尚，名望很大。,dé gāo wàng zhòng,德高望重,dgwz,de gao wang zhong,de,zhong
无,梅兰芳先生不愧是一个德艺双馨的艺术家。,形容一个人的德行和艺术（技艺）都具有良好的声誉。一般指从事艺术的人。,dé yì shuāng xīn,德艺双馨,dysx,de yi shuang xin,de,xin
清·吴趼人《二十年目睹之怪现状》第三十三回（玉生）侧着头想了一会道‘灯红酒绿’好吗？”,少数人过着～，醉生梦死的生活，人民不满。★老舍《鼓书艺人》十九,灯光酒色，红绿相映，令人目眩神迷。形容奢侈糜烂的生活。,dēng hóng jiǔ lǜ,灯红酒绿,dhjl,deng hong jiu lv,deng,lv
明·冯梦龙《喻世明言》卷二十二理宗皇帝游苑，登凤凰山，至夜望见西湖内灯火辉煌，一片光明。”,尤氏等送至大厅前，见～，众小厮都在丹墀侍立。★清·曹雪琴《红楼梦》第七回,形容夜晚灯光明亮的繁华景象。,dēng huǒ huī huáng,灯火辉煌,dhhh,deng huo hui huang,deng,huang
南朝·宋·刘义庆《世说新语·文学》不知便可登峰造极不？然陶练之功，尚不可诬。”,到了清末，梁启超先生的新文体”可算～。★朱自清《经典常谈·文第十三》,登上；峰山顶；造到达；极最高点。比喻学问、技能等达到最高的境界或成就。,dēng fēng zào jí,登峰造极,dfzj,deng feng zao ji,deng,ji
《荀子·劝学》我尝跂高而望矣，不如登高之博见也。”《吕氏春秋·顺说》顺风而呼，声不加疾也，际高而望，目不加明也，所因便也。”,无,登上高处，看得更远。也比喻思想境界高，目光远大。,dēng gāo wàng yuǎn,登高望远,dgwy,deng gao wang yuan,deng,yuan
《论语·先进》由也升堂矣，未入于室也。”,无,堂、室古代宫室，前面是堂，后面是室。登上厅堂，进入内室。比喻学问或技能从浅到深，达到很高的水平。,dēng táng rù shì,登堂入室,dtrs,deng tang ru shi,deng,shi
清·况周颐《惠风词话》托雨露而成润，意境可以稍变，然而乌可等量齐观也。”,后来列国纷纷称王，国王更不算回事，他们至多能和宋、鲁等小国君主～罢了。★朱自清《经典常谈·战国策八》,等同等；量衡量，估量；齐一齐，同样。指对有差别的事物同等看待。,děng liàng qí guān,等量齐观,dlqg,deng liang qi guan,deng,guan
清·曹雪芹《红楼梦》第九十九回我在这衙门内已经三代了，外头也有些体面，家里还过得，就规规矩矩伺候本官升了还能够，不象那些等米下锅的。”,岂但不肯多出钱，照时值估价，还要少几两，分明知道我～，要杀我的巧。★清·吴敬梓《儒林外史》第十六回,等着米来下锅烧饭。比喻生活困难，缺少钱用。,děng mǐ xià guō,等米下锅,dmxg,deng mi xia guo,deng,guo
明·罗贯中《三国演义》第九十五回汝勿以等闲视之，失吾大事。”,但是确实存在着这种典型，而且为数相当地多，为害相当地大，不可～的。★毛泽东《改造我们的学习》,等闲寻常，一般。把它看成平常的事，不预重视。,děng xián shì zhī,等闲视之,dxsz,deng xian shi zhi,deng,zhi
明·罗贯中《三国演义》魏有邓艾，足智多谋，非等闲之辈。”,一看他就知他非～。,等闲寻常，一般。无足轻重的寻常人。,děng xián zhī bèi,等闲之辈,dxzb,deng xian zhi bei,deng,bei
清·吴敬梓《儒林外史》第四十回我常州姓沈的，不是甚么低三下四的人家。”,想当初，我在城里头作艺，不肯～地侍候有势力的人，教人家打了一顿。★老舍《龙须沟》第一幕,形容态度卑贱低下也指工作性质卑贱低下。,dī sān xià sì,低三下四,dsxs,di san xia si,di,si
明·冯梦龙《醒世恒言》卷三更瘦小低声下气，送暖偷寒，逢其所喜，避其所讳。”,宝玉背地里拉着他，～，要问黛玉的话，紫娟从没好话回答。★清·曹雪芹《红楼梦》第一○○回,形容说话和态度卑下恭顺的样子。,dī shēng xià qì,低声下气,dsxq,di sheng xia qi,di,qi
宋·朱熹《朱子语类·易三》又要说得极密处无缝罅，盛水不漏。”,这也是王春宇几年江湖上精细，把这宗事，竟安插的～。★清·李绿园《歧路灯》第二十七回,一滴水也不外漏。形容说话、办事非常细致、周密，无懈可击。也形容钱财全部抓在手里，轻易不肯出手。,dī shuǐ bù lòu,滴水不漏,dsbl,di shui bu lou,di,lou
宋·钱易《南部新书》严冬冱寒，滴水成冰。”,有一节苦处，任你～的天气，少不得向水孔中洗浣污秽衣服，还要憎嫌洗得不洁净，加一场咒骂。★明·冯梦龙《喻世明言》卷二十七,水滴下去就结成冰。形容天气十分寒冷。,dī shuǐ chéng bīng,滴水成冰,dscb,di shui cheng bing,di,bing
宋·罗大经《鹤林玉露》绳锯木断，水滴石穿。”,同学们在日常学习中，应该有～的精神。,水不断下滴，可以闹穿石头。比喻只要有恒心，不断努力，事情一定成功。,dī shuǐ chuān shí,滴水穿石,dscs,di shui chuan shi,di,shi
《晏子春秋·内篇谏下》吾尝从君济于河，鼋衔左骖，以入砥柱之中流。”,无,就象屹立在黄河急流中的砥柱山一样。比喻坚强独立的人能在动荡艰难的环境中起支柱作用。,dǐ zhù zhōng liú,砥柱中流,dzzl,di zhu zhong liu,di,liu
唐·韩愈《平淮西碑》地大物博，蘖牙其间。”,又因江南～，差使很多，大非别省可比。★清·李宝嘉《官场现形记》第二十九回,博丰富。指国家疆土辽阔，资源丰富。,dì dà wù bó,地大物博,ddwb,di da wu bo,di,bo
《汉书·地理志下》习俗颇殊，地广民稀。”,奈缘～，首尾不能救应。★明·施耐庵《水浒全传》第八十三回,地方大，人烟少。,dì guǎng rén xī,地广人稀,dgrx,di guang ren xi,di,xi
《老子》第七章天长地久，天地所以能长且久者，以其不自生，故能长生。”唐·白居易《长恨歌》天长地久有时尽，此恨绵绵无绝期。”,无,时间长，日子久。,dì jiǔ tiān cháng,地久天长,djtc,di jiu tian chang,di,chang
唐·李贺《致酒行》吾闻马周昔作新丰客，天荒地老无人识。”,然而海枯石烂，此恨难消，～，此情不泯！★明·瞿佑《剪灯新话·绿衣人传》,指经历的时间极久。,dì lǎo tiān huāng,地老天荒,dlth,di lao tian huang,di,huang
《左传·哀公十二年》子服景伯谓子财曰‘夫诸侯之会，事既毕矣，侯伯致礼，地主归饩，以相辞也。’”,晚生得蒙青目，一日～也不曾尽得，如何便要去？★清·吴敬梓《儒林外史》第二十二回,地主当地的主人；谊义务。住在本地的人对外地客人的招待义务。,dì zhǔ zhī yì,地主之谊,dzzy,di zhu zhi yi,di,yi
战国·楚·屈原《九章·怀沙》变白以为黑兮，倒上以为下。”,终日终夜，只是躺在烟铺上，公事大小，一概不问，任着幕宾胥使，～。★清·彭养鸥《黑籍冤魂》第七回,把黑的说成白的，白的说成黑的。比喻歪曲事实，混淆是非。,diān dǎo hēi bái,颠倒黑白,ddhb,dian dao hei bai,dian,bai
唐·韩愈《施先生墓铭》古圣人言，其旨密微，笺注纷罗，颠倒是非。”,我们希望这种～的时代快些过去。★毛泽东《论联合政府》,是对；非错。把错的说成对的，对的说成错的。把是非弄颠倒了。,diān dǎo shì fēi,颠倒是非,ddsf,dian dao shi fei,dian,fei
《诗经·大雅·荡》人亦有言，颠沛之揭。”《汉书·薛广德传》窃见关东困极，人民流离。”,我所感到悲哀的，是有几个同我来的学生，至今还找不到学校进，还在～。★鲁迅《而已集·通信》,颠沛跌倒，比喻穷困，受挫折；流离浪落。由于灾荒或战乱而流转离散。形容生活艰难，四处流浪。,diān pèi liú lí,颠沛流离,dpll,dian pei liu li,dian,li
《朱子全书·性理三》既能体之而乐，则亦不患不能守，须如此而言，方是颠扑不破，绝渗漏，无曹耳。”,何况六斤比伊的的曾祖，少了三斤，比伊的父亲七斤，又少了一斤，这真是一条～的实例。★鲁迅《呐喊·风波》,颠跌；扑敲。无论怎样摔打都破不了。比喻理论学说完全正确，不会被驳倒推翻。,diān pū bù pò,颠扑不破,dpbp,dian pu bu po,dian,po
明·许仲琳《封神演义》第四十四回连拜了三四日，就把子牙拜的颠三倒四，坐卧不安。”,奶奶年岁大了，做起事来常常是～的。,三、四表示杂乱。形容说话做事错杂紊乱。,diān sān dǎo sì,颠三倒四,dsds,dian san dao si,dian,si
《晋书·顾恺之传》恺之每画人成，或数年不点目睛。人问其故。答曰‘四体妍蚩，本无阙少于妙处，传神写照，正在阿睹中。’”,无,笔文笔。指文章传神绝妙之处。,diǎn jīng zhī bǐ,点睛之笔,djzb,dian jing zhi bi,dian,bi
汉·刘向《列仙传》许逊，南昌人。晋初为旌阳令，点石化金，以足逋赋。”,无,比喻修改文章时稍稍改动原来的文字，就使它变得很出色。,diǎn shí chéng jīn,点石成金,dscj,dian shi cheng jin,dian,jin
无,他见的点头哈腰的样子，让人看了很不舒服。,比喻虚假的恭敬或过分的客气。,diǎn tóu hā yāo,点头哈腰,dthy,dian tou ha yao,dian,yao
郭小川《痛悼敬爱的周总理》诗我们的总理，回答得最为铿锵有力；不用语言，而用电闪雷鸣般的一生的经历。”,无,闪电飞光，雷声轰鸣。比喻快速有力。也比喻轰轰烈烈。,diàn shǎn léi míng,电闪雷鸣,dslm,dian shan lei ming,dian,ming
《北史·李浑传》雕虫小技，我不如卿；国典朝章，卿不如我。”,这些玩意儿，尽是些～，不过解闷消闲。我讲的是长枪大戟，东荡西驰的本领。★清·文康《儿女英雄传》第十八回,雕雕刻；虫指鸟虫书，古代汉字的一种字体。比喻小技或微不足道的技能。,diāo chóng xiǎo jì,雕虫小技,dcxj,diao chong xiao ji,diao,ji
元·王子一《误入桃源》第二折光闪闪贝阙珠宫，齐臻臻碧瓦朱甍，宽绰绰罗帏绣成栊，郁巍巍画梁雕栋。”,正面五间上房，皆是～，两边穿山游廊厢房，挂着各色鹉画眉等雀儿。★清·曹雪芹《红楼梦》第三回,指有彩绘装饰的十分华丽的房屋。,diāo liáng huà dòng,雕梁画栋,dlhd,diao liang hua dong,diao,dong
无,你不能总是这样吊儿郎当的好不好？,形容仪容不整，作风散漫，态度不严肃或不认真。,diào er láng dāng,吊儿郎当,deld,diao er lang dang,diao,dang
明·施耐庵《水浒全传》第六十七回写书教太师知道，早早调兵遣将，剿除贼寇报仇。”,我闻得海上倭贼利害，自去厮杀不成？只是～，罚罪赏功而已。★明·无名氏《鸣凤记·文华祭海》,调动兵力，派遣将领。泛指调动安排人力。,diào bīng qiǎn jiàng,调兵遣将,dbqj,diao bing qian jiang,diao,jiang
明·许仲琳《封神演义》第八十八回子牙公须是亲自用调虎离山计，一战成功。”,这自然是～之计，邓和武汉派都是不同意的。★郭沫若《海涛集·南昌之一夜》,设法使老虎离开原来的山冈。比喻用计使对方离开原来的地方，以便乘机行事。,diào hǔ lí shān,调虎离山,dhls,diao hu li shan,diao,shan
唐·柳宗元《答韦中立论师道书》故吾每为文章，未尝敢以轻心掉之。”,由于这样，好些人就对于文学作品中另一方面的道理—装饰的美～了。★秦牧《两只青蛙》,掉摆动；轻轻率。对事情采取轻率的漫不经心的态度。,diào yǐ qīng xīn,掉以轻心,dyqx,diao yi qing xin,diao,xin
《汉书·张释之传》夫绛侯、东阳侯称为长者，此两人言事曾不能出口，岂效此啬夫喋喋利口捷给哉！”,廖二嫂还满腹闷气，～。★沙汀《呼嚎》,喋喋形容说话多；体停止。唠唠叨叨，说个没完没了。,dié dié bù xiū,喋喋不休,ddbx,die die bu xiu,die,xiu
北齐·颜之推《颜氏家训·序致》魏晋已来，所著诸子，理重事複，递相模学，犹屋下架屋，床上施床耳。”,说话写文章应力求简明扼要，切忌～，使人不得要领。,床上搁床，屋上架屋。比喻重复、累赘。,dié chuáng jià wū,叠床架屋,dcjw,die chuang jia wu,die,wu
清·俞万春《荡寇志》第一百十四回又添一个青年女子，顶礼膜拜，行状举止，仿佛慧娘。”,这句话传扬开去，一时哄动了吉州百姓，扶老携幼，都来～。★清·吴趼人《痛史》第二十回,顶礼佛教拜佛时的最敬礼，人跪下，两手伏地，以头顶着受礼人的脚；膜拜佛教徒的另一种敬礼，两手加额，跪下叩头。虔诚地跪拜。,dǐng lǐ mó bài,顶礼膜拜,dlmb,ding li mo bai,ding,bai
宋·释普济《五灯会元》卷五十六汝等诸人，个个顶天立地。”元·纪君祥《赵氏孤儿》第一折我韩厥是一个顶天立地的男儿。”,先生是楚国的栋梁，是～的柱石。★郭沫若《屈原》第三幕,头顶云天，脚踏大地。形容形象高大，气慨豪迈。,dǐng tiān lì dì,顶天立地,dtld,ding tian li di,ding,di
清·李宝嘉《官场现形记》第二十四回你一到京打听人家，像他这样大名鼎鼎，还怕有不晓得的。”,为我们讲经学的一位～的成都名士只拿着一本《左传事纬》照本宣科。★郭沫若《少年时代·反正前后》,形容名气很大。,dǐng dǐng dà míng,鼎鼎大名,dddm,ding ding da ming,ding,ming
宋·陆游《岁晚书怀》残岁堂堂去，新春鼎鼎来。”,走在最后的两个穿布长衫的老头子，是～的委员呢。★叶圣陶《某镇纪事》,鼎鼎盛大的样子。非常有名。,dǐng dǐng yǒu míng,鼎鼎有名,ddym,ding ding you ming,ding,ming
元·无名氏《连环计》第三折枉了你扬威耀武，尽忠歆节，定国安邦，偏容他鸱鸮弄舌，乌鸦展翅，强配鸾凤。”,无,邦国家。治理和保卫国家，使国家安定稳固。,dìng guó ān bāng,定国安邦,dgab,ding guo an bang,ding,bang
《孟子·梁惠王上》填然鼓之，兵刃既接，弃甲曳兵而走，或百步而后止，或五十步而后止。”,无,盔、甲头盔和铠甲。跑得连盔甲都丢了。形容打败仗后逃跑的狼狈相。,diū kuī qì jiǎ,丢盔弃甲,dkqj,diu kui qi jia,diu,jia
杨朔《春子姑娘》你看我弄的婆家婆家不要，娘家娘家讨厌，丢人现眼的，哪有脸见她！”,无,丢脸，出丑。,diū rén xiàn yǎn,丢人现眼,drxy,diu ren xian yan,diu,yan
清·曹雪芹《红楼梦》第六十七回咱们家没人，俗语说的‘夯雀儿先飞’，省的临时丢三落四的不齐全，令人笑话。”,无,形容做事马虎粗心，不是丢了这个，就是忘了那个。,diū sān là sì,丢三落四,dsls,diu san la si,diu,si
京剧《龙江颂》第一场为了堵江救旱，我们是会损失一些，这照我们下棋的说法，就叫做‘丢卒保车’。”,无,原是象棋术语◇比喻丢掉次要的，保住主要的。,diū zú bǎo jū,丢卒保车,dzbj,diu zu bao ju,diu,ju
元·魏初《沁园春·留别张周卿韵》甚年来行役，交情契阔，东奔西走，水送山迎。”,憔其为退头货，所以在山东河南～。★清·李绿园《歧路灯》第七十九回,到处奔波。多指为生活所迫或为某一目的四处奔走活动。,dōng bēn xī pǎo,东奔西跑,dbxp,dong ben xi pao,dong,pao
元·魏初《沁园春·留别张周卿韵》甚年来行役，交情契阔，东奔西走，水送山迎。”,强如在中国～，受尽腌舎的气。★清·陈忱《水浒后传》第三十回,到处奔波。多指为生活所迫或为某一目的四处奔走活动。,dōng bēn xī zǒu,东奔西走,dbxz,dong ben xi zou,dong,zou
元·孔文卿《东窗事犯》第二折吾乃地藏神，化为呆行者，在灵隐寺中，泄漏秦太师东窗事犯。”明·田汝成《西湖游览志馀·佞倖盘荒》可烦传语夫人，东窗事发矣。”,我早间见那做娘的打庆奴，晚间押番归却，打发我出门，莫是～”？★明·冯梦龙《警世通言》卷二十,比喻阴谋已败露。,dōng chuāng shì fā,东窗事发,dcsf,dong chuang shi fa,dong,fa
元·曾瑞卿《留鞋记》第二折哎，却原来醉醺醺东倒西歪。”,子期使侍卫阻之。熊宜僚用手一拉，侍卫～，二人径入殿中。★明·冯梦龙《东周列国志》第八十三回,指行走不稳，身不由主。也形容物体倾斜不正。,dōng dǎo xī wāi,东倒西歪,ddxw,dong dao xi wai,dong,wai
明·无名氏《伐晋兴齐》第四折杀的他军兵胆碎魂先丧，一个个哭啼啼东躲西藏，枪刀剑戟都潎样。”,凤仙拽开弹弓，连珠打出，打得喽啰～。★清·石昆玉《三侠五义》第九十八回,形容为了逃避灾祸而到处躲藏。,dōng duǒ xī cáng,东躲西藏,ddxc,dong duo xi cang,dong,cang
清·曹雪芹《红楼梦》第八十二回更有一种可笑的，肚子里原没有什么，东拉西扯，弄的牛鬼蛇神，还自以为博奥。”,倘在学校，谁都可以直冲而入，并无可谈，而～，坐着不走，殊讨厌也。（鲁迅《两地书·九三》）,一会儿说东，一会儿说西。指说话条理斋乱，没有中心。,dōng lā xī chě,东拉西扯,dlxc,dong la xi che,dong,che
明·凌濛初《初刻拍案惊奇》第13卷过了两月，又近吉日，却又欠迎亲之费，六老只得东挪西凑，寻了几件衣饰之类，往典铺中解了几十两银子，却也不够使用。”,不过这样头痛医头，～，总不是办法。★茅盾《子夜》,指各处挪借，凑集款项。,dōng nuó xī còu,东挪西凑,dnxc,dong nuo xi cou,dong,cou
清·李宝嘉《官场现形记》第26回来京引见的人，有几个腰里常常带着几十万银子？不过也是东挪西借，得了缺再去还人家。”,无,指到处挪借款项。,dōng nuó xī jiè,东挪西借,dnxj,dong nuo xi jie,dong,jie
清·曹雪芹《红楼梦》第八回因是儿子的终身大事所关，说不得东拼西凑，恭恭敬敬封了二十四两贽见礼，带了秦钟到代儒家来拜见。”,当他在半路上，早已～，凑得三千银子，专为监中打点之用。★清·李宝嘉《官场现形记》第二十八回,比喻零乱地加以拼凑。,dōng pīn xī còu,东拼西凑,dpxc,dong pin xi cou,dong,cou
《晋书·谢安传》隐居会稽东山，年逾四十复出为桓温司马，累迁中书、司徒等要职，晋室赖以转危为安。”,回到家乡，先图个骨肉团聚，一面藏器待时，或者圣恩高厚，想起来还有～之日，也未可知。★清·文康《儿女英雄传》第三十九回,指再度出任要职。也比喻失势之后又重新得势。,dōng shān zài qǐ,东山再起,dszq,dong shan zai qi,dong,qi
《庄子·天运》故西施病心而矉其里，其里之丑人见而美之，归亦捧心而矉其里。其里之富人见之，坚闭门而不出；贫人见之，絜妻子而去之走。”,若真也葬花，可谓～”了，不但不为新奇，而且更是可厌。★清·曹雪芹《红楼梦》第三十回,效仿效；颦皱眉头。比喻胡乱模仿，效果极坏。,dōng shī xiào pín,东施效颦,dsxp,dong shi xiao pin,dong,pin
《左传·襄公二十九年》东西南北，谁敢安处。”《礼记·檀弓上》今丘（孔子）也，东西南北之人也。”,后以奔走四方，～，驰驱少暇。★清·黄遵宪《人境庐诗草自序》,指四方、到处、各地、普天下或方向；亦指到处飘泊，行踪不定。,dōng xī nán běi,东西南北,dxnb,dong xi nan bei,dong,bei
明·冯梦龙《古今小说》卷一三巧儿只为信了卖卦先生之语，一心只想丈夫回来，从此时常走向前楼，在帘内东张西望。”,见范进抱着鸡，手里插个草标，一步一踱的，～，在那里寻人买。★清·吴敬梓《儒林外史》第三回,张看。形容这里那里地到处看。,dōng zhāng xī wàng,东张西望,dzxw,dong zhang xi wang,dong,wang
欧阳山《三家巷》第十八章他和陈文婷谈起，两人都觉得纵然社会上动荡不安，革命的前途还是光明的，乐观的。”,无,荡摇动。动荡亿，不安定。形容局势不稳定，不平静。,dòng dàng bù ān,动荡不安,ddba,dong dang bu an,dong,an
陶菊隐《北洋军阀统治时期史话》第77章粤系军队又侵入湘南，两湖局势也在动荡不定中。”,在～的岁月里，他始终保持这个良好习惯。,荡摇动。动荡亿，不安定。形容局势不稳定，不平静。,dòng dàng bù dìng,动荡不定,ddbd,dong dang bu ding,dong,ding
清·吴敬梓《儒林外史》第二十四回那秦淮到了有月色的时候，越是夜色已深，更有那细吹细唱的船来，凄清委婉，动人心魄。”,无,魄迷信者指依附人形体而存在的精神。形容使人感动或令人震惊。,dòng rén xīn pò,动人心魄,drxp,dong ren xin po,dong,po
魏巍《依依惜别的深情》这些动人心弦的赠礼，使得另一些战士们难熬了。”,无,把心比作琴，拨动了心中的琴弦。形容事物激动人心。,dòng rén xīn xián,动人心弦,drxx,dong ren xin xian,dong,xian
唐·韩愈《进学解》跋前踬后，动辄得咎。”,小厮因～，只得说道请问主人前引也不好，后随也不好，并行也不好，究竟怎样才好呢？”★清·李汝珍《镜花缘》第七十八回,辄即；咎过失，罪责。动不动就受到指摘或责难。,dòng zhé dé jiù,动辄得咎,dzdj,dong zhe de jiu,dong,jiu
无,无,用感情来打动他的心。,dòng zhī yǐ qíng,动之以情,dzyq,dong zhi yi qing,dong,qing
无,每个青年都应该努力向上，刻苦学习，使自己成为国家的～。,比喻能担当大事的人才。,dòng liáng zhī cái,栋梁之才,dlzc,dong liang zhi cai,dong,cai
《尚书·盘庚上》予若观火。”,否则怎样，他却没有说。但这是～”的，否则，就不给。★鲁迅《华盖集续编·记发薪”》,洞透彻。形容观察事物非常清楚，好象看火一样。,dòng ruò guān huǒ,洞若观火,drgh,dong ruo guan huo,dong,huo
毛泽东《介绍一个合作社》从来也没有看见人民群众象现在这样精神振奋，斗志昂扬，意气风发。”,无,昂扬情绪高涨。斗争的意志旺盛。,dòu zhì áng yáng,斗志昂扬,dzay,dou zhi ang yang,dou,yang
元·马致远《陈抟高卧》第三折直睡的陵迁谷变，石烂松枯，斗转星移。”,直吃的昏惨惨更阑夜深，直熬的明皎皎～。★明·无名氏《锁白猿》第一折,星斗变动位置。指季节或时间的变化。,dǒu zhuǎn xīng yí,斗转星移,dzxy,dou zhuan xing yi,dou,yi
宋·释道原《景德传灯录·杭州光庆寺遇安禅师》（僧）问‘光吞万象从师道，心月孤圆意若何？’师曰‘抖擞精神着。’”,飞～，酣战吕布。连斗五十余合，不分胜负。★明·罗贯中《三国演义》第五回,振作起精神。,dǒu sǒu jīng shén,抖擞精神,dsjs,dou sou jing shen,dou,shen
唐·杜牧《赠别》诗娉娉袅袅十三余，豆蔻梢头二月初。”,一遇到女人，可就要发挥才藻了，不是徐娘半老，风韵犹存”，就是～，玲珑可爱”。★鲁迅《且介亭杂文二集·论人言可畏》,豆蒮多年生草本植物，比喻处女。指女子十三四岁时。,dòu kòu nián huá,豆蔻年华,dknh,dou kou nian hua,dou,hua
明·冯梦龙《古今小说·临安里钱婆留发迹》钱王生于乱世，独霸一方，做了十四州之主。”,无,霸占一个地方（多指坏人）。,dú bà yī fāng,独霸一方,dbyf,du ba yi fang,du,fang
清·叶燮《原诗·外篇上》抹倒体裁，声调、气象、格力诸说，独辟蹊径。”,无,自己开辟一条路。比喻独创一种风格或新的方法。,dú pì xī jìng,独辟蹊径,dpxj,du pi xi jing,du,jing
《后汉书·戴良传》独步天下，谁与为偶！”,我若仲尼长东鲁，大禹出西羌，～，无与为偶。★明·李贽《初潭集·师友七》,独步独一无二，特别突出。超群出众，无人可比。,dú bù tiān xià,独步天下,dbtx,du bu tian xia,du,xia
《史记·留侯世家》而汉王之将，独韩信可属大事，当一面。”,将来可以～，只嫌功名心重些。★清·曾朴《孽海花》第四回,单独负责一个方面的工作。,dú dāng yī miàn,独当一面,ddym,du dang yi mian,du,mian
清·况周颐《惠风词话》第二卷往往独到之处，能以中锋达意，以中声赴节。”,无,指与众不同的特殊的地方或见解‖褒意。,dú dào zhī chù,独到之处,ddzc,du dao zhi chu,du,chu
草明《乘风破浪》九她好像完全看不见他的显著的成绩，而成天提醒他不要骄傲，不要独断专行。”,他平时不讲民主，做事情常常是～。,行事专断，不考虑别人的意见。形容作风不民主。,dú duàn zhuān xíng,独断专行,ddzx,du duan zhuan xing,du,xing
《诗刊》1978年第3期诗味的浓淡，与比兴之运用关系非常密切。李贺的诗歌在这方面是独具匠心的。”,他的这种设计真是独具匠心。,匠心巧妙的心思。具有独到的灵巧的心思。指在技巧和艺术方面的创造性。,dú jù jiàng xīn,独具匠心,djjx,du ju jiang xin,du,xin
明·李贽《何心隐论》公独来独往，自我无前者也。”,古怪，～，爱抬杠，你说东来他偏西。★柳青《狠透铁》,独身往来，不与人为伍。比喻事事不与人相同。,dú lái dú wǎng,独来独往,dldw,du lai du wang,du,wang
无,无,揽把持。一个人把持着权力，独断专行。,dú lǎn dà quán,独揽大权,dldq,du lan da quan,du,quan
毛泽东《中国革命战争的战略问题》无论处于怎样复杂、严重、惨苦和环境，军事指导者首先需要的是～地组织和使用自己的力量。”,无,多指国家或政党维护主权，不受别人的控制或支配。,dú lì zì zhǔ,独立自主,dlzz,du li zi zhu,du,zhu
隋·王通《文中子·事君》大厦将颠，非一木所支也。”,屡欲思报此恨，为～，不能向前；今此来特假将军之兵，上为朝廷立功，下以报天伦私怨。★明·许仲琳《封神演义》第九十三回,一根木头支不住高大的房子。比喻一个人的力量单薄，维持不住全局。,dú mù nán zhī,独木难支,dmnz,du mu nan zhi,du,zhi
《孟子·尽心上》穷则独善其身，达则兼善天下。”,～尽日安，何须千古名不朽。（明·罗贯中《三国演义》第三十七回）,独唯独；善好，维护。原意是做不上官就修养好自身。现指只顾自己，不管别人。,dú shàn qí shēn,独善其身,dsqs,du shan qi shen,du,shen
清·袁枚《随园诗话》卷三元、白在唐朝所以能独树一帜者，正为其不袭盛唐窠臼也。”,苏轼也擅长书法，他取法颜真卿，但能～，与蔡襄、黄庭坚、米芾并称宋代四大家。,树立；帜旗帜。单独树起一面旗帜。比喻独特新奇，自成一家。,dú shù yī zhì,独树一帜,dsyz,du shu yi zhi,du,zhi
宋·延寿辑《宗镜录》卷三十一独一无二，即真解脱。”,赢了钱，便大把的赏人；输了钱，无论上千上万，从不兴皱眉头真要算得～的好赌品了。★清·李宝嘉《官场现形记》第二十一回,没有相同的或没有可以相比的。,dú yī wú èr,独一无二,dywe,du yi wu er,du,er
元·无名氏《陈州粜米》楔子殿前曾献升平策，独占鳌头第一名。”,一战胜群贤，～高选。★明·谢谠《四喜记·乡荐荣欢》,鳌头宫殿门前台阶上的鳌鱼浮雕，科举进士发榜时状元站此迎榜。科举时代指点状元。比喻占首位或第一名。,dú zhàn áo tóu,独占鳌头,dzat,du zhan ao tou,du,tou
温靖邦《将星在狼烟中升起》陈书农他们赌咒发誓，声明自己决无二心。”,无,庄严地说出表示决心的话或对某事提出保证。,dǔ zhòu fā shì,赌咒发誓,dzfs,du zhou fa shi,du,shi
唐·裴铏《传奇·颜睿》贵妃赠辟（避）尘犀簪一枚，曰‘异日睹物思人。’”,俗语说～”，天下的水总归一源，不拘那里的水舀一碗，看着哭去，也就尽情了。★清·曹雪芹《红楼梦》第四十四回,睹看；思思念。看见死去或离别的人留下的东西就想起了这个人。,dǔ wù sī rén,睹物思人,dwsr,du wu si ren,du,ren
宋·柳永《戚氏》孤馆度日如年。”,感承众头领好意相留，只是小可～，今日告辞。★明·施耐庵《水浒全传》第六十二回,过一天象过一年那样长。形容日子很不好过。,dù rì rú nián,度日如年,drrn,du ri ru nian,du,nian
战国·楚·屈原《九歌·国殇》车错毂兮短兵接。”,但恐怕也有时会逼到非～不可的，这时候，没有法子，就～。★鲁迅《两地书·二》,短兵刀剑等短兵器；接交战。指近距离搏斗。比喻面对面地进行激烈的斗争。,duǎn bīng xiāng jiē,短兵相接,dbxj,duan bing xiang jie,duan,jie
《史记·游侠列传》解为人短小精悍。”,一位～的人来了。一眼看去便知道他是广东人，哨兵向他敬礼，称呼他是排长。★郭沫若《涂家埠》,形容人身躯短小，精明强悍。也形容文章或发言简短而有力。,duǎn xiǎo jīng hàn,短小精悍,dxjh,duan xiao jing han,duan,han
清·吴趼人《二十年目睹之怪现状》第一百八回走到也是园滨文述农门首，抬头一看，只见断壁颓垣，荒凉满目，看那光景是被火烧的。”,无,残垣倒了的短墙。残存和坍塌了的墙壁。形容残败的景象。,duàn bì cán yuán,断壁残垣,dbcy,duan bi can yuan,duan,yuan
老舍《鼓书艺人》九一片焦土和断垣残壁。一股股浓烟，火舌直往天上冒。”,无,形容房屋倒塌残破的景象。,duàn yuán cán bì,断垣残壁,dycb,duan yuan can bi,duan,bi
《左传·襄公二十八年》赋诗断章，余取所求焉。”,宋人攻击王介甫，说他将明妃写成一个不忠君不爱国的人，其实是～，故入人罪。★朱自清《清华的一日》,断截断；章音乐一曲为一章。指不顾全篇文章或谈话的内容，孤立地取其中的一段或一句的意思。指引用与原意不符。,duàn zhāng qǔ yì,断章取义,dzqy,duan zhang qu yi,duan,yi
明·柯丹丘《荆钗记·执柯》你再不娶亲，我只愁你断子绝孙谁拜坟。”,无,没有儿子，也没有孙子。指没有后代。,duàn zǐ jué sūn,断子绝孙,dzjs,duan zi jue sun,duan,sun
宋·孟元老《东京梦华录·外诸司》每遇冬月，诸乡纳粟秆草，牛车阗塞道路，车尾相衔，数千万辆不绝，场内堆积如山。”,福王仓中的粮食～，朽得不能再吃。★姚雪垠《李自成》第二卷第五十一章,聚集成堆，如同小山。形容极多。,duī jī rú shān,堆积如山,djrs,dui ji ru shan,dui,shan
《史记·李将军列传》大将军使长史急责广之幕府对簿。”,无,簿文状、起诉书之类；对簿受审问；公堂旧指官吏审理案件的地方。在法庭上受审问。,duì bù gōng táng,对簿公堂,dbgt,dui bu gong tang,dui,tang
《北史·李孝伯传》风容闲雅，应答如流。”,众人见孔明～，尽皆失色。★明·罗贯中《三国演义》第四十三回,对答回答。回答问话象流水一样快。形容口才好，反应快。,duì dá rú liú,对答如流,ddrl,dui da ru liu,dui,liu
汉·曹操《短歌行》对酒当歌，人生几何？”,尽都是把手为话，～，郑州浪汉委实多。★元·杨显之《酷寒亭》第三折,对着酒应该放声高唱。原意是人生时间有限，应该有所作为◇也用来指及时行乐。,duì jiǔ dāng gē,对酒当歌,djdg,dui jiu dang ge,dui,ge
汉·牟融《理惑论》公明仪为牛弹清角之操，伏食如枚。非牛不闻，不合其耳矣。”,～，牛不入耳，骂得很好，咱们一总再算账！★清·李当珍《镜花缘》第九十回,讥笑听话的人不懂对方说得是什么。用以讥笑说话的人不看对象。,duì niú tán qín,对牛弹琴,dntq,dui niu tan qin,dui,qin
《三国志·魏志·华陀传》府吏倪寻、李延共止，俱头痛身热，所苦正同。佗曰‘寻当下之，延当发汗。’或难其异，佗曰‘寻外实，延内实，故治之宜殊。’即各与药，明旦并起。”,他也许要借这原始的集体的力给后代的散漫和萎靡来个～吧。★朱自清《闻一多先生怎样走着中国文学的道路》,针对病症用药。比喻针对事物的问题所在，采取有效的措施。,duì zhèng xià yào,对症下药,dzxy,dui zheng xia yao,dui,yao
无,贫农把地主富农的谷米阻止出境，并禁止高抬谷价和～。（毛泽东《湖南农民运动考察报告》）,囤、居积聚；奇稀少的物品。把稀少的货物储藏起来。指商人囤积大量商品，等待高价出卖，牟取暴利。,tún jī jū qí,囤积居奇,tjjq,tun ji ju qi,tun,qi
《尚书·金滕》予仁若考，能多才多艺。”,那字刻得细入毫芒，却又波磔分明，不觉叹道此公真是～！”★清·吴趼人《二十目睹之怪现状》第四十三回,具有多方面的才能和技艺。,duō cái duō yì,多才多艺,dcdy,duo cai duo yi,duo,yi
唐·陆龟蒙《自遣诗三十首》多情善感自难忘，只有风流共古长。”,过去，我～，看什么都没有意思；父母对我不好，引起我对世界上一切都憎恨。★杨沫《青春之歌》第二部第一章,善容易。经常发愁和伤感。形容人思想空虚，感情脆弱。,duō chóu shàn gǎn,多愁善感,dcsg,duo chou shan gan,duo,gan
清·李绿园《歧路灯》第四回寅兄盛情，多此一举。”,问起北京人来，只知道《三侠五义》，而南方人却只见有曲园老人的改本，此老实在可谓～。★《鲁迅书信集·致胡适》,举行动。指多余的，没有必要的举动。,duō cǐ yī jǔ,多此一举,dcyj,duo ci yi ju,duo,ju
《史记·淮阴侯列传》臣多多益善耳。”,这位公子却有钱癖，思量～，要学我这烧争之法。★清·吴敬梓《儒林外史》第十五回,益更加。越多越好。,duō duō yì shàn,多多益善,ddys,duo duo yi shan,duo,shan
清·石玉昆《三侠五义》第四十四回你这人好生无礼。谁叫你多管闲事？”,他先骂周炳不安分守己，又骂周炳爱～。★欧阳山《苦斗》三二,没有必要而插手管别人的事。,duō guǎn xián shì,多管闲事,dgxs,duo guan xian shi,duo,shi
无,无,数量多，速度快，质量好，成本省。,duō kuài hǎo shěng,多快好省,dkhs,duo kuai hao sheng,duo,sheng
《左传·昭公四年》邻国之难，不可虞也。或多难以固其国，启其疆土；或无难以丧其国，失其守宇。”,现在这样的局面，我们是有办法对付的，要迎接困难，～”。★《周恩来选集》下卷,邦国家。国家多灾多难，在一定条件下可以激励人民奋发图强，战胜困难，使国家强盛起来。,duō nàn xīng bāng,多难兴邦,dnxb,duo nan xing bang,duo,bang
《北史·文苑列传序》学者如牛毛，成者如麟角。”,老百姓痛恨官府催粮催捐，苛捐杂派～，逼得老百姓活不下去。★姚雪垠《李自成》第二卷第二十八章,象牛身上的的毛那样多。形容极多。,duō rú niú máo,多如牛毛,drnm,duo ru niu mao,duo,mao
宋·孙光宪《北梦琐言》卷十二所以多事之秋，灭迹匿端，无为绿林之嚆矢也。”,现在国家正当～，那王公大臣只是恐怕耽处分，多一事不如少一事，弄得百事俱废，将来又是怎样个了局？★《老残游记》第十二回,多事事故或事变多；秋时期。事故或事变很多的时期。,duō shì zhī qiū,多事之秋,dszq,duo shi zhi qiu,duo,qiu
郭沫若《伟大的爱国诗人——屈原》他很知道民间的疾苦，看到人民生活的多灾多难，他经常叹息而至于流眼泪。”,他这个人～，值得同情。,指灾难深重。,duō zāi duō nàn,多灾多难,dzdn,duo zai duo nan,duo,
晋·卫铄《与释某书》卫有一弟子王逸少，甚能学卫真书，咄咄逼人。”,书中攻击杨朱、墨翟两派，辞锋～。★朱自清《经典常谈·四书第七》,咄咄使人惊奇的声音。形容气势汹汹，盛气凌人，使人难堪。也指形势发展迅速，给人压力。,duō duō bī rén,咄咄逼人,ddbr,duo duo bi ren,duo,ren
南朝·宋·刘义庆《世说新语·黜免》殷中军（殷浩）被废在信安，终日恒书空作字，扬州吏民寻义逐之，窃视，唯作‘咄咄怪事’四字而已。”,噫！一小说之微，而竟有如斯之法律，以圭臬于著述界之前途，亦～，～。★清·陶曾佑《论小说之势力及其影响》,表示吃惊的声音。形容不合常理，难以理解的怪事。,duō duō guài shì,咄咄怪事,ddgs,duo duo guai shi,duo,shi
茅盾《霜叶红似二月花》五那忍住了半天的酸泪夺眶而出，再也止不住了。”,无,眶眼眶。眼泪一下子从眼眶中涌出。形容人因极度悲伤或极度欢喜而落泪。,duó kuàng ér chū,夺眶而出,dkec,duo kuang er chu,duo,chu
无,轻轻拨开门闩，拿在手中，预备当作兵器，可以～。（清·李嘉宝《官场现形记》第三十一回）,夺门破门，奋力冲开门。猛然奋力冲开门出去。形容迫不及待。,duó mén ér chū,夺门而出,dmec,duo men er chu,duo,chu
清·李汝珍《镜花缘》第十九回三人于是躲躲闪闪，联步而行。一面走著，看那国人都是端方大雅；再看自己，只觉无穷丑态。”,这一点事，也值得你～老半天总不肯说。★茅盾《霜叶红似二月花》六,躲避闪开，以免遇到某些情况。亦形容遮遮盖盖，支支吾吾，不坦率，不直爽。,duǒ duǒ shǎn shǎn,躲躲闪闪,ddss,duo duo shan shan,duo,shan
古乐府《孔雀东南飞》四角龙幡，婀娜多姿随风传。”,无,形容姿态柔和而美好。,ē nuó duō zī,婀娜多姿,endz,e nuo duo zi,e,zi
晋·王隐《晋书·刘锟传》臣所以泣血宵呤扼腕长叹者也。”,他这么快就离开了，真令人～。,扼握住，抓住。握着手腕发出叹息的声音。形容十分激动地发出长叹的情态。,è wǎn tàn xī,扼腕叹息,ewtx,e wan tan xi,e,xi
无,无,许多坏事互为因果，循环不已，越来越坏。,è xìng xún huán,恶性循环,exxh,e xing xun huan,e,huan
宋·释普济《五灯会元》利刀割肉疮犹合，恶语伤人恨不销。”,他只会一味地～别人。,出自恶毒用心去诽谤诬陷伤害别人，中伤说坏话攻击陷害别人。,è yì zhòng shāng,恶意中伤,eyzs,e yi zhong shang,e,shang
南朝·梁·萧衍《新酒肉文》行十恶者，受于恶报；行十善者，受于善报。”,常言道善有善报，～，不是不报，时辰未到。,做坏事的人会得到不好的报应。指因办坏事而自食其果。,è yǒu è bào,恶有恶报,eyeb,e you e bao,e,bao
冯玉祥《我的生活》第十六章日常士兵偶有不是，动辄恶语相加，痛施体罚。”,无,把恶毒的语言加到别人身上。,è yǔ xiāng jiā,恶语相加,eyxj,e yu xiang jia,e,jia
明·吴承恩《西游记》第三十回我若一口说出，他就把公主杀了，此却不是恩将仇报？”,亏这官人救了性命，今反～，天理何在！★明·冯梦龙《醒世恒言》卷三十,拿仇恨回报所受的恩惠。指忘恩负义。,ēn jiāng chóu bào,恩将仇报,ejcb,en jiang chou bao,en,bao
宋·陆游《删定官供职谢启》拔茅以征，冒处清流之末；及瓜雨往，曾无累月之淹。恩重如山，感深至骨。”,神僧～，寡人酬谢不尽。★明·吴承恩《西游记》第六十九回,恩情深厚，像山一样深重。,ēn zhòng rú shān,恩重如山,ezrs,en zhong ru shan,en,shan
《论语·为政》吾十有五而志于学，三十而立，四十而不惑。”,无,人到三十岁可以自立的年龄◇为三十岁的代称。,ér lì zhī nián,而立之年,elzn,er li zhi nian,er,nian
《左传·宣公十五年》我无尔诈，尔无我虞。”,国内，南方各会党首领之间，也是互相猜忌，勾心斗角，～，售价烦恼。（任光春《戊戌喋血记》第十七章）,尔你；虞、诈欺骗。表示彼此互相欺骗。,ěr yú wǒ zhà,尔虞我诈,eywz,er yu wo zha,er,zha
清·曹雪芹《红楼梦》第72回 咱们从小耳鬓厮磨，你不曾拿我当外人待，我也不敢怠慢了你。”,自此～，亲同形影。★清·沈复《浮生六记·闺房记乐》,鬓鬓发；厮互相；磨擦。耳与鬓发互相摩擦。形容相处亲密。,ěr bìn sī mó,耳鬓厮磨,ebsm,er bin si mo,er,mo
《周易·鼎》巽而，耳目聪明，柔进而上行。”,此时服了朱草，只觉～，谁知回想幼年所读经书，不但丝毫不忘，就是平时所作诗文，也都如在目前。★清·李汝珍《镜花缘》第九回,聪听觉灵敏；明眼力敏锐。听得清楚，看得明白。形容头脑清楚，眼光敏锐。,ěr cōng mù míng,耳聪目明,ecmm,er cong mu ming,er,ming
唐·白居易《修香山寺记》关塞之气色，龙潭之景象，香山之泉石，石楼之风月，与往来者耳目一时而新。”,如今一上船，便觉得另是一番风味，～。★清·文康《儿女英雄传》第二十二回,耳目指见闻。听到的、看到的跟以前完全不同，使人感到新鲜。,ěr mù yī xīn,耳目一新,emyx,er mu yi xin,er,xin
唐·韩愈《清河郡公房公墓碣铭》目濡耳染，不学以能。”,她完全没有读过书，但她单凭～，也认得一些字，而且能够暗诵得好些唐诗。★郭沫若《少年时代·我的童年》,濡沾湿；染沾染。耳朵经常听到，眼睛经常看到，不知不觉地受到影响。,ěr rǔ mù rǎn,耳濡目染,ermr,er ru mu ran,er,ran
宋·欧阳修《泷冈阡表》吾耳熟焉，故能详也。”,无,指听得多了，能够说得很清楚、很详细。,ěr shú néng xiáng,耳熟能详,esnx,er shu neng xiang,er,xiang
先秦·孔子《论语·为政》吾十有五而志于学，三十而立，四十而不惑，五十而知天命，六十而耳顺，七十而从心所欲。”,至乎～，履折冲之位，号至将军。★东汉·班固《汉书·萧望之传》,六十岁时听别人言语便可判断是非真假。指60岁的代称。,ér shùn zhī nián,耳顺之年,eszn,er shun zhi nian,er,nian
《诗经·大雅·抑》匪面命之，言提其耳。”,有一种文字，即有一种文字之法脉准绳，载之于书者，不异～。★清·李渔《曲话·结构》,不仅是当面告诉他，而且是提着他的耳朵向他讲。形容长辈教导热心恳切。,ěr tí miàn mìng,耳提面命,etmm,er ti mian ming,er,ming
清·钱彩《说岳全传》第十六回为将之道，须要眼观四处，耳听八方。”,无,耳朵同时察听各方面来的声音。形容人很机警。,ěr tīng bā fāng,耳听八方,etbf,er ting ba fang,er,fang
《资治通鉴·唐纪睿宗景云二年》口说不如身逢，耳闻不如目睹。”,我从乡下跑京城里，一转眼已经六年了，其间～的所谓国家大事，算起来也很不少。★鲁迅《呐喊·一件小事》,闻听见；睹看见。亲耳听到，亲眼看见。,ěr wén mù dǔ,耳闻目睹,ewmd,er wen mu du,er,du
老舍《四世同堂》九八‘日本鬼子完蛋了，投降了，’方六低声回答。丁约翰象在教堂里说‘阿门’那样，把眼睛闭了一闭。二话不说，回头就跑。”,来到岸边，～，驾起船，直奔河心。★《为了六十一个阶级弟兄》,不说任何别的话。指立即行动。,èr huà bù shuō,二话不说,ehbs,er hua bu shuo,er,shuo
清·曹雪芹《红楼梦》第三回头上戴着束发嵌宝紫金冠，齐眉勒着二龙戏珠金抹额。”,无,两条龙相对，戏玩着一颗宝珠。,èr lóng xì zhū,二龙戏珠,elxz,er long xi zhu,er,zhu
魏巍《东方》第六部第五章只要努力，每个人都有发财致富的机会。”,无,因获得大量财物而富裕起来。,fā cái zhì fù,发财致富,fczf,fa cai zhi fu,fa,fu
老舍《鼓书艺人》十七你越是发愤图强，遇到的困难就越多。你得下决心克服一切困难，否则就一事无成。”,无,发愤决心努力；图谋求。决心奋斗，努力谋求强盛。,fā fèn tú qiáng,发愤图强,fftq,fa fen tu qiang,fa,qiang
《尚书·冏命》发号施令，罔有不藏。”《淮南子·本经训》发号施令，天下莫不从风。”,我们历来主张革命要依靠人民群众，大家动手，反对只依靠少数人～。★《毛泽东选集·对晋绥日报编辑人员的谈话》,号号令；施发布。发布命令。现在也用来形容指挥别人。,fā hào shī lìng,发号施令,fhsl,fa hao shi ling,fa,ling
魏巍《东方》第三部第一章这个村子里的‘大能人’，更关心的却是个人的发家致富。”,无,发展家业，使家庭变得富裕起来。,fā jiā zhì fù,发家致富,fjzf,fa jia zhi fu,fa,fu
唐·杜甫《游龙门奉先寺》诗欲觉闻晨钟，令人发深省。”,以当清夜闻钟，～。（《虞初新志·金忠洁公传评》）,发启发；省醒悟。启发人深刻思考，有所醒悟。,fā rén shēn xǐng,发人深省,frsx,fa ren shen xing,fa,xing
唐·刘禹锡《柳花词三进首（其二）》轻飞不假风，轻落不委地。撩乱舞晴空，发人无限思。”,无,深无限，没有穷尽。启发人深入地思考。形容语言或文章有深刻的含意，耐人寻味。,fā rén shēn sī,发人深思,frss,fa ren shen si,fa,si
《周易·坤》坤厚载物，德合无疆，含弘光大，品物咸享。”,最合理的孝道恐怕是继承父辈的成就，把它～，好教下一辈得到更好的精神的与物质的遗产。★老舍《四世同堂》六十四,发扬发展，提倡；光大辉煌而盛大。使好的作风、传统等得到发展和提高。,fā yáng guāng dà,发扬光大,fygd,fa yang guang da,fa,da
无,他苦口婆心地劝解终使他～，及时回头。,思想转变很快，彻底悔悟。,fān rán huǐ wù,幡然悔悟,frhw,fan ran hui wu,fan,wu
唐·李筌《太白阴经·祭风伯文》鼓怒而走石飞沙，翻江倒海。”宋·陆游《夜宿阳山矶》诗五更颠风吹急雨，倒海翻江洗残暑。”,且说薛姨妈家中被金桂搅得～，看见婆子回来，说起岫烟的事，宝钗母女二人不免滴下泪来。★清·曹雪芹《红楼梦》第九十回,原形容雨势大，后形容力量或声势非常壮大。,fān jiāng dǎo hǎi,翻江倒海,fjdh,fan jiang dao hai,fan,hai
《朱子全书》横说也如此，竖说也如此，翻来覆去说都如此。”,大圣一条如意棒，～战天神。★明·吴承恩《西游记》第五回,形容一次又一次。也形容来回翻动身体。,fān lái fù qù,翻来覆去,flfq,fan lai fu qu,fan,qu
姚雪垠《李自成》第一卷第六章他的腿脚好，只要肚子里填饱了瓤子，翻山越岭，跟年轻人一样。”,李准《马小翠的故事》想贴个春联，往往要跑几十里，～到山下请人写。”,翻翻过；越过；岭山岭。翻越不少山头。形容野外工作或旅途的辛苦。,fān shān yuè lǐng,翻山越岭,fsyl,fan shan yue ling,fan,ling
唐·刘商《胡茄十八拍》诗天翻地覆谁得知，如今正南看北斗。”,真象～的变动就快要临头了。★沙汀《兽道》,覆翻过来。形容变化巨大而彻底。也指闹得很凶。,fān tiān fù dì,翻天覆地,ftfd,fan tian fu di,fan,di
清·曹雪芹《红楼梦》第九十四回闹了大半天，毫无影响，甚至翻箱倒柜，实在没处去找。”,无,翻倒，反转。把箱子柜子都翻倒过来。形容彻底翻检。,fān xiāng dǎo guì,翻箱倒柜,fxdg,fan xiang dao gui,fan,gui
唐·杜甫《贫交行》翻手作云覆手雨，纷纷轻薄何须数。”,你不合打凤牢龙，～，陷人坑阱。★元·乔孟符《扬州梦》第四折,形容人反复无常或惯于耍手段。,fān yún fù yǔ,翻云覆雨,fyfy,fan yun fu yu,fan,yu
明·许仲琳《封神演义》第四十三回吾等又不是凡夫俗子，恃强斗勇，皆非仙体。”,瞧我这～，不能交通神明，所以梦都没有一个儿。★清·曹雪芹《红楼梦》第一○九回,泛指平庸的人。,fán fū sú zǐ,凡夫俗子,ffsz,fan fu su zi,fan,zi
曹靖华《点苍山下金花娇》中饭后，我们坐在……繁花似锦的花丛中，听她谈起沙村公社来。”,无,繁多而且茂盛。锦织有彩色花纹的锦缎。许多色彩纷繁的鲜花，好象富丽多彩的锦缎。形容美好的景色和美好的事物。,fán huā sì jǐn,繁花似锦,fhsj,fan hua si jin,fan,jin
无,我国的戏剧艺术越来越繁荣昌盛了。,繁荣兴旺发达；昌盛兴旺。指国家兴旺发达，欣欣向荣。,fán róng chāng shèng,繁荣昌盛,frcs,fan rong chang sheng,fan,sheng
峻青《壮志录》……使我们的祖国，更加繁荣富强。”,无,形容各项事业蓬勃发展，日益富足强大。,fán róng fù qiáng,繁荣富强,frfq,fan rong fu qiang,fan,qiang
无,祖国的繁荣兴旺是我们的义务。,形容事业或经济状况发达昌盛，生机蓬勃。,fán róng xīng wàng,繁荣兴旺,frxw,fan rong xing wang,fan,wang
宋·苏轼《上圆丘合祭六仪》仪者必又曰省去繁文末节，则一岁可以再郊。”,不知道南宋比现今如何，但对外敌，却明明已经称臣，惟独在国内特多～以及唠叨的碎话。★鲁迅《坟·看镜有感》,文规定、仪式；缛繁多；节礼节。过分繁琐的仪式或礼节。也比喻其他繁琐多余的事项。,fán wén rù jié,繁文缛节,fwrj,fan wen ru jie,fan,jie
明·罗贯中《三国演义》第十六回将军在匆忙之中，能整兵坚垒，任谤任劳，使反败为胜，虽古之名将，何以加兹！”,无,扭转败局，变为胜利。,fǎn bài wéi shèng,反败为胜,fbws,fan bai wei sheng,fan,sheng
《汉书·贾谊传》妇姑不相说（悦），则反唇而相稽。”,济渡满不买帐，～皇上信得过我，干您哪一条？”★华而实《汉衣冠》七,反唇回嘴、顶嘴。受到指责不服气，反过来讥讽对方。,fǎn chún xiāng jī,反唇相讥,fcxj,fan chun xiang ji,fan,ji
无,经过反复推敲，我们终于选择了这个方案。,多次捉摸，选择最佳方案。,fǎn fù tuī qiāo,反复推敲,fftq,fan fu tui qiao,fan,qiao
南朝·梁·费昶《行路难》诗当年翻复无常定。”,叫我怎么能赦你这～的罪呢！★清·曾朴《孽海花》第十七回,无常变化不定。形容常常变化，一会儿是这样，一会儿又是那样，变动不定。,fǎn fù wú cháng,反复无常,ffwc,fan fu wu chang,fan,chang
《尚书·武成》前徙倒戈，攻于后以北。”明·罗贯中《三国演义》第十七回吾与杨将军反戈击之。但看火起为号，温侯以兵相应可也。”,又因为从旧垒中来，情形看得较为分明，～，易制强敌的死命。★鲁迅《坟·写在〈坟〉后面》,掉转武器向自己原来所属的阵营进行攻击。,fǎn gē yī jī,反戈一击,fgyj,fan ge yi ji,fan,ji
《礼记·乐记》好恶无节于内，知诱于外，不能反躬，天理灭矣。”,这次事故，你是有责任的，你应该～。,躬自身；省检查。回过头来检查自己的言行得失。,fǎn gōng zì xǐng,反躬自省,fgzx,fan gong zi xing,fan,xing
《礼记·乐记》好恶无节于内，知诱于外，不能反躬，天理灭矣。”,这次事故，你是有责任的，你应该～。,躬自身；问检查。回过头来检查自己的言行得失。,fǎn gōng zì wèn,反躬自问,fgzw,fan gong zi wen,fan,wen
明·罗贯中《三国演义》第七十一回拔寨前进，步步为营，诱渊来战而擒之，此乃反客为主之法。”,心里正在为难，只听得那女子～，让着说道尊客，请屋里坐。”★清·文康《儿女英雄传》第四回,客人反过来成为主人。比喻变被动为主动。,fǎn kè wéi zhǔ,反客为主,fkwz,fan ke wei zhu,fan,zhu
清·曹雪芹《红楼梦》第五十七回娶一个天仙来，也不过三夜五夜，也就撂在脖子后头了，甚于怜新弃旧，反目成仇的多着呢。”,无,反目翻脸了。翻脸而变成仇敌。一般指夫妻不和，矛盾激化，互相对立。,fǎn mù chéng chóu,反目成仇,fmcc,fan mu cheng chou,fan,chou
《孟子·公孙丑上》不怨胜己者，反求诸己而已矣。”,君子之遇艰阻，必～，而益自修。★《二程全书·伊川易品三》,求追究，寻求；诸之于”的合成词。反过来追究自己。指从自己方面找原因。,fǎn qiú zhū jǐ,反求诸己,fqzj,fan qiu zhu ji,fan,ji
汉·史游《急就篇》长乐无极老复丁。”《旧唐书·宦官书》可愈痿弱重膇之疾，复能返老还童。”,～容易得，超凡入圣路非遥。★明·吴承恩《西游记》第一百五回,由衰老恢复青春。形容老年人充满了活力。,fǎn lǎo huán tóng,返老还童,flht,fan lao huan tong,fan,tong
太平天国·洪仁玕《英杰归真》上帝基督化人，超凡入圣，返璞归真。”,无,去掉外饰，还其本质。比喻回复原来的自然状态。同返朴归真”。,fǎn pú guī zhēn,返璞归真,fpgz,fan pu gui zhen,fan,zhen
茅盾《怎样评价〈青春之歌〉》也由于时间关系，不能把《青春之歌》重读一遍然后执笔，故而只能泛泛而谈，不能引证原文作具体的分析。”,无,泛泛平常，不深入。一般地浮泛地谈谈。,fàn fàn ér tán,泛泛而谈,ffet,fan fan er tan,fan,tan
《孟子·滕文公上》洪水横流，泛滥于天下。”,表报之多，闹得～。★毛泽东《论十大关系》,江河湖泊的水溢出，造成灾害。比喻不好的文章或思想到处传播，影响极坏。,fàn làn chéng zāi,泛滥成灾,flcz,fan lan cheng zai,fan,zai
《金瓶梅词话》第七六回那婆子道‘我的奶奶，你饭来张口，水来湿手，这等插金带银，呼奴使婢，又惹什么气？’”,朱延年一辈子娇生惯养，做惯了大老板，～，衣来伸手，吃的好，穿得美，哪里吃过这样的苦头？★周而复《上海的早晨》第三部二十,指吃现成饭。形容不劳而获，坐享其成。,fàn lái zhāng kǒu,饭来张口,flzk,fan lai zhang kou,fan,kou
清·曾朴《孽海花》第十八回通国无不识字的百姓，即贩夫走卒，也都通晓天下大势，民智日进，国力自然日大了。”,无,旧指小贩和差役。泛指旧社会里地位低下者。,fàn fū zǒu fú,贩夫走卒,ffzf,fan fu zou fu,fan,fu
唐·王勃《广州宝庄严寺舍利塔碑》维摩见柄，盖申方便之门；道安谢归，思远朝廷之事。”,谁想巡捕老爷大开～，放俺还俗，便成配偶。★明·冯惟敏《僧尼共祀》第四折,方便本佛家语，指灵活对待。原是佛教指引人入教的门径，后指给人方便的门路。,fāng biàn zhī mén,方便之门,fbzm,fang bian zhi men,fang,men
《列子·仲尼篇》文挚乃命龙叔背明而立，文挚自后向明而望之，既而曰‘嘻！吾见子之心矣方寸之地虚矣。”,寻省遭罹，万重不幸。～，自不能言；求人见谅，岂复容易？★唐·刘禹锡《上杜司徙启》,指心。,fāng cùn zhī dì,方寸之地,fczd,fang cun zhi di,fang,di
宋·陈亮《戊申再上孝宗皇帝书》天下非有豪猾不可制之奸，虏人非有方兴未艾之势，而何必用此哉！”,正当辽沈战役～之时，毛泽东同志在华东人民解放军取得了济南战役胜利以后，又组织了淮海战役。★叶剑英《伟大的战略决战》,方正在；兴兴起；艾停止。事物正在发展，尚未达到止境。,fāng xīng wèi ài,方兴未艾,fxwa,fang xing wei ai,fang,ai
清·吴趼人《二十年目睹之怪现状》第四十七回这种小人，真是防不胜防。”,叭儿之类，是不足惧的，最可怕的确是口是心非的所谓战友”，因为～。★鲁迅《致杨霁云信》,防防备；胜尽。形容防备不过来。,fáng bù shèng fáng,防不胜防,fbsf,fang bu sheng fang,fang,fang
《周易·既济》君子以思患而豫防之。”《乐府诗集·君子行》君子防未然。”,君子～，这事非同小可。★清·石昆玉《三侠五义》第十二回,患灾祸；未然没有这样，指尚未形成。防止事故或祸害于尚未发生之前。,fáng huàn wèi rán,防患未然,fhwr,fang huan wei ran,fang,ran
晋·韦謏《启谏冉闵》清诛屏降胡，以单于之号以防微杜渐。”《后汉书·丁鸿传》若敕政责躬，杜渐防萌，则凶妖消灭，害除福凑矣。”,有不尽者，亦宜～而禁于未然。★《元史·张桢传》,微微小；杜堵住；渐指事物的开端。比喻在坏事情坏思想萌芽的时候就加以制止，不让它发展。,fáng wēi dù jiàn,防微杜渐,fwdj,fang wei du jian,fang,jian
郭寿《迷路记》平地春雷响，来了共产党，访贫问苦下了乡，介梅见太阳。”,他已经不像前一段旅程中那样的沉默了，一直同向导闲谈着，问着这一带庄稼，以及那乡下的家庭生活状况，下像一般工作同志～那样。,访问贫苦的老百姓。,fǎng pín wèn kǔ,访贫问苦,fpwk,fang pin wen ku,fang,ku
《晋书·王长文传》少以才学知名，而放荡不羁，州府辟命皆不就。”,平时与一班好朋友，只以诗酒娱心，或以山水纵目，～。★明·凌濛初《初刻拍案惊奇》卷十六,羁约束。放纵任性，不加检点，不受约束。,fàng dàng bù jī,放荡不羁,fdbj,fang dang bu ji,fang,ji
晋·司马彪《零陵先贤传》璋遣法正迎刘备，巴谏曰‘备，雄人也，入必为害，不可内也。’既入，巴复谏曰‘若使备讨张鲁，是放虎于山林也。’璋不听。”,倘若一朝走了，便如～，纵龙归海，是自遗害也！★明·朱有燉《义勇辞金》楔子,把老虎放回山去。比喻把坏人放回老巢，留下祸根。,fàng hǔ guī shān,放虎归山,fhgs,fang hu gui shan,fang,shan
《淮南子·修务训》夫地势水东流，人必事焉，然后水潦得谷行；禾稼春生，人必加功焉，故五谷得遂长。听其自流，待其自生，则鲧禹之功不立，而后稷之智不用。”,对中小学生的校外活动，要加强辅导，不能～。,听凭自然的发展，不加领导或过问。,fàng rèn zì liú,放任自流,frzl,fang ren zi liu,fang,liu
元·张养浩《过李溉之天心亭之二》放眼乾坤独倚栏，古今如梦水云间。”,无,放眼放开眼界，目光不局限在狭小范围内。放开眼界，纵观天下。也作放眼乾坤”。,fàng yǎn shì jiè,放眼世界,fysj,fang yan shi jie,fang,jie
《梁书·到溉传》如飞蛾之赴火，岂焚身之可吝。”,他今日自来投到，岂不是～，自讨死吃的。★元·杨显之《潇湘雨》第二折,飞蛾扑到火上，比喻自取灭亡。,fēi é pū huǒ,飞蛾扑火,feph,fei e pu huo,fei,huo
唐·韩愈《符读书城南》诗飞黄腾踏去，不能顾蟾蜍。”,他进过种种培植新政人才的讲习班和训练班，虽然结果没有一项使他～。★沙汀《防空》,飞黄传说中神马名；腾达上升，引伸为发迹，宦途得意。形容骏马奔腾飞驰。比喻骤然得志，官职升得很快。,fēi huáng téng dá,飞黄腾达,fhtd,fei huang teng da,fei,da
《后汉书·周荣传》若卒遇飞祸，无得殡敛。”,不到得惹出～。★明·凌濛初《初刻拍案惊奇》卷十一,意外的灾祸。,fēi lái hèng huò,飞来横祸,flhh,fei lai heng huo,fei,huo
《周易·乾》九五，飞龙在天，利见大人。”孔颖达疏谓有圣德之人得居王位。”,～，方仰君临之德；流虹绕渚，宝开圣作之祥。★宋·陆游《丞相率文武百僚请建重明节表》,比喻帝王在位。,fēi lóng zài tiān,飞龙在天,flzt,fei long zai tian,fei,tian
汉·王延寿《鲁灵光殿赋》飞禽走兽，因木生姿。”,铃儿乃金丹之宝，又不是～，如何辨得雌雄？★明·吴承恩《西游记》第七十一回,禽鸟；兽野兽。飞翔的禽鸟，奔跑的野兽。泛指鸟类和兽类。,fēi qín zǒu shòu,飞禽走兽,fqzs,fei qin zou shou,fei,shou
《三国志·吴志·陆凯传》苍梧、南海，岁有风瘴气之害，风则折木，飞沙转石，气则雾郁，飞鸟不经。”,尤窍怒号天噫气，～乱伤人。★明·吴承恩《西游记》第二十八回,沙土飞扬，石块滚动。形容风势狂暴。,fēi shā zǒu shí,飞沙走石,fszs,fei sha zou shi,fei,shi
元·刘唐卿《降桑椹蔡顺奉母》第一折醉了时丢砖掠瓦，到晚来飞檐走壁。”,且说时迁是个～的人，不从正路入城，夜间越墙而过。★明·施耐庵《水浒全传》第六十六回,旧小说中形容有武艺的人身体轻捷，能够跳上房檐，越过墙壁。,fēi yán zǒu bì,飞檐走壁,fyzb,fei yan zou bi,fei,bi
《北史·齐高祖纪》景专制河南十四年矣，常有飞扬跋扈志。”,痛饮狂歌空度日，～为谁雄？★唐·杜甫《赠李白》诗,飞扬放纵；跋扈蛮横。原指意态狂豪，不爱约束。现多形容骄横放肆，目中无人。,fēi yáng bá hù,飞扬跋扈,fybh,fei yang ba hu,fei,hu
《祖堂集·洛甫和尚》问‘孤灯不自照，室内事如何？’师云‘飞针走线时人会，两边绣过却还稀。’”,若提起女工一事，～，出人意表。★明·冯梦龙《醒世恒言》卷三,走跑。形容缝纫技术非常熟练。,fēi zhēn zǒu xiàn,飞针走线,fzzx,fei zhen zou xian,fei,xian
无,无,非不是；此这个；即便是；彼那个。不是这一个，就是那一个。,fēi cǐ jí bǐ,非此即彼,fcjb,fei ci ji bi,fei,bi
唐·马戴《寄贾岛》诗佩玉与铿金，非亲亦非故。”,虽承王翁盛意，～，难以打搅。★明·冯梦龙《警世通言》卷三十四,故老友。不是亲属，也不是熟人。表示彼此没有什么关系。,fēi qīn fēi gù,非亲非故,fqfg,fei qin fei gu,fei,gu
元·孟汉卿《魔合罗》第三折”萧令史，我与你说，人命事关天关地，非同小可！”,进了郑家门，这一惊～，只见郑老爹两眼哭得通红。★清·吴敬梓《儒林外史》第二十回,小可寻常的。指情况严重或事情重要，不能轻视。,fēi tóng xiǎo kě,非同小可,ftxk,fei tong xiao ke,fei,ke
无,他是一个非同寻常的人物。,寻常平常。形容人和事物很突出，不同于一般。,fēi tóng xún cháng,非同寻常,ftxc,fei tong xun chang,fei,chang
《周易·涣》涣有丘，匪夷所思。”,孙莱山入枢廷，是在意中，乌少云则～了。★高阳《清宫外史》下册,匪不是；夷平常。指言谈行动离奇古怪，不是一般人根据常情所能想象的。,fěi yí suǒ sī,匪夷所思,fyss,fei yi suo si,fei,si
《列子·开瑞篇》杞国有人忧天地崩坠，身亡所寄，废寢食者。”南朝·齐·王融《曲水诗》序犹且具明废寝，昃晷忘餐。”,但得个寄信传音，也省的人～。★元·曾瑞卿《留鞋记》第一折,废停止。顾不得睡觉，忘记了吃饭。形容专心努力。,fèi qǐn wàng shí,废寝忘食,fqws,fei qin wang shi,fei,shi
清·李宝嘉《中国现在记》刚刚到门，听见里面哭的沸反盈天。”,你自己荐她来，又合伙劫她去，闹得～的，大家看了成个什么样子？（鲁迅《彷徨·祝福》）,沸滚翻；盈充满。声音象水开锅一样沸腾翻滚，充满了空间。形容人声喧闹，乱成一片,fèi fǎn yíng tiān,沸反盈天,ffyt,fei fan ying tian,fei,tian
《山海经·西山经》其中多白玉，是有玉膏，其原沸沸汤汤。”,后来听得～地说黄泥冈上一伙贩枣的客人把蒙汗药麻翻了人，劫了生辰冈去。”★明·施耐庵《水浒全传》第十八回,沸沸水翻滚的样子；扬扬喧闹、翻动的样子。象沸腾的水一样喧闹。形容人声喧闹。,fèi fèi yáng yáng,沸沸扬扬,ffyy,fei fei yang yang,fei,yang
唐·白居易《代书诗一百韵寄微之》肺腑都无隔，形骸两不羁。”,他了他这一番～，使我们陷入了沉思之中。,肺腑指内心。出于内心的真诚的话。,fèi fǔ zhī yán,肺腑之言,ffzy,fei fu zhi yan,fei,yan
宋·朱熹《朱文公文集·与杨子直书》而近年一种议论，乃欲周旋于二者之间，问互委曲，费尽心机。”,若不投其所好，怎得重用？因此～，访得今日是他生日，预差人浇成一对寿烛。（明·王世贞《鸣凤记》第四出）,心机计谋。挖空心思，想眷法。,fèi jìn xīn jī,费尽心机,fjxj,fei jin xin ji,fei,ji
《论语·季氏》远人不服而不能来也，邦分崩离析而不能守也。”,战争使全国～的局面变成了比较团结的局面。★毛泽东《和英国记者贝特兰的谈话》,崩倒塌；析分开。崩塌解体，四分五裂。形容国家或集团分裂瓦解。,fēn bēng lí xī,分崩离析,fblx,fen beng li xi,fen,xi
《魏书·河间公齐传》洛阳我之丰沛，自应分路扬镳。自今以后，可分路而行。”,第二军总司令李烈钧，亦向广西进发，～，为国效力去了。★蔡东藩、许廑父《民国通俗演义》第五十九回,分路而行。比喻目标不同，各走各的路或各干各的事。,fēn dào yáng biāo,分道扬镳,fdyb,fen dao yang biao,fen,biao
清·俞樾《群经平议·周官二》巫马下士二人医四人”凡邦之有疾病者，痟疡者造焉，则使医分而治之，是亦不自医也。”,维护国与国之间友爱关系，互利与和平事业，反对民族奴役，反对～的策略。★宋庆龄《人民团结起来是不可战胜的》,①分别治理。②利用手段使国家、民族或宗教等产生分裂，然后对其进行控制和统治。,fēn ér zhì zhī,分而治之,fezz,fen er zhi zhi,fen,zhi
明·冯梦龙《醒世恒言》卷三十四大尹将所报伤处，将卷对看，分毫不差。”,无,分毫形容很少的数量，十丝为一毫，十毫为一厘，十厘为一分。差差错。没有一点儿差错。,fēn háo bù chā,分毫不差,fhbc,fen hao bu cha,fen,cha
秦牧《湘阴热浪记》对于还有亿犹豫的小股土匪，则以政策攻心，分化瓦解，迫使他们投降。”,无,分化分裂；瓦解比喻分解、崩溃。使对方的力量分裂离散。,fēn huà wǎ jiě,分化瓦解,fhwj,fen hua wa jie,fen,jie
《文汇报》1984.9.19周善腾想‘现在社会上因分家析产引起矛盾激化的事例很多，这起纠纷若不及时解决，后果不堪设想。’”,无,指分家。分割财产，各自过活。同分烟析产”。,fēn jiā xī chǎn,分家析产,fjxc,fen jia xi chan,fen,chan
毛泽东《中国革命战争的战略问题》第五章第六节将敌军对我军的战略上的分进合击，改为我军对敌军的战役或战斗上的分进合击。”,这份电报全部暴露了敌人对我‘～’的战役企图和敌人各路兵力的部署。★曹丹辉《在一九三一年间》,军队从几个方向前进，协同围击同一目标。,fēn jìn hé jī,分进合击,fjhj,fen jin he ji,fen,ji
清·梁章钜《浪迹丛谈·叶天士遗事》生平不事著述，今惟存《临证指南医案》十卷，亦其门人取其方药治验，分门别类，集为一书。”,我只要现在的时务书，～的便好。★清·李宝嘉《文明小史》第三十四回,分、别分辨、区别；门一般事物的分类；类许多相似或相同事物的综合。把一些事物按照特性和特征分别归入各种门类。,fēn mén bié lèi,分门别类,fmbl,fen men bie lei,fen,lei
《晋书·陶侃传》常语人曰‘大禹圣者，乃惜寸阴，至于众人，当惜分阴。’”,无,一分一秒也一定要争取。形容抓紧时间。,fēn miǎo bì zhēng,分秒必争,fmbz,fen miao bi zheng,fen,zheng
《圣谕广训·孝训》皆孝子分内之事也。”,无,分内自己，本分。本分之内的事情。指自己应负责任的事情。,fèn nèi zhī shì,分内之事,fnzs,fen nei zhi shi,fen,shi
《史记·货殖列传》（子贡）所至，国君无不分庭与之抗礼。”,知县此番便和他～，留着吃了饭，叫他拜做老师。★清·吴敬梓《儒林外史》第十七回,庭庭院；抗礼平等行礼。原指宾主相见，分站在庭的两边，相对行礼。现比喻平起平坐，彼此对等的关系。,fēn tíng kàng lǐ,分庭抗礼,ftkl,fen ting kang li,fen,li
毛泽东《沁园春·雪》词须晴日，看红妆素裹，分外妖娆。”,无,分外格外；妖娆妖媚艳丽。形容景色异常艳丽。,fèn wài yāo ráo,分外妖娆,fwyr,fen wai yao rao,fen,rao
明·冯梦龙《醒世恒言·一文钱小隙造奇冤》又且一清如水，分文不取。”,有的是荒山地，山价地租，我～。★清·文康《儿女英雄传》第二十一回,一个钱也不要。比喻不计报酬。,fēn wén bù qǔ,分文不取,fwbq,fen wen bu qu,fen,qu
无,无,一个钱也不要。比喻不计报酬。同分文不取”。,fēn wén wèi qǔ,分文未取,fwwq,fen wen wei qu,fen,qu
战国宋玉《神女赋·序》精神恍惚，若有所喜，纷纷扰扰，未知何意。”,无,凌乱的样子。也形容思绪纷乱。,fēn fēn rǎo rǎo,纷纷扰扰,ffrr,fen fen rao rao,fen,rao
元·无名氏《渔樵记》第一折今日遇着暮冬天道，纷纷扬扬，下着如此这般大雪。”,只见四下彤云密布，又见～，飞来一天瑞雪来。★明·兰陵笑笑生《金瓶梅词话》第二回,纷纷众多；扬扬飘荡的样子。形容雪花飘落的样子。,fēn fēn yáng yáng,纷纷扬扬,ffyy,fen fen yang yang,fen,yang
宋·朱熹《答何叔京》六夫其心俨然肃然，常若有所事，则虽事物纷至而沓来，岂足以乱吾之知思。”,贴出布告以后，自己在招募公所坐镇，只见应募的小伙子，～，应接不暇。★高阳《清宫外史》下册,纷众多，杂乱；沓多，重复。形容接连不断的到来。,fēn zhì tà lái,纷至沓来,fztl,fen zhi ta lai,fen,lai
臧懋循《元曲选后序》而关汉卿辈至躬践排场，而傅粉墨。”,及至北平攻陷，这些地痞流氓自然没有～的资格与本领，而日本也并未准备下多少官吏来马上发号施令。★老舍《四世同堂》七,粉、墨搽脸和画眉用的化妆品。原指演员化妆上台演戏。比喻坏人经过一番打扮，登上政治舞台。,fěn mò dēng chǎng,粉墨登场,fmdc,fen mo deng chang,fen,chang
三国·魏·曹植《谢封甄城王表》臣愚驽垢秽，才质疵下，过受陛下日月之恩，不能摧身碎首，以答陛下厚德。”唐·蒋防《霍小玉传》平生志愿，今日获从，粉骨碎身，誓不相舍。”,如果战争狂人胆敢轻举妄动，发动战争，结果必然会被压在大山底下，弄得～。★杨朔《东风第一枝》,身体粉碎而死。比喻为了某种目的或遭到什么危险而丧失生命。,fěn shēn suì gǔ,粉身碎骨,fssg,fen shen sui gu,fen,gu
宋·苏轼《再上皇帝书》岂有别生义理，曲加粉饰而能欺天下哉。”,有着～的职责的人们是可原谅的，因为他们也有理由麻木。★闻一多《可怕的冷静》,粉饰涂饰表面。把社会黑暗混乱的状况掩饰成太平的景象。,fěn shì tài píng,粉饰太平,fstp,fen shi tai ping,fen,ping
宋·张克庄《题方汝一班师赞后》或隐匿未彰，而奋笔疾书；或一语之乖谬，或一行之谄曲，虽其人之骨已朽，必绳以《春秋》之法，读之使人汗出。”,世贞昼夜伏案，～，日书一回，不得片刻喘息。★《金瓶梅传奇》第二十七回,奋笔提起笔来。指精神昂扬地挥笔快速书写。,fèn bǐ jí shū,奋笔疾书,fbjs,fen bi ji shu,fen,shu
汉·司马迁《报任少卿书》常思奋不顾身以殉国家之急。”,部下弟子，虽不敢谓久经训练，有勇知方，惟大义所在，却是～。（蔡东藩、许廑父《民国通俗演义》第一百十五回）,奋勇向前，不考虑个人安危。,fèn bù gù shēn,奋不顾身,fbgs,fen bu gu shen,fen,shen
郭沫若《科学的春天》我祝愿中年一代的科学工作者奋发图强，革命加拼命，勇攀世界科学高峰。”,无,图谋求。振作精神，以求强盛。,fèn fā tú qiáng,奋发图强,fftq,fen fa tu qiang,fen,qiang
汉·王充《论衡·初禀篇》勇气奋发，性自然也。”,能够如此～，将来甚么事不好做呢！★清·李宝嘉《官场现形记》第三十五回,奋发精神振作。精神振作，有所作为。,fèn fā yǒu wéi,奋发有为,ffyw,fen fa you wei,fen,wei
老舍《秦氏三兄弟》第一章西方务国强盛，处心积虑要宰割我们，我们再不奋起直追，必定亡国。”,无,振作起来，紧紧赶上去。,fèn qǐ zhí zhuī,奋起直追,fqzz,fen qi zhi zhui,fen,zhui
《隋书·史祥传》公竭诚奋勇，一举克定。”元·关汉卿《哭存者》第二折更有俺五百义兵家将，都要的奋勇当先，相持对垒。”,更有俺五百义兵家将，都要的～，相恃对垒。★元·关汉卿《哭存孝》第二折,鼓起勇气，赶在最前面。,fèn yǒng dāng xiān,奋勇当先,fydx,fen yong dang xian,fen,xian
《禅真逸史》第一回此时过往人众，见齐德受亏，俱忿忿不平。”,高战也是～，点点头。★古龙《长干行》三,心中不服，感到气愤。同愤愤不平”。,fèn fèn bù píng,忿忿不平,ffbp,fen fen bu ping,fen,ping
《汉书·刘据传》太子进则不得见，退则困于乱臣，独冤结而亡告，不忍忿忿之心，起而杀充，恐惧逋逃。”唐·许嵩《建康实录》自尔愤愤不平，每酒后辄咏魏武帝乐府。”,王子成父诸人，俱～，请于桓公，欲劫鲁侯，以报曹沫之辱。★明·冯梦龙《东周列国志》第十八回,愤愤很生气的样子。心中不服，感到气愤。,fèn fèn bù píng,愤愤不平,ffbp,fen fen bu ping,fen,ping
唐·韩愈《杂说》然吾观于人，其能尽其性而不类于禽兽异物者，希矣。将愤世嫉邪长往而不来者之所为乎？”,不见面就罢，一见面就是～地破口大骂，要不就是针针见血地讽刺不休。★欧阳山《苦斗》四八,愤憎恶，痛恨；嫉仇恨，痛恨；世、俗当时的社会状况。有正义感的人对黑暗的现实社会和不合理的习俗表示愤恨、憎恶。,fèn shì jí sú,愤世嫉俗,fsjs,fen shi ji su,fen,su
峻青《秋色赋》一个不久前才由机关、工厂的业余戏剧爱好者所组织进来的吕剧团，演出了丰富多彩的节目，非常令人兴奋。”,无,内容丰富，花色繁多。,fēng fù duō cǎi,丰富多彩,ffdc,feng fu duo cai,feng,cai
清·张春帆《宦海》第六回这位章制军在两广做了几年，也没有什么丰功伟绩。”,纪念他在辛亥革命时期，领导人民推翻帝制、建立共和国的～。★毛泽东《纪念孙中山先生》,丰大。伟大的功绩。,fēng gōng wěi jì,丰功伟绩,fgwj,feng gong wei ji,feng,ji
五代·王定保《唐摭言》卷十五堂头官人，丰衣足食，所住无不克。”,我们用自己动手的方法，达到了～的目的。★《毛泽东选集·组织起来》,足够。穿的吃的都很丰富充足。形容生活富裕。,fēng yī zú shí,丰衣足食,fyzs,feng yi zu shi,feng,shi
宋·苏轼《将至筠先寄迟适远三犹子》诗露宿风餐六百里，明朝饮马南江水。”,无非～，不久便到了登州。★清·刘鹗《老残游记》第一回,风里吃饭，露天睡觉。形容旅途或野外工作的辛苦。,fēng cān lù sù,风餐露宿,fcls,feng can lu su,feng,su
元·尚仲贤《柳毅传书》你索是远路风尘的故人。”,三人拣了一家客店住下，一路上～，到了此时，不免早些歇息。★清·吴趼人《痛史》第八回,风尘指行旅，含有辛苦之意；仆仆行路劳累的样子。形容旅途奔波，忙碌劳累。,fēng chén pú pú,风尘仆仆,fcpp,feng chen pu pu,feng,pu
《六韬·龙韬·王翼》奋威四人，主择材力，论兵革，风驰电掣，不知所由。”,黄飞虎枪法如～，往来如飞。★明·许仲琳《封神演义》第六十回,驰奔跑；掣闪过。形容非常迅速，象风吹电闪一样。,fēng chí diàn chè,风驰电掣,fcdc,feng chi dian che,feng,che
《敦煌变文集·伍子胥变文》偷踪窃道，饮气吐声。风吹草动，即便藏形。”,万一后边有些～，被人发觉，不要说道无颜面见令尊，传将出去，小生如何做得人成？★明·凌濛初《二刻拍案惊奇》卷二十三,风稍一吹，草就摇晃。比喻微小的变动。,fēng chuī cǎo dòng,风吹草动,fccd,feng chui cao dong,feng,dong
清·洪昻《长生殿》第二十五出可怜一对鸳鸯，风吹浪打，直恁的遭强霸。”,不管～，胜似闲庭信步。★毛泽东《水调歌头·游泳》,比喻险恶的遭遇或严峻的考验。,fēng chuī làng dǎ,风吹浪打,fcld,feng chui lang da,feng,da
梁斌《红旗谱》二十七你风吹日晒地辛苦一年，连个痛快年也过不上。”,过去被忘却了的煤堆，～，现在忽然大家争着去把他团成煤球收藏起来。★《路标》,狂风吹，烈日晒。形容无所遮挡。,fēng chuī rì shài,风吹日晒,fcrs,feng chui ri shai,feng,shai
唐·杜甫《三绝句》不如醉里风吹尽，可忍醒时雨打稀。”,不是夸大和开心，它本身就太轻飘，禁不起～的缘故吗？★鲁迅《且介亭杂文二集·非有复译不可》,原指花木遭受风雨摧残。比喻恶势力对弱小者的迫害。也比喻严峻的考验。,fēng chuī yǔ dǎ,风吹雨打,fcyd,feng chui yu da,feng,da
《六韬》既而克殷，风凋雨顺。”,自后国泰民安，～，五谷丰登，人物康阜，真是升平世界。（清·陈忱《水浒后传》第四十回）,调调和；顺和协。风雨及时适宜。形容风雨适合农时。,fēng tiáo yǔ shùn,风调雨顺,ftys,feng tiao yu shun,feng,shun
《史记·平原君列传》平原君，翩翩浊世之佳公子也。”《新唐书·张九龄传》风度能若张九龄乎？”,无,风度风采气度，指美好的举止姿态；翩翩文雅的样子。举止文雅优美。,fēng dù piān piān,风度翩翩,fdpp,feng du pian pian,feng,pian
王吉呈《女御史》妈千叮咛万叮咛，务必要平稳，切不可像在娘家门上那样风风火火，得罪了人，日后过门咋做媳妇呢？”,无,形容急急忙忙，冒冒失失的样子。,fēng fēng huǒ huǒ,风风火火,ffhh,feng feng huo huo,feng,huo
元·张可久《晋天乐·忆鉴湖》风风雨雨清明，莺莺燕燕关情。”,无,不断地刮风下雨。比喻障碍重重。又比喻时代动荡，谣言纷传。,fēng fēng yǔ yǔ,风风雨雨,ffyy,feng feng yu yu,feng,yu
秦牧《花市》人们怎能不热爱这个风光旖旎的南国花市，怎能不从这个盛大的花市享受着生活的温馨呢！”,南国的春天～，使人陶醉。,形容景色柔和美好。,fēng guāng yǐ nǐ,风光旖旎,fgyn,feng guang yi ni,feng,ni
元·李爱山《集贤宾·春日伤别》那时节和风丽日满东园，花共柳红娇绿软。”清·吴趼人《痛史》是日风和日丽，众多官员，都来祭奠。”,是时～，遍地金黄，青衫红袖，越阡度陌，蝶蜂乱飞，令人不饮自醉。★清·沈复《浮生六记》卷二,和风习习，阳光灿烂。形容晴朗暖和的天气。,fēng hé rì lì,风和日丽,fhrl,feng he ri li,feng,li
宋·邵雍《伊川击壤集序》虽死生荣辱，转战于前，曾未入于胸中，则何异四时风花雪月一过乎眼也。”,小弟每常见前辈批语，有些～的字样，被那些后生们看不见，便要想到诗词歌赋那条路上去，便要坏了心术。★清·吴敬梓《儒林外史》,原指旧时诗文里经常描写的自然景物◇比喻堆砌词藻、内容贫乏空洞的诗文。也指爱情之事或花天酒地的荒淫生活。,fēng huā xuě yuè,风花雪月,fhxy,feng hua xue yue,feng,yue
《南史·谢晦传》时谢混风华为江左第一，尝与晦俱在武帝前，帝目之曰‘一时顿有两玉人耳。’”,无,风华风采才华；绝代冠绝当世。意思是风采才华为当世第一。,fēng huá jué dài,风华绝代,fhjd,feng hua jue dai,feng,dai
《毛泽东诗词·沁园春·长沙》恰同学年少，风华正茂；书生意气，挥斥方遒。”,无,风华风采、才华；茂旺盛。正是青春焕发、风采动人和才华横溢的时候。形容青年朝气蓬勃、奋发有为的精神面貌。,fēng huá zhèng mào,风华正茂,fhzm,feng hua zheng mao,feng,mao
《文汇报》1992.3.2出海口附近波涛汹涌，风急浪高。”,无,形容风浪很大。,fēng jí làng gāo,风急浪高,fjlg,feng ji lang gao,feng,gao
唐·戎昱《霁雪》风卷残云暮雪晴，红烟洗尽柳条轻。”,叫一声请！”一齐举箸，却如～一般，早去了一半。★清·吴敬梓《儒林外史》第二回,大风把残云卷走。比喻一下子把残存的东西一扫而光。,fēng juǎn cán yún,风卷残云,fjcy,feng juan can yun,feng,yun
向春《煤城怒火》第21章现在到了风口浪尖，是咱挺身的时候了，为了党，为了人民，为了抗日，一定要干出个英雄样来！”,无,比喻激烈尖锐的社会斗争前哨。,fēng kǒu làng jiān,风口浪尖,fklj,feng kou lang jian,feng,jian
宋·苏轼《念奴娇·赤壁怀古》词大江东去，浪淘尽，千古风流人物。”,数～，还看今朝。★《毛泽东诗词·沁园春·雪》,风流英俊的、杰出的。指对一个时代有很大影响的人物。有时也指举止潇洒或惯于调情的人。,fēng liú rén wù,风流人物,flrw,feng liu ren wu,feng,wu
明·许三阶《节侠记·私仰》羡英年壮节堪多，似冰心在玉壶，散财结客，侠比三河，风流倜傥，名倾六辅。”,其中虢国夫人，更～，玄宗常与相狎，凡宫中的服食器用，时蒙赐赉，又另赐第宅一所于集庆坊。★清·禇人获《隋唐演义》第八十回,风流有才学而不拘礼法；倜傥卓异，洒脱不拘。形容人有才华而言行不受世俗礼节的拘束。,fēng liú tì tǎng,风流倜傥,fltt,feng liu ti tang,feng,tang
清·王韬《瀛壖杂志》人各却步立，不敢询姓氏，及移烛烛之，则倩扶也。一座哗然，此亦风流之韵事，承平之佳话。”,无,风雅而有情趣的事。旧指文人诗歌吟咏及琴棋书画等活动。也指男女私情。,fēng liú yùn shì,风流韵事,flys,feng liu yun shi,feng,shi
秦牧《幻想的彩翼》《牡丹亭》的故事曾经那么风靡一时，赚了不少人的热泪，就是一个例证。”,无,风靡草木随风倒下，引伸为很风行。形容事物在一个时期里极其盛行，象风吹倒草木一样。,fēng mǐ yī shí,风靡一时,fmys,feng mi yi shi,feng,shi
宋·释普济《五灯会元》卷七僧问‘风恬浪静时如何？’师曰‘吹倒南墙。’”,有孩儿在这里，不要怕他，包管～。★清·吴趼人《二十年目睹之怪现状》第十八回,指没有风浪。比喻平静无事。,fēng píng làng jìng,风平浪静,fplj,feng ping lang jing,feng,jing
宋·苏轼《后赤壁赋》划然长啸，草木震动，山鸣谷应，风起水涌。”,下笔～，能为载记之言。★清·蒲松龄《聊斋志异·各本序跋题辞·唐序》,大风刮起，乌云涌现。比喻新事物相继兴起，声势很盛。,fēng qǐ yún yǒng,风起云涌,fqyy,feng qi yun yong,feng,yong
元·杨暹《西游记》第四本第十三出元定下的夫妻怎断，咱茶浓酒酣，趁着风轻云淡，省得着我倚门终日盼停骖。”,寒食春归御柳条，～日轮高。★明·无心子《金雀记·定婚》,微风轻拂，浮云淡薄。形容天气晴好。同风轻云净”、云淡风轻”。,fēng qīng yún dàn,风轻云淡,f,feng qing yun dan,feng,dan
唐·房玄龄《晋书·谢玄传》闻风声鹤唳，皆以为王师已至。”,直到后来，听到了那些～的传说，见到了举室仓皇的不安状态。★郁达夫《出奔》,唳鹤叫声。形容惊慌失措，或自相惊忧。,fēng shēng hè lì,风声鹤唳,fshl,feng sheng he li,feng,li
元·马致远《黄梁梦》第四折一梦中十八年，见了酒色财气，人我是非，贪嗔痴爱，风霜雨雪。”,无,比喻经历了种种艰难困苦。,fēng shuāng yǔ xuě,风霜雨雪,fsyx,feng shuang yu xue,feng,xue
唐·杜牧《唐故范阳卢秀才墓志》因言燕赵间山川夷险，教令风俗人情之所短长。”,她问他关于日本的～。★巴金《雾》,指一地相沿而成的风尚、礼节、习惯等。,fēng sú rén qíng,风俗人情,fsrq,feng su ren qing,feng,qing
清·曾朴《孽海花》第三回不是弟妄下雌黄，只怕唐兄印行的《不息斋稿》，虽然风行一时，决不能望《五丁阁稿》的项背哩！”,特别是一政法学校的设立～，在成都一个省城里，竟有了四五十座私立政法学校出现。★郭沫若《学生时代·我的学生时代》,风行象刮风一样流行。形容事物在一个时期内非常盛行。,fēng xíng yī shī,风行一时,fxys,feng xing yi shi,feng,shi
范长江《塞上行·行纪·百灵庙战行·三》尽管是在风雪交加的时节，我们的视线仍可以入到非常遥远。”,无,风和雪同时袭来。,fēng xuě jiāo jiā,风雪交加,fxjj,feng xue jiao jia,feng,jia
汉·焦赣《易林》华言风语，乱相诳误。”,为她高高丰满的胸脯和厚实的脚板，母亲忍受过许多～的责难。★冯德英《苦菜花》第一章,没有根据的、不怀好意的、带有讥讽的话。另指私下议论暗中传说。,fēng yán fēng yǔ,风言风语,fyfy,feng yan feng yu,feng,yu
《诗·郑风·风雨序》《风雨》，思君子也。乱世则思君子不改其度焉。”,无,比喻处于恶劣环境中不变其节操。,fēng yǔ bù gǎi,风雨不改,fybg,feng yu bu gai,feng,gai
清·梁章钜《浪迹丛谈·除夕元旦两诗》冬至前后，则连日阴噎，风雨交加，逾月不止。”,难以想象，他是怎样渡过那～的日子的。,又是刮风，又是下雨。比喻几种灾难同时袭来。,fēng yǔ jiāo jiā,风雨交加,fyjj,feng yu jiao jia,feng,jia
《诗经·豳风·鸱号》予室翘翘，风雨所飘摇。”,我现在离家已十二三年，值此新秋，又是～的深夜，天涯羁客不胜落寞的情怀。★郭沫若《学生时代·芭蕉花》,飘摇飘荡。在风雨中飘荡不定。比喻局势动荡不安，很不稳定。,fēng yǔ piāo yáo,风雨飘摇,fypy,feng yu piao yao,feng,yao
《诗经·郑风·风雨》风雨如晦，鸡鸣不已。”,游子归来了，在这～之晨，游子归来了。★郭沫若《星空·归来》,指白天刮风下雨，天色暗得象黑夜一样。形容政治黑暗，社会不安。,fēng yǔ rú huì,风雨如晦,fyrh,feng yu ru hui,feng,hui
《孙子·九地》夫吴人与越人相恶也，当其同舟共济，遇风，其相救也如左右手。”,诸公热诚毅力，十倍仲恺，当有善法，济此艰难。庶几～，危亡共拯。★廖仲恺《辞财政部长职通电》,在狂风暴雨中同乘一条船，一起与风雨搏斗。比喻共同经历患难。,fēng yǔ tóng zhōu,风雨同舟,fytz,feng yu tong zhou,feng,zhou
明·冯梦龙《醒世恒言》卷三十二黄秀才从陆路短船，风雨无阻，所以赶着了。”,宝钗说道一月只要两次就够了。拟定日期，风雨无阻。”★清·曹雪芹《红楼梦》第三十七回,不受刮风下雨的阻碍。指预先约好的事情，一定按期进行。,fēng yǔ wú zǔ,风雨无阻,fywz,feng yu wu zu,feng,zu
南朝·梁·庾信《入彭城馆》诗年代殊之民俗，风云更盛衰。”,然而那么～的事，恐怕世界上是不多有的，我没有料到，未曾描写，可见我还不很有毒笔”。★鲁迅《三闲集·通信》,象风云那样变化不定。比喻时局变化迅速，动向难以预料。,fēng yún bià huàn,风云变幻,fybh,feng yun bia huan,feng,huan
《周易·乾·文言》云从龙，风从虎，圣人作万物睹。”汉·王充《论衡·偶会》良辅超拔于际会。”,盖圣上既奉天运承了大统，天下闺中自应广育英才，以为辅弼，亦如古之八元、八恺，～。★清·李汝珍《镜花缘》第五回,风云比喻难得的机会；际会遇合。比喻有能力的人遇上好机会。,fēng yún jì huì,风云际会,fyjh,feng yun ji hui,feng,hui
毛泽东《别了，司徒雷登》因此被马歇尔看中，做了驻华大使，成为马歇尔系统中的风云人物之一。”,无,指活跃一时，言论行为能影响大局的人物。,fēng yún rén wù,风云人物,fyrw,feng yun ren wu,feng,wu
毛泽东《清平乐·蒋桂战争》词风云突变，军阀重开战。”,无,风云比喻变幻动荡的局势。局势突然发生了变化。,fēng yún tū biàn,风云突变,fytb,feng yun tu bian,feng,bian
清·王韬《淞隐漫录》其母虽属徐娘，丰韵犹饶，老蚌固宜出此明珠。”,无,形容中年妇女仍然保留着优美的风姿。,fēng yùn yóu cún,风韵犹存,fyyc,feng yun you cun,feng,cun
晋·王羲之《题卫夫人笔陈图后》时年五十有三，或恐风烛奄及，聊遗教于子孙耳。”,有许多象祁老者的老人，希望在太平中度过～，而侵略者的枪炮打碎了他们的希望。★老舍《四世同堂》六,风烛被风吹的蜡烛，容易熄灭；残年残余的岁月，指在世不太久。比喻人到了接近死亡的晚年。,fēng zhú cán nián,风烛残年,fzcn,feng zhu can nian,feng,nian
无,她那风姿绰约的神态让我着迷。,风风度；绰约女子姿态柔美。形容女子风韵姿态柔美动人。,fēng zī chuō yué,风姿绰约,fzcy,feng zi chuo yue,feng,yue
陶菊隐《北洋军阀统治时期史话》第七十一章尽管一再限期攻下怀来，并且用封官许愿的办法来鼓励将士，但是他的阵地始终没有进展一步。”,无,指以名利地位引诱别人来帮助自己达到不正当的目的。,fēng guān xǔ yuàn,封官许愿,fgxy,feng guan xu yuan,feng,yuan
《旧五代史·唐书·明宗纪八》封妻荫子，准格合得者，亦与施行。”,将来到疆场，一刀一枪，博得个～，也不枉了一个青史留名。★清·吴敬梓《儒林外史》第三十九回,君主时代功臣的妻得到封赠，子孙世袭官爵。旧时指为官的荣耀。,fēng qī yìn zǐ,封妻荫子,fqyz,feng qi yin zi,feng,zi
宋·欧阳修《欧阳文忠公集·三九·醉翁亭记》山行六七里，渐闻水声潺潺而泻出于两峰之间者，让泉也。峰回路转，有亭翼然临于泉上者，醉翁亭也。”,无,峰峦重叠环绕，山路蜿蜒曲折。形容山水名胜路径曲折复杂。,fēng huí lù zhuǎn,峰回路转,fhlz,feng hui lu zhuan,feng,zhuan
汉·蔡邕《蔡中郎集·外纪上·汉书十志疏》其时鲜卑连犯云中五原，一月之中烽火不绝，埃尘连天。”,倾城将士，两两相遇，虽然是件韵事，倘使相遇在～之下，便不欢乐了。★清·曾朴《孽海花》第三十二回,形容战火遍及各地。,fēng huǒ lián tiān,烽火连天,fhlt,feng huo lian tian,feng,tian
华而实《汉衣冠》二黄熙胤奉承地解释，想借着师友渊源、故旧情谊来笼络这位锋芒毕露的身居要位的武将。”,无,毕露完全显露。锐气和才华全都显露出来。多指人好表现自己。,fēng máng bì lù,锋芒毕露,fmbl,feng mang bi lu,feng,lu
《史记·项羽本纪》陈涉首难，豪杰蜂起。”,又等了一会子，方见胡统领打着灯笼火把，一路～。★清·李宝嘉《官场现形记》第十二回,象蜂群似的拥挤着过来。形容许多人一起过来。,fēng yōng ér lái,蜂拥而来,fyel,feng yong er lai,feng,lai
清·曹雪芹《红楼梦》第九回墨雨遂掇起一根门闩，扫红、锄药手中都是马鞭子，蜂拥而上。”,无,形容许多人一起涌上来。,fēng yōng ér shàng,蜂拥而上,fyes,feng yong er shang,feng,shang
清·李汝珍《镜花缘》第二十六回徐承志等他去远，刚要回船，前面尘头滚滚，喊声渐近，又来许多草寇。个个头戴浩然巾，手机器械，蜂拥而至。”,该处七哨匪徒，不下数十万人，每聚众时，用牛角一吹，无不～。★清·林则徐《筹办永昌哨匪起程日期折》,像一窝蜂似地一拥而来。形容很多人乱哄哄地朝一个地方聚拢。,fēng yōng ér zhì,蜂拥而至,fyez,feng yong er zhi,feng,zhi
宋·释道原《景德传灯录》卷六竿木随身，逢场作戏。”,不过借他船坐坐舒服些，用他菜吃适口些，～，这有何妨。★清·曾朴《孽海花》第七回,逢遇到；场演戏的场地。原指旧时走江湖的艺人遇到适合的场合就表演◇指遇到机会，偶尔凑凑热闹。,féng chǎng zuò xì,逢场作戏,fczx,feng chang zuo xi,feng,xi
元·纪君祥《赵氏孤儿》楔子旁边转过一个壮士，一臂扶轮，一手策马，逢山开路，救出赵盾去了。”,军旅～，遇水迭桥，岂有泥泞不堪之理。★明·罗贯中《三国演义》第五十回,形容不畏艰险，在前开道。,féng shān kāi lù,逢山开路,fskl,feng shan kai lu,feng,lu
明·施耐庵《水浒全传》第四十二回豪杰交游满天下，逢凶化吉天生成。”,我今叩求皇天保佑，在监的～，有病的早早安身。★清·曹雪芹《红楼梦》第一○六回,逢遭遇；凶不幸；吉吉利、吉祥。遇到凶险转化为吉祥、顺利。这是带有迷信的说法。,féng xiōng huà jí,逢凶化吉,fxhj,feng xiong hua ji,feng,ji
元·杨显之《潇湘雨》第四折解下了这金花八宝凤冠儿，解下了这云霞五彩帔肩儿，都送与张家小姐妆台次，我甘心倒做了梅香听使。”,择了吉日迎娶，一般的鼓乐彩舆，～，花烛拜堂，成了好事。★清·吴趼人《二十年目睹之怪现状》第五十八回,旧时富家女子出嫁时的装束，以示荣耀。也指官员夫人的礼服。,fèng guān xiá pèi,凤冠霞帔,fgxp,feng guan xia pei,feng,pei
南朝·宋·刘义庆《世说新语·容止》大奴固自有凤毛。”《南史·谢超宗传》超宗殊有凤毛。”《北史·文苑传序》学者如牛毛，成者如麟角。”,全县只考上你一个，无论如何是～。★梁斌《红旗谱》二十,凤凰的羽毛，麒麟的角。比喻珍贵而稀少的人或物。,fèng máo lín jiǎo,凤毛麟角,fmlj,feng mao lin jiao,feng,jiao
《史记·廉颇蔺相如列传》以君之贵，奉公如法则上下平，上下平则国强。”,我们每个人都要～，决不能做违法乱纪的事。,奉奉行；公公务。奉公行事，遵守法令。形容办事守规矩。,fèng gōng shǒu fǎ,奉公守法,fgsf,feng gong shou fa,feng,fa
《左传·襄公十四年》敬之如神明。”,这件事荒唐得很！这么一条小蛇，怎么把它～起来？★清·吴趼人《二十年目睹之怪现状》第六十八回,奉信奉；神明神。崇拜得象迷信者敬神那样。形容对某些人或事物的盲目尊重。,fèng ruò shén míng,奉若神明,frsm,feng ruo shen ming,feng,ming
清·钱大昕《六书音韵表序》此书出，将使海内说经之家奉为圭皋，而因文字音声以求训诂古义之兴有日矣，讵独以存古音布局哉。”,适应之说，迄今学人犹～。★鲁迅《坟·人之历史》,奉信奉；圭测日影器；臬射箭的靶子；圭臬比喻事物的准则。比喻把某些言论或事当成自己的准则。,fèng wéi guī niè,奉为圭臬,fwgn,feng wei gui nie,feng,nie
《周易·否》否之匪人，不利君子贞，大往小来。”《周易·泰》泰，小往大来，吉亨。”《吴越春秋·勾践入臣外传》时过于期，否终则泰。”,亏你真心耐，志诚捱，小姐的心回意转，张生你～。（明·崔时佩《西厢记·月下佳期》）,否、泰《周易》中的两个卦名。否卦不顺利；泰卦顺利；极尽头。逆境达到极点，就会向顺境转化。指坏运到了头好运就来了。,pǐ jí tài lái,否极泰来,pjtl,pi ji tai lai,pi,lai
《关尹子·三极》天下之理，夫者倡，妇者随。”,春郎夫妻也各自默默地祷祝。自此上下和睦，～。★明·凌濛初《初刻拍案惊奇》卷二十,随附和。原指封建社会认为妻子必须服从丈夫，后比喻夫妻和好相处。,fū chàng fù suí,夫唱妇随,fcfs,fu chang fu sui,fu,sui
《周易·小畜》舆说辐，夫妻反目。”,无,反目翻眼相看，不和睦。指夫妻不和、吵架。,fū qī fǎn mù,夫妻反目,fqfm,fu qi fan mu,fu,mu
清·李宝嘉《官场现形记》第一回也有先作揖，后磕头的，也有磕起头来，再作一个揖的。礼生见他们参差不齐，也只好由他们敷衍了事。”,我们办事要认真负责，不应采取～的态度。,敷衍做事不认真；了完。指办事马马虎虎，只求应付过去就算完事。,fū yǎn liǎo shì,敷衍了事,fyls,fu yan liao shi,fu,shi
毛泽东《必须注意经济工作》官僚主义的表现，一种是不理不睬或敷衍塞责的怠工现象。”,无,敷衍马虎，不认真，表面上应付；塞责搪塞责任。指工作不认真负责，表面应付了事。,fū yǎn sè zé,敷衍塞责,fysz,fu yan se ze,fu,ze
《战国策·齐策四》夫至百里，民扶老携幼，迎君道中。”,乡里人听见锣响，一个个～，挨挤了看。★清·吴敬梓《儒林外史》第一回,携拉着，带领。搀着老人，领着小孩。,fú lǎo xié yòu,扶老携幼,flxy,fu lao xie you,fu,you
明·施耐庵《水浒全传》第五十五回素知将军仗义行仁，扶危济困，不想果然如此义气。”,在这篇作品中，突出体现了主人公为人民～的英雄主义气慨。,扶帮助；济搭救，拯救。扶助有危难的人，救济困苦的人。,fú wēi jì kùn,扶危济困,fwjk,fu wei ji kun,fu,kun
《庄子·逍遥游》抟扶摇而上者九万里。”,大鹏一日同风起，～九万里。★唐·李白《上李邕》诗,扶摇急剧盘旋而上的暴风。形容上升很快。比喻仕途得意。,fú yáo zhí shàng,扶摇直上,fyzs,fu yao zhi shang,fu,shang
无,无,祛去除。扶持正气，去除邪气。现用来指扶持好的事物，纠正错误倾向。,fú zhèng qū xié,扶正祛邪,fzqx,fu zheng qu xie,fu,xie
南朝·宋·刘义庆《世说新语·方正》王子敬数岁时，尝看诸门生樗蒲，见有胜负，因曰‘南风不竞。’……子敬瞋目曰‘远惭荀奉倩，近愧刘真长。’遂拂袖而去。”,我是愿意人对我反抗，不合则～。★鲁迅《两地书·一三五》,拂袖甩袖子，表示生气。形容生了气，一甩袖子就走了。,fú xiù ér qù,拂袖而去,fxeq,fu xiu er qu,fu,qu
唐·禇亮《临高台》诗浮光随日度，漾影逐波深。”,学问从实地上用功，议论自然确有根据；若～，中无成见，自然随波逐流，无所适从。★清·李汝珍《镜花缘》第十八回,水面的光和掠过的影子，一晃就消逝。比喻观察不细致，学习不深入，印象不深刻。,fú guāng lüè yǐng,浮光掠影,fgly,fu guang lve ying,fu,ying
无,这幅画饱含诗情，使人浮想联翩，神游画外，得到美的享受。,浮想飘浮不定的想象；联翩鸟飞的样子，比喻连续不断。指许许多多的想象不断涌现出来。,fú xiǎng lián piān,浮想联翩,fxlp,fu xiang lian pian,fu,pian
明·洪榝《清平山堂话本·花灯轿莲女成佛记》寿比南山，福如东海，佳期。从今后，儿孙昌盛，个个赴丹墀。”,梁裁缝连忙依着尺寸剪了太太的衣裳，又剪老太太的寿衣，一面嘴里还说了许多～，寿比南山”的话。★清·吴趼人《糊涂世界》卷六,福气象东海那样大。旧时祝颂语。,fú rú dōng hǎi,福如东海,frdh,fu ru dong hai,fu,hai
清·平步青《霞外捃屑》卷五吾道洵堪千古，抚今追昔，能无黯然。”,～，低徊不已，恭王不由得痛哭了一场。★高阳《慈禧前传》,抚拍，摸，引伸为注意，注视；追回想；昔过去。看看现在，想想过去。,fǔ jīn zhuī xī,抚今追昔,fjzx,fu jin zhui xi,fu,xi
唐·司空图《诗品·自然》俯拾即是，不取诸邻。”,松树林里，松果密密麻麻落在地上，～。,俯低头，弯腰；即就。只要低下头来捡取，到处都是。形容多而易得。,fǔ shí jí shì,俯拾即是,fsjs,fu shi ji shi,fu,shi
唐·司空图《诗品·自然》俯拾即是，不取诸邻。”,松树林里，松果密密麻麻落在地上，～。,只要低下头来捡取，到处都是。形容多而易得。,fǔ shí jiē shì,俯拾皆是,fsjs,fu shi jie shi,fu,shi
汉·董卓《上何进书》臣闻扬汤止沸，莫若去薪。”,如今有个道理，是～”之法，只消央人去把告状的安抚住了，众人递个拦词便歇了。★清·吴敬梓《儒林外史》第五回,釜古代的一种锅；薪柴。把柴火从锅底抽掉。比喻从根本上解决问题。,fǔ dǐ chōu xīn,釜底抽薪,fdcx,fu di chou xin,fu,xin
《礼记·礼运》何谓人义？父慈，子孝，兄良，弟悌，夫义，妇听，长惠，幼顺，君仁，臣忠。”,无,父指父母；子子女。父母对子女慈爱，子女对父母孝顺。,fù cí zǐ xiào,父慈子孝,fczx,fu ci zi xiao,fu,xiao
唐·高适《封丘作》诗生事应须南亩田，世事尽付东流水。”,缉捕使臣等听得这话，传在耳朵里，也只好笑笑，谁敢向他家道个不”字？这件事只索～了。★明·凌濛初《二刻拍案惊奇》卷二十,扔在东流的水里冲走。比喻希望落空，成果丧失，前功尽弃，好象随着流水冲走了一样。,fù zhī dōng liú,付之东流,fzdl,fu zhi dong liu,fu,liu
唐·杜牧《阿房宫赋》戍卒叫，函谷举，楚人一炬，可怜焦土。”,除夕，京师富家竞购千竿爆竹，～。★清·淮阴百一居士《壶天录》,付给；之它；炬火把。一把火给烧了。,fù zhī yī jù,付之一炬,fzyj,fu zhi yi ju,fu,ju
宋·陆游《老学庵笔记》卷四乃知朝士妄想，自古已然，可付一笑。”,康有为两人去后，袁世凯犹是～，觉他们举动都不必理他。★清·黄小配《大马扁》第十二回,用笑一笑来回答。比喻不计较，不当一回事。,fù zhī yī xiào,付之一笑,fzyx,fu zhi yi xiao,fu,xiao
唐·高适《封丘作》诗生事应须南亩田，世事尽付东流水。”,惜丙寅清水潭决，稿本～，故录其梗概于此。★清·黄钧宰《金壶七墨·鸳鸯印传奇始末》,付交给；诸之于。扔在东流的水里冲走。比喻希望落空，成果丧失，前功尽弃，好象随着流水冲走了一样。,fù zhū dōng liú,付诸东流,fzdl,fu zhu dong liu,fu,liu
《星火燎原·湘西再起》可是提起他（贺龙）的名字，湘鄂本的人民差不多是妇孺皆知。”,无,孺小孩。妇女、小孩全都知道。指众所周知。,fù rú jiē zhī,妇孺皆知,frjz,fu ru jie zhi,fu,zhi
《史记·廉颇蔺相如列传》廉颇闻之，肉袒负荆，因宾客至蔺相如门谢罪。”,我今特来寻贤弟，～。★明·施耐庵《水浒全传》第四十六回,负背着；荆荆条。背着荆条向对方请罪。表示向人认错赔罪。,fù jīng qǐng zuì,负荆请罪,fjqz,fu jing qing zui,fu,zui
《孟子·尽心下》有众逐虎。虎负嵎，莫之敢撄。”,最后牛元峰逃到镇东头的小寨里，指挥着一个多营～，死不投降。★徐海东《奠基礼》,负依靠；隅山势弯曲险阻的地方。凭借险阻，顽固抵抗。指依仗某种条件，顽固进行抵抗。,fù yú wán kàng,负隅顽抗,fywk,fu yu wan kang,fu,kang
无,该公司由于连年亏损，～，不久便宣告倒闭。,形容负债甚多。,fù zhai lèi lèi,负债累累,fzll,fu zhai lei lei,fu,lei
清·李宝嘉《官场现形记》第四十二回喜欢便宜，暗中上当，附庸风雅，忙里偷闲。”,却偏要～，在扬州盖造了不少的花园，因此种花之风，遍及扬州。★清·吴趼人《情变》第八回,附庸依傍，追随；风雅泛指诗歌。指缺乏文化修养的人为了装点门面而结交文人，参加有关文化活动。,fù yōng fēng yǎ,附庸风雅,fyfy,fu yong feng ya,fu,ya
《荀子·议兵》以桀诈尧，譬之若以卵投石，以指挠沸，若赴水火，入焉焦没耳。”晋·稽康《与山巨源绝交书》长而见羁，则狂顾顿缨，赴汤蹈火。”,有三个人，义胆包身，武艺出众，敢～，同死同生。★明·施耐庵《水浒全传》第十五回,赴走往；汤热水；蹈踩。沸水敢蹚，烈火敢踏。比喻不避艰险，奋勇向前。,fù tāng dǎo huǒ,赴汤蹈火,ftdh,fu tang dao huo,fu,huo
《商君书·壹言》故治国者，其专力也，以富国强兵也。”,起感恩无已，慨然以～自任。★明·冯梦龙《东周列国志》第八十六回,使国家富足，兵力强大。,fù guó qiáng bīng,富国强兵,fgqb,fu guo qiang bing,fu,bing
《汉书·邓通传》邓氏钱布天下，其富如此。”,盖卞滨自他祖父遗下家业，到他手里，单以各处田地而论，已有一万余顷，其余可想而知，真是～。★清·李汝珍《镜花缘》六十四回,敌匹敌。私人拥有的财富可与国家的资财相匹敌。形容极为富有。,fù kě dí guó,富可敌国,fkdg,fu ke di guo,fu,guo
清·文康《儿女英雄传》第三十四回连忙灯下一看，只见当朝圣人出的是三个富丽堂皇的题目。”,他的这篇文章，可谓是～。,富丽华丽；堂皇盛大，雄伟。形容房屋宏伟豪华。也形容诗文词藻华丽。,fù lì táng huáng,富丽堂皇,flth,fu li tang huang,fu,huang
清·薛福成《请豁除旧禁招徕万民疏》闽人多富商巨贾……往往拥有百万，羁栖海外，十无一还。”,无,指拥有大量钱财的商人。同富商大贾”。,fù shāng jù jiǎ,富商巨贾,fsjj,fu shang ju jia,fu,jia
《魏书·崔浩传》裕西入函谷，则进退路穷，腹背受敌；北上岸则姚军必不出关助我。”,他只有奋力冲上这座山峰，才有可能摆脱～的困境。,腹指前面；背指后面。前后受到敌人的夹攻。,fù bèi shòu dí,腹背受敌,fbsd,fu bei shou di,fu,di
《后汉书·何进传》国家之事易可容易？覆水不收，宜深思之。”,如此才人，足以快婚，尔女已是～，何不宛转成就了他。★明·凌濛初《初刻拍案惊奇·通闺闼坚心灯火》,覆倒。倒在地上的水难以收回。比喻事情已成定局，无法挽回。,fù shuǐ nán shōu,覆水难收,fsns,fu shui nan shou,fu,shou
陶菊隐《北洋军阀统治时期史话》第四章但是袁所提的其他五个条件，与改朝换代只有程度上的差别。”,无,旧的朝代为新的朝代所代替。,gǎi cháo huàn dài,改朝换代,gchd,gai chao huan dai,gai,dai
《史记·孝文本纪》妾伤夫死者不可复生，刑者不可复属，虽复欲改过自新，其道无由也。”,子能～，弃越归吴，寡人必当重用。★明·冯梦龙《东周列国志》第八十回,自新自觉改正，重新做人。改正错误，重新做起。,gǎi guò zì xīn,改过自新,ggzx,gai guo zi xin,gai,xin
老舍《四世同堂》九四如今长期失业在家，回英国府的希望越来越渺茫了，得早日改换门庭，另找洋主子才好。”,无,比喻另择新主，另找依靠。,gǎi huàn mén tíng,改换门庭,ghmt,gai huan men ting,gai,ting
《史记·货殖列传》乃乘扁舟浮于江湖，变名易姓。”,无,改换了原来的姓名。,gǎi míng huàn xìng,改名换姓,gmhx,gai ming huan xing,gai,xing
丁玲《杜晚香》外边的惊天动地，改天换地，并没有震动过这偏僻的山沟。”,无,彻底改变原来的面貌。指改造社会，改造自然。,gǎi tiān huàn dì,改天换地,gthd,gai tian huan di,gai,di
唐·寒山《诗三百三首》第二一四首改头换面孔，不离旧时人。”,冤债原从隔世深，相逢便起杀心。～犹相报，何况容颜俨在今。★明·凌濛初《初刻拍案惊奇》卷三十,原指人的容貌发生了改变。现多比喻只改外表和形式，内容实质不变。,gǎi tóu huàn miàn,改头换面,gthm,gai tou huan mian,gai,mian
《汉书·董仲舒传》窃譬之琴瑟不调，甚者必解而更张之，乃可鼓也。”,不～，使吏有士君子之行，而欲民生蒙福，教化淳美，犹欲其入而闭之门也。★清·阮葵生《茶余客话》卷七,更改换；张给乐器上弦。改换、调整乐器上的弦，使声音和谐。比喻改革制度或变更计划、方法。,gǎi xián gēng zhāng,改弦更张,gxgz,gai xian geng zhang,gai,zhang
唐·白居易《王公亮可商州刺史制》况商土瘠，商人贫，可以静理而阜安，不宜改弦而易辙。”宋·王楙《野客丛书·张杜皆有后》使其子孙改弦易辙，务从宽厚，亦足以盖其父之愆。”,殿下放心，待老臣同进朝歌，直谏天子，～，以救祸乱。★明·许仲琳《封神演义》第八回,辙车轮轧过的痕迹。琴换弦，车改道。比喻改变原来的方向、计划、办法等。,gǎi xián yì zhé,改弦易辙,gxyz,gai xian yi zhe,gai,zhe
明·施耐庵《水浒全传》第九十一回将军弃邪归正，与宋某等同替国家出力，朝廷自当重用。”,这才叫～，惩创善心。★明·吴承恩《西游记》第十四回,邪不正当、不正派；归回到。从邪路上回到正路上来，不再做坏事。,gǎi xié guī zhèng,改邪归正,gxgz,gai xie gui zheng,gai,zheng
明·吕坤《大明嘉议大夫刑部左侍郎新吾吕君墓志铭》善恶在我，毁誉由人，盖棺定论，无藉于子孙之乞言耳。”,无,指一个人的是非功过到死后才能做出结论。同盖棺论定”。,gài guān dìng lùn,盖棺定论,ggdl,gai guan ding lun,gai,lun
唐·韩愈《同冠峡》诗行矣且无然，盖棺事乃了。”,在过去说来，她这个小命运已是被～了，然而在今天，这一切都要重新估计。★茹志娟《在果树园里》,论定下结论。盖上棺材盖，才能下结论。人死后对其一生作出评价。,gài guān lùn dìng,盖棺论定,ggld,gai guan lun ding,gai,ding
《后汉书·西域传》然好大不经，奇谲无已，虽邹衍谈天之辩，庄周蜗角之论，尚未足以概莫能外。”,这是共通的道理，古今中外，～。★毛泽东《矛盾论》,概全。一概不能除外。指都在所指范围之内。,gài mò néng wài,概莫能外,gmnw,gai mo neng wai,gai,wai
赵树理《李家庄的变迁·十二》不是老人家，谁能这样干净利落。”,无,利落灵活敏捷，也指整齐，有条理。形容没有多余的东西。令人爽心悦目。也形容动作熟练、敏捷准确。,gān jìng lì luò,干净利落,gjll,gan jing li luo,gan,luo
无,无,快速彻底，不拖泥带水。,gàn jìng lì suǒ,干净利索,gjls,gan jing li suo,gan,suo
清·李汝珍《镜花缘》如此议论，才见读书人自有卓见，真是家学渊源，妹子甘拜下风。”,君神人也，吾等～矣。★清·和邦额《夜谭随录·三官保》,表示真心佩服，自认不如。,gān bài xià fēng,甘拜下风,gbxf,gan bai xia feng,gan,feng
《战国策·燕策一》燕王吊死问生，与百姓同其甘苦。”,无,甘苦欢乐和痛苦；与共共同在一起。共同享受欢乐与幸福，共同承担痛苦与磨难。,gān kǔ yǔ gòng,甘苦与共,gkyg,gan ku yu gong,gan,gong
《诗经·大雅·绵》堇茶如饴。”郑玄笺其所生菜，虽有性苦者，甘如饴也。”,背书背不出，老师”往往大发娇嗔，自然骂得人下不了台，而张曜～。★高阳《清宫外史》上册,甘甜；饴麦芽糖浆。感到象糖那样甜。指为了从事某种工作，甘愿承受艰难、痛苦。,gān zhī rú yí,甘之如饴,gzry,gan zhi ru yi,gan,yi
《战国策·燕策三》吾要且死，子肠亦且寸绝。”,一时想起碑中记中薄命之话，再看看书香、秀英诸人前车之鉴，不由不毛骨悚然，～。（清·李汝珍《镜花缘》第九十九回）,肝肠一寸寸断开。比喻伤心到极点。,gān cháng cùn duàn,肝肠寸断,gccd,gan chang cun duan,gan,duan
《史记·淮阴侯列传》臣愿披腹心，输肝胆，效愚计，恐足下不能用也。”宋·赵令畸《侯鲭录》同心相亲，照心照胆寿千春。”,弟与公子以～，互相知心，故敢以实言相告。★姚雪垠《李自成》第二卷第十八章,肝胆比喻真心诚意。比喻以真心相见。,gān dǎn xiāng zhào,肝胆相照,gdxz,gan dan xiang zhao,gan,zhao
明·许仲琳《封神演义》第三十三回黄天禄上马，提枪出营，见余化曰‘匹夫赶尽杀绝，但不知你可有造化受其功禄！’”,杀戮是对待他们的最简截的办法，正如同要消灭蝗灾只有去～了蝗虫。★老舍《四世同堂》三十三,驱除干净，彻底消灭。比喻残忍狠毒，不留余地。,gǎn jìn shā jué,赶尽杀绝,gjsj,gan jin sha jue,gan,jue
鲁迅《两地书》十八敢作敢当，也是不可不有的精神。”,无,敢有胆量。敢于放手行事，敢于承担责任。,gǎn zuò gǎn dāng,敢作敢当,gzgd,gan zuo gan dang,gan,dang
《隋唐演义》六十九回敢作敢为，并不知宫中忌惮。”,无,形容做事无所畏惧。,gǎn zuò gǎn wéi,敢作敢为,gzgw,gan zuo gan wei,gan,wei
《三国志·吴志·骆统传》今皆感恩戴义，怀欲报之心。”,偶有一个狡滑的民贼出来，略用些小恩小惠来抚弄他，他便欢天喜地～。★清·岭南羽衣女士《东欧女豪杰》第三回,戴尊奉，推崇。感激别人的恩惠和好处。,gǎn ēn dài dé,感恩戴德,gedd,gan en dai de,gan,de
明·冯梦龙《喻世明言》卷八驿官传扬都督之命，将十千钱赠为路费，又备下一辆车儿，差人夫送至姚州普渒驿中居住，张氏心中感激不尽。”,无,感激的心情没有穷尽。形容非常感激。,gǎn jī bù jìn,感激不尽,gjbj,gan ji bu jin,gan,jin
唐·刘禹锡《平蔡行》诗路旁老人忆旧事，相与感激皆涕零。”,贾政听了，～，叩首不已。★清·曹雪芹《红楼梦》第一○七回,涕眼泪；零落。因感激而流泪。形容极度感激。,gǎn jī tì líng,感激涕零,gjtl,gan ji ti ling,gan,ling
陶承《我的一家·新版后记》思前想后，我怎能不感慨万端。”,无,感慨因有所感触而慨叹；万端极多而纷繁。因深有感触而有许多慨叹。,gǎn kǎi wàn duān,感慨万端,gkwd,gan kai wan duan,gan,duan
无,无,因外界事物变化很大而引起许多感想、感触。,gǎn kǎi wàn qiān,感慨万千,gkwq,gan kai wan qian,gan,qian
梁信《从奴隶到将军》下集第一章感情用事罗霄长叹一声‘小马！不是～的时候。’”,无,凭个人的爱憎或一时的感情冲动处理事情。,gǎn qíng yòng shì,感情用事,gqys,gan qing yong shi,gan,shi
常贵田《喇吧声声》轻重缓急，悠扬悦耳，动人心弦，感人肺腑。”,他在会上的发言～。,使人内心深深感动。,gǎn rén fèi fǔ,感人肺腑,grff,gan ren fei fu,gan,fu
《列子·黄帝篇》夫至信之人，可以感物也。动天地，感鬼神，横六合，而无逆者，岂但履危险，入水火而已哉？”,无,使苍天和大地为之感动。形容诚意感人至深。亦比喻使无情天地受感动。形容冤屈极大。,gǎn tiān dòng dì,感天动地,gtdd,gan tian dong di,gan,di
《晚清文学丛钞·轰天雷》第二回再者北山在京，万事求二兄代为照顾，感同身受。”,无,感感激；身亲身。心里很感激，就象自己亲身领受到一样。,gǎn tóng shēn shòu,感同身受,gtss,gan tong shen shou,gan,shou
《左传·宣公十二年》其佐先穣，刚愎不仁，未肯用命。”《尚书·仲虺之诰》好问则裕，自用则小。”,他想起李玉亭所说荪甫的～来了。他决定了主意不跟着荪甫跑了。（茅盾《子夜》十）,愎任性；刚愎强硬回执；自用自以为是。十分固执自信，不考虑别人的意见。,gāng bì zì yòng,刚愎自用,gbzy,gang bi zi yong,gang,yong
《周易·蒙》刚柔节也。”,凡为将者，当以～，不可徒恃其勇。★明·罗贯中《三国演义》第七十一回,刚强的和柔和的互相调剂。,gāng róu xiāng jì,刚柔相济,grxj,gang rou xiang ji,gang,ji
明·余继登《典故纪闻》卷十四有正大不阿，不行私谒者，便以为不贤。”,济南同知吴公，～。★清·蒲松龄《聊斋志异·一员官》,阿迎合，偏袒。刚强正直，不逢迎，无偏私。,gāng zhèng bù ē,刚正不阿,gzbe,gang zheng bu e,gang,e
明·余继登《典故纪闻》卷十四有正大不阿，不行私谒者，便以为不贤。”,无,阿迎合，偏袒。刚强正直，不逢迎，无偏私。,gāng zhí bù ē,刚直不阿,gzbe,gang zhi bu e,gang,e
汉·班固《白虎通·三纲六纪》若罗网之有纪纲而万目张也。”汉·郑玄《诗谱序》举一纲而万目张，解一卷而众篇明。”,有句古语，～”。拿起纲，目才能张，纲就是主题。★毛泽东《善于农业互助合作的两次谈话》,纲鱼网上的总绳；举提起。把大绳子一提起来，一个个网眼就都张开。比喻抓住事物的关键，带动其他环节。也比喻文章条理分明。,gāng jǔ mù zhāng,纲举目张,gjmz,gang ju mu zhang,gang,zhang
曹禺《半日的旅行”》在一间放着垫子和各种各样举重器械的房间里，我遇见了一群钢筋铁骨的青年。”,风餐露宿，转战南北，锤炼出一副～，赤胆忠心。★《人民文学》1977年第8期,筋骨象钢铁打铸的一般。形容身体健壮有力或意志坚强不屈。,gāng jīng tiě gǔ,钢筋铁骨,gjtg,gang jing tie gu,gang,gu
汉·贾谊《陈政事疏·治安策》高者难攀，卑者易陵，理势然也。”,我们反对把创作说得～，但也反对把它说成不须付出心血就轻而易举地可以做到。★茅盾《创作问题漫谈》,攀抓住高处的东西向上爬。高得手也攀不到。形容难以达到。也形容人高高在上，使人难接近。,gāo bù kě pān,高不可攀,gbkp,gao bu ke pan,gao,pan
清·李宝嘉《官场现形记》第十五回孙文慨然道‘公系我国的政治家，一切设施，比文等高出一筹，文亦不必参议。’”,无,筹筹码。比别人高出一个筹码。指比别人高明一些。,gāo chū yī chóu,高出一筹,gcyc,gao chu yi chou,gao,chou
宋·胡仔《苕溪渔隐从话后集》卷一余谓渊明高风峻节，固已无愧于四皓，然犹仰慕之，尤见其好贤尚友之情也。”,蓝先生不佩服世界史中的任何圣哲与伟人，因而也就不去摹仿他们的～。★老舍《四世同堂》二十三,高风高尚的品格；亮节坚贞的节操。形容道德和行为都很高尚。,gāo fēng liàng jié,高风亮节,gflj,gao feng liang jie,gao,jie
《诗经·周颂·敬之》无曰高高在上，陟降厥士，日监在兹。”,有着理智的青年朋友们眼看部长～，三青团”爪牙虎视眈眈，也只有沉默装傻而已。★邹韬奋《患难余生记》第二章,原指地位高，现在形容领导者脱离实际，脱离群众。,gāo gāo zài shàng,高高在上,ggzs,gao gao zai shang,gao,shang
《解放日报》1996.6.13我国广告业高歌猛进。”,中国的体育健儿正再接再厉，高歌猛进。,高声歌唱，勇猛前进。形容在前进的道路上，充满乐观精神。,gāo gē měng jìn,高歌猛进,ggmj,gao ge meng jin,gao,jin
《荀子·议兵》是高爵丰禄之所加也，荣孰大焉。”汉·司马迁《报任少卿书》下之不能积日累劳，取尊官厚禄，以为宗族交游光宠。”,假如有一等做官的，误国欺君，侵剥百姓，虽然～，难道不是大盗。★明·凌濛初《初刻拍案惊奇》卷八,禄俸禄。泛指职位高，待遇优。,gāo guān hòu lù,高官厚禄,gghl,gao guan hou lu,gao,lu
唐·王勃《滕王阁序》千里逢迎，高朋满座。”,邕～，闻粲至，倒履迎之。★明·罗贯中《三国演义》第四十回,高高贵。高贵的朋友坐满了席位。形容宾客很多。,gāo péng mǎn zuò,高朋满座,gpmz,gao peng man zuo,gao,zuo
《礼记·檀弓上》献子加于人一等矣。”,我们只有使自己操练得～，才有战略胜利的可能。★毛泽东《中国革命战争的战略问题》,比别人高出一个等级。指高过一般人。,gāo rén yī děng,高人一等,gryd,gao ren yi deng,gao,deng
明·施耐庵《水浒传》第八十六回众人打一看时，四面尽是高山，左右是悬崖峭壁，只见高山峻岭，无路可登。”,三峡之中，唯巫峡最长。两岸都是～，古木阴森，映蔽江面，止露得中间一线的青天。★明·冯梦龙《醒世恒言》第二十五卷,峻山高而陡。又高又险的山岭。,gāo shān jùn lǐng,高山峻岭,gsjl,gao shan jun ling,gao,ling
《列子·汤问》伯牙鼓琴，志在登高山，钟子期曰‘善哉，峨峨兮若泰山。’志在流水，曰‘善哉，洋洋兮若江河。’”,孔圣人尚学琴于师襄，一操便知其为文王。～，得遇知音。★清·曹雪芹《红楼梦》第八十六回,比喻知己或知音。也比喻乐曲高妙。,gāo shān liú shuǐ,高山流水,gsls,gao shan liu shui,gao,shui
《诗经·小雅·车辖》高山仰止，景行行止。”,夫岂不怀，～，愿言敏德，啜菽饮水。★唐·王勃《倬彼我系》,高山比喻高尚的品德。比喻对高尚的品德的仰慕。,gāo shān yǎng zhǐ,高山仰止,gsyz,gao shan yang zhi,gao,zhi
《汉书·严延年传》吏民莫能测其意深浅，战栗不敢犯禁。”,他说话常故弄玄虚，使人感到～。,高深的程度无法揣测。形容使人难以理解。,gāo shēn mò cè,高深莫测,gsmc,gao shen mo ce,gao,ce
刘伯承《回忆长征》翻越了高耸入云的雪山，跋涉了渺无人烟的草原。”,无,耸直立，高起。高高地直立，直入云端。形容建筑物、山峰等高峻挺拔。,gāo sǒng rù yún,高耸入云,gsry,gao song ru yun,gao,yun
宋·邵雍《伊川击壤集·谢宁寺丞惠希夷》能斟时事高抬贵手，善酌人情略拨头。”,娘是小的一个主儿，娘不～，小的一时儿存站不的。★明·兰陵笑笑生《金瓶梅词话》第二十三回,旧时恳求人原谅或饶恕的话。意思是您一抬手我就过去了。,gāo tái guì shǒu,高抬贵手,gtgs,gao tai gui shou,gao,shou
唐·吕岩《徽宗斋会》高谈阔论若无人，可惜明君不遇真。”,柴进～，一片言语，娄敏中大喜，就留柴进在相府管待。★明·施耐庵《水浒全传》第一百十六回,高高深；阔广阔。多指不着边际地大发议论。,gāo tán kuò lùn,高谈阔论,gtkl,gao tan kuo lun,gao,lun
清·禇人获《隋唐演义》第十一回这个人浑身都是新衣服，铺盖齐整，随身有兵器，骑的是高头大马。”,无,指体形高大的马。也比喻人的体形高大。,gāo tóu dà mǎ,高头大马,gtdm,gao tou da ma,gao,ma
《史记·高祖本纪》地势便利，其以下兵于诸侯，譬犹居高屋之上建瓴水也。”,革命的豪情和革命的气魄，使他的史剧气势恢阔，振摆超腾，～，雄浑奔放。★《郭沫若剧作全集编后记》,建倒水，泼水；瓴盛水的瓶子。把瓶子里的水从高层顶上倾倒。比喻居高临下，不可阻遏。,gāo wū jiàn líng,高屋建瓴,gwjl,gao wu jian ling,gao,ling
汉·王充《论衡·别通篇》夫闭户塞意，不高瞻览者，死人之徒也哉。”,他们的切身的问题，也使他们无暇去～的去关心与分析世界问题。★老舍《四世同堂》七十三,瞻视，望；瞩注视。站得高，看得远。比喻眼光远大。,gāo zhān yuǎn zhǔ,高瞻远瞩,gzyz,gao zhan yuan zhu,gao,zhu
《战国策·魏策一》事秦，则楚韩必不敢动，无楚韩之患，则大王高枕而卧，国必无忧矣。”,孔明已死，我等皆～矣。★明·罗贯中《三国演义》第一百四回,垫高枕头睡觉，无忧无虑。比喻思想麻痹，丧失警惕。,gāo zhěn wú yōu,高枕无忧,gzwy,gao zhen wu you,gao,you
明·凌濛初《初刻拍案惊奇》卷二十西京洛阳县有一官人，姓刘名弘敬，字元普，曾任过青州刺史，六十岁上告老还乡。”,无,年老辞职，回到家乡。,gào lǎo huán xiāng,告老还乡,glhx,gao lao huan xiang,gao,xiang
《史记·周本纪》民皆歌乐之，颂其德。”,保持艰苦奋斗作风，制止～现象。★毛泽东《党委会的工作方法》,歌、颂颂扬。颂扬功绩和德行。,gē gōng sòng dé,歌功颂德,ggsd,ge gong song de,ge,de
《左传·襄公三十一年》文王之初，天下诵而歌舞之。”汉·张衡《东京赋》躬自菲薄，治致升平之德。”,但一班醉生梦死的达官贵人，却又个个兴高采烈，～起来。★清·曾朴《孽海花》第六回,升平太平。边歌边舞，庆祝太平。有粉饰太平的意思。,gē wǔ shēng píng,歌舞升平,gwsp,ge wu sheng ping,ge,ping
《周易·杂卦》革，去故也，鼎，取新也。”,北京地方，受历代君主的压力，害得毫无生气，此后～，当有一番佳境。★蔡东藩、许廑父《民国通俗演义》第七回,革改变，革除；故旧的；鼎树立。旧指朝政变革或改朝换代。现泛指除去旧的，建立新的。,gé gù dǐng xīn,革故鼎新,ggdx,ge gu ding xin,ge,xin
《礼记·学记》发然后禁，则抜格而不胜。”,我本不知运动”的人，所以凡所讲演，多与该同盟～。★《鲁迅书信集·致章廷谦》,格格阻碍，隔阂。形容彼此不协调，不相容。,gé gé bù rù,格格不入,ggbr,ge ge bu ru,ge,ru
《后汉书·刘盆子传》诸卿皆老傭也。今日设君臣之礼，反更殽乱，儿戏尚不如此，皆可格杀。”,如有白拒捕等事，～。★《负曝闲谈》第三回,格打；格杀打死；勿论不论罪。指把拒捕、行凶或违反禁令的人当场打死而不以杀人论罪。,gé shā wù lùn,格杀勿论,gswl,ge sha wu lun,ge,lun
《礼记·大学》致知在格物，物格而后知至。”,顾彼西洋以～为学问本始，中国非不尔云也，独何以民智之相越乃如此耶？★严复《原强》,格推究；致求得。穷究事物原理，从而获得知识。,gé wù zhì zhī,格物致知,gwzz,ge wu zhi zhi,ge,zhi
唐·乾康《投谒齐已》隔岸红尘忙似火，当轩青嶂冷如冰。”,他原是在～呀。★郭沫若《南冠草》第二幕,隔着河看人家着火。比喻对别人的危难不去求助，在一旁看热闹。,gé àn guān huǒ,隔岸观火,gagh,ge an guan huo,ge,huo
宋·严羽《沧浪诗语·诗法》意贵透澈，不可隔靴搔痒。”,批语家也必须深入生活，否则，～的事情，总是难免的吧！★秦牧《鲜荔枝和干荔枝》,搔抓。隔着靴子搔痒痒。比喻说话作文不中肯，不贴切，没有抓住要点。或做事没有抓住关键。,gé xuē sāo yǎng,隔靴搔痒,gxsy,ge xue sao yang,ge,yang
宋·向子谚《西江月·绍兴丁巳，遍走浙东诸郡……》居士何如学士，翰林休笑芗林。个中真味少知音，不是清狂太甚。”,无,个中其中；滋味味道，情味。其中的味道。指切身体会的甘苦。,gè zhōng zī wèi,个中滋味,gzzw,ge zhong zi wei,ge,wei
冯玉祥《我的生活》第二十三章于是两方明争暗斗，各不相让，一天利（历）害一天。”,无,让歉让。互不谦让、让步。,gè bù xiāng ràng,各不相让,gbxr,ge bu xiang rang,ge,rang
宋·钱易《南部新书·乙》凡中书有军国政事，则中书舍人各执所见，杂署其名，谓之五花判事。”,然此辈执术疏，谋生急，信口欺诈，言人人殊，甚至徒毁其师，子讥其父，～，彼此相非。★清·黄钧宰《金壶七墨·堪舆》,持抓住不放。各人都坚持自己的意见。,gè chí jǐ jiàn,各持己见,gcjj,ge chi ji jian,ge,jian
《周易·系辞下》日中为市，致天下之民，聚天下之货，交易而退，各得其所。”,全国人民都要有说话的机会，都要有衣穿，有饭吃，有事做，有书读，总之是要～。★毛泽东《在陕甘宁边区参议会的演说》,原指各人都得到满足◇指每个人或事物都得到恰当的位置或安排。,gè dé qí suǒ,各得其所,gdqs,ge de qi suo,ge,suo
毛泽东《中国的红色政权为什么能够存在》集中红军相机应付当前之敌，反对分兵，避免被敌人各个击破。”,无,各个逐个；击攻。军事术语。指利用优势兵力将被分割开的敌军一部分一部分消灭。有时也比喻将问题逐个解决。,gè gè jī pò,各个击破,ggjp,ge ge ji po,ge,po
《后汉书·曹褒传》汉遭秦余，礼坏乐崩，且因循故事，未可观省，有知其说者，各尽所能。”,其次，是许多人梦想着将来的好社会，～”呀，大同世界”呀，很有些越轨”气息了。★鲁迅《南腔北调集·听说梦》,尽用尽；能才能。各人尽自己的能力去做。,gè jìn suǒ néng,各尽所能,gjsn,ge jin suo neng,ge,neng
徐迟《汉水桥头》所有的人已各就各位，摆好了阵势。”,无,各自到自己的岗位上。,gè jiù gè wèi,各就各位,gjgw,ge jiu ge wei,ge,wei
唐·吴兢《贞观政要》用人如器，各取所长。”,无,指要善于运用事物或人本身所具有的长处。,gè qǔ suǒ cháng,各取所长,gqsc,ge qu suo chang,ge,chang
巴金《在尼斯》读者们不是一块铁板，他们有各人的看法，他们是‘各取所需’。”,无,各自选取自己所需要的。,gè qǔ suǒ xū,各取所需,gqsx,ge qu suo xu,ge,xu
清·李绿园《歧路灯》第87回却说盛公子一派话儿，把官亲投任的人，各色各样，形容的一个详而且尽。”,那天楼底下坐着许多老百姓，男女老少，～的人物都有。★冯玉祥《我的生活》第34章,色种类。各种类别，各种式样。,gè sè gè yàng,各色各样,gsgy,ge se ge yang,ge,yang
蔡东藩、许廑父《民国通俗演义》第六十一回各色人等，务望各安本分，勿再稍事纷扰，自召虚惊。”,无,色种类；人等人们。社会上各种职业各个阶层的人们。,gè sè rén děng,各色人等,gsrd,ge se ren deng,ge,deng
茅盾《子夜》十二毒太阳晒得马路上的柏油发软，汽车轮辗过，就印成了各式各样的花纹。”,儿童乐园里的玩具～，真是好玩极了。,指多种不同的式样、种类或方式。,gè shì gè yàng,各式各样,gsgy,ge shi ge yang,ge,yang
唐·李翱《李文权文集·陵庙日时朔祭议》先儒穿凿，各伸己见，皆托古圣贤之名以信其语，故其所记各不同也。”,据我主意，何不～，出个式子，岂不新鲜些？★清·李汝珍《镜花缘》第七十四回,抒抒发，发表。各人充分发表自己的意见。,gè shū jǐ jiàn,各抒己见,gsjj,ge shu ji jian,ge,jian
《庄子·徐无鬼》天下非有公是也，而各是其所是。”,我之求死，你之求生，是～。★清·吴趼人《痛史》第二十一回,行做，办；是对的。按照各自认为对的去做。比喻各搞一套。,gè xíng qí shì,各行其是,gxqs,ge xing qi shi,ge,shi
汉·李陵《与苏武三首》嘉会难再遇，三载为千秋。”,中国抒情诗与叙事诗一向同样地发展，～的呵。★茅盾《〈诗论〉管窥》,千秋千年，引伸为久远。各有各的存在的价值。比喻各人有各人的长处，各人有各人的特色。,gè yǒu qiān qiū,各有千秋,gyqq,ge you qian qiu,ge,qiu
《管子·形势解》明主之官物也，任其所长，不任其所短，故事无不成，而功无不立。乱主不知物之各有所长所短也。”,无,长长处、优点。各有各的长处、优点。一般多指人才而言。,gè yǒu suǒ chéng,各有所长,gysc,ge you suo cheng,ge,cheng
宋·钱易《南部新书·乙》凡中书有军国政事，则中书舍人各执所见，杂署其名，谓之五花判事。”,两人终日谈论，～，不相上下。★明·北梦龙《古今小说·明悟禅师赶五戒》,各人都坚持自己的意见。,gè zhí jǐ jiàn,各执己见,gzjj,ge zhi ji jian,ge,jian
明·冯梦龙《醒世恒言》卷二十九两下各执一词，难以定招。”,辩论会上，双方～，争执不下。,执坚持。各人坚持各人的说法。形容意见不一致。,gè zhí yī cí,各执一词,gzyc,ge zhi yi ci,ge,ci
《史记·项羽本纪》君王能自陈以东傅海，尽与韩信；睢阳以北至谷城，以与彭越；使各自为战，则楚易败也。”,后来他们被敌人隔开，～。★姚雪垠《李自成》第二卷第二十六章,各自成为独立的单位进行战斗。,gè zì wéi zhàn,各自为战,gzwz,ge zi wei zhan,ge,zhan
《诗经·小雅·节南山》不自为政，卒劳百姓。”《左传·宣公二年》畴昔之羊，子为政，今日之事，我为政。”,诸将专威于外，～，莫或同心。★《三国志·吴志·胡综传》,为政管理政事，泛指行事。各自按自己的主张办事，不互相配合。比喻不考虑全局，各搞一套。,gè zì wéi zhèng,各自为政,gzwz,ge zi wei zheng,ge,zheng
《老子》有国之母，可以长久，是谓深根固柢，长生久视之道。”《韩非子·解老》柢固则生长，根深则视久。”,但我总还想对于～的所谓旧文明，施行袭击，令其动摇，冀将来有万一之希望。★鲁迅《两地书·十一》,比喻基础深厚，不容易动摇。,gēn shēn dì gù,根深蒂固,gsdg,gen shen di gu,gen,gu
汉·刘安《屏风赋》维兹屏风，出自幽谷，根深枝茂，号为乔木。”,无,茂繁茂。根扎得深，叶子就茂盛。比喻基础牢固，就会兴旺发展。,gēn shēn yè mào,根深叶茂,gsym,gen shen ye mao,gen,mao
《诗经·邶风·柏舟》耿耿不寐，如有隐忧。”,同学之间应团结互助，绝不能因一点小事就～。,耿耿有心事的样子。不能忘怀，牵萦于心。,gěng gěng yú huái,耿耿于怀,ggyh,geng geng yu huai,geng,huai
明·冯梦龙《醒世恒言》卷二十九汪知县公报私仇，借家人卢才的假人命，装在我名下，要加小的死罪。”,昏君乱相，为别人～。（清·孔尚任《桃花扇·逮社》）,假借公事报私人的仇恨。,gōng bào sī chóu,公报私仇,gbsc,gong bao si chou,gong,chou
郭沫若《水平线下·到宜兴去》像他这样不折不扣的国而忘家，公而忘私的人，泱泱的中国中，究竟能有几个？”,这两位同学的破釜沉舟，～的勇气，是使我私心佩服的，★郭沫若《革命春秋·创造十年续篇》,为了公事而不考虑私事，为了集体利益而不考虑个人得失。,gōng ér wàng sī,公而忘私,gews,gong er wang si,gong,si
毛泽东《三大运动的伟大胜利》只要美国政府愿意在公平合理的基础上解决问题，不再如过去那样用种种可耻的方法破坏和阻挠谈判的进行，则朝鲜的停战谈判是可能成功的。”,站好了队，排好了号，分果实分土地就～。★周立波《暴风骤雨》第二部,指处理事情公正符合情理。,gōng píng hé lǐ,公平合理,gphl,gong ping he li,gong,li
明·吴承恩《西游记》第68回公平交易，又不化他，又不抢他，何罪之有！”,我们需要市场的～，才能保证市场繁荣。,公平合理的买卖。,gōng píng jiāo yì,公平交易,gpjy,gong ping jiao yi,gong,yi
宋·魏了翁《奏外寇未静二相不咸旷天工而违明几》自今公事公言，进而明目张胆以陈之论奏，退而同心协虑以见之施行，毋面从而背违也。”,藩台见人家不来打点，他便有心～，先从余荩臣下手。★清·李宝嘉《官场现形记》第三十三回,公事按公事的原则办，不讲私人情面。,gōng shì gōng bàn,公事公办,gsgb,gong shi gong ban,gong,ban
清·昭槤《啸亭杂录·金元史》劾其贪酷诸款，而后又言其公正廉洁、惜名器、重士节诸语。”,他一辈子都要求自己～地做官。,指廉洁奉公，不循私情。,gōng zhèng lián jié,公正廉洁,gzlj,gong zheng lian jie,gong,jie
《荀子·赋》公正无私，反见纵横。”《淮南子·修务训》若夫尧眉八彩，九窍通洞，而公正无私，一言而万民齐。”,无,办事公正，没有私心。,gōng zhèng wú sī,公正无私,gzws,gong zheng wu si,gong,si
无,无,公公开；之代指事物的内容；于向；众大众。把事情真相向大家公布。,gōng zhī yú zhòng,公之于众,gzyz,gong zhi yu zhong,gong,zhong
《三国志·杨阜传》弃垂成之功，陷不义之名，阜以死守之。”《晋书·谢玄传论》庙算有余，良图不果；降龄何促，功败垂成。”,况且十二道金牌，他未必不知道是假的，何必就班师回去，以致～。（清·吴趼人《二十年目睹之怪现状》第六十一回）,垂接近，快要。事情在将要成功的时候遭到了失败。,gōng bài chuí chéng,功败垂成,gbcc,gong bai chui cheng,gong,cheng
《墨子·修身》功成名遂，名誉不可虚假。”,你则说做官的～，我则说出家的延年益寿。★元·范子安《陈季卿误上竹叶舟》第二折,功功业。就达到。功绩取得了，名声也有了。,gōng chéng míng jiù,功成名就,gcmj,gong cheng ming jiu,gong,jiu
《老子》第九章功成、名遂、身退，天之道。”,无,身自身，自己。指大功告成之后，自行隐退，不再复出。,gōng chéng shēn tuì,功成身退,gcst,gong cheng shen tui,gong,tui
《汉书·丙吉传》所以拥全神灵，成育圣躬，功德已无量矣。”,现在先生既然得到原文，我的希望是给他们彻底的修改一下，虽然牺牲太大，然而～。★《鲁迅书信集·致孟十还》,功德功业和德行；无量无法计算。旧时指功劳恩德非常大。现多用来称赞做了好事。,gōng dé wú liàng,功德无量,gdwl,gong de wu liang,gong,liang
隋·隋炀帝《入朝遣使参书》奉五月二日诲，用慰驰结，仰承衡岳，功德圆满，便致荆巫。”,兄弟算是原经手，了此一事，～。★茅盾《清明前后》,功德佛教用语，指诵经、布施等。多指诵经等佛事结束。比喻举办事情圆满结束。,gōng dé yuán mǎn,功德圆满,gdym,gong de yuan man,gong,man
《尚书·旅獒》为山九仞，功亏一篑。”,倘朝廷内外不和，动辄掣肘，必将使剿贼大事，～。★姚雪垠《李自成》第二卷第三十二章,亏欠缺；篑盛土的筐子。堆九仞高的山，只缺一筐土而不能完成。比喻作事情只差最后一点没能完成。,gōng kuī yī kuì,功亏一篑,gkyk,gong kui yi kui,gong,kui
郭沫若《南冠草》第一幕只因功名利禄得不到保障，所以他们便想到要和流寇苟合，铤而走险。”,牛启东素不喜章句之学，认为那是腐儒伪装道学的幌子，驵侩谋求～的阶梯，无关乎国计民生。★姚雪垠《李自成》第一卷第十九章,指名利地位。,gōng míng lì lù,功名利禄,gmll,gong ming li lu,gong,lu
《淮南子·兵略训》攻城略地，莫不降下。”,英法联军侵华的那几年，法国海军附带在越南～。★高阳《清宫外史》下册,略掠夺。攻打城市，掠夺土地。,gōng chéng lüè dì,攻城略地,gcld,gong cheng lve di,gong,di
清·曾朴《孽海花》第十八回可惜后来伊藤博文到津，何太真受了北洋之命，与彼立了攻守同盟的条约，我恐朝鲜将来有事，中、日两国，必然难免争端吧。”,日本既与英结英日同盟，及日俄战役方酣，又与韩结日韩～。★清·梁启超《中国外交方针私议》,原指国与国之间订立盟约，战时彼此联合进攻或防卫。现多指坏人互相订约，为掩盖罪恶而一致行动。,gōng shǒu tóng méng,攻守同盟,gstm,gong shou tong meng,gong,meng
《战国策·秦策二》是知秦战未尝不胜，攻未尝不取，所当未尝不破也。”,中国人民解放军～，战无不胜，所向披靡。,克攻下。没有攻占不下来的。形容力量无比强大。,gōng wú bù kè,攻无不克,gwbk,gong wu bu ke,gong,ke
巴金《忆觉醒与活动》当时在成都新的书报很受欢迎，常常供不应求。”,无,供供给，供应；求需求，需要。供应不能满足需求。,gōng bù yìng qiú,供不应求,gbyq,gong bu ying qiu,gong,qiu
无,市场一旦～，价格就会急剧下跌。,供给的数量超过需要的数量。,gōng guò yú qiú,供过于求,ggyq,gong guo yu qiu,gong,qiu
宋·欧阳修《醉翁亭记》射者中，奕者胜，觥筹交错，坐起而喧哗者，众宾欢也。”,余大先生抬头看尊经阁上绣衣朱履，～。★清·吴敬梓《儒林外史》第四十七回,觥古代的一种酒器；筹行酒令的筹码。酒杯和酒筹杂乱地放着。形容许多人聚会喝酒时的热闹场景。,gōng chóu jiāo cuò,觥筹交错,gcjc,gong chou jiao cuo,gong,cuo
蔡东藩、许廑父《民国通俗演义》第四十一回明知众寡不敌，守不住这个青岛，但若拱手让人，殊不甘心。”,无,拱手双手合抱在胸前，以示敬意。恭顺地让给别人。形容怯弱可欺或甘心为奴仆、附庸。,gǒng shǒu ràng rén,拱手让人,gsrr,gong shou rang ren,gong,ren
无,无,国是国事；国家的大政方针。共同商量国家的政策和方针。,gòng shāng guó shì,共商国是,gsgs,gong shang guo shi,gong,shi
唐·杜牧《阿房宫赋》各报地势，钩心斗角。”,在这件事上，他们最是赤祼祼地毫无～的意思。★茅盾《虹》九,原指宫室建筑结构的交错和精巧◇比喻用尽心机，明争暗斗。,gōu xīn dòu jiǎo,勾心斗角,gxdj,gou xin dou jiao,gou,jiao
《敦煌变文集·燕子赋》人急烧香，狗急蓦墙。”,今儿我听了他的短儿，人急造反，～”，不但生事，而且我还没趣。★清·曹雪芹《红楼梦》第二十二回,狗急了也能跳过墙去。比喻坏人在走投无路时豁出去，不顾一切地捣乱。,gǒu jí tiào qiáng,狗急跳墙,gjtq,gou ji tiao qiang,gou,qiang
刘复《自序》再往下说，那就是信口开河，不如到庙会上卖狗皮膏药去！”,无,中医用狗皮膏药消肿止痛。比喻骗人的货色。,gǒu pí gāo yào,狗皮膏药,gpgy,gou pi gao yao,gou,yao
明·施耐庵《水浒全传》第五十三回马知府道‘必然是个妖人！’教去取些法物来。牢子、节级将李逵捆翻，驱下厅前草地里，一个虞候掇一盆狗血没头一淋。”,无,旧时迷信说法，谓狗血淋在妖人头上，就可使其妖法失灵◇形容骂得很凶，使被骂者如淋了狗血的妖人一样，无言以对，无计可施。,gǒu xuè lín tóu,狗血淋头,gxlt,gou xue lin tou,gou,tou
《荀子·荣辱》今夫偷生浅知之属，曾比而不知也。”,但他知道，那种高官厚禄、那种的～，是比死还要可怕。★郭沫若《屈原》第一幕,苟且得过且过；偷生苟且地活着。得过且过，勉强活着。,gǒu qiě tōu shēng,苟且偷生,gqts,gou qie tou sheng,gou,sheng
宋·欧阳修《与韩忠献王》遽来居颖，苟存残喘，承赐恤问，敢此勉述。”明·马中锡《中山狼传》今日之事，何不使我得早处囊中，以苟延残喘乎？”,穷得当卖全无，虽只区区四金，到也不无小补，又可以～得好几日了。★清·李宝嘉《官场现形记》第二十八回,苟暂且，勉强；延延续；残喘临死前的喘息。勉强延续临死前的喘息。比喻暂时勉强维持生存。,gǒu yán cán chuǎn,苟延残喘,gycc,gou yan can chuan,gou,chuan
《礼记·檀弓上》细人之爱人也以姑息。”,为有勾结匪类，荡轶范围情事，尤为法律所不容，切勿～，致贻隐患。★蔡东藩、许廑父《民国通俗演义》第三十三回,姑息为求苟安，无原则地宽容；养助长；奸坏人坏事。无原则地宽容，只会助长坏人作恶。,gū xī yǎng jiān,姑息养奸,gxyj,gu xi yang jian,gu,jian
宋·张孝祥《念奴娇·过洞庭》词应念岭表经年，孤芳自赏，肝胆皆冰雪。”,然而忆到这～，别有怀抱的句子，又不禁喜悦的笑了。★冰心《寄小读者·通讯九》,孤芳独秀一时的香花。把自己比做仅有的香花而自我欣赏。比喻自命清高。,gū fāng zì shǎng,孤芳自赏,gfzs,gu fang zi shang,gu,shang
《礼记·玉藻》凡自称，小国之君曰孤。”《孟子·梁惠王上》寡人之于国也，尽心焉耳矣。”,到了今日，云岫竟变了个～了。★清·吴趼人《二十年目睹之怪现状》第六十五回,古代帝王的自称◇指脱离群众，孤立无助的人。,gū jiā guǎ rén,孤家寡人,gjgr,gu jia gua ren,gu,ren
《魏书·赵瑕传》思祖率彭沛之众望阵奔退，瑕孤军奋击，独破仙瑅。”《隋书·虞庆则传》由是长儒孤军奋战，死者十八九。”,无,奋战尽全力地战斗。孤立无助的军队单独对敌作战。也比喻一个人或一个集体无人支援、帮助的情况下努力从事某项斗争。,gū jūn fèn zhàn,孤军奋战,gjfz,gu jun fen zhan,gu,zhan
《周书·贺若敦传》瑱等以敦孤军深入，规欲取之。”,金以～，师道请迟西师之至而击之。★《宋史·种世衡传论》,孤立无援的军队深入到敌作战区。,gū jūn shēn rù,孤军深入,gjsr,gu jun shen ru,gu,ru
《隋书·虞庆则传》由是长儒孤军奋战，死者十八九。”,我们已经脱离了过去那种慢慢发展的～的情况。★《毛泽东选集·中国革命战争的战略问题》,孤立无援的军队单独奋战。比喻单独办事，没有人支援。,gū jūn zuò zhàn,孤军作战,gjzz,gu jun zuo zhan,gu,zhan
晋·李密《陈情表》臣少多疾病，九岁不行。零丁孤苦，至于成立。”,头里有老太太，到底还疼我些；如今也死了，留下我～，如何了局？★清·曹雪芹《红楼梦》第一一二回,伶仃孤独，没有依靠。孤单困苦，没有依靠。,gū kǔ líng dīng,孤苦伶仃,gkld,gu ku ling ding,gu,ding
《后汉书·班超传》十八年，帝崩，焉耆以中国大丧，遂攻没都护陈睦，超孤立无援。”,庄公既碍姜氏之面，又度公孙滑～，不能有为。（明·冯梦龙《东周列国志》第五回）,只有一个人或一方面的力量，得不到外力援助。,gū lì wú yuán,孤立无援,glwy,gu li wu yuan,gu,yuan
《后汉书·班超传》十八年，帝崩，焉耆以中国大丧，遂攻没都护陈睦，超孤立无援。”,属者椒寝未繁，肖星不耀，～，有识寒心。★宋·周辉《清波杂志》卷一,只有一个人或一方面的力量，得不到外力援助。,gū lì wú zhù,孤立无助,glwz,gu li wu zhu,gu,zhu
《礼记·学记》独学而无友，则孤陋而寡闻。”,某～，不足当公之荐。★明·罗贯中《三国演义》第十回,陋浅陋；寡少。形容学识浅陋，见闻不广。,gū lòu guǎ wén,孤陋寡闻,glgw,gu lou gua wen,gu,wen
《韩非子·功名》人主之患在莫之应，故曰一手独拍，虽疾无声。”,为见解珍、解宝是个好汉，有心要救他，史是单丝不线，～，只报得他一个信。★明·施耐庵《水浒全传》第四十九回,一个巴掌拍不响。比喻力量孤单，难以成事。,gū zhǎng nán míng,孤掌难鸣,gznm,gu zhang nan ming,gu,ming
《宋史·寇准传》博者输钱欲尽，乃罄所有出之，谓之孤注。”《晋书·何无忌传》刘毅家无担石之储，樗蒲一掷百万。”,无如他被全台的公愤逼迫得没有回旋余地，只好挺身而出，作～了。★清·曾朴《孽海花》第三十二回,把所有的钱一次押上去，决一输赢。比喻在危急时用尽所有力量作最后一次冒险。,gū zhù yī zhì,孤注一掷,gzyz,gu zhu yi zhi,gu,zhi
《管子·法法》钓名之人，无贤士焉。”《后汉书·逸民传序》彼虽硁硁有类沽名者。”,我只道你只不过是～，却不道长他的志气，灭我的威风。★明·张凤翼《灌园记·齐王拒谏》,沽买；钓用饵引鱼上钩，比喻骗取。用某种不正当的手段捞取名誉。,gū míng diào yù,沽名钓誉,gmdy,gu ming diao yu,gu,yu
无,几个人当中，毕竟是老头子秦梅士～。（清·李宝嘉《官场现形记》第四十四回）,古道上古时代的风俗习惯，形容厚道；热肠热心肠。指待人真诚、热情。,gǔ dào rè cháng,古道热肠,gdrc,gu dao re chang,gu,chang
茅盾《子夜》九翻遍了古今中外的历史，没有一个国家曾经用这种所谓示威运动而变成了既富且强。”,无,指从古代到现代，从国内到国外。泛指时间久远，空间广阔。,gǔ jīn zhōng wài,古今中外,gjzw,gu jin zhong wai,gu,wai
无,无,参天高入云天。古老的树木枝茂叶繁异常高大。,gǔ mù cān tiān,古木参天,gmct,gu mu can tian,gu,tian
宋·赵希鹄《洞天清录》古画色墨，或淡墨，则积尘所成，有一种古香可爱。”,你可以从明亮的窗玻璃后面看到～的字画、瓷器、铜鼎和小铜佛等等。★徐迟《真迹》,形容器物书画等富有古雅的色彩和情调。,gǔ sè gǔ xiāng,古色古香,gsgx,gu se gu xiang,gu,xiang
清·曹雪芹《红楼梦》第一百十八回刚才二奶奶说的古圣先贤，我们也不懂。”,无,圣品德智慧极高。贤有才能有道德。古代的圣人贤者。,gǔ shèng xiān xián,古圣先贤,gsxx,gu sheng xian xian,gu,xian
《淮南子·齐俗训》往古今来谓之宙，四方上下谓之宇。”,虽然住了两三天，日子却不多，把～没见过的，没吃过的，没听见的，都经验过了。★清·曹雪芹《红楼梦》第四十二回,从古到今。泛指很长一段时间。,gǔ wǎng jīn lái,古往今来,gwjl,gu wang jin lai,gu,lai
无,研究古典文学要坚持古为今用的原则。,批判地继承文化遗产，使之为今天的无产阶级政治服务。,gǔ wéi jīn yòng,古为今用,gwjy,gu wei jin yong,gu,yong
《汉书·食货志上》籴甚贵，伤民；甚贱，伤农。民伤则离散，农伤则国贫。”,～”的古语成为都市间报上的时行标题。（叶圣陶《多收了三五斗》）,谷粮食。指粮价过低，使农民受到损害。,gǔ jiàn shāng nóng,谷贱伤农,gjsn,gu jian shang nong,gu,nong
《管子·轻重丁》故桓公推仁立义，功臣之家，兄弟相戚，骨肉相亲，国无饥民。”,中国人民解放军是人民的子弟兵，和人民～。,象骨头和肉一样互相连接着。比喻关系非常密切，不可分离。,gǔ ròu xiāng lián,骨肉相连,grxl,gu rou xiang lian,gu,lian
宋·陆佃《埤雅·释兽》瘦如豺。豺，柴也。豺体瘦，故谓之豺。”,刘姥姥看着凤姐～，神情恍惚，心里也就悲惨起来。★清·曹雪芹《红楼梦》第一一三回,形容消瘦到极点。,gǔ shòu rú chái,骨瘦如柴,gsrc,gu shou ru chai,gu,chai
《元史·刑法志》诸阴阳家者流，辄为人燃灯祭星，蛊惑人心者，禁之。”,却胆敢把这个反天逆地、阻碍进化、～的邪说谬论说将出来。★清·岭南羽衣女士《东欧女豪杰》第三回,蛊惑迷惑。指用欺骗引诱等手段迷惑人，搞乱人的思想。,gǔ huò rén xīn,蛊惑人心,ghrx,gu huo ren xin,gu,xin
清·李宝嘉《文明小史》第四十九回看见皮瓠藤篮之类，鼓鼓囊囊的装着许多东西。”,把他们～的一小袋金子往柜台上一扔。,软外皮中塞得圆鼓鼓的；藏物凸起的样子。,gǔ gǔ nāng nāng,鼓鼓囊囊,ggnn,gu gu nang nang,gu,nang
郭沫若《虎符》第二幕群众起来，鼓乐齐鸣。”,无,击鼓和奏乐声一齐响。形容热闹景象。,gǔ yuè qí míng,鼓乐齐鸣,gyqm,gu yue qi ming,gu,ming
《五代史平话·汉史》笙歌聒地，鼓乐喧天。”,无,鼓弹奏。喧天声音大而嘈杂。弹奏着各种乐器，声响大得直冲云天。形容十分欢乐热闹。,gǔ yuè xuān tiān,鼓乐喧天,gyxt,gu yue xuan tian,gu,tian
汉·扬雄《法言·先知》鼓舞万物者，雷风乎？鼓舞万从者，号令乎？”,也不过四处游说，～。★清·岭南羽衣女士《东欧女豪杰》第四回,鼓舞振作，奋发。振奋人们的信心。增强人们的勇气。,gǔ wǔ rén xīn,鼓舞人心,gwrx,gu wu ren xin,gu,xin
《汉书·叙传上》昔有学步于邯郸者，曾未得其仿佛，又复失其故步，遂匍匐而归耳。”,在成绩面前，我们不能骄傲自满，～。,比喻守着老一套，不求进步。,gù bù zì fēng,固步自封,gbzf,gu bu zi feng,gu,feng
《汉书·蒯通传》必将婴城固守，皆为金城汤池，不可攻也。”,大沽口的炮台，如能得他允许保护，～。★高阳《胭脂井》,金属造的城，滚水形成的护城河。形容工事无比坚固。,gù ruò jīn tāng,固若金汤,grjt,gu ruo jin tang,gu,tang
《旧唐书·李纲传》时左仆射杨素、苏威当朝，纲每固执所见，不与之同，由是二人深恶之。”《宋史·陈宓传》固执己见，动失人心。”,冯贵堂听父亲不赞成他的主张，他想到人，一上了年纪，就爱～，偏重保守了！”★梁斌《红旗谱》八,顽固地坚持自己的意见，不肯改变。,gù zhí jǐ jiàn,固执己见,gzjj,gu zhi ji jian,gu,jian
《汉书·叙传上》昔有学步于邯郸者，曾未得其仿佛，又复失其故步，遂匍匐而归耳。”,你心胸开阔，气度那么从容！你不随波逐流，也不～。（郭沫若《屈原》第一幕）,故旧；故步旧时行步之法，引伸为旧法；封限制在一定的范围内。比喻守着老一套，不求进步。,gù bù zì fēng,故步自封,gbzf,gu bu zi feng,gu,feng
无,一对盗贼～，但被当场抓获。,老花招或老手法又重新施展。同故技重演”。,gù jì zhòng yǎn,故伎重演,gjzy,gu ji zhong yan,gu,yan
《韩非子·解老》圣人观其玄虚，用其周行，强字之曰道。”,似乎在～，不叫人懂，真使人纳闷。★邓拓《你看山水风景美不美》,故故意；弄玩弄；玄虚用来掩盖真相，使人迷惑的欺骗手段。故意玩弄花招，迷惑人，欺骗人。,gù nòng xuán xū,故弄玄虚,gnxx,gu nong xuan xu,gu,xu
明·梅鼎祚《玉合记·嗣音》不欺师父，韩郎遣信到此，不觉故态复萌，情缘难断。”,马阮心上好不痛快。便又～，横征暴敛，报复冤仇，享受着这小朝廷的大臣们的最高权威。★郑振铎《毁灭》八,故态老脾气，老样子；复又；萌发生。指旧的习气或毛病等又出现了。,gù tài fù méng,故态复萌,gtfm,gu tai fu meng,gu,meng
无,无,故土出生地，或过去住过的地方，这里指故乡、祖国。难于离开故乡的土地。形容对家乡或祖国有无限的眷恋之情。,gù tǔ nán lí,故土难离,gtnl,gu tu nan li,gu,li
明·冯梦龙《东周列国志》第七十六回分军为三一军攻麦城，一军攻纪南城，大五率大军直捣郢都，彼疾雷不及掩耳，顾此失彼，二城若破，郢不守矣。”,于是敌军处于一种恐怖气氛中，～，疲于奔命。★冯玉祥《我的生活》第三十三章,顾了这个，丢了那个。形容忙乱或慌张的情景。,gù cǐ shī bǐ,顾此失彼,gcsb,gu ci shi bi,gu,bi
无,无,重重一层又一层。一层又一层的顾虑。形容顾虑极多，难于放手行事。,gù lǜ chóng chóng,顾虑重重,glcc,gu lv chong chong,gu,chong
《三国志·魏书·王昶传》欲使汝曹顾名思义，不敢违越也。”,桂花蝉～，想是香味如桂花，或因桂花开时乃有，未详。★鲁迅《两地书》七七,顾看；义意义，含义。从名称想到所包含的意义。,gù míng sī yì,顾名思义,gmsy,gu ming si yi,gu,yi
清·吴趼人《二十年目睹之怪现状》第九十一回然而要顾全大局呢，也有个无可奈何的时候；到了无可奈何的时候，就不能不自己开解自己。”,倘若东林、复社两党的朋友，能够～，解除纠纷，也未尝不可一变士林的风气。★欧阳予倩《桃花扇》第一幕,指从整体的利益着想，使不遭受损害。,gù quán dà jú,顾全大局,gqdj,gu quan da ju,gu,ju
晋·陆机《赴洛道中作》伫立望故乡，顾影凄自怜。”,科亦～，矜其容色，高其声价，不屑一切。★清·张潮《虞初新志·板桥杂记》,顾看；怜怜惜。回头看看自己的影子，怜惜起自己来。形容孤独失意的样子，也指自我欣赏。,gù yǐng zì lián,顾影自怜,gyzl,gu ying zi lian,gu,lian
宋·张君房《云笈七签》卷五十六体地法天，负阴抱阳，喻瓜熟蒂落，啐啄同时。”,况吉人天相，自然～，何须过虑。★清·禇人获《隋唐演义》第十一回,蒂花或瓜果跟枝茎相连的部分。瓜熟了，瓜蒂自然脱落。指时机一旦成熟，事情自然成功。,guā shú dì luò,瓜熟蒂落,gsdl,gua shu di luo,gua,luo
《北史·袁翻传》瓜田李下，古人所慎。”,但～，嫌疑难辩，万一已拘者畏法混供，也甚怕堂讯之下，玉石不分。★清·李绿园《歧路灯》第五十一回,比喻容易引起嫌疑的场合。,guā tián lǐ xià,瓜田李下,gtlx,gua tian li xia,gua,xia
《三国志·吴志·吕蒙传》注引《江表传》士别三日，即更刮目相待。”,世界也～，东亚病夫居然奋起了，睡狮果然醒了。★朱自清《这一天》,指别人已有进步，不能再用老眼光去看他。,guā mù xiāng kàn,刮目相看,gmxk,gua mu xiang kan,gua,kan
《孟子·梁惠王上》寡固不可以敌众。”《韩非子·难三》夫物众而智穷，寡不胜众。”,王朗～，与白虎、周昕杀条血路，走入城中，拽起吊桥，坚闭城门。★明·罗贯中《三国演义》第十五回,寡少；敌抵挡；众多。人少的抵挡不住人多的。,guǎ bù dí zhòng,寡不敌众,gbdz,gua bu di zhong,gua,zhong
唐·韩愈《南山》诗团辞试提挈，挂一念万漏。”,相望二千里外，明月此心，恳恳侧厘，～。★宋·文天祥《与游提刑汶》,挂钩取，这里指说到，提到；漏遗漏。形容说得不全，遗漏很多。,guà yī lòu wàn,挂一漏万,gylw,gua yi lou wan,gua,wan
元·秦简夫《东堂老》第一折转变抹角，可早来到李家门首。”,～，记的土地庙儿，照走过的小巷口，径上碧草轩来。★清·李绿园《歧路灯》第八十八回,抹角挨墙角绕过。沿着弯弯曲曲的路走。比喻说话绕弯，不直截了当。,guǎi wān mò jiǎo,拐弯抹角,gwmj,guai wan mo jiao,guai,jiao
《论语·述而》子不语怪、力、乱、神。”,孔子不语～，非不语也，盖有未易语者耳。★宋·周密《齐东野语》卷十二,指关于怪异、勇力、叛乱、鬼神之事。,guài lì luàn shén,怪力乱神,glls,guai li luan shen,guai,shen
刘白羽《海天集·伟大创业者》总理对人总是关怀备至，体贴入微。”,无,关心得无微不至。,guān huái bèi zhì,关怀备至,ghbz,guan huai bei zhi,guan,zhi
明·吴承恩《西游记》第三回风起处，惊散了那傲来国君王，三街六市，都慌得关门闭户，无人敢走。”,家家～，镇里镇外死气沉沉。★刘流《烈火金钢》第十四回,门户都关闭起来。形容冷清寥落。,guēn mén bì hù,关门闭户,gmbh,guen men bi hu,guen,hu
茅盾《子夜》五现在他们维持不下，难免要弄到关门大吉。”,无,指商店倒闭或企业破产停业。,guān mén dà jí,关门大吉,gmdj,guan men da ji,guan,ji
元·无名氏《鸳鸯被》第四折好也，你两个官官相为我死也！”,你想，抚台一定发回原官审问，纵然派个委员前来会审，～，他又拿着人家的失单衣服来顶我们。★清·刘鹗《老残游记》第五回,指官员之间互相包庇。,guān guān xiāng hù,官官相护,ggxh,guan guan xiang hu,guan,hu
清·李宝嘉《官场现形记》第四十三回正碰着官运亨通，那年修理堤工案内，得了个异常劳绩，保举免补本班，以府经补用。”,无,官运官场中的运气；亨通顺利。指仕途顺利，步步高升。,guān yùn hēng gōng,官运亨通,gyhg,guan yun heng gong,guan,gong
清·吴趼人《二十年目睹之怪现状》第八十四回他自己也就把那回身就抱的旖旎风情藏起来，换一幅冠冕堂皇的面目了。”,少说些～的话，多做些实实在在的事情。,冠冕古代帝王、官吏的帽子；堂皇很有气派的样子。形容外表庄严或正大的样子。,guān miǎn táng huáng,冠冕堂皇,gmth,guan mian tang huang,guan,huang
《孟子·梁惠王下》老而无妻曰鳏，老而无夫曰寡，老而无子曰独，幼而无父曰孤；此四者，天下之穷民而无告者。”,无,泛指没有劳动力而又没有亲属供养的人。,guān guǎ gū dú,鳏寡孤独,gggd,guan gua gu du,guan,du
南朝·宋·刘义庆《世说新语·方正》此郎亦管中窥豹，时见一斑。”,向～寻知外，坐井观天又出来，运斧般门志何大，出削个好歹。★元·周德清《一枝花·遗张伯元》,从竹管的小孔里看豹，只看到豹身上的一块斑纹。比喻只看到事物的一部分，指所见不全面或略有所得。,guǎn zhōng kuī bào,管中窥豹,gzkb,guan zhong kui bao,guan,bao
宋·张君房《云笈七签》卷一百十三乃令左右引于宫内游观，玉台翠树，光彩夺目。”,解开来，只见一团绵裹着寸许大一颗夜明珠，～。★明·凌濛初《初刻拍案惊奇》卷一,夺目耀眼。形容鲜艳耀眼。也用来形容某些艺术作品和艺术形象的极高成就。,guāng cǎi duó mù,光彩夺目,gcdm,guang cai duo mu,guang,mu
战国·楚·屈原《离骚》纷总总其离合兮，斑陆离其上下。”《三国志·吴志·孙坚传》裴松之注引《吴书》冢上有光怪，云气五色，上属于天，曼延数里。”,那柴烧的一块一块的，结成就和太湖石一般，～。★清·吴敬梓《儒林外史》第五十五回,光怪光彩奇异；陆离开卷参差。形容奇形怪状，五颜六色。,guāng guài lù lí,光怪陆离,ggll,guang guai lu li,guang,li
宋·释普济《五灯会元》卷十一灼然一切处，光明灿烂去。”,其中有着时代的眉目，也决不是英雄们的八宝箱，一朝打开，便见～。★鲁迅《且介亭杂文·序言》,色彩光亮耀眼。多比喻前程的远大或事业的伟大。,guāng huī càn làn,光辉灿烂,ghcl,guang hui can lan,guang,lan
唐·韩愈《调张籍》诗李杜文章在，光焰万丈长。”,当我注意到那座～的星的山的时候，我仿佛又听见了那无数的灯光的私语。★巴金《旅途随笔·香港的夜》,形容光辉灿烂，照耀到远方。,guāng máng wàn zhàng,光芒万丈,gmwz,guang mang wan zhang,guang,zhang
《晋书·右勒载记下》大丈夫行事，当礌（磊）落落，如日月皎然。”宋·朱熹《朱子语类》卷七十四譬如人光明磊落底便是好人，昏昧迷暗底便不是好人。”,公子光明磊落，为天人所钦瞩。★清·蒲松龄《聊斋志异·聂小倩》,磊落心地光明坦白。胸怀坦白，正大光明。,guāng míng lěi luò,光明磊落,gmll,guang ming lei luo,guang,luo
宋·朱熹《朱子语类》卷七三圣人所说底话，光明正大，须是先理会光明正大底纲领条目。”,大仙是～之人，就以他的诳语作真。★明·吴承恩《西游记》第五回,原指明白不偏邪。现多指心怀坦白，言行正派。,guāng míng zhèng dà,光明正大,gmzd,guang ming zheng da,guang,da
《尚书·益稷》帝光天之下，至于海隅苍生。”《后汉书·王符传》化国之日舒以长，故其民闲暇而力有余。”,彼残忍乖邪之气，不能荡溢于～之下。★清·曹雪芹《红楼梦》第二回,光天最大的天，大白天；化日生长万物的太阳。原形容太平盛世◇比喻大家看得非常清楚的场合。,guāng tiān huà rì,光天化日,gthr,guang tian hua ri,guang,ri
明·罗贯中《三国演义》第三十七回玄德回新野之后，光阴荏苒，双是新春。”,～须当惜，风雨阴睛任变迁。★清·曹雪芹《红楼梦》第二十二回,荏苒时间一点一点的流逝。指时间渐渐地过去了。,guāng yīn rěn rǎn,光阴荏苒,gyrr,guang yin ren ran,guang,ran
唐·韦庄《关河道中》诗但见时光流似箭，岂知天道曲如弓。”,～，日月如梭，不觉半年有余。★明·冯梦龙《警世通言》卷三十三,光阴时间。时间如箭，迅速流逝。形容时间过得极快。,guāng yīn sì jiàn,光阴似箭,gysj,guang yin si jian,guang,jian
元·石君宝《曲江池》第四折今幸得一举登科，荣宗耀祖。”,儿子管他，也为的是光宗耀祖。★清·曹雪芹《红楼梦》第三十三回,宗宗族；祖祖先。指子孙做了官出了名，使祖先和家族都荣耀。,guāng zōng yào zǔ,光宗耀祖,gzyz,guang zong yao zu,guang,zu
《后汉书·来历传》朝廷广开言事之路，故且一切假贷。”,从穆宗崩逝，两宫太后再度垂帘，～，谏劝的奏折，很少留中。★高阳《清宫外史》上册,广扩大；言路进言的道路。指尽量给下面创造发表意见的条件。,guǎng kāi yán lù,广开言路,gkyl,guang kai yan lu,guang,lu
明·康海《秋兴次前韵》凭着这广种薄收百亩庐，有甚踌躇？”,无,薄少。种植的面积很大，但单位产量却很低。比喻实行的很广泛，但收效甚微。,guǎng zhòng bó shōu,广种薄收,gzbs,guang zhong bo shou,guang,shou
清·张南庄《何典》第二回归根结柢，把一场着水人命一盘摙归去，还亏有钱使得鬼推磨。”,无,归结到根本上。,guī gēn dào dǐ,归根到底,ggdd,gui gen dao di,gui,di
周立波《山乡巨变》上一如今是人力世界，归根结底，还是靠做。”,无,归结到根本上。同归根结蒂”。,guī gēn jié dǐ,归根结底,ggjd,gui gen jie di,gui,di
明·名教中人《好俅传》第十二回承长兄厚爱，本当领教，只奈归心似箭，今日立刻就要行了。”,不多时，穿过松林，渡过小溪，过了水月村，越过镜花岭，真是～。★清·李汝珍《镜花缘》第二十一回,想回家的心情象射出的箭一样快。形容回家心切。,guī xīn sì jiàn,归心似箭,gxsj,gui xin si jian,gui,jian
《庄子·达生》梓庆削木为鑜，鑜成，见者惊忧鬼神。”,这种编织技术，给人以浪漫主义手法”、～”的印象。★秦牧《巧匠和竹》,象是鬼神制作出来的。形容艺术技巧高超，不是人力所能达到的。,guǐ fǔ shén gōng,鬼斧神工,gfsg,gui fu shen gong,gui,gong
清·曹雪芹《红楼梦》第三十一回别叫我替你们害臊了，你们鬼鬼祟祟干的那些事，也瞒不过我去。”,我看瑞贞这些日子是有点邪，～，交些乱朋友。★曹禺《北京人》第三幕,祟古人想象中的鬼怪或鬼怪出而祸人。指行动偷偷摸摸，不光明正大。,guǐ guǐ suì suì,鬼鬼祟祟,ggss,gui gui sui sui,gui,sui
元·无名氏《马陵道》第二折可怎生神嚎鬼哭，雾惨云昏，白日为幽。”,况且宝玉才好了些，连我们也不敢说话，你反打的人～的！★清·曹雪芹《红楼梦》第五十八回,形容大声哭叫，声音凄厉。,guǐ kū láng háo,鬼哭狼嚎,gklh,gui ku lang hao,gui,hao
清·李绿园《歧路灯》第六十回一时鬼迷心窍，后悔不及。”,我真象从前的人说的～”了，现在可算把鬼打跑了！★赵树理《表明态度》,鬼怪迷惑住心窍。指对问题认识不清。,guǐ mí xīn qiào,鬼迷心窍,gmxq,gui mi xin qiao,gui,qiao
元·无名氏《碧桃花》第四折这一场悄促促似鬼使神差。”,正是呢，这是一高兴起灶，～来了这些人。★清·曹雪芹《红楼梦》第四十九回,使、差指使∶象有鬼神在支使着一样，不自觉地做了原先没想到要做的事。,guǐ shǐ shén chāi,鬼使神差,gssc,gui shi shen chai,gui,chai
清·吴敬梓《儒林外史》第十一回十一二岁就讲书、读文章，先把一部王守溪的稿子读的滚瓜烂熟。”,曹寅从小对唐诗就背得～。★端木蕻良《曹雪芹》四,象从瓜蔓上掉下来的瓜那样熟。形容读书或背书流利纯熟。,gǔn guā làn shú,滚瓜烂熟,ggls,gun gua lan shu,gun,shu
汉·赵晔《吴越春秋》民富国强，众安道泰。”,无,国家富足，人民强健。,guó fù mín qiáng,国富民强,gfmq,guo fu min qiang,guo,qiang
《荀子·富国》如是则上下俱富，交无所藏之，是国计之极也。”《左传·宣公十二年》民生在勤，勤则不匮。”,这几年她已深切了解，做官的人，对～，或者不甚措意，但于权贵的荣辱得失，十分敏感。★高阳《玉座珠帘》上册,国家经济和人民生活。,guó jì mín shēng,国计民生,gjms,guo ji min sheng,guo,sheng
元·无名氏《冻苏秦》第三折真乃国家栋梁。”,无,栋梁支撑房架的大梁。这里比喻责任或作用大。肩负国家重任的人。,guó jiā dòng liáng,国家栋梁,gjdl,guo jia dong liang,guo,liang
清·曾朴《孽海花》第三十二回庄寿香号称名臣，听说在和议开始时，他主张把台湾赠英……国将不国，这才是糊涂到底了呢！”,无,国家将无法维持下去了。指国家的局势很坏，有亡国的危险。,guó jiāng bù guó,国将不国,gjbg,guo jiang bu guo,guo,guo
鲁迅《答徐懋庸并关于抗日统一战线问题》在国难当头的现在，白天里讲些冠冕堂皇的话……不就正是这些人吗。”,无,国家正面临着巨大的灾难。,guó nàn dāng tóu,国难当头,gndt,guo nan dang tou,guo,tou
晋·刘琨《答卢谌书》国破家亡，亲友雕残。”,天荒地老英雄丧，～事业休。★明·赵弼《续宋丞相文文山传》,国家覆灭、家庭毁灭。,guó pò jiā wáng,国破家亡,gpjw,guo po jia wang,guo,wang
唐·李浚《摭异记》国色朝酣酒，天香夜染衣。”,于那娉婷妩媚之中，无不带著一团书卷秀气，虽非～，却是斌斌儒雅。★清·李汝珍《镜花缘》第六十六回,原形容颜色和香气不同于一般花卉的牡丹花◇也形容女子的美丽。,guó sè tiān xiāng,国色天香,gstx,guo se tian xiang,guo,xiang
宋·吴自牧《梦梁录·山川神》每岁海潮太溢，冲激州城，春秋醮祭，诏命学士院，撰青词以祈国泰民安。”,有一天，沟不臭，水又清，～享太平。★老舍《龙须沟》第一幕,泰平安，安定。国家太平，人民安乐。,guó tài mín ān,国泰民安,gtma,guo tai min an,guo,an
清·吴敬梓《儒林外史》第三回我说姑老爷今非昔比，少不得有人把银子送上门去给他用，只怕姑老爷还不稀罕哩，今日果不其然。”,无,果然如此。指事物的发展变化跟预料的一样。,guǒ bù qí rán,果不其然,gbqr,guo bu qi ran,guo,ran
《三国志·魏志·张既传》诸葛恪多辈耳！近张敬仲县论格，以为必见杀，今果然如此。”,无,果真是这样。指不出所料。,guǒ rán rú cǐ,果然如此,grrc,guo ran ru ci,guo,ci
秦·李斯《谏逐客书》使天下之士，退而不敢西向，裹足不入秦。”,我们不能做有名无实的党员，不能总在困难面前～。★杨沫《青春之歌》第二部第二十九章,裹缠。停步不前，好象脚被缠住了一样。,guǒ zú bù qián,裹足不前,gzbq,guo zu bu qian,guo,qian
无,无,过从交往，来往。相互往来很多，关系密切。,guò cóng shèn mì,过从甚密,gcsm,guo cong shen mi,guo,mi
元·康进之《李逵负棘》第三折你休得顺水推船，偏不许我过河拆桥。”,祥子受了那么多的累，～，老头子翻脸不认人，他们替祥子不平。★老舍《骆驼祥子》十四,自己过了河，便把桥拆掉。比喻达到目的后，就把帮助过自己的人一脚踢开。,guò hé chāi qiáo,过河拆桥,ghcq,guo he chai qiao,guo,qiao
宋·刘克庄《竹溪生日二首》试把过江人物数，溪翁之外更谁哉。”,无,东晋王朝在江南建立后，北方士族纷纷来到江南，当时有人说过江名士多于鲫”。比喻某种时兴的事物非常多。,guò jiāng zhī jì,过江之鲫,gjzj,guo jiang zhi ji,guo,ji
明·徐学谟《归有园尘谈》吝者自能致富，然一有事则为过街老鼠；侠者或致破家，然一有事则为百足之虫。”,前村后舍人，人人怨恶，故取他一个绰号，叫做～。★明·方汝浩《禅真逸史》,比喻人人痛恨的坏人。,guò jiē lǎo shǔ,过街老鼠,gjls,guo jie lao shu,guo,shu
《晋书·苻融载记》耳闻则育，过目不忘。”,公～，真天下奇才也！★明·罗贯中《三国演义》第六十回,看过就不忘记。形容记忆力非常强。,guò mù bù wàng,过目不忘,gmbw,guo mu bu wang,guo,wang
宋·苏轼《宝绘堂记》见可喜者，虽时复蓄之，然为人取去，亦不复惜也。譬之烟云之过眼，百鸟之感耳，岂不欣然接之，然去而不复念也。”,论起荣华富贵，原不过是～。★清·曹雪芹《红楼梦》第一百十八回,从眼前飘过的云烟。原比喻身外之物，不必重视◇比喻很快就消失的事物。,guò yǎn yān yún,过眼烟云,gyyy,guo yan yan yun,guo,yun
宋·苏轼《宝绘堂记》见可喜者，虽时复蓄之，然为人取去，亦不复惜也。譬之烟云之过眼，百鸟之感耳，岂不欣然接之，然去而不复念也。”,尽道是用不尽的金银，享不完的福禄了，谁知～，容易消歇。★明·凌濛初《二刻拍案惊奇》卷十九,从眼前飘过的云烟。原比喻身外之物，不必重视◇比喻很快就消失的事物。,guò yǎn yún yān,过眼云烟,gyyy,guo yan yun yan,guo,yan
《论语·先进》子贡问‘师与商也孰贤？’子曰‘师也过，商也不及。’曰‘然则师愈与？’子曰‘过犹不及。’”,据老夫看来这是～”。大约两耳过长，反觉没用。★清·李汝珍《镜花缘》第十四回,过过分；犹象；不及达不到。事情做得过头，就跟做得不够一样，都是不合适的。,guò yóu bù jí,过犹不及,gybj,guo you bu ji,guo,ji
唐·刘氏瑶《暗离别》诗青鸾脉脉西飞去，海阔天高不知处。”,人们总羡慕～，以为一片茫茫，无边无界，必然大有可观。★朱自清《飞》,象大海一样辽阔，象天空一样无边无际。形容大自然的广阔。比喻言谈议论等漫无边际，没有中心。,hǎi kuò tiān kōng,海阔天空,hktk,hai kuo tian kong,hai,kong
晋·袁宏《三国名臣序赞》形器不存，方寸海纳。”李周翰注方寸之心，如海之纳百川也，言其包含广也。”,无,纳容纳，包容。大海可以容得下成百上千条江河之水。比喻包容的东西非常广泛，而且数量很大。,hǎi nà bǎi chuān,海纳百川,hnbc,hai na bai chuan,hai,chuan
《史记·天官书》海旁蜃气象楼台，广野气成宫阙然。”《隋唐遗事》此海市蜃楼比耳，岂长久耶？”,第五出是达摩带着徒弟过江回去，正扮出～，好不热闹。★清·曹雪芹《红楼梦》第八十五回,蜃大蛤。原指海边或沙漠中，由于光线的反向和折射，空中或地面出现虚幻的楼台城郭。现多比喻虚无缥渺的事物。,hǎi shì shèn lóu,海市蜃楼,hssl,hai shi shen lou,hai,lou
宋·辛弃疾《南乡子·赠妓》别泪没些些，海誓山盟总是赊。”,非是我夸清正，只为他星前月下，亲曾设～。★元·石君宝《曲江池》第三折,指男女相爱时立下的誓言，爱情要象山和海一样永恒不变。,hǎi shì shān méng,海誓山盟,hssm,hai shi shan meng,hai,meng
宋·孟元老《东京梦华录·东角楼街巷》南通一巷，谓之界身，并是金银帛交易之所，屋宇雄壮，门面广阔，望之森然，每一交易，动即千万，骇人闻见。”,任听部下逞艳于非时之候，献媚于世主之前，致令时序颠倒，～。★清·李汝珍《镜花缘》第六回,骇震惊。使人听了非常吃惊、害怕。,hài rén tīng wén,骇人听闻,hrtw,hai ren ting wen,hai,wen
《庄子·徐无鬼》夫为天下者，亦奚以异乎牧马者哉？亦去其害马者而已矣。”,赶走～的走狗！★杨沫《青春之歌》第二部第三十八章,桅马群的劣马。比喻桅社会或集体的人。,hài qún zhī mǎ,害群之马,hqzm,hai qun zhi ma,hai,ma
清·李汝珍《镜花缘》第九十五回即如今人凡遇小儿惊风，害人不浅。”,无,给别人的损害非常之大。,hài rén bù qiǎn,害人不浅,hrbq,hai ren bu qian,hai,qian
《晋书·阮修传》常步行，以百姓挂杖头，至酒店，便独酣畅。”宋·欧阳修《释秘演诗集序》无所放其意，则往往从布衣野老，酣嬉淋漓，颠倒而不厌。”,老舍先生写老张的钱本位”的哲学，确乎是～，阐扬尽致。★朱自清《〈老张的哲学〉与〈赵子曰〉》,酣畅畅饮，引伸为舒适、畅快；淋漓畅快的样子。形容非常畅快。,hān chàng lín lí,酣畅淋漓,hcll,han chang lin li,han,li
无,这样的挑选，有名无实，纵使貌艳如花，但～，十分颜色只露得十分。（高阳《玉座珠帘》上册）,形容花朵将要开放时的形态。也比喻将成年的少女。,hán bāo dài fàng,含苞待放,hbdf,han bao dai fang,han,fang
无,无,苞花苞；欲将要；放开放。形容花将开而未开时的样子。,hán bāo yù fàng,含苞欲放,hbyf,han bao yu fang,han,fang
唐·李德裕《二芳丛赋》一则含情脉脉，如有思而不得，类西施之容冶，眼红罗之盛饰。”,无,饱含温情，默默地用眼神表达自己的感情。常用以形容少女面对意中人稍带娇羞但又无限关切的表情。,hán qíng mò mò,含情脉脉,hqmm,han qing mo mo,han,mo
晋·干宝《搜神记》卷十二其名曰蜮，一曰短狐，能含沙射人，所中者则身体筋急，头痛、发热，剧者至死。”南朝宋·鲍照《苦热行》含沙射流影，吹蛊痛行晖。”,张氏昨日又在《青光》栏上登一启事，～，肆意诬毁。★鲁迅《伪自由书·后记》引黎烈文启事,传说一种叫蜮的动物，在水中含沙喷射人的影子，使人生病。比喻暗中攻击或陷害人。,hán shā shè yǐng,含沙射影,hssy,han sha she ying,han,ying
宋·苏轼《中和胜相院记》无所不至，茹苦含辛，更百千万亿生而后成。”,他想起母亲十多年来～的生活所指望者，就是他，然而现在她将不再看见他的儿子了。★茅盾《一个女性》,辛辣；茹吃。形容忍受辛苦或吃尽辛苦。,hán xīn rú kǔ,含辛茹苦,hxrk,han xin ru ku,han,ku
《后汉书·明德马皇后纪》吾但当含饴弄孙，不能复知政事。”,佳儿佳妇，吾将～，不复理家政矣。★清·淮阴百一居士《壶天录》,饴麦芽糖‖着糖逗小孙子玩。形容晚年生活的乐趣。,hán yí nòng sūn,含饴弄孙,hyns,han yi nong sun,han,sun
《庄子·秋水》且子独不闻夫寿陵余子之学行于邯郸与？未得国能，又失其故行矣，直匍匐而归耳。”,半臂添寒尚书醉，屏后金钗楚楚，齐俯首～。（清·梁绍任《两般秋雨庵随笔》卷一）,邯郸战国时赵国的都城；学步学习走路。比喻模仿人不到家，反把原来自己会的东西忘了。,hán dān xué bù,邯郸学步,hdxb,han dan xue bu,han,bu
汉·无名氏《别诗（骨肉缘枝叶）》征夫怀远路，游子恋故乡‘冬十二月，晨起践严霜。”,～大雪纷飞，漫山遍野一片白色。,腊月农历十二月。指冬季最寒冷的腊月天。,hán dōng là yuè,寒冬腊月,hdly,han dong la yue,han,yue
《周易·系辞下》寒往则暑来，暑往则寒来，寒暑相推，而岁成焉。”,则他这兔走乌飞，～，春日花开，可又早秋天月朗。★元·武汉臣《生金阁》第二折,盛夏已过，寒冬将至。泛指时光流逝。,hán lái shǔ wǎng,寒来暑往,hlsw,han lai shu wang,han,wang
《史记·陈丞相世家》勃又谢不知，汗出沾背，愧不能对。”《后汉书·伏皇后纪》操出，顾左右，汗流浃背。”,在劳动竞赛中，大家干得～。,浃湿透」流得满背都是。形容非常恐惧或非肠怕。现也形容出汗很多，背上的衣服都湿透了。,hàn liú jiā bèi,汗流浃背,hljb,han liu jia bei,han,bei
《韩非子·五蠹》弃私家之事，而必汗马之劳。”,将俺丞相～一旦忘了，贬在济南府闲住。★元·王实甫《丽堂春》第四折,汗马将士骑的马奔驰出汗，比喻征战劳苦。指在战场上建立战功。现指辛勤工作做出的贡献。,hàn mǎ gōng láo,汗马功劳,hmgl,han ma gong lao,han,lao
唐·柳宗元《陆文通墓表》其为书，处则充栋宇，出则汗牛马。”,世传养生术，～，行而效者谁也？★清·蒲松龄《聊斋志异·封三娘》,栋栋宇，屋子。书运输时牛累得出汗，存放时可堆至屋顶。形容藏书非常多。,hàn niú chōng dòng,汗牛充栋,hncd,han niu chong dong,han,dong
宋·释普济《五灯会元》卷四十七三冬汗如雨。”,不防一块石头绊了一跤，犹如梦醒一般，浑身～。★清·曹雪芹《红楼梦》第一○一回,汗珠象下雨似的往下掉。形容出汗很多。,hàn rú yǔ xià,汗如雨下,hryx,han ru yu xia,han,xia
宋·钱易《南部新书·戊集》又乾符二年，崔沆放崔瀣，谭者称座主门生，沆瀣一气。”,皓东的敏锐活泼，和胜佛的豪迈灵警，两雄相遇，尤其～。★清·曾朴《孽海花》第十四回,沆瀣指唐时的崔沆、崔瀣。比喻臭味相投的人结合在一起。,hàng xiè yī qì,沆瀣一气,hxyq,hang xie yi qi,hang,qi
无,无,讳言有顾虑，不愿把真实情况说出来。丝毫也没有隐讳不说的。,háo bù huì yán,毫不讳言,hbhy,hao bu hui yan,hao,yan
清·曹雪芹《红楼梦》第十六回众人如何得意，独他一个皆视有如无，毫不介意。因此众人嘲他越发呆了。”,无,丝毫不往心里去。,háo bù jiè yì,毫不介意,hbjy,hao bu jie yi,hao,yi
清·李宝嘉《官场现形记》第二十九回佘道台见了这副神气，更觉得同花小红一式一样，毫无二致。”,那时候的文体的变革和近代的文学革命，由文言文改为白话文的，实在是～。★郭沫若《屈原研究》,二致两样。丝毫没有什么两样。指完全一样。,háo wú èr zhì,毫无二致,hwez,hao wu er zhi,hao,zhi
清·刘鹗《老残游记》第16回怎幺他毫无疑义，就照五百两一条命算呢？”,无,疑义可疑的道理。一点也没有可以使人怀疑的地方。,háo wú yí yì,毫无疑义,hwyy,hao wu yi yi,hao,yi
茅盾《温故以知新》他们大多数两鬓添霜，然而豪情壮志，现见坚强。”,无,豪迈的情感，远大的志向。,háo qíng zhuàng zhì,豪情壮志,hqzz,hao qing zhuang zhi,hao,zhi
明·焦竑《玉堂丛语·一·文学·丘瀎》（丘瀎）即席联句，动辄数百言±言警语，如壮涛激浪，飞雪走雷，去触山而迸发。”,即使他的作品有革命乐观主义的～，那么必有大气磅礴，感人极深，指出方向……的革命浪漫主义。★茅盾《老兵的希望》,豪迈雄壮的言语。形容充满英雄气概的话。,háo yán zhuàng yǔ,豪言壮语,hyzy,hao yan zhuang yu,hao,yu
明·凌濛初《初刻拍案惊奇》卷二这样好吃懒做的淫妇，睡到这等日高才起来。”,且人前人后，又怨他不会过，只一味～。（清·曹雪芹《红楼梦》第一回）,好喜欢、贪于。贪于吃喝，懒于做事。,hào chī lǎn zuò,好吃懒做,hclz,hao chi lan zuo,hao,zuo
宋·罗泌《路史·前纪》卷四昔者汉之武帝，好大而喜功。”《新唐书·太宗纪赞》至其牵于多爱，复立浮屠，好大喜功，勤兵于远，此中材庸主之所常为。”,你在人前夸大嘴，说我怎样的～。★郭沫若《屈原》第二幕,指不管条件是否许可，一心想做大事立大功。多用以形容浮夸的作风。,hào dà xǐ gōng,好大喜功,hdxg,hao da xi gong,hao,gong
《宋史·道学传一·程灏传》病学者厌卑近而骛高远，卒无成焉。”,但是～，贪抄捷径的心理，却常常妨碍人们去认识这最普通的道理。★秦牧《画蛋·练功》,好喜欢；骛追求。比喻不切实际地追求过高过远的目标。,hào gāo wù yuǎn,好高骛远,hgwy,hao gao wu yuan,hao,yuan
无,他们匆匆结合，总是好景不长的。,景境况，光景；长长久。美好的光景不能永远存在。,hǎo jǐng bù cháng,好景不长,hjbc,hao jing bu chang,hao,chang
宋·晁补之《安公子》词是即是，从来好事多磨难。”金·董解元《西厢》一真所谓佳期难得，好事多磨。”,哪知～，常常会遇到许多波折。★清·曾朴《孽海花》第十六回,磨阻碍，困难∶事情在实现、成功前，常常会遇到许多波折。,hǎo shì duō mó,好事多磨,hsdm,hao shi duo mo,hao,mo
《文明小史》第三回掌柜的便同他们好说歹说，说我们都是乡邻，你们也犯不着来害我。”,无,形容用各种理由或方式请求或劝说。,hǎo shuō dǎi shuō,好说歹说,hsds,hao shuo dai shuo,hao,shuo
《孟子·离娄下》”人之患在好为人师。,科学的态度是实事求是”，自以为是”和～”那样狂妄的态度是决不能解决问题的。★毛泽东《新民主主义论》,喜欢当别人的教师。形容不谦虚，自以为是，爱摆老资格。,hào wéi rén shī,好为人师,hwrs,hao wei ren shi,hao,shi
《后汉书·郭玉传》其为疗也，有四难焉自用意而不任臣，一难也；将身不谨，二难也；骨节不强，不能使药，三难也；好逸恶劳，四难也。”,岂古之人有所异哉？～，亦犹夫人之情也。★清·黄宗羲《原君》,逸安逸；恶讨厌、憎恨。贪图安逸，厌恶劳动。,hào yì wù láo,好逸恶劳,hywl,hao yi wu lao,hao,lao
《孟子·离娄下》好勇斗很，以危其父母，一不孝也。”,无,狠暴戾，凶恶，残忍。爱逞威风，喜欢斗欧。形容人凶强好斗。,hào yǒng dòu hěn,好勇斗狠,hydh,hao yong dou hen,hao,hen
《淮南子·本经训》君人者不任能，而好自为之，则智日困而自负其责也。”,无,为干，做。喜欢自己亲手去做。,hào zì wéi zhī,好自为之,hzwz,hao zi wei zhi,hao,zhi
《周易·同人》同人先号唃而后笑。”,无,号啕大哭声。放声大哭。,háo táo dà kū,号啕大哭,htdk,hao tao da ku,hao,ku
《尚书·尧典》汤汤洪水方割，荡荡怀山襄陵，浩浩滔天。”宋·范仲淹《岳阳楼记》浩浩荡荡，横夫际涯。”,一时只见宁府大殡～，压地银山一般从北而至。★清·曹雪芹《红楼梦》第十四回,原形容水势广大的样子◇形容事物的广阔壮大，或前进的人流声势浩大。,hào hào dàng dàng,浩浩荡荡,hhdd,hao hao dang dang,hao,dang
无,无,浩气即正气，刚直正大的精神∑然之气永远长存。,hào qì cháng cún,浩气长存,hqcc,hao qi chang cun,hao,cun
《孟子·公孙丑上》我善养吾浩然之气。”,贫毖人灰，且养就这～。★元·汤显祖《牡丹亭·言怀》,浩盛大、刚直的样子；气指精神。指浩大刚正的精神。,hào rán zhī qì,浩然之气,hrzq,hao ran zhi qi,hao,qi
隋·释真观《梦赋》若夫正法宏深，妙理难寻，非生非灭，非色非心，浩如沧海，郁如邓林。”,古今载籍，～。★清·周永年《儒藏记》,浩广大；烟海茫茫大海。形容典籍、图书等极为丰富。,hào rú yān hǎi,浩如烟海,hryh,hao ru yan hai,hao,hai
清·吴敬梓《儒林外史》第四十一回叫我们管山吃山，管水吃水，都象你这一毛不拔，我们喝西北风。”,无,指没有东西吃。,hē xī běi fēng,喝西北风,hxbf,he xi bei feng,he,feng
《史记·春申君列传》臣为王虑，莫若善楚。秦楚合而为一以临韩，韩必敛手。”,学者能集众长～，若易牙以五味调和，则为全味矣。（明·谢榛《四溟诗话》第三卷）,把散乱的事物合在一起。,hé ér wéi yī,合而为一,hewy,he er wei yi,he,yi
清·袁枚《新齐谐·佟觭角》一人劈面来，急走如飞，势甚猛，傅不及避，两胸相撞，竟与己身合二为一。”,我们要把这两个车间～。,指将两者合为一个整体。,hé èr wéi yī,合二为一,hewy,he er wei yi,he,yi
陈残云《山谷风烟》第11章黄为民心情显得轻松，觉得周祺这个人很可爱，既有原则，又能合情合理地帮助他解除思想包袱。”,学校认为这个方案～，就定为制度。★柯岩《特邀代表》,符合情理。,hé qíng hé lǐ,合情合理,hqhl,he qing he li,he,li
无,他因一念之差误入歧途，断送美好前程，如今后悔莫及，人皆谓其既知今日，～。,表示后悔过去的作为。,hé bì dāng chū,何必当初,hbdc,he bi dang chu,he,chu
《左传·僖公十年》不有废也，君何以兴？欲加之罪，其无辞乎？”,无,何患哪怕；辞言辞。哪里用得着担心没有话说呢？常与欲加之罪”连用，表示坏人诬陷好人时，无端捏造罪名，还说得振振有词。,hé huàn wú cí,何患无辞,hhwc,he huan wu ci,he,ci
清·李汝珍《镜花缘》第三十六回此地河道，为患已久，居民被害已深，闻贵人修治河道，虽士商人等，亦必乐于从事；况又发给工钱饭食，那些小民，何乐不为？”,这件事对国家对个人都有益处，～？,乐乐意；为做。有什么不乐于去做的呢？表示愿意去做。,hé lè bù wéi,何乐不为,hlbw,he le bu wei,he,wei
战国·楚·屈原《卜居》此孰吉孰凶？何去何从？”,～，罢龟策之臧否；自开自落，任天地之荣枯。★唐·李峤《上雍州高长史书》,去离开；从跟随。离开哪儿，走向哪儿。多指在重大问题上选择什么方向。,hé qù hé cóng,何去何从,hqhc,he qu he cong,he,cong
《墨子·公输》闻子为梯，将以攻宋，宋何罪之有？”,无,即有何罪”，有什么罪呢？用反问的语气表示清白无辜，没有过错。,hé zuì zhī yǒu,何罪之有,hzzy,he zui zhi you,he,you
明·李开先《贺邑令贺洪滨奖异序》迄今才八阅月，绝从生之文法，除苛细之科条，虽若凛不可犯，而实蔼然可亲。”,假若有人愿意来看他，他是个顶～的人。★老舍《四世同堂》二,和蔼和善。态度温和，容易接近。,hé ǎi kě qīn,和蔼可亲,hakq,he ai ke qin,he,qin
《论语·子路》君子和而不同，小人同而不和。”,无,和和睦；同苟同⊥睦地相处，但不随便附和。,hé ér bù tóng,和而不同,hebt,he er bu tong,he,tong
南朝·陈·张正见《陪衡阳王游耆阇寺》清风吹麦垄，细雨濯梅林。”,正不寒不暖，～，困人天气。★宋·张先《八宝装》词,和风指春天的风。温和的风，细小的雨。比喻方式和缓，不粗暴。,hé fēng xì yǔ,和风细雨,hfxy,he feng xi yu,he,yu
无,邻里之间应当团结友爱，和睦相处。,彼此和好地相处。,hé mù xiāng chǔ,和睦相处,hmxc,he mu xiang chu,he,chu
元·明本述《天目中峰和尚广录》卷十六今日特为你起模画样，和盘托出。”,现在除非把这事～，再添上些枝叶，或者可以激怒于他，稍助一臂之力。★清·李宝嘉《官场现形记》第二十七回,和连同。连盘子也端出来了。比喻全都讲出来，毫不保留。,hé pán tuō chū,和盘托出,hptc,he pan tuo chu,he,chu
鲁迅《彷徨·离婚》一个人总要和气些，‘和气生财’，对不对？”,老人一辈子最重要的格言是‘～’。★老舍《四世同堂》,指待人和善能招财进宝。,hé qì shēng cái,和气生财,hqsc,he qi sheng cai,he,cai
《论语·季氏》友便辟，友善柔、友便佞，损也。”邢昺疏善柔，谓面柔，和颜悦色以诱人者也。”,申子平急上前，～的把原委说了一遍。★清·刘鹗《老残游记》第八回,颜面容；悦愉快；色脸色。脸色和霭喜悦。形容和善可亲。,hé yán yuè sè,和颜悦色,hyys,he yan yue se,he,se
《尚书·皋陶谟》同寅协恭和衷哉。”《国语·鲁语下》夫苦匏不材于人，共济而已。”,他见了启事便跑到书店里来，谈了些～的话。★郭沫若《学生时代·创造十年》,衷内心；济渡。大家一条心，共同渡过江河。比喻同心协力，克服困难。,hé zhōng gòng jì,和衷共济,hzgj,he zhong gong ji,he,ji
宋·苏轼《寄吴德仁兼简陈季常》诗龙丘居士亦可怜，谈空说有夜不眠■闻河东师子吼，拄杖落手心茫然。”,少不得太太面前还要趋奉趋奉，防是～起来，要不太平。（清·彭养鸥《黑籍冤魂》第二十二回）,比喻悍妒的妻子对丈夫大吵大闹。,hé dōng shī hǒu,河东狮吼,hdsh,he dong shi hou,he,hou
峻青《李家埠在战斗》一到村头，就看见围子墙上岗哨严密，青年民兵们荷枪实弹的来往巡逻着。”,无,荷扛。扛着枪，上了子弹。形容全副武装，准备投入战斗。,hé qiāng shí dàn,荷枪实弹,hqsd,he qiang shi dan,he,dan
《文子·七仁》先王之法，不涸泽而渔，不焚林而猎。”,是由～，焚林而狩。★《宋书·袁淑传》,抽干池水捉鱼。比喻只图眼前利益，不作长远打算。,hé zé ér yú,涸泽而渔,hzey,he ze er yu,he,yu
《诗经·小雅·节南山》赫赫师尹，民具尔瞻。”,况且他罗家也是著名的盐商，不过近年稍为疲了点罢了，在外面还是～的，怕没人知道么？★清·吴趼人《二十年目睹之怪现状》,赫赫显著盛大的样子。声名非常显赫。,hè hè yǒu míng,赫赫有名,hhym,he he you ming,he,ming
唐·田颖《梦游罗浮》自言非神亦非仙，鹤发童颜古无比。”,（华佗）童颜鹤发，飘然有出世之姿。★明·罗贯中《三国演义》第十五回,仙鹤羽毛般雪白的头发，儿童般红润的面色。形容老年人气色好。,hè fà tóng yán,鹤发童颜,hfty,he fa tong yan,he,yan
晋·戴逵《竹林七贤论》嵇绍入洛，或谓王戎曰‘昨于稠人中始见嵇绍，昂昂然若野鹤之在鸡群。’”南朝·宋·刘义庆《世说新语·容止》嵇延祖卓卓如野鹤之在鸡群。”,正在谈论，谁知女儿国王忽见林之洋杂在众人中，如～一般。★清·李汝珍《镜花缘》第三十九回,象鹤站在鸡群中一样。比喻一个人的仪表或才能在周围一群人里显得很突出。,hè lì jī qún,鹤立鸡群,hljq,he li ji qun,he,qun
汉·董仲舒《春秋繁露·保位权》黑白分明，然后民知所去就。”,再翻下去是穆少英先生的《墨绿衫的小姐》里，有三幅插画，有些象麦绥莱勒的手笔，～。★鲁迅《花边文学·奇怪（三）》,黑色与白色对比鲜明。比喻事非界限很清楚。也形容字迹、画面清楚。,hēi bái fēn míng,黑白分明,hbfm,hei bai fen ming,hei,ming
端木蕻良《科尔沁旗草原》八呵，你这个时侯，走什么，黑灯瞎火的。”,老二，这是怎么回事，～的把我找来。★老舍《神拳》第二幕,形容黑暗没有灯光。,hēi dēng xiā huǒ,黑灯瞎火,hdxh,hei deng xia huo,hei,huo
《史记·秦本纪》缪公之怨此三人，入于骨髓。”,那知府亦～，一处处弄得天怒人怨，在他自己始终亦莫明其所以然。★清·李宝嘉《官场现形记》第四十二回,恨到骨头里去。形容痛恨到极点。,hèn zhī rù gǔ,恨之入骨,hzrg,hen zhi ru gu,hen,gu
沙汀《困兽记》三他有一种脾气，凡事只需听凭感情横冲直闯一阵……丝毫不管他所说的做的是不妥当。”,无,乱冲乱撞，蛮横无理。同横冲直撞”。,héng chōng zhí chuǎng,横冲直闯,hczc,heng chong zhi chuang,heng,chuang
明·李贽《续焚书·与友人论文》凡作文皆从外边攻进里去，我谓文章就时而攻打出来，就他城池，食他粮草，统率他兵马，直冲横撞，搅得他粉碎，故不费一毫气力而自然有余也。”,只见三妖全身甲胄，～，左右厮杀。★明·许仲琳《封神演义》第九十六回,乱冲乱撞，蛮横无理。,héng chōng zhí zhuàng,横冲直撞,hczz,heng chong zhi zhuang,heng,zhuang
明·施耐庵《水浒全传》第三十四回一片瓦砾场上，横七竖八，杀死的男子妇人，不计其数。”,床下～有几双花鞋。★曹禺《日出》第三幕,有的横，有的竖，杂乱无章。形容纵横杂乱。,héng qī shù bā,横七竖八,hqsb,heng qi shu ba,heng,ba
宋·叶适《水心文集·答少詹书》少詹既未能从人而舍己，又疑人之不相与，而以为外己，所以枝节横生，意见多疑。”,唯其有谣言，不宜～，反引起格外的猜疑。★高阳《清宫外史》上册,枝节比喻细小或旁出的事情。比喻在解决问题过程中意外地发生了一些麻烦事。,héng shēng zhī jié,横生枝节,hszj,heng sheng zhi jie,heng,jie
明·罗贯中《三国演义》第十三回横行无忌，朝廷无人敢言。”,他倚了夫家之势，又会谄媚太后，得其欢心，因便骄奢淫佚，与太平公主一样～。★清·禇人获《隋唐演义》第七十五回,横行指行动蛮横；无忌无所顾忌。指倚仗暴力，毫无顾忌地干坏事。,héng xíng wú jì,横行无忌,hxwj,heng xing wu ji,heng,ji
无,治好了走出，没有知道，死掉了抬出，就～了。（鲁迅《马上日记》）,形容在一个时期里到处传播，影响很大。,hōng dòng yī shí,轰动一时,hdys,hong dong yi shi,hong,shi
宋·文天祥《沁园春·题张许双庙》词人生歨翕云亡，好烈烈轰轰做一场。”,比前番在梁山泊上更觉～，做出惊天动地的事业来。★清·陈忱《水浒后传》第一回,轰轰象声词，形容巨大的声响；烈烈火焰炽盛的样子。形容事业的兴旺。也形容声势浩大，气魄宏伟。,hōng hōng liè liè,轰轰烈烈,hhll,hong hong lie lie,hong,lie
唐·赵璾《因话录》卷五唐御史有台院、殿院、罕院，以一御史知杂事，谓之杂端。公堂会食，皆绝笑言。惟杂端笑而三院皆笑，谓之哄笑，则不罚。”,因把在筱亭客厅上的事情，说了一遍。大家～。★清·曾朴《孽海花》第十四回,形容全屋子的人同时大笑。,hōng táng dà xiào,哄堂大笑,htdx,hong tang da xiao,hong,xiao
清·杨静亭《都门杂咏·时尚门·知单》居家不易是长安，俭约持躬稍自宽；最怕人情红白事，知单一到便为难。”,无,红指结婚做寿，白指丧事，并到一起说就是红白喜事。,hóng bái xǐ shì,红白喜事,hbxs,hong bai xi shi,hong,shi
清·舒位《修箫谱传奇》红男绿女，到如今野草荒田。”,没有人这么早来逛庙，他自己也并不希望看见什么豆汁摊子，大糖葫芦，沙雁，风车与那些～。★老舍《四世同堂》三十五,指穿着各种漂亮服装的青年男女。,hóng nán lǜ nǚ,红男绿女,hnln,hong nan lv nv,hong,nv
宋·叶绍翁《游小园不值》春色满园关不住，一枝红杏出墙来。”,无,形容春色正浓，情趣盎然。,hóng xìng chū qiáng,红杏出墙,hxcq,hong xing chu qiang,hong,qiang
清·皮锡瑞《经学历史·经学复盛时代》今鸿篇巨制，照耀寰区。”,那时候，～如《世界文学》和《世界文库》之类，还没有诞生。★鲁迅《且介亭杂文末篇·〈译文〉复刊词》,鸿巨，大。形容工程大，功夫深的著作。,hóng piān jù zhì,鸿篇巨制,hpjz,hong pian ju zhi,hong,zhi
无,你这样下去，猴年马月才能完成。,猴、马十二生肖之一。泛指未来的岁月。,hóu nián mǎ yuè,猴年马月,hnmy,hou nian ma yue,hou,yue
《荀子·议兵》后之发，先之至，此用兵之要术也。”,秦晋淝水之战等等有名的大战，都是双方强弱不同，弱者先让一步，～，因而战胜的。★毛泽东《中国革命战争的战略问题》,发发动；制控制，制服。等对方先动手，再抓住有利时机反击，制服对方。,hòu fā zhì rén,后发制人,hfzr,hou fa zhi ren,hou,ren
《魏书·李冲传》朕以仁明忠雅，委以台司之寄，使我出境无后顾之忧。”,将军为殿，寡人～矣。★明·冯梦龙《东周列国志》第六十二回,顾回头看。来自后方的忧患。指在前进过程中，担心后方发生问题。,hòu gù zhī yōu,后顾之忧,hgzy,hou gu zhi you,hou,you
《三国志·魏志·武帝纪》夫刘备，人杰也。今不击，必有后患。”,纵容破坏植被、滥砍乱伐，是～的事。,以后的祸害没有个完。,hòu huàn wú qióng,后患无穷,hhwq,hou huan wu qiong,hou,qiong
南朝·宋·范晔《后汉书·光武帝纪上》反水不收，后悔不及。”,做事要小心，万一出了什么意外就～了。,后悔事后的懊悔。指事后的懊悔也来不及了。,hòu huǐ mò jí,后悔莫及,hhmj,hou hui mo ji,hou,ji
北朝·魏衒之《洛阳伽蓝记·大统寺》老翁送元宝出，云‘后会难期。’以为凄恨，别甚殷勤。”,无,期时间。以后何时相会还没有一定的日期。,hòu huì wú qī,后会无期,hhwq,hou hui wu qi,hou,qi
无,任何一个学科都不可后继无人。,继继承。没有后人来继承前人的事业。,hòu jì wú rén,后继无人,hjwr,hou ji wu ren,hou,ren
艾芜《鞍钢呵，我回来了》这是后继有人，令人喜悦不止。”,革命事业，～。,继继承。有后人继承前人的事业。,hòu jì yǒu rén,后继有人,hjyr,hou ji you ren,hou,ren
《史记·汲郑列传》陛下用群臣，如积薪耳，后来者居上。”,今老矣，乐不预少年文酒之会，～，又不知其为谁？★清·纪昀《阅微草堂笔记》卷二十四,后来的超过先前的。有以称赞后起之秀超过前辈。,hòu lái jū shàng,后来居上,hljs,hou lai ju shang,hou,shang
《晋书·王忱传》卿风流俊望，真后来之秀。”,及浪游南北，与乡里阔疏，～，不乏其人。★清·盛大士《溪山卧游录》卷三,后来出现的或新成长起来的优秀人物。,hòu qǐ zhī xiù,后起之秀,hqzx,hou qi zhi xiu,hou,xiu
《论语·子罕》后生可畏，焉知来者之不如今也。”,～，非虚言也。★宋·朱熹《寄陈同甫书》十二,后生年轻人，后辈；畏敬畏。年轻人是可敬畏的。形容青年人能超过前辈。,hòu shēng kě wèi,后生可畏,hskw,hou sheng ke wei,hou,wei
《梁书·贺琛传》所以然者，出嫁则有受我，出后则有传重，并欲薄于此而厚于彼，此服虽降，彼服则隆。”,张树声出身淮军，对边军支援，～，已经有许多人说过话。★高阳《清宫外史》下册,重视或优待一方，轻视或怠慢另一方。比喻对两方面的待遇不同。,hòu cǐ bó bǐ,厚此薄彼,hcbb,hou ci bo bi,hou,bi
《周易·坤》君子以厚德载物。”,无,旧指道德高尚者能承担重大任务。,hòu dé zài wù,厚德载物,hdzw,hou de zai wu,hou,wu
无,无,厚积指大量地、充分地积蓄；薄发指少量地、慢慢地放出。多多积蓄，慢慢放出。形容只有准备充分才能办好事情。,hòu jī bó fā,厚积薄发,hjbf,hou ji bo fa,hou,fa
《诗经·小雅·巧言》巧言如簧，颜之厚矣。”南朝·齐·孔稚圭《北山移文》岂可使芳杜厚颜，薜荔蒙耻。”,此种自私自利完全蔑视国家利益之理由，北平各团体竟敢说出，吾人殊服其～。★鲁迅《伪自由书·战略关系》引周敬侪《奇文共赏》,颜脸面。指人脸皮厚，不知羞耻。,hòu yán wú chǐ,厚颜无耻,hywc,hou yan wu chi,hou,chi
宋·孙觌《罨溪行》罨画溪头乌鸟乐，呼风唤雨不能休。”,兄弟，你真是玛志尼一流人物，天生成～，搅得一国的原动力的了。★清·梁启超《新中国未来记》第三回,旧指神仙道士的法力。现比喻人具有支配自然的伟大力量。也可形容反动势力猖獗。,hū fēng huàn yǔ,呼风唤雨,hfhy,hu feng huan yu,hu,yu
宋·苏轼《郭忠恕画赞序》恕先在焉，呼之或出。”,海立山奔，烟云灭没，谓有龙焉，～。★明·张岱《木犹龙铭》,呼叫，喊。形容人像画得逼真，似乎叫一声就会从画中走出来。泛指文学作品中人物的描写十分生动。,hū zhī yù chū,呼之欲出,hzyc,hu zhi yu chu,hu,chu
鲁迅《而已集·读书杂谈》研究是要用理智，要冷静的，而创作须情感，至少总得发点热，于是忽冷忽热，弄得头昏。”,无,指时而冷静，时而感情冲动，情绪不稳定。,hū lěng hū rè,忽冷忽热,hlhr,hu leng hu re,hu,re
宋·圆悟禅师《碧岩录》卷三若是知有底人，细嚼来咽；若是不知有底人，一似浑仑吞个枣。”,一个高中文科的学生，与其～或走马看花地读十部诗集，不如仔仔细细地背诵三百首诗。★朱自清《论诗学门径》,囫囵整个儿。把枣整个咽下去，不加咀嚼，不辨滋味。比喻对事物不加分析思考。,hú lún tūn zǎo,囫囵吞枣,hltz,hu lun tun zao,hu,zao
《战国策·楚策一》虎求百兽而食之，得狐。……虎以为然，故遂与之行。兽见之皆走，虎不知兽畏己而走也，以为畏狐也。”,果然府中来借，怎好不借？只怕被别人～的诓的去，这个却保不得他。★明·凌濛初《二刻拍案惊奇》卷二十,假借↑狸假借老虎的威势。比喻依仗别人的势力欺压人。,hú jiǎ hǔ wēi,狐假虎威,hjhw,hu jia hu wei,hu,wei
北魏·杨衒之《洛阳伽蓝记·法云寺》孙岩娶妻三年，不脱衣而卧。岩私怪之，伺其睡，阴解其衣，有尾长三尺似狐尾。岩惧而出之。”,但是他的话未免说的太露骨，已经明明白白把他的～显露出来了。★冯玉祥《我的生活》第十一章,古时传说狐狸能够变成人形来迷惑人，但它的尾巴却始终变不了，成为妖的标志。比喻坏人的本来面目或迷惑人的罪证。,hú li wěi ba,狐狸尾巴,hlwb,hu li wei ba,hu,ba
元·关汉卿《单刀会》第三折他那里暗暗的藏，我须索紧紧的防，都是些狐朋狗党。”,恼的是那～，搬弄是非，调三窝四；气的是为他兄弟不学好，不上心念书。★清·曹雪芹《红楼梦》第十回,泛指一些吃喝玩乐、不务正业的朋友。,hú péng gǒu yǒu,狐朋狗友,hpgy,hu peng gou you,hu,you
明·杨尔曾《韩湘子全集》第二十八回我两个是惯弄障眼法儿的，你们快去投别人做师父，莫在此胡缠乱搅。”,我说的正经话，你不听，～的说了这些闲篇儿，谁来听你。★清·邵振华《侠义佳人》第一回,蛮粗野。不讲道理，纠缠不放。,hú jiǎo mán chán,胡搅蛮缠,hjmc,hu jiao man chan,hu,chan
宋·释普济《五灯会元·龙门远禅师法嗣》祕魔岩主擎个义儿，胡说乱道，遂将一掴成齑粉，散在十方世界。”,为了造语惊人，对仗工稳起见，有些文豪们简直不恤～的。★鲁迅《且介亭杂文·病后杂谈》,没有根据或没有道理地瞎说。,hú shuō bā dào,胡说八道,hsbd,hu shuo ba dao,hu,dao
《朱子全书·学》宜于日用之间，稍立课程，不要如此胡思乱量，过却子也。”,杏莉母亲正在～之际，听到有人敲门，高兴极了！★冯德英《苦菜花》第三章,指没有根据，不切实际的瞎想。,hú sī luàn xiǎng,胡思乱想,hslx,hu si luan xiang,hu,xiang
宋·释普济《五灯会元》卷十六这二老汉，各人好与三十棒∥故？一个说长说短，一个胡言乱语。虽然如是，且放过一著。”,你则管哩便～，将我厮花白。★元·无名氏《渔樵记》第二折,指没有根据，不符实际的瞎说，或说胡话。,hú yán luàn yǔ,胡言乱语,hyly,hu yan luan yu,hu,yu
《旧五代史·张瓘传》汝车渡村百姓刘开道下贼惯作非为，今须改行，若故态不除，死无日矣。”,或诬好吃懒做，或诬胡作非为。★清·李汝珍《镜花缘》第十二回,胡乱；非不对。不顾法纪或舆论，毫无顾忌地做坏事。,hú zuò fēi wéi,胡作非为,hzfw,hu zuo fei wei,hu,wei
宋·吴自牧《梦梁录·五代人物》杭城湖光山色之秀，锺为人物，所以清奇特，为天下寇。”,园内轩窗四启，看着～，真如仙境。★清·吴敬梓《儒林外史》第三十五回,湖的风光，山的景色。指有水有山，风景秀丽。,hú guāng shān sè,湖光山色,hgss,hu guang shan se,hu,se
无,糊里糊涂是办不好事的。,认识凝，不明事理。也形容思想处于凝不清的状态。,hú lǐ hú tú,糊里糊涂,hlht,hu li hu tu,hu,tu
《周易·颐》虎视耽耽，其欲逐逐。”,你看这里这些人，因见老太太多疼了宝玉和凤姐姐两个，他们尚～，背地里言三语四的，何况于我？★清·曹雪芹《红楼梦》第四十回,眈眈注视的样子。象老虎那样凶狠地盯着。形容心怀不善，伺机攫取。,hǔ shì dān dān,虎视眈眈,hsdd,hu shi dan dan,hu,dan
无,这个小男孩长得虎头虎脑，非常可爱。,形容壮健憨厚的样子（多指儿童）。,hǔ tóu hǔ nǎo,虎头虎脑,hthn,hu tou hu nao,hu,nao
元·康进之《李逵负棘》第二折则为你两头白面搬兴废，转背言词说是非，这厮敢狗行狼心，虎头蛇尾。”,小奇也许会写得好，就是她有一个毛病，～”。★冰心《陶奇的星期日记》,头大如虎，尾细如蛇。比喻开始时声势很大，到后来劲头很小，有始无终。,hǔ tóu shé wěi,虎头蛇尾,htsw,hu tou she wei,hu,wei
唐·韩愈《原道》为之贾，以通其有无。”,无,通往来。拿出自己多余的东西给对方主，与之进行交换，以得到自己所缺少的东西。,hù tōng yǒu wú,互通有无,htyw,hu tong you wu,hu,wu
晋·陈寿《三国志·董允传》陈祗代允为侍中，与黄皓互为表里。”,无,甲为乙的外表，乙为甲的内里。比喻互相依存，互相接受。,hù wéi biǎo lǐ,互为表里,hwbl,hu wei biao li,hu,li
明·李贽《焚书·因记往事》甚至互相推托，以为能明哲。”,彼此～，皆弃之不收，反遗之以与金人用。★《新刊大宋宣和遗事》利集,诿也作委”，推辞；推诿把责任推给别人。彼此之间互相推托，谁也不愿承担责任。,hù xiāng tuī wěi,互相推诿,hxtw,hu xiang tui wei,hu,wei
宋·张先《木兰花》词人意共怜花月满，花好月圆人又散。欢情去逐远云空，往事过如幽梦断。”,无,花儿正盛开，月亮正圆满。比喻美好圆满。多用于棕人新婚。,huā hǎo yuè yuán,花好月圆,hhyy,hua hao yue yuan,hua,yuan
五代·蜀·魏承班《生查子》词花红柳绿间晴空。”,史见那郊园野旷，景物芳菲，～，仕女游人不断头的走的。★明·兰陵笑笑生《金瓶梅词话》第八十九回,形容明媚的春天景象。也形容颜色鲜艳纷繁。,huā hóng liǔ lǜ,花红柳绿,hhll,hua hong liu lv,hua,lv
清·张南庄《何典》第六回活死人便知他是个仗官托势的花花公子了。”,他和小丑的不同，是不扮横行无忌的～，也不扮一味仗势的宰相家丁。★鲁迅《二丑艺术》,指衣着华丽，只会吃喝玩乐，不务正业的、有钱有势人家的女弟。,huā huā gōng zǐ,花花公子,hhgz,hua hua gong zi,hua,zi
金·元好问《又解嘲二首》雁后花前日日闲，颇思尊酒慰愁颜。凭君细数东州客，谁在花花绿绿间？”,无,原指花草树木鲜艳多彩；形容颜色鲜明多彩。,huā huā lǜ lǜ,花花绿绿,hhll,hua hua lv lv,hua,lv
宋·计有功《唐诗纪事》第六十六卷（赵牧）特大中、咸通中敩（效）李长吉为短歌，对酒曰‘……手埒六十花甲子，循环落落如弄珠。’”,无,花甲旧时用天干和地支相互配合作为纪年，六十年为一花甲，亦称一个甲子。花形容干支名号错综参差。指六十岁。,huā jiǎ zhī nián,花甲之年,hjzn,hua jia zhi nian,hua,nian
清·吴敬梓《儒林外史》第二十九回一同进到房里，见满桌堆着都是选的刻本文章，红笔对的样，花里胡哨的。”,无,形容颜色过分鲜艳繁杂。也比喻浮华而不实在。,huā lǐ hú shào,花里胡哨,hlhs,hua li hu shao,hua,shao
唐·白居易《老病》诗尽听笙歌夜醉眠，若非月下即花前。”,～，几度销魂，未识多情面，空遗泪痕。★明·胡文焕《群音类选·红叶记·红叶重逢》,本指游乐休息的环境◇多指谈情说爱的处所。,huā qián yuè xià,花前月下,hqyx,hua qian yue xia,hua,xia
清·郭麐《摸鱼儿》词一篷儿，花天酒地，消磨风月如许。”,南京秦淮河一带仍是～，听歌狎妓。★姚雪垠《李自成》第二卷第十七章,形容沉湎在酒色之中。花，指妓女。,huā tiān jiǔ dì,花天酒地,htjd,hua tian jiu di,hua,di
宋·释道原《景德传灯录》卷十七自余是什么亲拟，将有限身心向无限中用，……。若无恁么事，饶你攒花簇锦，亦无用处。”,上下人等打扮的～。★清·曹雪芹《红楼梦》第五十三回,锦有文彩的丝织品；簇丛聚。形容五彩缤纷，十分鲜艳多彩的景象。也形容文章辞藻华丽。,huā tuán jǐn cù,花团锦簇,htjc,hua tuan jin cu,hua,cu
宋·朱熹《朱子语类·论语三》‘巧言’即今所谓花言巧语，如今世举子弄笔端做文字者是也。”,我以为法律上的许多罪名，都是～，只有一语以包括之，曰可恶罪。★鲁迅《而已集·可恶罪》,原指铺张修饰、内容空泛的言语或文辞◇多指用来骗人的虚伪动听的话。,huā yán qiǎo yǔ,花言巧语,hyqy,hua yan qiao yu,hua,yu
清·孙道干《小螺庵病榻忆语》附录·姜葆初《用十五咸全韵》天吴柴凤绣垂缪，花样翻新新色嵌。”,～，无奇不有。★孙犁《秀露集·第一个洞》,指独出心裁，创造新花样。,huā yàng fān xīn,花样翻新,hyfx,hua yang fan xin,hua,xin
清·曹雪芹《红楼梦》第六十二回袭人等捧过茶来，才吃了一口，平儿也打扮的花枝招展的来了。”,墙边一排一排的板凳上，坐着粉白黛绿，～的妇女们，笑语盈盈的不休。★冰心《六一姊》,招展迎风摆动的样子。形容打扮得十分艳丽。,huā zhī zhāo zhǎn,花枝招展,hzzz,hua zhi zhao zhan,hua,zhan
《晏子春秋·外篇·不合经术者》东海之中，有水而赤，其中有枣，华而不实，何也。”《左传·文公五年》且华而不实，怨之所聚也。”,～，脆而不坚。★毛泽东《改造我们的学习》,华开花。花开得好看，但不结果实。比喻外表好看，内容空虚。,huá ér bù shí,华而不实,hebs,hua er bu shi,hua,shi
《汉书·艺文志》然惑者既失精微，而辟者又随时扬抑，违离道本，苟以哗众取宠。”,～的人，是不受人欢迎的。,以浮夸的言论迎合群众，骗取群众的信赖和支持。,huá zhòng qǔ chǒng,哗众取宠,hzqc,hua zhong qu chong,hua,chong
毛泽东《抗日游击战争的战略问题》集中使用兵力，即所谓化零为整”的办法，多半是在敌人进攻之时为了消灭敌人而采取的。”,无,把零散的部分集中为一个整体。,huà líng wéi zhěng,化零为整,hlwz,hua ling wei zheng,hua,zheng
郭沫若《洪波曲·第七章·一》由于六月十一日的黄河决堤，使豫东成为泽国，也就化为了泡影。”,无,泡水泡。变成像水泡和影子那样，很快就消失。,huà wéi pāo yǐng,化为泡影,hwpy,hua wei pao ying,hua,ying
汉·司马相如《子虚赋》楚使子虚使于齐，王悉发车骑，与使者出畋。畋罢，子虚过姹乌有先生，亡是公存焉。”,岂意青州六从事，～一先生。★宋·苏轼《章质夫送酒六壶，书至而酒不达，戏作小诗问之》诗,乌有哪有，何有。变得什么都没有。指全部消失或完全落空。,huà wéi wū yǒu,化为乌有,hwwy,hua wei wu you,hua,you
唐·韩云卿《平蛮颂序》变氛沴为阳煦，化险阻为夷途。”,除夕遇险的一幕，自然又回忆起来，但我们这一次是～了，虽然费了一些周折。★郭沫若《革命春秋·南昌之一夜》,险险阻；夷平坦。化危险为平安。比喻转危为安。,huà xiǎn wéi yí,化险为夷,hxwy,hua xian wei yi,hua,yi
毛泽东《抗日游击战争的战略问题》一般地说来，游击队当分散使用，即所谓‘化整为零’。”,无,把一个整体分成许多零散部分。,huà zhěng wéi líng,化整为零,hzwl,hua zheng wei ling,hua,ling
《三国志·魏志·卢毓传》选举莫取有名，名如画地作饼，不可啖也。”,小生待～，小姐似望梅止渴。（明·汤显祖《牡丹亭》第十六出）,画个饼来解除饥饿。比喻用空想来安慰自己。,huà bǐng chōng jī,画饼充饥,hbcj,hua bing chong ji,hua,ji
汉·司马迁《报任少卿书》故士有画地为牢，势不可入，削木为吏，议不可对，定计于鲜也。”,这一封号，虽是几根柳森片门户，一张红纸的封条，法令所在，也同～，再没人敢任意行动。★清·文康《儿女英雄传》第三十四回,在地上画一个圈当做监狱。比喻只许在指定的范围内活动。,huà dì wéi láo,画地为牢,hdwl,hua di wei lao,hua,lao
唐·张彦远《历代名画记·张僧繇》金陵安乐寺四白龙不点眼睛，每云‘点睛即飞去。’人以为妄诞，固请点之。须臾，雷电破壁，两龙乘云腾去上天，二龙未点眼者见在。”,这然而一个好题目，却常常对作品有～之妙，激发人们阅读的兴趣。★秦牧《车窗文学欣赏》,原形容梁代画家张僧繇作画的神妙◇多比喻写文章或讲话时，在关键处用几句话点明实质，使内容生动有力。,huà lóng diǎn jīng,画龙点睛,hldj,hua long dian jing,hua,jing
《战国策·齐策二》蛇固无足，子安能为之足？” 明·施耐庵《水浒全传》第一百十回将军功绩已成，威声大震，可以止矣。今若前进，倘不如意，正如‘画蛇添足’也。”。,这也是一则事实，并非做书的人～，为此奇谈。★《花月痕》第五一回,画蛇时给蛇添上脚。比喻做了多余的事，非但无益，反而不合适。也比喻虚构事实，无中生有。,huà shé tiān zú,画蛇添足,hstz,hua she tian zu,hua,zu
元·王子一《误入桃源》第三折吃紧的理不服人，言不谙典，话不投机。”,宝玉听来，～，便靠在桌上睡去。★清·曹雪芹《红楼梦》第一一三回,投机意见相合。形容话说不到一起。,huà bù tóu jī,话不投机,hbtj,hua bu tou ji,hua,ji
清·曹雪芹《红楼梦》第第一百十回邢夫人等听了话中有话，不想到自己不令凤姐便宜行事，反说‘凤丫头果然有些不用心。’”,她听出～，怕嚷下去再被人掀出丑来，就咕噜着走了。★冯德英《苦菜花》第十四章,话里含有别的意思。,huà lǐ yǒu huà,话里有话,hlyh,hua li you hua,hua,hua
清·曹雪芹《红楼梦》第第一百十回邢夫人等听了话中有话，不想到自己不令凤姐便宜行事，反说‘凤丫头果然有些不用心。’”,无,话里含有别的意思。,huà zhōng yǒu huà,话中有话,hzyh,hua zhong you hua,hua,hua
明·冯梦龙《喻世明言》卷五眼见别人才学万倍不如他的，一个个出身显通，享用爵禄偏则自家怀才不遇。”,高曾祖考，俱是～的秀才。★清·夏敬渠《野叟曝言》第一回,怀怀藏；才才能。胸怀才学但生不逢时，难以施展；多指屈居微贱而不得志。,huái cái bū yù,怀才不遇,hcby,huai cai bu yu,huai,yu
明·冯梦龙《警世通言》第二十四回知县听玉姐说了一会，叫‘皮氏，想你见那男子弃旧迎新，你怀恨在心，药死亲夫，此情理或有之。’”,无,把怨恨藏在心里。形容对人记下仇恨，以伺机报复。,huái hèn zài xīn,怀恨在心,hhzx,huai hen zai xin,huai,xin
庄周《庄子·在宥》鸿蒙方将拊髀雀跃而游。”,消息传来，大家立刻～起来。,高兴得象麻雀一样跳跃。形容非常欢乐。,huān hū qué yué,欢呼雀跃,hhqy,huan hu que yue,huan,yue
无,人们～，庆祝春节。,欢乐地聚集在一起。,huān jù yī táng,欢聚一堂,hjyt,huan ju yi tang,huan,tang
唐·令狐楚《贺敕表》欢声雷动，喜气云腾。”,这里众位也有坐轿的，也有走的，见两边百姓，扶老携幼，挨挤着来看，～。★清·吴敬梓《儒林外史》第三十七回,欢笑的声音象雷一样响着。形容热烈欢乎的动人场面。,huān shēng léi dòng,欢声雷动,hsld,huan sheng lei dong,huan,dong
元·王实甫《西厢记》第五本第四折我现将著夫人诰歠，县君名称，怎生待欢天喜地，两只手儿亲付与他。”,刚才二奶奶从老太太屋里出来，不似往日～的，叫了平儿，唧唧咕咕的不知说了些什么。★清·曹雪芹《红楼梦》第六十七回,形容非常高兴。,huān tiān xǐ dì,欢天喜地,htxd,huan tian xi di,huan,di
元·童童学士《新水令·念远》生也因他，死也因他，恩爱人儿，冤家。”,无,表示又爱又恨的意思。小说戏曲中多用作对情人或儿女的亲热称呼。,huān xǐ yuān jiā,欢喜冤家,hxyj,huan xi yuan jia,huan,jia
宋·苏轼《上知府王龙图书》自公始至，释其重荷……是故莫不欢欣鼓舞之至。”,但在革命成功了的当时，我们一般的人是怎样地～哟！★郭沫若《少年时代·反正前后》,欢欣欣喜；鼓舞振奋。形容高兴而振奋。,huān xīn gǔ wǔ,欢欣鼓舞,hxgw,huan xin gu wu,huan,wu
明·罗贯中《三国演义》第九十九回孔明用缓兵之计，渐退汉中，都督何故怀疑，不早追之？”,话大决意要杀陶三，监生恐闹出事来，原为～。★清·刘鹗《老残游记》第七十二回,延缓对方进攻的计策。指拖延时间，然后再想办法。,huǎn bīng zhī jì,缓兵之计,hbzj,huan bing zhi ji,huan,ji
《论语·阳货》其未得之也，患得之；既得之，患失之。苟患失之，无所不至矣！”,既无～”的念头，心情也自然安泰，决非欲骗人安心，所以这样说”的切祈明鉴为幸。★鲁迅《两地书》六○,患忧患，担心。担心得不到，得到了又担心失掉。形容对个人得失看得很重。,huàn dé huàn shī,患得患失,hdhs,huan de huan shi,huan,shi
唐·元稹《遣悲怀·二》情知此恨人人有，贫贱夫妻百事哀。”,只怕有了恩爱夫妻，就不要～了。★清·文康《儿女英雄传》第二十三回,患难忧虑和灾难。指经受过困苦考验，能够同甘共苦的夫妻。,huàn nàn fū qī,患难夫妻,hnfq,huan nan fu qi,huan,qi
《礼记·儒行》儒有闻善以相告也，见善以礼相示也，爵位相先也，患难相死也。”,高桂英毕竟是他的～的结发妻子和好帮手。★姚雪垠《李自成》第一卷第十三章,共同承担危险和困难。指彼此关系密切，利害一致。,huàn nàn yǔ gòng,患难与共,hnyg,huan nan yu gong,huan,gong
明·东鲁古狂生《醉醒石》第十回浦肫夫患难之交，今日年兄为我们看他，异日我们也代年兄看他。”,然而正感谢有这一些的打，你把铁打成了钢，把泛泛的朋友都打成了～了。★郭沫若《南京印象》十六,交交情，朋友。在一起经历过艰难困苦的朋友。,huàn nàn zhī jiāo,患难之交,hnzj,huan nan zhi jiao,huan,jiao
唐·张彦远《历代名画记·论鉴识收藏购求阅玩》其有晋宋名迹，焕然如新，已历数百年，纸素彩色未甚败。”,依中国法度，造作旗帜大纛，～。★清·陈忱《水浒后传》第十一回,焕然鲜明光亮的样子。改变旧面貌，出现崭新的气象。,huàn rán yī xīn,焕然一新,hryx,huan ran yi xin,huan,xin
《史记·孟子荀卿列传》其语闳大不经，必先验小物，推而大之，至于无垠。”,如果用世俗的眼光看来，这些内容几乎都是～的。★秦牧《幻想的彩翼》,荒诞荒唐离奇；不经不合常理。形容言论荒谬，不合情理。,huāng dàn bù jīng,荒诞不经,hdbj,huang dan bu jing,huang,jing
穆欣《南线巡回·解放西昌之战》部队指战员忍饥受寒，翻越高达四千二百多米荒无人烟的大山。”,无,人烟指住户、居民，因有炊烟的地方就有人居住。形容地方偏僻荒凉，见不到人家。,huāng wú rén yān,荒无人烟,hwry,huang wu ren yan,huang,yan
汉·杨恽《报孙会宗书》人生行乐耳，须富贵何时。是日也，拂衣而喜，奋袖低昂，顿足起舞，诚淫荒无度，不知其不可也。”,由于～，乡长的身体越来越加坏了，随常都在闹病，于是他的太太硬把她的愤怒转注在所有的流娼身上。★沙汀《一个秋天的晚上》,荒荒唐；淫淫乱；度限度。形容征逐酒色，生活糜烂。,huāng yín wú dù,荒淫无度,hywd,huang yin wu du,huang,du
元·施惠《幽闺记·山寒巡逻》陀满兴福来到此间，所谓慌不择路，饥不择食，只得结集亡命，哨聚山森。”,饥不择食，寒不择衣，～，贫不择妻。★明·施耐庵《水浒全传》第三回,势急心慌，顾不上选择道路。,huāng bù zé lù,慌不择路,hbzl,huang bu ze lu,huang,lu
明·冯梦龙《喻世明言·陈御史巧勘金钗钿》身上穿得整整齐齐，脚儿走得慌慌张张，望着园门欲进不进的。”,无,形容举止慌张，不稳重。,huāng huāng zhāng zhāng,慌慌张张,hhzz,huang huang zhang zhang,huang,zhang
元·无名氏《谢金吾》第三折刀斧手且住者，不知是那个皇亲国戚来了也，等他过去了，才好杀人那！”,无,皇帝的亲戚。指极有权势的人。,huáng qīn guó qī,皇亲国戚,hqgq,huang qin guo qi,huang,qi
元·无名氏《连环计》第四折今日是皇道吉日，满朝众公卿都在银台门，敦请太师入朝授禅。”,次日是～，就着杨老妈为媒，说不舍得放女儿出门，把张幼谦赘了过来。★明·凌濛初《初刻拍案惊奇》卷二十九,迷信的人认为可以办事的吉利日子。,huáng dào jí rì,黄道吉日,hdjr,huang dao ji ri,huang,ri
谢觉哉《青年人怎样锻炼自己》人从十五岁至三十岁，是黄金时代。”,无,指人一生中最为宝贵的时期。也指国家政治、经济、文化最繁荣的时期。,huáng jīn shí dài,黄金时代,hjsd,huang jin shi dai,huang,dai
唐·沈既济《枕中记》怪曰‘岂其梦寐耶？’翁笑曰‘人世之事亦犹是矣。’”,应举不第，道经邯郸，得遇正阳子师父，点化～，遂成仙道。★元·范康《竹叶舟》第一折,黄粱小米。比喻虚幻不能实现的梦想。,huáng liáng yī mèng,黄粱一梦,hlym,huang liang yi meng,huang,meng
汉·刘向《说苑·正谏》园中有树，其上有蝉，蝉高居悲鸣饮露，不知螳螂在其后也！螳螂委身曲跗欲取蝉，而不知黄雀在其傍也。”,无,比喻伺机从后面袭击，也比喻有后顾之忧。,huáng què zài hòu,黄雀在后,hqzh,huang que zai hou,huang,hou
《汉书·王莽传下》人民正营，无所措手足。”唐·颜师古注正营，惶恐不安之意也。”,董卓屯兵城外，每日带铁甲马军入城，横行街市，百姓～。★明·罗贯中《三国演义》第三回,惶恐惧。内心害怕，十分不安。,huáng huáng bù ān,惶惶不安,hhba,huang huang bu an,huang,an
《汉书·王莽传下》人民正营，无所措手足。”唐·颜师古注正营，惶恐不安之意也。”,无,惶恐惧。内心害怕，十分不安。,huáng kǒng bù ān,惶恐不安,hkba,huang kong bu an,huang,an
宋·释道原《景德传灯录》卷五简蒙指教，豁然大悟。”,袁太守和庄太守听了，方才～，彼此相视而笑。★清·张春帆《宦海》第十七回,恍然猛然清醒的样子；悟心里明白。形容一下子明白过来。,huǎng rán dà wù,恍然大悟,hrdw,huang ran da wu,huang,wu
宋·范成大《吴船录下》发常州，平江亲戚故旧来相迓者，陆续于道，恍然如隔世焉。”,盖聪明灵性，经一病而汩没销枕，遂举昔日所为，～耳。★清·淮阴百一居士《壶天录》卷下,恍仿佛；世三十年为一世。仿佛隔了一个时代。指一种因人事或景物变化很大而引起的感触。,huǎng rú gé shì,恍如隔世,hrgs,huang ru ge shi,huang,shi
宋·苏轼《念奴娇·赤壁怀古》词谈笑间，樯橹灰飞烟灭。”,岂知转眼之间～，金山化作冰山，极是不难的事。（明·凌濛初《初刻拍案惊奇》卷二十二）,比喻事物消失净尽。,huī fēi yān miè,灰飞烟灭,hfym,hui fei yan mie,hui,mie
无,无,指面容污秽。,huī tóu tǔ liǎn,灰头土脸,httl,hui tou tu lian,hui,lian
明·吕坤《呻吟语·下·建功立业》是以志趋不坚，人言是恤者，辄灰心丧气，竟不卒功。”,因为遭受了很大的损失，都有些～了。★吴玉章《论辛亥革命》,灰心心如熄灭了的死灰；丧失去。形容因失败或不顺利而失去信心，意志消沉。,huī xīn sàng qì,灰心丧气,hxsq,hui xin sang qi,hui,qi
《战国策·齐策一》连衽成帷，举袂成幕，挥汗成雨。”,其人伏地惕息，～，自是怏怏如胅。★清·纪昀《阅微草堂笔记·滦阳消夏录五》,挥洒，泼。形容天热出汗多。,huī hàn rú yǔ,挥汗如雨,hhry,hui han ru yu,hui,yu
冯玉祥《我的生活》第二十五章尤其许多骄奢淫逸的官僚军阀，富户买办，成天为自己挥霍无度。”,无,挥霍摇手称挥，反手称攉，意即动作敏捷，引伸为用钱没有节制；无度没有限度。指滥用金钱，没有节制。,huī huò wú dù,挥霍无度,hhwd,hui huo wu du,hui,du
宋·周密《齐东野语》卷二挥金如土，视官爵如等闲。”,无奈彼时心高气傲，～，直把钱财看得不当东西。★清·李宝嘉《官场现形记》第三十回,挥散。把钱财当成泥土一样挥霍。形容极端挥霍浪费。,huī jīn rú tǔ,挥金如土,hjrt,hui jin ru tu,hui,tu
唐·李颀《赠张旭》兴来洒素壁，挥笔如流星。”,家人送上一枝蘸满墨水的笔。珏斋提笔，在纸上～的写了一百多字。★清·曾朴《孽海花》第二十五回,挥挥笔；酒洒墨。形容画画、写字、作文，运笔能随心所欲。,huī sǎ zì rú,挥洒自如,hszr,hui sa zi ru,hui,ru
宋·释普济《五灯会元·黄龙南禅师法嗣》诸禅德若能一念回光返照，到自己脚跟下，褫剥究竟，将来可谓洞门豁开，楼阁重重，十分普视，海会齐彰。”,所以唐末宋初，骈体文又～了一下。★朱自清《经典常谈·文第十三》,指太阳刚落山时，由于光线反射而发生的天空中短时发亮的现象。比喻人死前精神突然兴奋。也比喻事物灭亡前夕的表面兴旺。,huí guāng fǎn zhào,回光返照,hgfz,hui guang fan zhao,hui,zhao
唐·白居易《长恨歌》回眸一笑百媚生，六宫粉黛无颜色。”,有绿衫女子，时乘墙缺窥之，或偶避人，亦必～，若与目成。★清·纪昀《阅微草堂笔记·姑妄听之一》,眸眼珠。转动眼珠，嫣然一笑。常用以形容女子妩媚的表情。,huí móu yī xiào,回眸一笑,hmyx,hui mou yi xiao,hui,xiao
清·冯起凤《昔柳摭谈·秋风自悼》后探得的耗，万箭攒心，脏腑欲裂。但木已成舟，回天乏术。”,无,回天比喻力量大，能移转极难挽回的时势；乏术缺少方法。比喻局势或病情严重，已无法挽救。,huí tiān fá shù,回天乏术,htfs,hui tian fa shu,hui,shu
清·冯起凤《昔柳摭谈·秋风自悼》后探得的耗，万箭攒心，脏腑欲裂。但木已成舟，回天乏术。”,我家家传将种，系出清门，先君爱国如焚，～。★清·梁启超《侠情记传奇·纬忧》,回天比喻力量大，能移转极难挽回的时势；无力没有力量。比喻局势或病情严重，已无法挽救。,huí tiān wú lì,回天无力,htwl,hui tian wu li,hui,li
元·无名氏《度翠柳》第一折世俗人没来由，争长竞短，你死我活。有呵吃些个，有呵穿些个。苦海无边，回头是岸。”,只要他们认破迷津，那便～。★郭沫若《南冠草》第一幕,佛家语，指有罪的人只要回心转意，痛改前非，就能登上彼岸”，获得超度◇比喻做坏事的人，只要决心悔改，就有出路。,huí tóu shì àn,回头是岸,htsa,hui tou shi an,hui,an
宋·王禹偁《橄榄》诗良久有回味，始觉甘如饴。”,这篇文章含义深刻，使人～。,回味指吃过东西以后的余味。比喻回想某一事物，越想越觉得有意思。,huí wèi wú qióng,回味无穷,hwwq,hui wei wu qiong,hui,qiong
宋·朱熹《朱子语类·训门人·五》且人一日间，此心是起多少私意，起多少计较，都不会略略回心转意去看。”,要不然时，叫他趁早～，有多少好处。★清·曹雪芹《红楼梦》第四十六回,心、意心思；回、转掉转。重新考虑，改变原来的想法和态度。,huí xīn zhuǎn yì,回心转意,hxzy,hui xin zhuan yi,hui,yi
唐·薛昭纬《谢银工》诗早知文字多辛苦，悔不当初学冶银。”,这一声叹息，大有～的意味。★高阳《清宫外史》下册,悔后悔；当初开头，起初◇悔不在当初采取另一种行动。,huǐ bù dāng chū,悔不当初,hbdc,hui bu dang chu,hui,chu
《史记·吴王濞列传》于古法当诛，文帝弗忍，因赐几杖。德至厚，当改过自新。《新唐书·冯元常传》元常喻以恩信，约悔过自新，贼相率脱甲而缚。”,只要你真能～，本部堂可以饶你的活命。★郭沫若《南冠草》第一幕,悔悔改；过错误；自新使自己重新做人。悔恨以前的过失，决心重新作人。,huǐ guò zì xīn,悔过自新,hgzx,hui guo zi xin,hui,xin
无,他对此事～，无地自容。,恨遗憾；交加一起出现。形容非常懊悔。,huǐ hèn jiāo jiā,悔恨交加,hhjj,hui hen jiao jia,hui,jia
《大宋宣和遗事》万一有奸邪叵测之情，陛下悔之晚矣！”,小沛原非久居之地。今徐州既有可乘之隙，失此不取，～。★明·罗贯中《三国演义》第十四回,后悔已经晚了。,huǐ zhī wǎn yǐ,悔之晚矣,hzwy,hui zhi wan yi,hui,yi
宋·周敦颐《周子通书·过》今人有过，不喜人规，如护疾而忌医，宁灭其身而无悟也。”,患着浮肿，而～，但愿别人糊涂，误认他为肥胖。★鲁迅《且介亭杂文末编·立此存照”》,讳避忌；忌怕，畏惧。隐瞒疾病，不愿医治。比喻怕人批评而掩饰自己的的缺点和错误。,huì jí jì yī,讳疾忌医,hjjy,hui ji ji yi,hui,yi
《谷梁传·庄公三十二年》讳莫如深，深则隐。苟有所见，莫如深也。”,中国则～，枢府举动，真相不知。★清·梁启超《论报馆有益于国事》,讳隐讳；深事件重大。原意为事件重大，讳而不言◇指把事情隐瞒得很紧。,huì mò rú shēn,讳莫如深,hmrs,hui mo ru shen,hui,shen
清·朱庭珍《筱园诗话》卷一必使山情水性，因绘声绘色而曲得其真；务期天巧地灵，借人工人第而华传其妙。”,尤其是谈她自己的儿女，那真是～，细致入微，没完没了。★冯德英《迎春花》第九章,把人物的声音、神色都描绘出来了。形容叙述或描写生动逼真。,huì shēng huì sè,绘声绘色,hshs,hui sheng hui se,hui,se
《论语·述而》学而不厌，诲人不倦，何有于我哉？”,圣人说～”，你又来问我，我岂有不说的理！★清·曹雪芹《红楼梦》第四十八回,诲教导。教导人特别耐心，从不厌倦。,huì rén bù juàn,诲人不倦,hrbj,hui ren bu juan,hui,juan
晋·王羲之《兰亭集序》是日也，天朗气清，惠风和畅。”,无,惠柔和；和温和；畅舒畅。柔和的风，使人感到温暖、舒适。,huì fēng hé chàng,惠风和畅,hfhc,hui feng he chang,hui,chang
《后汉书·窦融传》百年累之，一朝毁之。”,百余年辛苦经营的圆明园，～，更是令人椎心泣血的莫大恨事。（高阳《清宫外史》下册）,于在；一旦一天。在一天的功夫全被毁掉。多指长期劳动的成果一下子被毁掉。,huǐ yú yī dàn,毁于一旦,hyyd,hui yu yi dan,hui,dan
茅盾《温故以知新》正常的现象是毁誉参半。这个毁誉参半……会争出一个对作品既不偏高，也不偏低的恰好评价。”,无,说坏话的和说好话的各占一半。表示对人的评价没有一致的意见。,huǐ yù cān bàn,毁誉参半,hycb,hui yu can ban,hui,ban
元·王实甫《西厢记》第四本第三折准备着被儿枕儿，则索昏昏沉沉的睡。”,我努力睁大眼睛，我～地捱着时刻。★巴金《第四病室》,形容人神志不清的样子。,hūn hūn chén chén,昏昏沉沉,hhcc,hun hun chen chen,hun,chen
清·蒲松龄《聊斋志异·贾奉雉》是秋入闱复落，邑邑不得志，颇思郎言，遂取前所指示者强读之，未至终篇，昏昏欲睡，心惶惑无以自主。”,无,昏昏沉沉，只想睡觉。形容极其疲劳或精神不振。,hūn hūn yù shuì,昏昏欲睡,hhys,hun hun yu shui,hun,shui
清·石玉昆《三侠五义》第一回谁知早有人将信暗暗透于冷宫，秦凤一闻此言，胆裂魂飞，忙忙奏知李娘娘。李娘娘闻听，登时昏迷不醒。”,无,神志昏沉，不省人事。,hūn mí bù xǐng,昏迷不醒,hmbx,hun mi bu xing,hun,xing
明·凌濛初《二刻拍案惊奇》卷二十五郑蕊珠昏天黑地，不认得这条路是那里，离家是近是远。”,加以象现在的～，你若打开窗子说亮话，还是免不了做牺牲。★鲁迅《两地书》九,形容天色昏暗。也比喻社会黑暗混乱。,hūn tiān hēi dì,昏天黑地,hthd,hun tian hei di,hun,di
汉·扬雄《法言·问神》虞夏之书浑浑尔，商书灏灏尔，周书噩噩尔。”,他自己在十六七岁时～的，所以觉得十六岁的女孩子便那么练达人情世故，不是寿相”。★茅盾《一个女性》,浑浑深厚的样子；噩噩严肃的样子。原意是浑厚而严正。现形容糊里糊涂，愚昧无知。,hún hún è è,浑浑噩噩,hhee,hun hun e e,hun,e
唐·韩愈《上襄阳于相公书》阁下负超卓之奇才，蓄雄刚之俊德，浑然天成，无有畔岸。”,无,形容诗文结构严密自然，用词运典毫无斧凿痕迹。亦形容人的才德完美自然。,hún rán tiān chéng,浑然天成,hrtc,hun ran tian cheng,hun,cheng
《二程遗书》卷二上学者须先识仁。仁者，浑然与物同体。义、礼、知、信皆仁也。”,破除拦截，方可言前后内外～也。★清·黄宗羲《答董吴仲论学书》,浑然混同在一起的样子。融合成一个整体，不可分割。也形容文章绘画，布置匀整，结构谨严。,hún rán yī tǐ,浑然一体,hryt,hun ran yi ti,hun,ti
明·吴承恩《西游记》第七十三回浑身解数如花锦，双手腾那似辘轳。”,无,浑身全身，指所有的；解数那套数，指武艺。所有的本领，全部的权术手腕。,hún shēn xiè shù,浑身解数,hsxs,hun shen xie shu,hun,shu
老舍《四世同堂》四十五其余那些人，有的是浑水摸鱼，乘机会弄个资格。”,无,浑水不清的水。比喻乘混乱的时候从中捞取利益。,hún shuǐ mō yú,浑水摸鱼,hsmy,hun shui mo yu,hun,yu
《三国志·管辂传》裴松之注引《辂别传》何之视侯，则魂不守宅，血不华色，精爽烟浮，容若槁木，谓之鬼幽。”,我看宝玉竟是～，起动是不怕的。★清·曹雪芹《红楼梦》第十五回,舍住宅，比喻人的躯壳。灵魂离开了躯壳。指人之将死。也形容精神恍惚。,hún bù shǒu shè,魂不守舍,hbss,hun bu shou she,hun,she
《左传·昭公二十五年》心之精爽，是谓魂魄；魂魄去之，何以能久？”,猛然间一个人从身后冒冒失失的按住，也不出声，二人唬得～。★清·曹雪芹《红楼梦》第十五回,吓得连魂魄都离开人体飞散了。形容惊恐万分，极端害怕。,hún fēi pò sàn,魂飞魄散,hfps,hun fei po san,hun,san
宋·刘过《醉太平》词思君忆君，魂牵梦萦，翠销香暖云屏，更哪堪酒醒。”,无,形容万分思念。,hún qiān mèng yíng,魂牵梦萦,hqmy,hun qian meng ying,hun,ying
唐·韩愈《平淮西碑》万口和附，并为一谈。”,可见言志”跟缘情”到底两样，是不能～的。★朱自清《诗言志辩·诗言志（三）》,把不同的事物混在一起，当作同样的事物谈论。,hùn wéi yī tán,混为一谈,hwyt,hun wei yi tan,hun,tan
《三国志·袁尚传》裴松之注如此之类，正足以诬罔视听，贻误后生矣。”,那些人经常故意～，影响很坏。,混淆混杂。用假象或谎言让旁人分辨不清是非。,hùn xiáo shì tīng,混淆视听,hxst,hun xiao shi ting,hun,ting
清·陶曾佑《论文学之势力及其关系》锢蔽见闻，淆混是非。”,他们颠倒黑白，～，结帮营私，横行霸道。★巴金《一封信》,混淆使界限不清。故意把正确的说成错误的，把错误的说成正确的。,hùn xiáo shì fēi,混淆是非,hxsf,hun xiao shi fei,hun,fei
晋·陶潜《桃花园记》极初狭，才通人。复行数十步，豁然开朗。”,宝玉～笑道很是，很是。★清·曹雪芹《红楼梦》第九十一回,豁然形容开阔；开朗开阔明亮。从黑暗狭窄变得宽敞明亮。比喻突然领悟了一个道理。,huò rán kāi lǎng,豁然开朗,hrkl,huo ran kai lang,huo,lang
曹禺《日出》第四幕我一定可以把小东西还是活蹦乱跳地找回来。”,大水看到～的艾和尚一眨眼的工夫，就死在敌人枪弹之下，心里一阵疼。★孔厥、袁静《新儿女英雄传》第九回,欢蹦乱跳，活泼、欢乐，生气勃勃的样子。,huó bèng luàn tiào,活蹦乱跳,hblt,huo beng luan tiao,huo,tiao
明·冯梦龙《警世通言》卷五再说王氏闻丈夫凶信，初时也疑惑。被吕宝说得活龙活现，也信了。”,他忽然把个乐正子又请出来，说的～，倒也有个意思。（清·李汝珍《镜花缘》第六十五回）,形容神情逼真，使人感到好象亲眼看到一般。,huó líng huó xiàn,活灵活现,hlhx,huo ling huo xian,huo,xian
《人民文学》1977年4期整个发电厂都火急火燎地动员起来。”,无,犹火烧火燎。,huǒ jí huǒ liǎo,火急火燎,hjhl,huo ji huo liao,huo,liao
陶菊隐《筹安会六君子传》章太炎以自己惨淡经营《民报》多年，一旦复刑，竟被摈斥，不由得火冒三丈。”,无,冒往上升。形容愤怒到极点。,huǒ mào sān zhàng,火冒三丈,hmsz,huo mao san zhang,huo,zhang
清·李宝嘉《官场现形记》第五回三荷包也不睬他，把他气得越发火上加油了。”,这是一个重要的西洋古典，主上不懂得运用，而公开的说出‘自由民治’的真面目，那就一定要～的更激起匪徒的暴乱的。★瞿秋白《论文学革命及语言文字问题·学阀万岁》,在一旁助威增加他人的愤怒或助长事态的发展。,huǒ shàng jiā yóu,火上加油,hsjy,huo shang jia you,huo,you
元·关汉卿《金线池》第二折我见了他扑邓邓火上浇油。”,若吃此药，误用人参，犹如～，不出七天，必要命尽无常。★清·石昆玉《三侠五义》第四十一回,往火上倒油。比喻使人更加愤怒或使情况更加严重。,huǒ shàng jiāo yóu,火上浇油,hsjy,huo shang jiao you,huo,you
老舍《鼓书艺人》十九她遭到了不幸，比个寡妇还不如。往后怎么办？想到这里，她心里火烧火燎，呆呆坐着，急得一身汗。”,无,燎烧。被火烧烤。比喻心里非常着急或身上热得难受。,huǒ shāo huǒ liǎo,火烧火燎,hshl,huo shao huo liao,huo,liao
宋·释普济《五灯会元》卷十六问‘如何是急切一句？’诗曰‘火烧眉毛。’”,～，且顾眼前。★清·李汝珍《镜花缘》第三十五回,火烧到眉毛。比喻事到眼前，非常急迫。,huǒ shāo méi máo,火烧眉毛,hsmm,huo shao mei mao,huo,mao
唐·苏味道《正月十五夜》诗火树银花合，尽桥铁锁开。”,～不夜天，弟兄姐妹舞翩跹，歌声唱彻月儿圆。★柳亚子《浣溪沙》词,火树火红的树，指树上挂满灯彩；银花银白色的花，指灯光雪亮。形容张灯结彩或大放焰火的灿烂夜景。,huǒ shù yín huā,火树银花,hsyh,huo shu yin hua,huo,hua
元·杨景贤《西游记杂剧》第三本第九出这厮瞒神唬鬼，铜筋铁骨，火眼金睛。”,只是风搅得烟来，把一双眼炒红了，弄做个老害眼病，故唤作～。★明·吴承恩《西游记》第七回,原指《西游记》中孙悟空能识别妖魔鬼怪的眼睛◇用以形容人的眼光锐利，能够识别真伪。,huǒ yǎn jīn jīng,火眼金睛,hyjj,huo yan jin jing,huo,jing
十七世纪法国寓言诗人拉·封丹的寓言《猴子与猫》载猴子骗猫取火中栗子，栗子让猴子吃了，猫却把脚上的毛烧掉了。,我们目前自顾不暇，郑成功不来就是天主保佑了，我们还好去惹他么。我们不能为别人～。★郭沫若《郑成功》第五章,偷取炉中烤熟的栗子。比喻受人利用，冒险出力却一无所得。,huǒ zhōng qǔ lì,火中取栗,hzql,huo zhong qu li,huo,li
清·吴趼人《二十年目睹之怪现状》第五回但不知可有‘货真价实，童叟无欺’的字样没有？”,她现在要求再念一遍时的不笑倒是～的热心。（茅盾《无题》）,货物不是冒牌的，价钱也是实在的。形容实实在在，一点不假。,huò zhēn jià shí,货真价实,hzjs,huo zhen jia shi,huo,shi
汉·刘向《说苑·权谋》此所谓福不重来，祸必重来者也。”,～，那个私立中学因为吃了一家钱庄的倒帐，发不出薪水了。★叶圣陶《得失》,祸灾难。指不幸的事接二连三地发生。,huò bù dān xíng,祸不单行,hbdx,huo bu dan xing,huo,xing
晋·傅玄《口铭》病从口入，祸从口出。”,在这样～”之秋，给自己也辩护得周到一点罢。★鲁迅《华盖集续编·再来一次》,灾祸从口里产生出来。指说话不谨慎容易惹祸。,huò cóng kǒu chū,祸从口出,hckc,huo cong kou chu,huo,chu
《旧唐书·刘瞻传》咸云宗召荷恩之日，寸禄不沾，进药之时，又不同义，此乃祸从天降，罪匪己为。”,正是～，灾向地生。★明·施耐庵《水浒全传》第四十六回,降落下。比喻突然遭到了意外的灾祸。,huò cóng tiān jiàng,祸从天降,hctj,huo cong tian jiang,huo,jiang
章炳麟《正学报缘起·例言》如去岁兖州之变，西报指斥疆臣，谓其祸国殃民，肉不足以啖狗彘。”,第八条罪状是传播出去，～。★毛泽东《反对党八股》,祸、殃损害。使国家受害，百姓遭殃。,huò guó yāng mín,祸国殃民,hgym,huo guo yang min,huo,min
宋·释普济《五灯会元》卷三十问‘如何是和尚家风？’师曰‘饥不择食。’”,自古有几般～，寒不择衣，慌不择路，贫不择妻。（明·施耐庵《水浒全传》第三回）,择挑拣。不管什么都吃。比喻需要急迫，顾不得选择。,jī bù zé shí,饥不择食,jbzs,ji bu ze shi,ji,shi
清·蒲松龄《聊斋志异·西湖主》而枵肠辘辘，饥不可堪。”,这时已错了传膳的时刻，都是天色微明吃的早饭，至此无不～。★高阳《玉座珠帘》上册,饥肠饥饿的肚子；辘辘车行声。肚子饿得咕咕直响。形容十分饥饿。,jī cháng lù lù,饥肠辘辘,jcll,ji chang lu lu,ji,lu
晋·陶潜《劝农》宴安自逸，岁暮奚冀？担石不储，饥寒交至。”宋·王谠《唐语林》卷一上谓曰‘汝何为作贼？’对曰‘饥寒交迫，所以为盗。’”,吾十数年来，～，不萌他念者，望汝成立室家，为尔父延一线也。★清·袁枚《子不语》,交一起，同时。衣食无着，又饿又冷。形容生活极端贫困。,jī hán jiāo pò,饥寒交迫,jhjp,ji han jiao po,ji,po
五代·安重荣《上石敬瑭表》须知机不可失，时不再来。”,～，这正是革命力量重新振兴之时。★耿可员《孙中山与宋庆龄》第五场,机机会；时时机∶的时机不可放过，失掉了不会再来。,jī bù kě shī,机不可失,jbks,ji bu ke shi,ji,shi
宋·黄庭坚《牧童歌》诗多少长安名利客，机关用尽不如君。”,～太聪明，反算了卿卿性命。★清·曹雪芹《红楼梦》第五回,机关周密、巧妙的计谋。比喻用尽心思。,jī guān suàn jìn,机关算尽,jgsj,ji guan suan jin,ji,jin
清·蒲松龄《聊斋志异·阿霞》人之无良，舍其旧而新是谋，卒之卵覆鸟亦飞，天之所报亦惨矣。”,只要他一进关抄了咱们的后路，那就～，不可收拾了。★周骥良《吉鸿昌》,鸡飞走了，蛋打破了。比喻两头落空，一无所得。,jī fēi dàn dǎ,鸡飞蛋打,jfdd,ji fei dan da,ji,da
茅盾《锻炼》然而陈克明却在这里想象，一方面疑神疑鬼，又一方面畏惧怨恨所造成的鸡飞狗跳、人人自危的情形。”,无,把鸡吓得飞起来，把狗吓得到处乱跳。形容惊慌得乱成一团。,jī fēi gǒu tiào,鸡飞狗跳,jfgt,ji fei gou tiao,ji,tiao
茅盾《雨天杂写》则此一特点不能不有一佳名，故拟题曰'鸡零狗碎'云尔。”,那～的事，恕不细说，但值得大书特书的奇迹，放过未免可惜。★高晓声《李顺大造屋》,形容事物零碎细小，不成系统。,jī líng gǒu suì,鸡零狗碎,jlgs,ji ling gou sui,ji,sui
孙犁《石猴——平分杂记》他们是为了报答你的恩情，才送给你；你倒说是鸡毛蒜皮。”,无,比喻无关紧要的琐碎事情。,jī máo suàn pí,鸡毛蒜皮,jmsp,ji mao suan pi,ji,pi
唐·柳宗元《捕蛇者说》哗然而骇者，虽鸡狗不得宁焉。”,你弟兄窝藏强盗，闹了两座军州，自去落草。官府着落地方搜缉，搅得～！★清·陈忱《水浒后传》第十六回,宁安宁。形容骚扰得厉害，连鸡狗都不得安宁。,jī quǎn bù níng,鸡犬不宁,jqbn,ji quan bu ning,ji,ning
汉·王充《论衡·道虚》淮南王刘安坐反而死，天下并闻，当时并见，儒书尚有言其得道仙去，鸡犬升天者。”,无,传说汉朝淮南王刘安修炼成仙后，把剩下的药撒在院子里，鸡和狗吃了，也都升天了◇比喻一个人做了官，和他有关的人也跟着得势。,jī quǎn shēng tiān,鸡犬升天,jqst,ji quan sheng tian,ji,tian
先秦·李耳《老子》甘其食，美其服，安其居，乐其俗。邻国相望，鸡犬之声相闻，民至老死不相往来。”,阡陌交通，～。★晋·陶潜《桃花源记》,指人烟稠密。,jī quǎn xiāng wén,鸡犬相闻,jqxw,ji quan xiang wen,ji,wen
《荀子·王制》彼日积劳，我日积佚。”明·冯梦龙《东周列国志》第六十九回公孙归生积劳成病，卧不能起，城中食尽，饿死者居半，守者疲困，不能御敌。”,昨在剑南剿灭倭冠，颇为出力，现在～。★清·李汝珍《镜花缘》第五回,积劳长期劳累过度；疾病。因长期工作，劳累过度而生了病。,jī láo chéng jí,积劳成疾,jlcj,ji lao cheng ji,ji,ji
无,无,比喻积少成多。,jī shā chéng tǎ,积沙成塔,jsct,ji sha cheng ta,ji,ta
《荀子·劝学》积善成德，而神明自得。”,无,善善行，好事；德高尚的品德。长期行善，就会形成一种高尚的品德。,jī shàn chéng dé,积善成德,jscd,ji shan cheng de,ji,de
《战国策·秦策四》积薄而为厚，聚少而为多。”《汉书·董仲舒传》聚少成多，积小致巨。”,其实一个人做一把刀、一个勺子是有限得很，然而～，这笔账就难算了，何况更是历年如此呢。★《二十年目睹之怪现状》第二十九回,积累少量的东西，能成为巨大的数量。,jī shǎo chéng duō,积少成多,jscd,ji shao cheng duo,ji,duo
《荀子·劝学》积土成山，风雨兴焉；积水成渊，蛟龙生焉。”,无,渊深水潭。点点滴滴的水聚积起来，就能形成一个深潭。比喻积小成多。,jī shuǐ chéng yuān,积水成渊,jscy,ji shui cheng yuan,ji,yuan
荀况《荀子·劝学》积土成山，风雨兴焉；积水成渊，蛟龙生焉。”,～，积水成渊,累土可以堆成山，比喻积少成多。,jī shuǐ wéi shān,积土成山,jsws,ji shui wei shan,ji,shan
巴金《论自己的创作·小序》真是积习难改，拿起笔，就象扭开了龙头，水荷荷地流个不停。”,无,积习长期形成的旧习惯。长期形成的旧习惯很难更改。,jī xí nán gǎi,积习难改,jxng,ji xi nan gai,ji,gai
《国语·晋语》重，无乃难迁乎？”明·沈德符《万历野获编·一三·旧制一废难复》此又皆势处极重之难返者。”,无如～，不惟地方上不见些起色，久而久之，连那些地方官，也就视为具文。★清·文康《儿女英雄传》第四十回,重程度深；返回转。经过长时间形成的思想作风或习惯，很难改变。,jī zhòng nán fǎn,积重难返,jznf,ji zhong nan fan,ji,fan
宋·黄六鸿《福惠全书》丁与粮无畸轻畸重之弊。”,于行政立法两方权力，～，未剂于平，致滋口实。★蔡东藩、许廑父《民国通俗演义》第八十四回,畸偏。有时偏轻，有时偏重。形容事物发展不均衡，或对待事物的态度不公正。,jī qīng jī zhòng,畸轻畸重,jqjz,ji qing ji zhong,ji,zhong
《尸子·君治》扬清激浊，荡去滓秽，义也。”,待制为官，尽忠报国，～。★元·无名氏《陈州粜米》第二折,激冲去；浊脏水；清清水。冲去污水，让清水上来。比喻清除坏的，发扬好的。,jī zhuó yáng qīng,激浊扬清,jzyq,ji zhuo yang qing,ji,qing
汉乐府《西门行》诗夫为乐，为乐当及时。”《古诗十九首·生年不满百》 为乐当及时，何能待来兹”。,此时离行期尚远，正当～，反要伤悲，岂不将好好时光都变成苦海吗？★清·李汝珍《镜花缘》第六十八回,不失时机，寻欢作乐。,jí shí xíng lè,及时行乐,jsxl,ji shi xing le,ji,le
元·无名氏《赚蒯通》再休想吉祥如意，多管是你恶限临逼。”,无,祥祥瑞。如意称心。多用祝颂他人美满称心。,jí xiáng rú yì,吉祥如意,jxry,ji xiang ru yi,ji,yi
《孟子·万章下》于斯是也，天下殆哉，岌岌乎！”,人声越发嘈杂，甚至拿砖头撞的二门冬冬的响，其势～。★清·李宝嘉《文明小史》第三回,岌岌山高陡峭，就要倒下的样子。形容非常危险，快要倾覆或灭亡。,jí jí kě wēi,岌岌可危,jjkw,ji ji ke wei,ji,wei
《阿弥陀经》从是西方，过十万亿佛土，有世界名曰极乐。”,细观此景，与我大唐何异！所为～，诚此之谓也。★明·吴承恩《西游记》第八十八回,佛教指阿弥陀佛居住的地方◇泛指幸福安乐的地方。,jí lè shì jiè,极乐世界,jlsj,ji le shi jie,ji,jie
三国·魏·王朗《与许靖书》子虽在裔土，想亦极目而迥望，侧耳而遐听，延颈而鹤立。”,无,极尽；眺望。尽眼力之所及眺望远方。,jí mù yuǎn tiào,极目远眺,jmyt,ji mu yuan tiao,ji,tiao
清·李宝嘉《官场现形记》第十四回六个人刚刚坐定，胡统领已急不可耐，头一个开口就说‘我们今日非往常可比，须大家尽兴一乐。’”,无,急得不能等待。形容心怀急切或形势紧迫。,jí bù kě nài,急不可耐,jbkn,ji bu ke nai,ji,nai
汉·董仲舒《春秋繁露·对胶西王》仁人者正其道不谋其利，修其理不急其功。”,而～，不避声色，则阳明学为厉阶。★章炳麟《答梦庵》,功成功；近眼前的。急于求成，贪图眼前的成效和利益。,jí gōng jìn lì,急功近利,jgjl,ji gong jin li,ji,li
宋·苏轼《赠善相程杰》诗火色上腾虽有数，急流勇退岂无人。”,官人宜～，为山林娱老之计。★明·冯梦龙《警世通言》卷三十一,在急流中勇敢地立即退却。比喻做官的人在得意时为了避祸而及时引退。,jí liú yǒng tuì,急流勇退,jlyt,ji liu yong tui,ji,tui
宋·孙觌《鸿庆居士文集》故今日之乱，且置无丰，元祐勿论，宜度时之所宜为者，急起而趋之，如拯焚救罔，不然，袭常祖故，以乱救乱，天下纷纷，何时而定也。”,值此建设时代，内乱外患，险象环生，各行政官力负责任，～。★蔡东藩、许厪父《民国通俗演义》第三十五回,立即行动起来，努力追赶上去。,jí qǐ zhí zhuī,急起直追,jqzz,ji qi zhi zhui,ji,zhui
明·罗贯中《三国演义》第45回二都督道‘急切不得下手！’”,她怎样呢？还是那样～，不甘寂寞吗？★陆地《牙科大夫》,急急切。急着要取得成功。,jí yú qiú chéng,急于求成,jyqc,ji yu qiu cheng,ji,cheng
唐·白居易《和微之诗二十三首序》今足下果用所长，过蒙见窘，然敌则气作，急则生智。”,当我把《语丝》读完的时候，想念《莽原》的心思却忽然增高万倍，～，马上写了一封信给我的可爱的表弟。★鲁迅《田原思想》,智智谋。紧急的时候，猛然想出办法。,jí zhōng shēng zhì,急中生智,jzsz,ji zhong sheng zhi,ji,zhi
叶剑英《伟大的战略决战》由于迅速而顺利地取得了辽沈战役的胜利，就使全国战局急转直下，使原来预计的战争进程大为缩短。”,无,形容形势或文笔等突然转变，并且很快地顺势发展下去。,jí zhuǎn zhí xià,急转直下,jzzx,ji zhuan zhi xia,ji,xia
汉·孔融《荐祢衡表》见善若惊，疾恶若仇。”,他对军阀、政客，～。★梁斌《红旗谱》二十二,疾憎恨；恶指坏人坏事。憎恨坏人坏事就象憎恨仇人一样。,jí è rú chóu,疾恶如仇,jerc,ji e ru chou,ji,chou
《淮南子·兵略训》何谓隐之天？大寒甚暑，疾风暴雨，大雾冥晦，因此而为变者也。”,斧照伯当上三路，如飘泼盆倾，～，砍剁下来。★清·禇人获《隋唐演义》第二十二回,疾又快又猛；暴突然而猛烈。形容风雨来势猛。比喻迅猛激烈的斗争。,jí fēng bào yǔ,疾风暴雨,jfby,ji feng bao yu,ji,yu
《淮南子·兵略训》何谓隐之天？大寒甚暑，疾风暴雨，大雾冥晦，因此而为变者也。”,十来个妇人，一个个粗脚大手，祼臂揎拳，如～而来。★明·冯梦龙《醒世恒言》卷三十四,疾又快又猛；骤突然而猛烈。形容风雨来势猛。比喻迅猛激烈的斗争。,jí fēng zhòu yǔ,疾风骤雨,jfzy,ji feng zhou yu,ji,yu
三国·蜀·诸葛亮《教与军师长史参军掾属》夫参署者，集众思，广忠益也。”,便凡闻有奇奢异能之士，都想请来，也是～的意思。★清·刘鹗《老残游记》第三回,集集中；思思考，意见；广扩大。指集中群众的智慧，广泛吸收有益的意见。,jí sī guǎng yì,集思广益,jsgy,ji si guang yi,ji,yi
《慎子·知忠》狐白之裘，盖非一狐之皮也。”,如今弄多少是多少，也只好是～了。★清·文康《儿女英雄传》第三回,腋腋下，指狐狸腋下的皮毛；裘皮衣↑狸腋下的皮虽很小，但聚集起来就能制一件皮袍。比喻积少成多。,jí yè chéng qiú,集腋成裘,jycq,ji ye cheng qiu,ji,qiu
清·梁绍壬《两般秋雨庵随笔·蔡木龛》嫉恶如仇，有所白眼者，出一语必刺入骨。”,有万的绝对公正、～、见公共事一马当先，使得生宝感到互助组有这个人。★柳青《创业史》第一部第八章,指对坏人坏事如同对仇敌一样憎恨。,jí è rú chóu,嫉恶如仇,jerc,ji e ru chou,ji,chou
清·顾琐《黄绣球》第四回本官到任以来，就几次三番的传谕董事，出过告示。”,但一位先生却以为这客店也包办囚人的饭食，我住在那里不相宜，几次三番，几次三番地说。（鲁迅《朝花夕拾·滕野先生》）,番次。一次又一次。形容次数之多。,jǐ cì sān fān,几次三番,jcsf,ji ci san fan,ji,fan
元·王实甫《破窑记》第一折挤眉弄眼，伶齿俐牙，攀高接贵，顺水推船。”,不料偏又有几个滑贼看出形景来，都背后～，或是咳嗽扬声。★清·曹雪芹《红楼梦》第九回,用眼睛、眉毛示意。,jǐ méi nòng yǎn,挤眉弄眼,jmny,ji mei nong yan,ji,yan
宋·刘克庄《后村全集·跋章南举千藁》仆曩官健上，多识其士，友去之数十年，犹记忆如新相知；今屈指故交存者十无一二。”,恭王因为皇帝的告戒，～，在这些加官进爵的事上，要避把持的嫌疑。★高阳《玉座珠帘》下册,犹还。过去的事，至今印象还非常清楚，就象刚才发生的一样。,jì yì yóu xīn,记忆犹新,jyyx,ji yi you xin,ji,xin
唐·杜甫《雨不绝》诗鸣雨既过渐细微，映空摇扬如丝飞。”,对于～的婚姻，我们要通过法律手段解决。,既成已成。已经形成的事实。,jì chéng shì shí,既成事实,jcss,ji cheng shi shi,ji,shi
无,这既然是他的～，他当然不会轻言放弃。,指人们或集团已经获得的，法定的某种特别权益。,jì dé lì yì,既得利益,jdly,ji de li yi,ji,yi
《论语·八佾》成事不说，逐事不谏，既往不咎。”,～，以后再办起事来，审慎点就是了。★清·吴趼人《痛史》第十三回,咎责怪。原指已经做完或做过的事，就不必再责怪了。现指对以往的过错不再责备。,jì wǎng bù jiù,既往不咎,jwbj,ji wang bu jiu,ji,jiu
《尚书·大禹谟》济济有众，咸听朕命。”,摄影中～的满是儿童。★朱自清《海阔天空”与古今中外”》,济济形容人多。形容很多有才能的人聚集在一起。,jǐ jǐ yī táng,济济一堂,jjyt,ji ji yi tang,ji,tang
宋·朱熹《朱子全书·周子书》所以继往圣，开来学，而大有功于斯世也。”,将来昌明圣教，～，舍我其谁？★清·李宝嘉《官场现形记》第一回,继继承；开开辟。继承前人的事业，开辟未来的道路。,jì wǎng kāi lái,继往开来,jwkl,ji wang kai lai,ji,lai
《南史·张融传》丈夫当删诗书，制礼乐，何至因循寄人篱下？”,鲁想到自己从前在山东省里的时候，虽靠姊夫的光当了文案，然而终是～。★清·李宝嘉《官场现形记》第八回,寄依附。依附于他人篱笆下。比喻依附别人生活。,jì rén lí xià,寄人篱下,jrlx,ji ren li xia,ji,xia
明·吴承恩《西游记》第七十五回这一关了门，他再问我家长里短的事，我对不来，却不弄走了风，被他拿住？”,便是禇大娘子，也和她两年有余不曾长篇大论的谈过个～。★清·文康《儿女英雄传》第二十一回,指家庭日常生活琐事。,jiā cháng lǐ duǎn,家长里短,jcld,jia chang li duan,jia,duan
唐·宋若华、宋若昭《女论语·事夫章》莫教寒冷，冻损夫身；家常茶饭，供侍殷勤。”宋·罗大经《鹤林玉露》卷四常调官好作，家常饭好吃。”,快请夏老爷出来！虽然～，也没有背客自吃之理啊！★清·吴趼人《二十年目睹之怪现状》第五十六回,指家中日常的饭食。也比喻常见的事情。,jiā cháng biàn fàn,家常便饭,jcbf,jia chang bian fan,jia,fan
《儿女英雄传·序》晚年诸子不孝肖，家道中落，先时遗物斥卖略尽。”,无,家业衰败，境况没有从前富裕。,jiā dào zhōng luò,家道中落,jdzl,jia dao zhong luo,jia,luo
明·冯梦龙《喻世明言·蒋兴哥重会珍珠衫》光阴似箭，不觉残年将尽，家家户户，闹轰轰的煖火盆，放爆竹，吃合家欢耍子。”,无,每家每户。指所有的人家。,jiā jiā hù hù,家家户户,jjhh,jia jia hu hu,jia,hu
《晋书·温峤传》会琨为段匹磾所害，峤表琨忠诚，虽勋业不遂，然家破人亡，宜在褒崇，以慰海内之望。”,朱家从朱老巩气死，朱老忠的姐姐跳河自尽，朱老忠只身闯关东，闯得～。★梁斌《红旗谱·代序》,家庭破产，人口死亡。形容家遭不幸的惨相。,jiā pò rén wáng,家破人亡,jprw,jia po ren wang,jia,wang
《史记·司马相如列传》文君夜亡奔相如，相如乃与驰归成都，家居徒四壁立。”,他已穷到～，身无分文的地步了。,徒只，仅仅。家里只有四面的墙壁。形容十分贫困，一无所有。,jiā tú sì bì,家徒四壁,jtsb,jia tu si bi,jia,bi
《北史·江式传》式少专家学。”《三国志·魏志·管宁传》测其渊源，览其清浊，未有厉俗独行若宁者也。”,不是职员～，寻常悬壶行道的人，象这种方子，他们肚皮里就没有。★清·李宝嘉《官场现形记》第二十三回,家学家中世代相传的学问；渊源原指水源，比喻事情的本源。家世学问的传授有根源。,jiā xué yuān yuán,家学渊源,jxyy,jia xue yuan yuan,jia,yuan
《汉书·刘辅传》天下不可户晓。”宋·楼钥《缴郑熙等免罪》而遽有免罪之旨，不可以家谕（喻）户晓。”,与其作不能行远不能普及之秦汉六朝，不如作～之《水浒》《西游》文字也。★胡适《逼上梁山》,喻明白；晓知道。家家户户都知道。形容人所共知。,jiā yù hù xiǎo,家喻户晓,jyhx,jia yu hu xiao,jia,xiao
宋·释普济《五灯会元》卷三十七问‘家贼难防时如何？’师曰‘识得不为冤。’”,无,家里人作贼难以防范。比喻隐藏在内部的坏人不容易防范。,jiā zéi nán fáng,家贼难防,jznf,jia zei nan fang,jia,fang
清·章学诚《文史统义·古文十弊》夫文章变化，侔于鬼神，斗然而来，戛然而止，何尝无此景象？”,就这一句，～，听来格外令人注意。★高阳《玉座珠帘》下册,戛象声词。形容声音突然终止。,jiá rán ér zhǐ,戛然而止,jrez,jia ran er zhi,jia,zhi
清·吴趼人《近十年之怪现状》第十回苏州有个朋友写信来，要印一部书。久仰贵局的价廉物美，所以特来求教。”,福兴楼的清炖鱼翅，一元一大盘，～，现在不知增加了否？（鲁迅《彷徨·祝福》）,廉便宜。东西价钱便宜，质量又好。,jià lián wù měi,价廉物美,jlwm,jia lian wu mei,jia,mei
《史记·廉颇蔺相如列传》赵惠文王时，得楚和氏璧。秦昭王闻之，使人遗赵王书，原以十五城请易璧。”,周先生，此乃府上之宝，～。★清·钱彩《说岳全传》第十回,连城连在一起的许多城池。形容物品十分贵重。,jià zhí lián chéng,价值连城,jzlc,jia zhi lian cheng,jia,cheng
唐·韩愈《关石处士序》若驷马驾轻车，就熟路，而王良、造父为之先后也。”,到了场期日迫，只得把功令所有条件略为照顾，以求风檐寸晷，有～之乐。（清·李绿园《歧路灯》第一○二回）,驾赶马车。驾轻车，走熟路。比喻对某事有经验，很熟悉，做起来容易。,jià qīng jiù shú,驾轻就熟,jqjs,jia qing jiu shu,jia,shu
《汉书·杜业传》方进终不举白，专作威福，阿党所厚，排挤英俊，托公报私，横厉无所畏忌。”元·无名氏《陈州粜米》第一折他假公济私，我怎肯和他干罢了也呵！”,现在那些招摇撞骗，～的玩意儿太多了。★欧阳山《三家巷》二六,假借；济帮助。假借公家的名义，谋取私人的利益。,jiǎ gōng jì sī,假公济私,jgjs,jia gong ji si,jia,si
洪深《电影戏剧表演术》第三章表演的所以能感动人，就是因为演员的诚恳，所谓‘假戏真做’。”,无,指戏演得逼真或把假的事情当作真的来做。,jiǎ xì zhēn zuò,假戏真做,jxzz,jia xi zhen zuo,jia,zuo
《史记·赵世家》韩氏所以不入于秦者，欲嫁祸于赵也。”,他们这样说，固然也许是因为失败之后，～，或者因为自己变计，须有借口之故。（鲁迅《两地书》一○六）,嫁转移。把自己的祸事推给别人。,jià huò yú rén,嫁祸于人,jhyr,jia huo yu ren,jia,ren
宋·陈抟《心相编》愚鲁人说话尖酸刻薄。”,舜英姐姐安心要～，我也不来分辨，随他说去。★清·李汝珍《镜花缘》第六十六回,说话带刺，待人冷酷。,jiān suān kè bó,尖酸刻薄,jskb,jian suan ke bo,jian,bo
《三国志·魏书·荀彧传》今东方皆已收麦，必坚壁清野以待将军。”,不许出战，只是～，待这干贼寇粮尽力弛，方可追他。★清·陈忱《水浒后传》第二十一回,坚壁坚固壁垒；清野清除郊野。对付强敌入入侵的一种方法。使敌人既攻不下据点，又抢不到物资。,jiān bì qīng yiě,坚壁清野,jbqy,jian bi qing yie,jian,yie
清·叶燮《原诗·内篇上》惟力大而才能坚，故至坚而不可摧也。”,二十年闺阁，养成拘墟笃时之见，牢不可破，～。★清·李绿园《歧路灯》第八十二回,坚坚固；摧摧毁。非常坚固，摧毁不了。,jiān bù kě cuī,坚不可摧,jbkc,jian bu ke cui,jian,cui
《清史稿·刘体重传》煦激励兵团，坚持不懈，贼穷蹙乞降，遂复濮州。”,这些都证明我们对于加强统一战线实行革命政策来进行抗日战争的这种方针，是～的。★毛泽东《和英国记者贝特兰的谈话》,懈松懈。坚持到底，一点不忪懈。,jiān chí bù xiè,坚持不懈,jcbx,jian chi bu xie,jian,xie
《资治通鉴·唐记·文宗开成五年》推心委任，坚定不移，则天下何忧不理哉！”,他们走得很慢，然而是～地向前走。★茹志娟《澄河边上》,移改变，变动。稳定坚强，毫不动摇。,jiān dìng bù yí,坚定不移,jdby,jian ding bu yi,jian,yi
《荀子·法行》坚强而不屈，义也。”,无,屈屈服。坚韧、刚毅，毫不屈服。,jiān qiáng bù qū,坚强不屈,jqbq,jian qiang bu qu,jian,qu
宋·苏轼《晁错论》古之立大事者，不惟有超世之才，亦必有坚忍不拔之志。”,不管在生活中遇到什么困难，我们要有～、百折不挠的精神。,坚坚定；韧柔韧。形容意志坚定，不可动摇。,jiān rèn bù bá,坚韧不拔,jrbb,jian ren bu ba,jian,ba
古乐府《孔雀东南飞》磐石方且厚，可以卒千年。”《文选·古诗十九首》良无磐石固，虚名复何有？”,我们伟大的祖国～。,坚坚固，结实；磐大石头。象大石头一样坚固。比喻不可动摇。,jiān rú pán shí,坚如磐石,jrps,jian ru pan shi,jian,shi
《荀子·法行》坚强而不屈，义也。”《后汉书·王龚传》王公束修厉节，敦乐爇文，不求苟得，不为苟行，但以坚贞之操，违俗失众，横为谗佞所构毁。”,而那些共产党人的～、为了人民和祖国视死如归的伟大精神更深深使他向往。★杨沫《青春之歌》第二部第四十四章,坚坚定；贞有节操；屈屈服、低头。意志坚定，决不屈服。,jiān zhēn bù qū,坚贞不屈,jzbq,jian zhen bu qu,jian,qu
徐迟《牡丹》她们不屈不挠、坚贞不渝，任何考验不足以动摇她们。”,无,坚守节操，决不改变。,jiān zhēn bù yú,坚贞不渝,jzby,jian zhen bu yu,jian,yu
无,他经过艰苦创业终于使公司壮大起来。,艰难困苦地创办事业。,jiān kǔ chuàng yè,艰苦创业,jkcy,jian ku chuang ye,jian,ye
陶铸《崇高的理想》我们要过渡到共产主义社会，还要经过长时期的艰苦奋斗。”,我们要提倡艰苦奋斗，反对铺张浪费。,不怕艰难困苦，坚持英勇斗争。,jiān kǔ fèn dòu,艰苦奋斗,jkfd,jian ku fen dou,jian,dou
姚雪垠《李自成》第一卷第十七章为实现这一远大的政治目的而在生活上竭力做到艰苦朴素。”,无,指吃苦耐劳、勤俭节约的作风。,jiān kǔ pǔ sù,艰苦朴素,jkps,jian ku pu su,jian,su
《宋史·邵雍传》始为学，即坚苦刻厉，寒不炉，暑不扇，夜不席者数年。”,用儒家之道德，故艰苦卓厉者绝无，而冒没奔竞者皆是。★章炳麟《诸子学略说》,卓绝极不平凡。坚忍刻苦的精神超过寻常。,jiān kǔ zhuó jué,艰苦卓绝,jkzj,jian ku zhuo jue,jian,jue
清·李绿园《歧路灯》第六十八回这日子穷了，受过了艰难困苦，也就渐渐的明白过来。”,中国共产党，它的领导机关，它的干部，它的党员，是不怕任何～的。★毛泽东《论反对日本帝国主义的策略》,形容处境艰苦，困难重重。,jiān nán kùn kǔ,艰难困苦,jnkk,jian nan kun ku,jian,ku
毛泽东《关于正确处理人民内部矛盾的问题》任何新生事物的成长都是要经过艰难曲折的。在社会主义事业中，要想不经过艰难曲折。”,无,困难和曲折。,jiān nán qū zhé,艰难曲折,jnqz,jian nan qu zhe,jian,zhe
《左传·僖公二十八年》险阻艰难备尝之矣。”,南极考察队的队员们，战胜了各种～，终于完成了考察任务。,险阻危险和障碍。前进道路上的困难、危险和障碍。,jiān nán xiǎn zǔ,艰难险阻,jnxz,jian nan xian zu,jian,zu
《墨子·法仪》奚以知天兼而爱之，兼而利之也？以其兼而有之，兼而食之也。”,在科学研究方面，基础科学知识和应用科学知识应该～。,指同时占有或具有几种事物。,jiān ér yǒu zhī,兼而有之,jeyz,jian er you zhi,jian,zhi
《史记·司马相如列传》故驰骛乎兼容并包，而勤思乎参天贰地。”,贫僧岂不知，圣贤学问，～，释氏左道旁门，难于抗衡。★清·夏敬渠《野叟曝言》第二回,容容纳；包包含。把各个方面全都容纳包括进来。,jiān róng bìng bāo,兼容并包,jrbb,jian rong bing bao,jian,bao
无,无,把不同内容、不同性质的东西收下来，保存起来。同兼收并蓄”。,jiān róng bìng xù,兼容并蓄,jrbx,jian rong bing xu,jian,xu
唐·韩愈《进学解》玉札丹砂，赤箭青芝，牛溲马勃，败鼓之皮，俱收并蓄，待用无遗者，医师之良也。”,古来藏书家，亦不乏～。★清·阮葵生《茶余客话》卷十六,收收罗；蓄储藏，容纳。把不同内容、不同性质的东西收下来，保存起来。,jiān shōu bìng xù,兼收并蓄,jsbx,jian shou bing xu,jian,xu
《汉书·刑法志》守县官财物而即盗之。已论命复有笞罪者，皆弃市。”颜师古注即今律所谓主守自盗者也。”,总之少了谷石，却无案卷可凭，这就是～的匮空。（清·李绿园《歧路灯》第九十四回）,监守监管；盗偷窃。窃取公务上自己看管的财物。,jiān shǒu zì dào,监守自盗,jszd,jian shou zi dao,jian,dao
《明史·何遵传》正德间，给事、御史挟势凌人，趋权择便，凡朝廷大阙失，群臣大奸恶，缄口不言。”,商民工匠，见诸官绅，皆～，恐犯当道之怒，祸生不测云。★清·郑观应《盛世危言·商务》,缄封闭。封住嘴巴，不开口说话。,jiān kǒu bù yán,缄口不言,jkby,jian kou bu yan,jian,yan
三国·蜀·诸葛亮《诫子书》夫君子之行，静以修身，俭以养德。”,无,节俭有助于养成质朴勤劳的德操。,jiǎn yǐ yǎng dé,俭以养德,jyyd,jian yi yang de,jian,de
毛泽东《党委会的工作方法》讲话、演说、写文章和写决议案，都应当简明扼要。”,无,指说话、写文章简单明了，能抓住要点。,jiǎn míng é yào,简明扼要,jmey,jian ming e yao,jian,yao
元·无名氏《硃砂担》第四折刚道个一声儿恶人回避，早激的他恶哏哏闹是非，那里也见财起意。”,这厮原是远流配军，如何不做贼，以定是一时～。★明·施耐庵《水浒全传》第三十回,见人钱财，动起歹念。,jiàn cái qǐ yì,见财起意,jcqy,jian cai qi yi,jian,yi
明·冯梦龙《古今小说》卷一还是大家宝眷，见多识广，比男子汉眼力到胜十倍。”,她是每天上街去买菜的，自然～，知道这东西的时价。★茅盾《过年》,识知道。见过的多，知道的广。形容阅历深，经验多。,jiàn duō shí guǎng,见多识广,jdsg,jian duo shi guang,jian,guang
宋·释普济《五灯会元》看风使舵，正是随波逐流。”,他们也就～，凡事一混了之。★朱自清《闻一多全集编后记》,看风向转发动舵柄。比喻看势头或看别人的眼色行事。,jiàn fēng shǐ duò,见风使舵,jfsd,jian feng shi duo,jian,duo
魏巍《东方》第三部第七章‘小钢炮后来打死敌人不少。’陈三又见缝插针地鼓励他。”,无,比喻尽可能利用一切可以利用的空间或时间。,jiàn fèng chā zhēn,见缝插针,jfcz,jian feng cha zhen,jian,zhen
宋·洪迈《夷坚三志己》卷二畜生之言何足为信？我已数月来知之矣。见怪不怪，其怪自坏。”,～，其怪自败。”不用砍他，随他去就是了。★清·曹雪芹《红楼梦》第九十四回,看到怪异的现象不要大惊小怪。指遇到不常见的事物或意外情况，要沉着镇静。,jiàn guài bù guài,见怪不怪,jgbg,jian guai bu guai,jian,guai
《周易·系辞下》君子见几而作，不俟终日。”,你去～，得回再回方好。★清·曹雪芹《红楼梦》第九十八回,看具体情况灵活办事。,jiàn jī xíng shì,见机行事,jjxs,jian ji xing shi,jian,shi
《汉书·樊郦滕灌傅靳周传》夫卖友者，谓见利而忘义也。”,某与吕布同乡，知其勇而无谋，～。★明·罗贯中《三国演义》第三回,见到有利可图就不顾道义。,jiàn lì wàng yì,见利忘义,jlwy,jian li wang yi,jian,yi
三国·魏·曹丕《典论自序》和风扇物，弓燥手柔，草浅兽肥，见猎心喜。”,公子何不作一番我看，或者我～，竟领会得一两件，也不见得。★清·文康《儿女英雄传》第十八回,猎打猎。看到打猎心里就高举。比喻看见别人在做的事正是自己过去所喜好的，不由得心动，也想试一试。,jiàn liè xīn xǐ,见猎心喜,jlxx,jian lie xin xi,jian,xi
明·兰陵笑笑生《金瓶梅词话》第八十一回弃旧迎新，见钱眼开，自然之理。”,现在的这位中丞，面子上虽然清廉，骨底子是个～的人。★清·李宝嘉《官场现形记》第二十三回,看到钱财，眼睛就睁大了。形容人贪财。,jiàn qián yǎn kāi,见钱眼开,jqyk,jian qian yan kai,jian,kai
《周易·系辞上》仁者见之谓之仁，智者见之谓之智。”,～，议论纷纭，却无非背后论人是非，在兆奎面前都有忌讳。★高阳《清宫外史》上册,对同一个问题，不同的人从不同的立场或角度有不同的看法。,jiàn rén jiàn zhì,见仁见智,jrjz,jian ren jian zhi,jian,zhi
无,他见势不妙，乘机溜走了。,看到形势不好。,jiàn shì bù miào,见势不妙,jsbm,jian shi bu miao,jian,miao
元·关汉卿《救风尘》第二折你做的今见死不救，羞见这桃园中杀马宰乌牛。”,周金大哥死在国民党军阀、官僚手里，你们～。★欧阳山《三家巷》三一,看见人家有急难而不去救援。,jiàn sǐ bù jiù,见死不救,jsbj,jian si bu jiu,jian,jiu
《论语·里仁》见贤思齐焉，见不贤而内自省也。”,则为他和曲填词，移宫换羽，使老夫～，回嗔作喜。★元·关汉卿《谢天香》第四折,贤德才兼备的人；齐相等。见到德才兼备的人就想赶上他。,jiàn xián sī qí,见贤思齐,jxsq,jian xian si qi,jian,qi
《论语·为政》见义不为，无勇也。”,～真汉子，莫将成败论英雄。★明·冯梦龙《东周列国志》第十四回,看到正义的事，就勇敢地去做。,jiàn yì yǒng wéi,见义勇为,jyyw,jian yi yong wei,jian,wei
宋·苏轼《上两制书》古之圣贤建功立业，兴利捍患，至于百工小事之事皆有可观。”,……凭着这资格可以～，也可以升官发财。★朱自清《经典常谈〈四书〉第七》,建建立；功功勋；业事业。建立功勋，成就大业。,jiàn gōng lì yè,建功立业,jgly,jian gong li ye,jian,ye
南朝·梁·袁昂《古今书评》韦诞书法如龙威虎振，剑拔驽张。”,法国兵舰在闽汪口出入频繁，而交涉方面～，看样子福州船局必难幸免法国兵舰的炮火。★高阳《清宫外史》下册,张弓上弦。剑拔出来了，弓张开了。原形容书法笔力遒劲◇多形容气势逼人，或形势紧张，一触即发。,jiàn bá nǔ zhāng,剑拔弩张,jbnz,jian ba nu zhang,jian,zhang
清·蒲松龄《聊斋志异·凤阳士人》丽人牵坐路侧，自乃捉足，脱履相假，女喜着之，幸不凿枘，复起从行，健步如飞。”,无,健步脚步快而有力。步伐矫健，跑得飞快。,jiàn bù rú fēi,健步如飞,jbrf,jian bu ru fei,jian,fei
《晋书·顾恺之传》恺之每食甘遮，恒自尾至本，人或怪之。云‘渐入佳境。’”,行过了许多亭阁，真是个～。★明·吴承恩《西游记》第八十二回,佳好；境境地。原指甘蔗下端比上端甜，从上到下，越吃越甜◇比喻境况逐渐好转或兴趣逐渐浓厚。,jiàn rù jiā jìng,渐入佳境,jrjj,jian ru jia jing,jian,jing
《诗经·大雅·荡》殷鉴不远，在夏后之世。”,～”，历史和科学已经给我们提出了铁证。★秦牧《原始公社的影子》,鉴审察或引为教训；往过去；来未来。根据以往的情形便知道以后怎样发生变化。,jiàn wǎng zhī lái,鉴往知来,jwzl,jian wang zhi lai,jian,lai
三国·魏·陈琳《为袁绍檄豫州》注引《魏志》矢在弦上，不可不发。”,我觉得以文字结怨于小人，是不值得的。至于我，其实乃是～。★《鲁迅书信集·致杨霁云》,箭已搭在弦上。比喻为形势所迫，不得不采取某种行动。,jiàn zài xián shàng,箭在弦上,jzxs,jian zai xian shang,jian,shang
宋·苏辙《栾城集·应诏进策·君术策第五道》其状如长江大河，日夜浑浑趋于下而不能止。”,不瞒大师说，现在的时势，实在是～了！★清·李宝嘉《官场现形记》第二十九回,江河的水一天天地向下流。比喻情况一天天地坏下去。,jiāng hé rì xià,江河日下,jhrx,jiang he ri xia,jiang,xia
王仲方《序》近几年来，发生了不少诈骗事件，出现了一些各式各样的骗子，其中有政治骗子、经济骗子、文化骗子和江湖骗子。”,无,指闯荡江湖靠卖假药、算命等骗人谋生的人或招摇撞骗的人。,jiāng hú piàn zi,江湖骗子,jhpz,jiang hu pian zi,jiang,zi
《南史·江淹传》淹乃探怀中得五色笔一以授之。尔后为诗绝无美句，时人谓之才尽。”,不，他不能和菊子散伙。散了伙，他必感到空虚，寂寞，无聊，或者还落个～，连诗也写不出了。★老舍《四世同堂》五十五,江郎指南朝江淹。原指江淹少有文名，晚年诗文无佳句。比喻才情减退。,jiāng láng cái jìn,江郎才尽,jlcj,jiang lang cai jin,jiang,jin
宋·苏轼《念如娇，赤壁怀古》江山如画，一时多少豪杰。”,苍天无语，～，一片残阳西挂。★梁启超《劫灰梦传奇·独啸》,山川、河流美如画卷。形容自然风光美丽如图画。,jiāng shān rú huà,江山如画,jsrh,jiang shan ru hua,jiang,hua
宋·释普济《五灯会元》卷十六将错就错，西方极乐。”,有人说是上头看时叠错的，那些阅卷的只好～。★清·曾朴《孽海花》第十四回,就顺着。指事情已经做错了，索性顺着错误继续做下去。,jiāng cuò jiù cuò,将错就错,jcjc,jiang cuo jiu cuo,jiang,cuo
汉·荀悦《汉纪·元帝纪》齐恒先有匡周之功，后有来项之罪，君子计功补过。”,诸君或世受国恩，或为今上所识拔，均应同心戮力，～，以报陛下。★姚雪垠《李自成》第二卷第二十一章,将用。用功劳来补偿过错。,jiāng gōng bǔ guò,将功补过,jgbg,jiang gong bu guo,jiang,guo
元·李文蔚《张子房圮桥进履》第三折将计就计，不好则说是好！”,某已知曹操之意。今可～而行。★明·罗贯中《三国演义》第十七回,利用对方所用的计策，反过来对付对方。,jiāng jì jiù jì,将计就计,jjjj,jiang ji jiu ji,jiang,ji
宋·朱熹《朱子语类·大学三》俗语所谓将心比心，如此则各得其平矣。”,太尉不将心比心，小子待将计就计。★明·汤显祖《紫钗记》第三十八出,设身处地地为别人着想。,jiāng xīn bǐ xīn,将心比心,jxbx,jiang xin bi xin,jiang,xin
唐·李华《吊古战场文》人或有言，将信将疑。”,荣禄对他是持着戒心的，所以这番愤激之言，在～之间。★高阳《清宫外史》上册,将且，又。有点相信，又有点怀疑。,jiāng xìn jiāng yí,将信将疑,jxjy,jiang xin jiang yi,jiang,yi
《礼记·礼运》选贤与能，讲信修睦。”,我国民务扩新知，多尽义务，对于内则父诏兄勉，对于外则～。★蔡东藩、许厪父《民国通俗演义》第四十四回,修建立；睦和睦。人与人之间，国与国之间，讲究信用，谋求和睦。,jiǎng xìn xiū mù,讲信修睦,jxxm,jiang xin xiu mu,jiang,mu
无,为人主管者必须公正无私，～，才能树立良好的纪律，使众人信服。,该赏的赏，该罚的罚，绝不含糊。,jiǎng fá fēn míng,奖罚分明,jffm,jiang fa fen ming,jiang,ming
柯岩《奇异的书简·阳光和风雨谱写的歌》编导和演员门匠心独具地从生活出发……成功地刻划了以小强为主角的一代少年儿童形象。”,无,工巧独特的艺术构思。,jiàng xīn dú jù,匠心独具,jxdj,jiang xin du ju,jiang,ju
唐·王士源《孟浩然集序》文不按古，匠心独妙。”,至～之作，色韵古雅，掌故淹通。★清·平步青《霞外捃屑》卷七,匠心工巧的心思。独创性地运用精巧的心思。,jiàng xīn dú yùn,匠心独运,jxdy,jiang xin du yun,jiang,yun
鲁迅《坟·灯下漫笔》那么，到亲戚朋友那里借现钱去罢，怎么会有？于是降格以求，不讲爱国了，要外国银行的钞票。”,无,格规格，标准。降低标准去寻求。,jiàng gé yǐ qiú,降格以求,jgyq,jiang ge yi qiu,jiang,qiu
唐·韩愈《柳志厚墓志铭》诸公要人，争欲令出我们下，交口荐誉之。”,一年之后，附近几个村庄的牧童们没有一个有她吹的好，连大人们也～。★姚雪垠《李自成》第一卷第二十章,交一齐，同时。异口同声地称赞。,jiāo kǒu chēng zàn,交口称赞,jkcz,jiao kou cheng zan,jiao,zan
元·关汉卿《单刀会》第三折不许交头接耳，不许笑语喧哗。”,看见门上那些人在那里～，好象要使贾政知道的似的，又不好明回，只管咕咕唧唧的说话。★清·曹雪芹《红楼梦》第九十三回,交头头靠着头；接耳嘴凑近耳朵。形容两个人凑近低声交谈。,jiāo tóu jiē ěr,交头接耳,jtje,jiao tou jie er,jiao,er
无,满城的彩灯与腾空的焰火～。,各种光亮、色彩等互相映照。,jiāo xiāng huī yìng,交相辉映,jxhy,jiao xiang hui ying,jiao,ying
清·曹雪芹《红楼梦》第七十七回宝玉冷笑道‘原是想他自幼娇生惯养的，何尝受过一日委屈。’”,她从小～，什么事也不会干。,娇爱怜过甚；惯纵容，放任。从小就被溺爱、娇养惯了。,jiāo shēng guàn yǎng,娇生惯养,jsgy,jiao sheng guan yang,jiao,yang
宋·王明清《挥麈后录》卷八既登宥密，颇骄傲自满。”,你得知道我并不是一个～的人。★巴金《短简·病》,看不起别人，满足于自己已有的成绩。,jiāo ào zì mǎn,骄傲自满,jazm,jiao ao zi man,jiao,man
《左传·隐公三年》骄奢淫佚，所自邪也。”,况且是丰厚这之家，本有～之资；况且是寡妇之子，又有信惯纵放之端。★清·李绿园《歧路灯》第二十一回,逸放荡。原指骄横、奢侈、荒淫、放荡四种恶习◇形容生活放纵奢侈，荒淫无度。,jiāo shē yín yì,骄奢淫逸,jsyy,jiao she yin yi,jiao,yi
《汉书·霍光传》曲突徙薪亡恩泽，焦头烂额为上客耶？”,殡焰飞腾，众水手被火烧得～。★清·李汝珍《镜花缘》第二十六回,烧焦了头，灼伤了额。比喻非常狼狈窘迫。有时也形容忙得不知如何是好，带有夸张的意思。,jiāo tóu làn é,焦头烂额,jtle,jiao tou lan e,jiao,e
《战国策·齐策四》狡兔有三窟，仅得兔其死耳。”,见柴曰汝～，何归为？”★清·蒲松龄《聊斋志异·邵九娘》,窟洞穴。狡猾的兔子准备好几个藏身的窝。比喻隐蔽的地方或方法多。,jiǎo tù sān kū,狡兔三窟,jtsk,jiao tu san ku,jiao,ku
无,碰到这个难题，他绞尽脑汁也想不出解决的办法来。,费尽脑筋。,jiǎo jìn nǎo zhī,绞尽脑汁,jjnz,jiao jin nao zhi,jiao,zhi
《周易·说卦》坎，为矫揉，为引轮。”,他们原是好好妇人，却要装作男人，可谓～了。★清·李汝珍《镜花缘》第三十二回,矫使弯的变成直的；揉使直的变成弯的。比喻故意做作，不自然。,jiǎo róu zào zuò,矫揉造作,jrzz,jiao rou zao zuo,jiao,zuo
《后汉书·仲长统传》逮至清世，则复入矫枉过正之检。”,或有避其谤者，又每～，至坐视儿女之放纵，而不一置问。★清·蒲松龄《聊斋志异·细柳》,矫扭转；枉弯曲。把弯的东西扳正，又歪到了另一边。比喻纠正错误超过了应有的限度。,jiǎo wǎng guò zhèng,矫枉过正,jwgz,jiao wang guo zheng,jiao,zheng
清·曹雪芹《红楼梦》第二十回那李嬷嬷脚不沾地，跟着凤姐儿走了。”,近几天来，他都是～，身不沾家的。他忙着对各种各样的人解释这样，说明那样。★周立波《暴风骤雨》第一部十,形容走得非常快，好象脚尖都未着地。同脚不点地”。,jiǎo bù zhān dì,脚不沾地,jbzd,jiao bu zhan di,jiao,di
宋·邵雍《邵氏闻见前录》卷十八公尝问康节曰‘某何如人？’曰‘君实脚踏实地人也。’”,他们渐渐丢了那空架子，～向前走去。★朱自清《论书生的酸气》,脚踏在坚实的土地上。比喻做事踏实，认真。,jiǎo tà shí dì,脚踏实地,jtsd,jiao ta shi di,jiao,di
宋·无名氏《大宋宣和遗事》享集徽宗叫苦不迭，向外榻上忽然惊觉来，吓得浑身冷汗。”,只见靠壁一个蓬头孩子，曲着身子，睡得好不自在，夫人暗暗～。（明·冯梦龙《醒世恒言》卷二十八）,不迭不停止。形容连声叫苦。,jiào kǔ bù dié,叫苦不迭,jkbd,jiao ku bu die,jiao,die
明·吴承恩《西游记》第五十五回你怎么正战到好处，却就叫苦连天的走了？”,今番受了轮船火车上下劳顿，早害得他～。★清·李宝嘉《官场现形记》第三十五回,不住地叫苦。形容十分痛苦。,jiào kǔ lián tiān,叫苦连天,jklt,jiao ku lian tian,jiao,tian
《礼记·学记》是故学然后知不足，教然后知困。知不足然后能自反也，知困然后能自强也。故曰教学相长也。”,再如教员天天在堂上给大家讲，不特不能减其所有，反可得～的益处。★清·梁启超《知不可而为”主义与为而不有”主义》,教和学两方面互相影响和促进，都得到提高。,jiào xué xiāng zhǎng,教学相长,jxxz,jiao xue xiang zhang,jiao,zhang
《金刚经》皆大欢喜，信守奉行。”,正在～间，忽然太后密诏了清帝的本生父贤王来宫。（清·曾朴《孽海花》第二十六回）,皆都。人人都高兴满意。,jiē dà huān xǐ,皆大欢喜,jdhx,jie da huan xi,jie,xi
清·曹雪芹《红楼梦》第一回于是接二连三，牵五挂四，将一条街烧得如‘火焰山’一般。”,满屋子的手都拱起来，膝关节和腿关节～地屈折，仿佛就要蹲了下去似的。★鲁迅《彷徨·高老夫子》,一个接着一个，接连不断。,jiē èr lián sān,接二连三,jels,jie er lian san,jie,san
无,无,指设宴款待远来的客人，以示慰问和欢迎。,jiē fēng xǐ chén,接风洗尘,jfxc,jie feng xi chen,jie,chen
明·冯梦龙《东周列国志》第七十三回陈设兵卫，自王宫起，直至光家之门，街衢皆满，接连不断。”,只见人烟辏集，作买作卖，～。★清·李汝珍《镜花缘》第十一回,一个接着一个而不间断。,jiē lián bù duàn,接连不断,jlbd,jie lian bu duan,jie,duan
《宋史·李显忠传》入城，宣布德意，不戮一人，中原归附者踵接。”,整个的新饭碗”一时虽未找到，零碎的小事却～。★邹韬奋《经历·新饭碗问题》,指人们前脚跟着后脚，接连不断地来。形容来者很多，络绎不绝。,jiē zhǒng ér lái,接踵而来,jzel,jie zhong er lai,jie,lai
《战国策·齐策三》子来，寡人闻之，千里而一士，是比肩而立，百世而一圣，若随踵而至也，今子一朝而见七士，则士不亦众乎！”,台湾之割，青岛之割，威海之割，～。★章炳麟《箴新党论》,指人们前脚跟着后脚，接连不断地来。形容来者很多，络绎不绝。,jiē zhǒng ér zhì,接踵而至,jzez,jie zhong er zhi,jie,zhi
汉·贾谊《过秦论》斩木为兵，揭竿为旗。”,一时各路人马，～，不分昼夜，兼水路纷纷入鄂。★白先勇《梁父吟》,揭高举；竿竹竿，代旗帜。砍了树干当武器，举起竹竿当旗帜，进行反抗。指人民起义。,jiē gān ér qǐ,揭竿而起,jgeq,jie gan er qi,jie,qi
元·李行道《灰阑记》第一折他无过是指着收生老娘和街坊邻里做证见，我已都用银子买转了，这衙门以外的事，不要你费心。”,奴丈夫脾性是不好惹的，他说得来，干得去，这时怕嘈闹起来，惊动了～，面子不知怎好见人了。★清·黄小配《廿载繁华梦》第七回,街坊邻居。指住处邻近的人。亦作街坊四邻”。,jiē fāng lín lǐ,街坊邻里,jfll,jie fang lin li,jie,li
《春阿氏谋夫案》第六回街坊四邻，你们都听听。如今这年月，颠倒儿颠拉，媳妇是祖宗，婆婆是家奴，你们给评评，是我昏瞶了，是她欺辱我。”,无,街坊邻居。指住处邻近的人。同街坊邻里”。,jiē fāng sì lín,街坊四邻,jfsl,jie fang si lin,jie,lin
汉·张衡《西京赋》街谈巷议，弹射威否。”,一路行来，～，大半都是这话。★清·刘鹗《老残游记》第二回,大街小巷里人们的议论。指民间的舆论。,jiē tán xiàng yì,街谈巷议,jtxy,jie tan xiang yi,jie,yi
宋·释普济《五灯会元》卷三十一问‘如何是学人转身处？’师日‘街头巷尾。’”,上海的～的老虔婆，一知道近邻的阿二嫂家有野男人出入，津津乐道。★鲁迅《且介亭杂文二集·论人言可畏》,指大街小巷。,jiē tóu xiàng wěi,街头巷尾,jtxw,jie tou xiang wei,jie,wei
《三国志·吴书·陆瑁传》若实孑然，无所凭赖，其畏怖远迸，或难卒灭。”宋·周煇《清波杂志》卷八兼渠孑然一身，无所依倚，处性不能自立。”,只是公子～，又没盘缠，怎能够装载回去。（明·冯梦龙《醒世恒言》卷二十七）,孑单独。孤孤单单一个人。,jié rán yī shēn,孑然一身,jrys,jie ran yi shen,jie,shen
《礼记·檀弓下》丧礼，哀戚之至也；节哀，顺变也。君子念始之者也。”,吾兄～，保全金玉之躯。★清·无名氏《西湖二集·洒雪堂巧结良缘》,节节制；变事变。抑制哀伤，顺应变故。用来慰唁死者家属的话。,jié āi shùn biàn,节哀顺变,jasb,jie ai shun bian,jie,bian
宋·朱熹《答吕方子约（九月十三日）》随语生解，节上生枝，则更读万卷书，亦无用处也。”,兀的是闲言语甚意思，他怎肯道～。★元·杨显之《潇湘雨》第二折,本不应该生枝的地方生枝。比喻在原有问题之外又岔出了新问题。多指故意设置障碍，使问题不能顺利解决。,jié wài shēng zhī,节外生枝,jwsz,jie wai sheng zhi,jie,zhi
《史记·贷殖列传》能薄饮食，忍嗜欲，节衣服。”,本来，有关本业的东西，是无论怎样～也应该购买的。★《鲁迅书信集·致赵家璧》,节、缩节省。省吃省穿。形容节约。,jié yī suō shí,节衣缩食,jyss,jie yi suo shi,jie,shi
清·曾朴《孽海花》第三十五回老汉平生最喜欢劫富济贫，抑强扶弱，打抱不平。”,会因南北统一，所谋未遂，乃想学王天纵的行为，～，自张一帜。（蔡东藩、许厪父《民国通俗演义》第二十五回）,劫强取；济救济。夺取富人的财产，救济穷人。,jié fù jì pín,劫富济贫,jfjp,jie fu ji pin,jie,pin
清·丘逢甲《岭云海日楼诗钞·寄怀许仙屏中丞四首》归飞越鸟恋南枝，劫后余生叹数奇。”,无,劫灾难；余生侥幸保全的生命。经历灾难以后幸存下来的生命。,jié hòu yú shēng,劫后余生,jhys,jie hou yu sheng,jie,sheng
《孟子·万章上》归洁其身而已矣。”,纵为生活所迫，不得不按时上班，也当～，不与人同桌进食，同杯用茶，以免传布病菌，贻害他人。★巴金《寒夜》,保持自己纯洁，不同流合污。也指怕招惹是非，只顾自己好，不关心公众事情。,jié shēn zì ài,洁身自爱,jsza,jie shen zi ai,jie,ai
《孟子·万章上》归洁其身而已矣。”,他以作家、教授的身份、地位，～，有所不为，对国家的前途，忧心忡忡。★臧克家《老舍永在》,保持自己纯洁，不同流合污。也指怕招惹是非，只顾自己好，不关心公众事情。,jié shēn zì hào,洁身自好,jszh,jie shen zi hao,jie,hao
宋·朱熹《朱文公文集》十一宰相植党营私，孤负任使。”,但昔日既与叛逆结盟，究非安分之辈。今名登黄榜，将来出仕，恐不免～。★清·李汝珍《镜花缘》第七回,党集团；营谋求。坏人集结在一起，谋求私利，专干坏事。,jié dǎng yíng sī,结党营私,jdys,jie dang ying si,jie,si
老舍《骆驼祥子》十三结结巴巴的，他把昨夜晚的事说了一遍，虽然费力，可是说的不算不完全。”,无,形容说话不流利。也比喻凑合，勉强。,jiē jiē bā bā,结结巴巴,jjbb,jie jie ba ba,jie,ba
《汉书·匈奴传赞》其桀骜尚如斯，安肯以爱子而为质乎？”,识字读书，聪明出众。只是生成一个～的性子，顽劣异常。（清·文康《儿女英雄传》第十八回）,桀凶暴；骜马不驯良，比喻傲慢。性情强暴不驯顺。,jié ào bù xùn,桀骜不驯,jabx,jie ao bu xun,jie,xun
徐迟《地质之光》在六十年代里，华北大平原上捷报频传。以后大港油田、胜利油田、其他油田相继建成。”,无,捷报胜利的消息；频屡次。胜利的消息不断地传来。,jié bào pín chuán,捷报频传,jbpc,jie bao pin chuan,jie,chuan
《史记·淮阴侯列传》秦失其鹿，天下共逐之，于是高材疾足者先得焉。”,所谓秦人失鹿，～。★清·叶稚斐《吉庆图传奇·会赴》,比喻行动快的人先达到目的或先得到所求的东西。,jié zú xiān dēng,捷足先登,jzxd,jie zu xian deng,jie,deng
宋·陆九渊《与王顺伯》从其教之所由起者观之，则儒释之辨，公私义利之别，判断截然，有不可民者矣。”,直到近来，经过许多学者的研究，才知道孩子的世界，与成人～。★鲁迅《坟·我们现在怎样做父亲》,截然很分明地、断然分开的样子。形容两件事物毫无共同之处。,jié rán bù tóng,截然不同,jrbt,jie ran bu tong,jie,tong
《三国志·魏志·贾逵传》裴松之注引《魏略》竭尽心力，奉宣科法。”,无,竭尽用尽。用尽全部力量。,jié jìn quán lì,竭尽全力,jjql,jie jin quan li,jie,li
《吕氏春秋·义赏》竭泽而渔，岂不获得？而明年无鱼。”,无,泽池、湖。掏干了水塘捉鱼。比喻取之不留余地，只图眼前利益，不作长远打算。也形容反动派对人民的残酷剥削。,jié zé ér yú,竭泽而渔,jzey,jie ze er yu,jie,yu
高阳《清宫外史》上册同时有些宿将，解甲归田以后，大起园林，广置姬妾，正在享福。”,无,解脱下；甲古代将士打仗时穿的战服。脱下军装，回家种地。指战士退伍还乡。,jiě jiǎ guī tián,解甲归田,jjgt,jie jia gui tian,jie,tian
元·无名氏《来生债》但见个贫的呵，我早则倾囊儿资助。”明·张岱《娘嬛文集·募修岳鄂王祠募疏》若有贤士大夫解囊乐助，自为王所式凭。”,每当同学有困难时，老师总是～。,囊口袋。拿出财物帮助别人。,jiě náng xiāng zhù,解囊相助,jnxz,jie nang xiang zhu,jie,zhu
汉·孔融《荐祢衡表》使衡立朝，必有可观。飞辩骋辞，溢气坌涌，解疑释结，临敌有余。”,无,解解释；释消除。解答疑难问题，消除困惑情绪。,jiě yí shì huò,解疑释惑,jysh,jie yi shi huo,jie,huo
《国语·晋三》日考而习，戒备毕矣。”,记得那日是烈日当空，两万多人席地坐在大操场上，场外～。★陈若曦《任秀兰》,戒警戒；备防备。警戒防备极严密。,jiè bèi sēn yán,戒备森严,jbsy,jie bei sen yan,jie,yan
毛泽东《在中国共产党全国代表会议上的讲话》戒骄戒躁，永远保持谦虚进取的精神。”,无,戒警惕，预防。警惕并防止产生骄傲和急躁情绪。,jiè jiāo jiè zào,戒骄戒躁,jjjz,jie jiao jie zao,jie,zao
明·李开先《后冈陈提学传》只恁以酒浇愁，愁不能遣，而且日增。”,龟井的文章，立意的大部分是在给他们国内的人看的，当然不免有'～'的气味。★鲁迅《书信集·致胡风》,用喝酒来浇灭郁积在心中的气愤或愁闷。,jiè jiǔ jiāo chóu,借酒浇愁,jjjc,jie jiu jiao chou,jie,chou
元·岳伯川《铁拐李·楔子》岳寿，谁想你浑家将你尸骸烧化了，我如今着你借尸还魂，尸骸是小李屠，魂灵是岳寿。”,可是地主就在那边，工作团刚刚走，斗争刚刚过后，人家就来报仇，也能够～哩！★孙犁《诉苦翻心》,迷信者认为，人死后可将灵魂附于他人尸体而复活。比喻已经消灭或没落的事物又以另一种形式出现。,jiè shī huán hún,借尸还魂,jshh,jie shi huan hun,jie,hun
清·吴趼人《痛史》第七回我触动起来，顺口骂他两句。就是你们文人说的，甚么‘借题发挥’的意思呢。”,尽管是～，而且是借错了题，我对王芸生的手法，依然是佩服的。★郭沫若《摩登唐吉诃德的一种手法》,借着某件事情为题目来做文章，以表达自己真正的意见或主张。也指假借某事为由，去做其它的事。,jiè tí fā huī,借题发挥,jtfh,jie ti fa hui,jie,hui
清·湘灵子《轩亭冤·赏花》新世界，旧乾坤，巾帼英雄叫九阍。”,因为穆桂英这个～，不过是人们凭想象创造出来的。（王朝闻《论凤姐》第三章）,巾帼古代妇女配戴的头巾和发饰，后借指妇女。指女子中的英雄。,jīn guó yīng xióng,巾帼英雄,jgyx,jin guo ying xiong,jin,xiong
宋·吴曾《能改斋温录·冷斋不读书》作诗曰‘老色日上面，欢悰日去心，今既不如昔，后当不如今。’”,无,昔往昔，过去。现在不如过去。多用于表示对世事的不满情绪。,jīn bù rú xī,今不如昔,jbrx,jin bu ru xi,jin,xi
宋·李曾伯《贺新郎·自和前韵》词问讯南州守。怅吾生，今非昔比，后犹在否？”,胜败军家常事”，何得为愧。～，不可欺敌。★明·许仲琳《封神演义》第三十八回,昔过去。现在不是过去能比得上的。多指形势、自然面貌等发生了巨大的变化。,jīn fēi xī bǐ,今非昔比,jfxb,jin fei xi bi,jin,bi
元·关汉卿《窦娥冤》第一折这歪剌骨便是黄花女儿，刚刚扯的一把，也不消这等使性，平空的推了我一交，我肯干罢！就当面赌个誓与你我今生今世不要他做老婆，我也不算好男子。”,扰了这一家人家，～还不的他，来生来世是必填还他则个。★明·凌濛初《初刻拍案惊奇》卷三十五,此生此世。指有生之年。,jīn shēng jīn shì,今生今世,jsjs,jin sheng jin shi,jin,shi
《诗经·周颂·执竞》自彼成康，奄有四方，斤斤其明。”,至于梦中的苦乐”，则照我素人的见解，毕竟是梦中的苦乐”，不必～的。（朱自清《说梦》）,斤斤形容明察，引伸为琐碎细小。只对无关紧要的事过分计较。,jīn jīn jì jiào,斤斤计较,jjjj,jin jin ji jiao,jin,jiao
五代·五王保《唐摭言》卷三何扶，太和九年及第；明年，捷三篇，因以一绝寄旧同年曰‘金榜题名墨上新，今年依旧去年春。花间每被红妆问，何事重来只一人。’”,旬月之间，～，已登三甲进士。（明·洪榝《清平山堂话本·陈巡检梅岭失妻记》）,金榜科举时代称殿试揭晓的榜；题名写上名字。指科举得中。,jīn bǎng tí míng,金榜题名,jbtm,jin bang ti ming,jin,ming
宋·罗大经《鹤林玉露》补遗众以为金碧荧煌，臣以为涂膏衅血。”,他便把门面装璜得～，把些光怪陆离的洋货，罗列在外。★清·吴趼人《二十年目睹之怪现状》第七十七回,碧翠绿色。形容建筑物装饰华丽，光彩夺目。,jīn bì huī huáng,金碧辉煌,jbhh,jin bi hui huang,jin,huang
元·关汉卿《谢天香》第二折”便使尽些伎俩，千愁断我肚肠，觅不的个金蝉脱壳这一个谎。”,如今便赶着躲了，料也躲不及，少不得要使个～”的法子。★清·曹雪芹《红楼梦》第二十七回,蝉变为成虫时要脱去一层壳。比喻用计脱身，使人不能及时发觉。,jīn chán tuō qiào,金蝉脱壳,jctq,jin chan tuo qiao,jin,qiao
鲁迅《述香港恭祝圣诞》金风送爽，凉露惊秋。”,无,金风指秋天的风。古时以阴阳五行解释季节，秋为金。秋风带来了凉意。,jīn fēng sòng shuǎng,金风送爽,jfss,jin feng song shuang,jin,shuang
《新五代史·李袭吉传》金戈铁马，蹂践于明时。”,想当年～，气吞万里如虎。★宋·辛弃疾《永遇乐·京口北固亭怀古》词,戈闪耀着金光，马配备了铁甲。比喻战争。也形容战士持枪驰马的雄姿。,jīn gē tiě mǎ,金戈铁马,jgtm,jin ge tie ma,jin,ma
清·李汝珍《镜花缘》第七十四回我是‘金鸡独立’，要一足微长。”,你站在这桌子上，～，那一条腿不许放下来。★茅盾《子夜》十七,指独腿站立的一种武术姿势◇也指用一足站立。,jīn jī dú lì,金鸡独立,jjdl,jin ji du li,jin,li
汉·扬雄《剧秦美新》懿律嘉量，金科玉条。”,他把他家里那种种可笑规矩，看成圣贤的～。★清·李绿园《歧路灯》第一百三回,科旧指法律条文；律规章，法则。原形容法令条文的尽善尽美。现比喻必须遵守、不能变更的信条。,jīn kē yù lǜ,金科玉律,jkyl,jin ke yu lv,jin,lv
汉·刘向《新序·杂事四》熊渠子见其诚心，而金石为之开，况人心乎？”,精诚所至。贞心不寐，死后重谐。★明·凌濛初《初刻拍案惊奇》卷九,金石金属和石头，比喻最坚硬的东西。连金石都被打开了。形容一个人心诚志坚，力量无穷。,jīn shí wèi kāi,金石为开,jswk,jin shi wei kai,jin,kai
唐·徐彦伯《幸白鹿观应制》诗金童擎紫药，玉女献青莲。”元·李好古《张生煮海》第一折金童玉女意投机，才子佳人世罕稀。”,刚一到上海这魔窟”，吴老太爷的～”就变了！★茅盾《子夜》一,道家指侍奉仙人的童男童女◇泛指天真无邪的男孩女孩。,jīn tóng yù nǚ,金童玉女,jtyn,jin tong yu nv,jin,nv
宋·戴复古《寄兴》黄金无足色，白璧有微瑕。求人不求备，妾愿老君家。”,～，人无完人。,足赤成色十足的金子。比喻人也不能十全十美。,jīn wú zú chì,金无足赤,jwzc,jin wu zu chi,jin,chi
元·王实甫《西厢记》第四本第三折小姐金玉之言，小生一一铭之肺腑。”,老哥哥教导的话，句句是～。★清·李宝嘉《官场现形记》第十一回,金玉黄金和美玉。比喻可贵而有价值的劝告。,jīn yù liáng yán,金玉良言,jyly,jin yu liang yan,jin,yan
《老子》第九章金玉满堂，莫之能守。”,纵～，田连阡陌，不愿也。★明·李贽《剪灯余话·凤尾草记》,堂高大的厅堂。金玉财宝满堂。形容财富极多。也形容学识丰富。,jīn yù mǎn táng,金玉满堂,jymt,jin yu man tang,jin,tang
清·曾朴《孽海花》第二十五回珏斋郻只出使了一次朝鲜，办结了甲申金玉均一案，又曾同威毅伯和日本伊滕博文定了出兵朝鲜彼此知会的条约，总算一帆风顺，文武全才的金字招牌，还高高挂着。”,只要敬爱他的人，多发挥这一点，不要七手八脚，专门把他拖进自己所好的油或泥里去做～就好了。★鲁迅《花边文学·趋时与复古》,旧时店铺为显示资金雄厚而用金箔贴字的招牌。现比喻高人一等可以炫耀的名义或称号。也比喻名誉好。,jīn zì zhāo pái,金字招牌,jzzp,jin zi zhao pai,jin,pai
清·颐琐《黄绣球》第七回这位莱恩女杰，他才学固然卓越，但他也只从口讲指画入手，每遇乡愚，津津乐道。”,十余年来，在不少出版物中我都看到这幅画，它为不少人所～。★秦牧《一幅古画的风味》,津津兴趣浓厚的样子；乐道喜欢谈讲≤有兴趣地说个不停。,jīn jīn lè dào,津津乐道,jjld,jin jin le dao,jin,dao
汉·王褒《洞箫赋》哀悁悁之可怀兮，良醰醰而有味。”,话是这样说，可是谈起理论，许宁还是一套套地向道静谈得～，头头是道。★杨沫《青春之歌》第一部第十二章,津津兴趣浓厚的样子。指吃得很有味道或谈得很有兴趣。,jīn jīn yǒu wèi,津津有味,jjyw,jin jin you wei,jin,wei
汉·焦延寿《焦氏易林·巽》蹇驴不材，骏骥失时，筋劳力尽，罢于沙丘。”唐·韩愈《论淮西事宜状》虽时侵掠，小有所得，力尽筋疲，不偿其费。”,赵家一门大小，日夜忙碌，早已弄得～，人仰马翻。★清·李宝嘉《官场现形记》第一回,筋筋骨；尽完。形容非常疲乏，一点力气也没有了。,jīn pí lì jìn,筋疲力尽,jplj,jin pi li jin,jin,jin
宋·黄榦《黄勉斋文集·七·祭李贯之》贯之性质粹美，襟怀坦夷，凝静有常。”,一个共产党员，应该是～，忠实，积极，以革命利益为第一生命，以个人利益服从革命利益。★毛泽东《反对自由主义》,襟怀胸怀；坦白正直无私。形容心地纯洁，光明正大。,jīn huái tǎn bái,襟怀坦白,jhtb,jin huai tan bai,jin,bai
刘绍棠《狼烟》四绿树葱茏的太子镇里，传出一阵阵紧锣密鼓的喧响。”,经过一阵～之后，新计划终于得以实施。,锣鼓点敲得很密。比喻公开活动前的紧张气氛和舆论准备。,jǐn luó mì gǔ,紧锣密鼓,jlmg,jin luo mi gu,jin,gu
《淮南子·人间训》圣人敬小慎微，动不失时。”,其生平无不～，事事得其所处。★清·恽敬《卓忠毅公遗稿书后》,谨、慎小心，慎重；小、微细小。过分小心谨慎，缩手缩脚，不敢放手去做。,jǐn xiǎo shèn wēi,谨小慎微,jxsw,jin xiao shen wei,jin,wei
《礼记·缁衣》君子道人以言而禁人以行，故言必虑其所终，而行必稽其所敝，则民谨于言而慎于行。”,八十年来识更真，深知言行切修身；～无些过，细数吾乡有几人。★明·朱国桢《涌幢小品·笃行》,谨、慎小心，慎重。言语行动小心谨慎。,jǐn yán shèn xíng,谨言慎行,jysx,jin yan shen xing,jin,xing
明·罗贯中《三国演义》第五十四回汝保主公入吴，当领此三个锦囊。囊中有三条妙计，依次而行。”,为什么叫麻烦？你的～在哪里呢？★叶圣陶《倪焕之》,旧小说里描写足智多谋的人把对付敌方的计策写在纸条上，放在锦囊里，以便当事人在紧急时拆阅。比喻有准备的巧妙办法。,jǐn náng miào jì,锦囊妙计,jnmj,jin nang miao ji,jin,ji
宋·王安石《即事》诗嘉招欲覆杯中渌，丙方唱仍添锦上花。”宋·黄庭坚《了了庵颂》又要涪翁作颂，且图锦上添花。”,命穷时镇日价河头卖水，运来时一朝的～。★明·康海《中山狼》第一的,锦有彩色花纹的丝织品。在锦上再绣花。比喻好上加好，美上添美。,jǐn shàng tiān huā,锦上添花,jsth,jin shang tian hua,jin,hua
唐·杜甫《清明二首（其二）》秦城楼阁烟花里，汉主山河锦绣中。”,～收拾好，万民尽作主人翁。★朱德《寄南征诸将》诗,形容壮丽华美的祖国山河。,jǐn xiù hé shān,锦绣河山,jxhs,jin xiu he shan,jin,shan
元·贾仲名《对玉梳》第四折想着咱锦片前程，十分恩爱。”,无,象锦绣那样的前程。形容前途十分美好。,jǐn xiù qián chéng,锦绣前程,jxqc,jin xiu qian cheng,jin,cheng
唐·杜甫《清明二首（其二）》秦城楼阁烟花里，汉主山河锦绣中。”,王侯第宅苍茫外，～感慨中。★元·戴良《秋兴五首（其二）》,高山和河流就像精美鲜艳的丝织品一样。形容美好的国土。,jǐn xiù shān hé,锦绣山河,jxsh,jin xiu shan he,jin,he
《魏书·常景传》锦衣玉食，可颐其形。”,况～者未必能安于荆钗布裙也，与其后悔，莫若无成。★清·沈复《浮生六记·坎坷记愁》,锦衣鲜艳华美的衣服；玉食珍美的食品。精美的衣食。形容豪华奢侈的生活。,jǐn yī yù shí,锦衣玉食,jyys,jin yi yu shi,jin,shi
《孟子·梁惠王上》以若所为求若所欲，尽心力而为之，后必有灾。”,但我看得目下决难挽回，丞相可去～。★清·吴趼人《痛史》第八回,尽全部用出。用全部的力量去做。,jìn lì ér wéi,尽力而为,jlew,jin li er wei,jin,wei
无,吸烟有害健康，这是尽人皆知的事实。,尽全部，所有。人人都知道。,jìn rén jiē zhī,尽人皆知,jrjz,jin ren jie zhi,jin,zhi
宋·刘克庄《后村全集·李艮翁礼部墓志铭》然议者但以为恩泽侯挟贵临民，安得尽如人意。”,他稍稍感到天下事不能～了。★矛盾《子夜》十,尽全；如依照，符合。事情完全符合人的心意。,jìn rú rén yì,尽如人意,jrry,jin ru ren yi,jin,yi
《论语·八佾》子谓《韶》‘尽美矣，又尽善也。’谓《武》‘尽美矣，未尽善也。’”,比亦有人说足下诚～。★唐·韩愈《与崔群书》,极其完善，极其美好。指完美到没有一点缺点。,jìn shàn jìn měi,尽善尽美,jsjm,jin shan jin mei,jin,mei
汉·马融《忠经·武备章》行此六者，谓之有利，故得师尽其心，竭其力，致其命。”,卿当～，务在必退周兵，以擒罪首。★明·许仲琳《封神演义》第八十五回,尽全部用出；竭用尽。用尽心思，使出全力。形容做事十分努力。,jìn xīn jié lì,尽心竭力,jxjl,jin xin jie li,jin,li
《晋书·王坦之传》且受遇先帝，绸缪缱绻，并志竭忠贞，尽心尽力，归诚陛下，以报先帝。”,无,指费尽心力。,jìn xīn jìn lì,尽心尽力,jxjl,jin xin jin li,jin,li
张周《步履艰难的中国》第十章某省一位县委书记说，由于多年的近亲繁殖，如果查处一个科级干部，就会得罪半个县城。”,无,指亲缘关系近的家畜个体间交配繁殖。可以用于领导干部在自己权利范围内任人唯亲。,jìn qīn fán zhí,近亲繁殖,jqfz,jin qin fan zhi,jin,zhi
宋·俞文豹《清夜录》范文正公镇钱塘，兵官皆被荐，独巡检苏麟不见录，乃献诗云‘近水楼台先得月，向阳花木易逢春。’”,他的表兄调任了，调到他去年教课的那所中学校来当校长了。～，自然容易得月。★叶圣陶《得失》,水边的楼台先得到月光。比喻能优先得到利益或便利的某种地位或关系。,jìn shuǐ lóu tái,近水楼台,jslt,jin shui lou tai,jin,tai
《论语·子路》叶公问政。子曰‘近者说（悦），远者来。’”,无,使近处的人受到好处而高兴，远方的人闻风就会前来投奔。旧指当权者给人恩惠，以便笼络人心。,jìn yuè yuǎn lái,近悦远来,jyyl,jin yue yuan lai,jin,lai
宋·苏轼《杭州谢上表》凛然威光，近在咫尺。”,那马明明～，却误为丧失不见，就如心不在焉，视而不见”之意。★清·李汝珍《镜花缘》第十七回,咫尺很近的距离。形容距离很近。,jìn zài zhǐ chǐ,近在咫尺,jzzc,jin zai zhi chi,jin,chi
宋·李靖《卫公兵法》凡攻城之兵……进退又难，前既不得上城，退则其师逼追。”,孔明曰既主公在涪关～之际，亮不得不去。”★明·罗贯中《三国演义》第六十三回,前进和后退都难。比喻事情无法决定，因而难以行动。,jǐn tuì liǎng nán,进退两难,jtln,jin tui liang nan,jin,
《后汉书·樊英传》而子始以不訾之身，怒万乘之主；及其享受爵禄，又不闻匡救之术，进退无所据矣。”,～，两无所容，此可谓调和者之戒矣。★章炳麟《诸子学略说》,前进和后退都失去了依据。形容无处容身。也指进退两难。,jìn tuì shī jù,进退失据,jtsj,jin tui shi ju,jin,ju
《诗经·大雅·桑柔》人亦有言，进退维谷。”,在我自己的思想上也正感受着一种～的苦闷。★郭沫若《革命春秋·创造十年》,维相当于是”；谷比喻困境。无论是进还是退，都是处在困境之中。形容进退两难。,jìn tuì wéi gǔ,进退维谷,jtwg,jin tui wei gu,jin,gu
《后汉书·杜密传》刘胜位为大夫，见礼上宾，而知善不荐，闻恶无言，隐情惜己，自同寒蝉，此罪人也。”,他的话完了，台下有几个人拚命地高声鼓掌，而更多的人却～、面面相觑。★杨沫《青春之歌》第二部第三十八章,噤闭口不作声。象深秋的蝉那样一声不吭。比喻因害怕有所顾虑而不敢说话。,jìn ruò hán chán,噤若寒蝉,jrhc,jin ruo han chan,jin,chan
《诗经·邶风·谷风》泾以渭浊，湜湜其沚。”,～缘底事，元戎总未计恩仇。★林伯渠《和朱总出太行韵》,泾河水清，渭河水浑，泾河的水流入渭河时，清浊不混。比喻界限清楚或是非分明。,jīng wèi fēn míng,泾渭分明,jwfm,jing wei fen ming,jing,ming
无,会场响起～的掌声。,经过长时间停不下来。,jīng jiǔ bù xī,经久不息,jjbx,jing jiu bu xi,jing,xi
明·孙仁孺《东郭记·为衣服》幸有章子前去，可以无虞，教俺不须记挂，但虽则如此，千山万水，经年累月，好是悬悬。”,不要说十日半月，即～，也是烦难。★清·夏敬渠《野叟曝言》第一○八回,经经历。指经过很久的时间；长时间。,jīng nián lěi yuè,经年累月,jnly,jing nian lei yue,jing,yue
《战国策·楚策四》；《晋书·王鉴传》黩武之众易动，惊弓之鸟难安。”,绍闻是～，吓了一跳。★清·李绿园《歧路灯》第八十一回,被弓箭吓怕了的鸟不容易安定。比喻经过惊吓的人碰到一点动静就非肠怕。,jīng gōng zhī niǎo,惊弓之鸟,jgzn,jing gong zhi niao,jing,niao
《北齐书·元晖业传》（元）孝友临刑，惊慌失措，晖业神色自若。”,遇到危险情况，应该沉着冷静，不要～。,失措失去常态。由于惊慌，一下子不知怎么办才好。,jīng huāng shī cuò,惊慌失措,jhsc,jing huang shi cuo,jing,cuo
宋·苏轼《谢量移汝州表》只影自怜，命寄江湖之上；惊魂未定，梦游缧绁之中。”,无,指受惊后心情还没有平静下来。,jīng hún wèi dìng,惊魂未定,jhwd,jing hun wei ding,jing,ding
宋·陈亮《谢杨解元启》忧患百罹而未艾，惊惶万状而莫支。”,大家定睛看时，原来是一群野雉，象是大敌袭来，～地向南飞去。★曲波《林海雪原》三十四,惊恐害怕；万状各种样子，表示程度极深。形容害怕到了极点。,jīng kǒng wàn zhuàng,惊恐万状,jkwz,jing kong wan zhuang,jing,zhuang
宋·朱熹《答陈抑之》勤劳半世，汩没于章句训诂之间，黾勉于规矩绳约之内，卒无高奇深眇之见可以惊世而骇俗。”,这超越自我对自然现象的理解度，这是大自然有意作出的～之举吗？★薛尔康《北国秋叶》,世、俗指一般人。使一般人感到惊骇。,jīng shì hài sú,惊世骇俗,jshs,jing shi hai su,jing,su
唐·田颖《玉山堂文集·海云楼记》人当既静之时，每思及前经所履之惊涛骇浪，未尝不惕然。”,又觉得身体动荡，仿佛在～的小船里。★叶圣陶《地动》,涛大波浪；骇使惊怕。汹涌吓人的浪涛。比喻险恶的环境或尖锐激烈的斗争。,jīng tāo hài làng,惊涛骇浪,jthl,jing tao hai lang,jing,lang
唐·白居易《李白墓》诗可怜荒冢穷泉骨，曾有惊天动地文。”,比前番在梁山泊上更觉轰轰烈烈，做出～的事业来，功垂竹帛，世享荣华。★清·陈忱《水浒后传》第一回,惊惊动；动震撼。使天地惊动。形容某个事件的声势或意义极大。,jīng tiān dòng dì,惊天动地,jtdd,jing tian dong di,jing,di
南朝·梁·钟嵘《诗品》卷上文温以丽，意悲而远，惊心动魄，可谓几乎一字千金。”,只听跑上几个人去，把椤子往地下一摔，霍绰的一声，～。★清·刘鹗《老残游记》第十六回,使人神魂震惊。原指文辞优美，意境深远，使人感受极深，震动极大◇常形容使人十分惊骇紧张到极点。,jīng xīng dòng pò,惊心动魄,jxdp,jing xing dong po,jing,po
《诗经·大雅·云汉》兢兢业业，如霆如雷。”,于是宁府中人才知凤姐厉害，自此俱～，不敢偷安。★清·曹雪芹《红楼梦》第十四回,兢兢形容小心谨慎；业业畏惧的样子。形容做事谨慎、勤恳。,jīng jīng yè yè,兢兢业业,jjyy,jing jing ye ye,jing,ye
郭沫若《洪波曲》第十四章只要肯认真抗战，这种精兵简政，分头并进，倒也似乎更要合理些了。”,无,精减人员，缩减机构。,jīng bīng jiǎn zhèng,精兵简政,jbjz,jing bing jian zheng,jing,zheng
《晋书·郗鉴传》使君若顾二帝，自可不行，宜急下檄文，速遣精兵猛将。”,无,精良的士兵，勇猛的将领。形容战斗力很强的将士。,jīng bīng qiáng jiàng,精兵强将,jbqj,jing bing qiang jiang,jing,jiang
无,精诚所至，金石为开。,人的真诚的意志所到。,jīng chéng suǒ zhì,精诚所至,jcsz,jing cheng suo zhi,jing,zhi
《庄子·渔父》真者，精诚之至也，不精不诚，不能动人。”,困难当头，更要～。,精诚真诚。一心一意，团结一致。,jīng chéng tuán jié,精诚团结,jctj,jing cheng tuan jie,jing,jie
茹志鹃《妯娌》再看红英自己，那是连半个钟头的工都不肯耽误的，也从没见她吃过一口零食，一看就知道是个会精打细算、会过日子的人。”,无,打规划。精密地计划，详细地计算。指在使用人力物力时计算得很精细。,jīng dǎ xì suàn,精打细算,jdxs,jing da xi suan,jing,suan
无,这个贝雕画确实是精雕细刻。,精心细致地雕刻。形容创作艺术品时的苦心刻画。也比喻认真细致地加工。,jīng diāo xì kè,精雕细刻,jdxk,jing diao xi ke,jing,ke
毛泽东《做革命的促进派》我们靠精耕细作吃饭，人多一点，还是有饭吃。”,无,指农业上认真细致地耕作。,jīng gēng xì zuò,精耕细作,jgxz,jing geng xi zuo,jing,zuo
无,他始终都是～、斗志昂扬。,体力强盛，精神充足。,jīng lì chōng pèi,精力充沛,jlcp,jing li chong pei,jing,pei
宋·周密《武林旧事·灯品》灯只至多，苏、福为冠，新安晚出，精妙绝伦。”,少数民族的手工艺品真是～。,绝伦没有比得上的。精致美妙，无与伦比。,jīng měi jué lún,精美绝伦,jmjl,jing mei jue lun,jing,lun
宋·周密《武林旧事·灯品》灯只至多。苏、福为冠，新安晚出，精妙绝伦。”,无,精精巧。绝伦无与伦比。精巧美妙到了极点。,jīng miào jué lún,精妙绝伦,jmjl,jing miao jue lun,jing,lun
《新唐书·苏弁传》弁通学术，吏事精明，承延龄后，平赋缓役，略烦苛，人赖其宽。”,吴为成的脸方上透露着～的神气。★茅盾《子夜》十,机灵聪明，办事能力强。,jīng míng néng gàn,精明能干,jmng,jing ming neng gan,jing,gan
《新唐书·苏弁传》弁通学术，吏事精明，承延龄后，平赋缓役，略烦苛，人赖其宽。”,承辉这个人，甚是～。★清·吴趼人《二十年目睹之怪现状》第一百六回,机灵聪明，办事能力强。,jīng míng qiáng gàn,精明强干,jmqg,jing ming qiang gan,jing,gan
宋·司马光《司马温公文集·卷二·道傍田家》诗筋疲力弊不入腹，未议县官租税促。”,他～地倒在沙发靠背上，一口一口地喘着气。★巴金《秋》十四,竭尽。精神、力气消耗已尽。形容非常疲劳。,jīng pí lì jié,精疲力竭,jplj,jing pi li jie,jing,jie
汉·焦延寿《焦氏易林·巽》蹇驴不材，骏骥失时，筋劳力尽，罢于沙丘。”唐·韩愈《论淮西事宜状》虽时侵掠，小有所得，力尽筋疲，不偿其费。”,我才逃到这里来，已经～了，还有什么办法呢？★巴金《寒夜》,精神疲乏，气力用尽。形容精神和身体极度疲劳。,jīng pí lì jìn,精疲力尽,jplj,jing pi li jin,jing,jin
《后汉书·铫期传》明公据山河之固，拥精锐之师，以顺万人思汗之心，则天下谁人不从？”,无,精锐指军队装备优良，战斗力强；师军队。指战斗能力很强的部队。,jīng ruì zhī shī,精锐之师,jrzs,jing rui zhi shi,jing,shi
清·李汝珍《镜花缘》第九回想罢，取下玉牌，把朱草从根折断，齐放掌中，连揉带搓，果然玉已成泥，其色甚红。随即放人口内，只觉芳馨透脑。方才吃完，陡然精神百倍。”,午觉醒来，～，于是学说也就压倒了涛声了。★《鲁迅选集·理水》,形容特别有精神。,jīng shén bǎi bèi,精神百倍,jsbb,jing shen bai bei,jing,bei
宋·释道原《景德传灯录·杭州光庆寺遇安禅师》（僧）问‘光吞万象从师道，心月孤圆意若何？’师曰‘抖擞精神着。’”,我则见玳筵前摆列着英雄辈，一个个～。★元·无名氏《隔江斗智》第二折,抖擞振动，引伸为振作。形容精神振奋。,jīng shén dǒu sǒu,精神抖擞,jsds,jing shen dou sou,jing,sou
清·蒲松龄《聊斋志异·莲香》生觉丹田火热，精神焕发。”,在故乡，我到处都可以看到那种久经战争锻炼的、在任何时候都是～斗志昂扬勇往直前的人们。★峻青《故乡杂记》,焕发光彩四射的样子。形容精神振作，情绪饱满。,jīng shén huàn fā,精神焕发,jshf,jing shen huan fa,jing,fa
战国·楚·宋玉《神女赋〉》精神恥忽，若有所喜。”,在大姐失踪之后，我～。领导上这时又要我写个大姐的简历，要进行追功。★茹志鹃《高高的白杨树》,恍忽糊里糊涂的样子。形容神思不定或神志不清。,jīng shén huǎng hū,精神恍惚,jshh,jing shen huang hu,jing,hu
《山海经·北山经》炎帝之少女名曰女娃。女娃游于东海，溺而不返，故为精卫，常衔西山之木石，以堙于东海。”,宾南如～，每不自量。★清·阮葵生《茶余客话》卷十,精卫古代神话中的鸟名。精卫衔来木石，决心填平大海。旧时比喻仇恨极深，立志报复◇比喻意志坚决，不畏艰难。,jīng wèi tián hǎi,精卫填海,jwth,jing wei tian hai,jing,hai
《论语·学而》《诗》云‘如切如磋，如琢如磨。’其斯之谓与？”宋·朱熹注言治骨角者，既切之而复磋之；治玉石者，既琢之而复磨之，治之已精，而益求其精也。”,白求恩同志是个医生，他以医疗为职业，对技术～；在整个八路军医务系统中，他的医术是很高明的。（毛泽东《纪念白求恩》）,精完美，好；益更加∶了还求更好。,jīng yì qiú jīng,精益求精,jyqj,jing yi qiu jing,jing,jing
《北史·颜之仪传》公等备受朝恩，当尽忠报国。”《宋史·岳飞传》初命何铸鞫之，飞裂裳以背示铸，有‘尽忠报国’四大字，深入肤理。”,我今日祝告天地祖宗，要在你背上刺下～”四字。★清·钱彩《说岳全传》第二十二回,为国家竭尽忠诚，牺牲一切。,jīng zhōng bào guó,精忠报国,jzbg,jing zhong bao guo,jing,guo
《庄子·秋水》井蛙不可以语于海者，拘于虚也。”,～，所见不大；萤火之光，其亮不远。★明·许仲琳《封神演义》第二十五回,井底的蛙只能看到井口那么大的一块天。比喻见识狭窄的人。,jǐng dǐ zhī wā,井底之蛙,jdzw,jing di zhi wa,jing,wa
《荀子·儒效》井井兮其有理也。”,鲁小姐上侍孀姑，下理家政，～，亲戚无不称羡。★清·吴敬梓《儒林外史》第十三回,井井形容有条理。形容说话办事有条有理。,jǐng jǐng yǒu tiáo,井井有条,jjyt,jing jing you tiao,jing,tiao
清·王夫之《夕堂永日绪论外编》第二十六卷如尤公瑛《寡人之于国也》章文，以制产、重农、救荒分三事……井然有序。”,无,井然整齐不乱的样子。序次序。整整齐齐，次序分明，条理清楚。,jǐng rán yǒu xù,井然有序,jryx,jing ran you xu,jing,xu
《论语·雍也》务民之义，敬鬼神而远之。”,若遇此等人，～，以免杀身之祸。★清·刘鹗《老残游记》第十一回,表面上表示尊敬，实际上不愿接近。也用作不愿接近某人的讽刺话。,jìng ér yuǎn zhī,敬而远之,jeyz,jing er yuan zhi,jing,zhi
唐·裴休《唐故左街僧录内供奉三教谈论引驾大德安国寺上座赐紫方袍大达法师元秘塔碑铭》峥嵘栋梁，一旦而摧。水月镜像，无心去来。”,我喜欢那种锤炼，那种色彩的配合，那种～。★何其芳《梦中道路》,镜里的花，水里的月。原指诗中灵活而不可捉摸的意境，后比喻虚幻的景象。,jìng huā shuǐ yuè,镜花水月,jhsy,jing hua shui yue,jing,yue
宋·张戒《岁寒堂诗话》卷上文章古今迥然不同，钟嵘《诗品》以古诗第一，子建次之，此论诚然。”,那公子朔虽与寿一母所生，贤愚～。★明·冯梦龙《东周列国志》第十二回,迥然相距很远或差别很大的样子。形容相差得远，很明显不一样。,jiǒng rán bù tóng,迥然不同,jrbt,jiong ran bu tong,jiong,tong
明·李开先《闲居集·九·泾野吕亚卿传》先生头颅圆阔，体貌丰隆，海口童颜，轮耳方面，两目炯炯有神，须虽整秀，异不多耳。”,～的眼光，足够表现出他是一个有志的少年。★郑振铎《黄公俊之最后》,炯炯明亮的样子。形容人的眼睛发亮，很有精神。,jiǒng jiǒng yǒu shén,炯炯有神,jjys,jiong jiong you shen,jiong,shen
清·魏子安《花月痕》第二十五回秋痕叹道‘你如今一请就来，往后又是纠缠不清。’”,无,形容纷乱，理不出头绪。亦指有意找麻烦，抓住一点不肯放手。,jiū chán bù qīng,纠缠不清,jcbq,jiu chan bu qing,jiu,qing
《诗经·召南·鹊巢》维雀有巢，维鸠居上。”,无,斑鸠不会做窠，常强占喜鹊的窠。比喻强占别人的住屋。,jiū zhàn què cháo,鸠占鹊巢,jzqc,jiu zhan que chao,jiu,chao
汉·司马迁《报任少卿书》假令仆伏法受诛，若九牛亡一毛，与蝼蚁何以异？”,此在县官，特～耳，而可使一邑数万家免于穷困游离。★宋·陆九渊《与宋漕书》,九条牛身上的一根毛。比喻极大数量中极微小的数量，微不足道。,jiǔ niú yī máo,九牛一毛,jnym,jiu niu yi mao,jiu,mao
汉·阮瑀《七哀》诗冥冥九泉室，漫漫长夜台。”《魏书·阳平王传》若为死鬼，永旷天颜，九泉之下，实深重恨。”,替你孩儿，尽养生送死之礼，我便～，可也瞑目。★元·关汉卿《窦娥冤》第四折,九泉地下。死人埋葬的地方，即在阴间。,jiǔ quán zhī xià,九泉之下,jqzx,jiu quan zhi xia,jiu,xia
战国·楚·屈原《离骚》亦余心之所善兮，虽九死其犹未悔。”刘良注虽九死无一生，未足悔恨。”,您哥哥剑洞枪林快厮杀，～不当个耍。★元·王仲文《救孝子》第一折,九表示极多。形容经历很大危险而幸存。也形容处在生死关头，情况十分危急。,jiǔ sǐ yī shēng,九死一生,jsys,jiu si yi sheng,jiu,sheng
唐·李白《宣州谢眺楼饯别校书叔云》诗俱怀逸兴壮思飞，欲上青天揽明月。”,可上～，可下五洋捉鳖。★毛泽东《水调歌头·重上井冈山》词,揽采摘。到天的最高处去摘月。常形容壮志豪情。,jiǔ tiān lǎn yuè,九天揽月,jtly,jiu tian lan yue,jiu,yue
《周易·乾》九五，飞龙在天，利见大人。”,接成汤之胤，位～，承帝王之统。★明·许仲琳《封神演义》第六十三回,九五指帝位。旧指帝王的尊位。,jiǔ wǔ zhī zūn,九五之尊,jwzz,jiu wu zhi zun,jiu,zun
北齐·颜之推《颜氏家训·文章》一事惬当，一句清巧，神厉九霄，志凌千载。”元·无名氏《抱妆盒》第二折太子也你在这七宝盒中，我陈琳早魂飞九霄云外。”,婶娘那时怎样疼我来，如今就忘在～？★清·曹雪芹《红楼梦》第一百一回,九霄高空。在九重天的外面。比喻无限远的地方或远得无影无踪。,jiǔ xiāo yún wài,九霄云外,jxyw,jiu xiao yun wai,jiu,wai
清·曾朴《孽海花》第三回多年不见了，说了几句久别重逢的话，招呼大家坐下，书僮送上茶来。”,与队员诸兄姐相别，瞬已晚年，～，情逾骨肉，竟有因感激而流涕者。★郭沫若《洪波曲》第十章,指朋友或亲人在长久分别之后再次见面。,jiǔ bié chóng féng,久别重逢,jbcf,jiu bie chong feng,jiu,feng
《左传·定公十三年》三折肱，知为良医。”战国·楚·屈原《九章·惜诵》九折臂而成医兮。”王逸注方人九折臂，更历方药，则成良医。”,无,病久了对医理就熟悉了。比喻对某方面的事见识多了就能成为这方面的行家。,jiǔ bìng chéng yī,久病成医,jbcy,jiu bing cheng yi,jiu,yi
清·李汝珍《镜花缘》第十三回因置大缸一口，内中贮水，日日伏其中，习其水性，久而久之，竟能在水一日之久。”,～，凡在上海来来往往的人开口便讲应酬，闭口也讲应酬。★清·吴趼人《二十年目睹之怪现状》第一回,经过了相当长的时间。,jiǔ ér jiǔ zhī,久而久之,jejz,jiu er jiu zhi,jiu,zhi
无,无,负承受，承担，引申为享有。长时期地享有好的名声。,jiǔ fù shèng míng,久负盛名,jfsm,jiu fu sheng ming,jiu,ming
汉·杨恽《报孙会宗书》酒后耳热，仰天拊缶，而呼乌乌。”三国·魏·曹丕《与吴质书》每至觞酌流行，丝竹并奏，酒酣耳热，仰而赋诗，当此之时，忽然不自知乐也。”,～，攘袂持杯。★清·张潮《虞初新志·王翠翘传》,酒酣酒喝得很痛快。形容喝酒喝得正高兴的时候。,jiǔ hān ěr rè,酒酣耳热,jher,jiu han er re,jiu,re
元·高文秀《襄阳会》第一折俺这里安排一席好酒……，我着他酒醉抉饭饱，走不动。”,我方才被杨公馆坚留，已经喝得～。★姚雪垠《李自成》第二卷第十六章,酒已尽量，饭也吃饱。形容吃饱喝足。,jiǔ zú fàn bǎo,酒足饭饱,jzfb,jiu zu fan bao,jiu,bao
明·罗贯中《三国演义》三十二回袁绍闻袁尚败回，又受了一惊，旧病复发，吐血数斗，昏倒在地。”,无,原来的病又犯了。,jiù bìng fù fā,旧病复发,jbff,jiu bing fu fa,jiu,fa
无,他此番～，感慨万千。,重新来到曾经居住过或游览过的地方。,jiù dì chóng yóu,旧地重游,jdcy,jiu di chong you,jiu,you
柯岩《寻找回来的世界》迟威他们不再决定调吴家驹时就抛这个材料，现在都旧话重提，原因何在呢？”,我不想～。,过去说过的，现在又提起了。,jiù huà chóng tí,旧话重提,jhct,jiu hua chong ti,jiu,ti
无,过去的恩恩怨怨早已时过境迁，又何必～呢？,把已经搁置的事情重新提出。,jiù shì zhòng tí,旧事重提,jszt,jiu shi zhong ti,jiu,ti
《三国志·刘封等传评》览其举措，迹其规矩，招祸取咎，无不自己也。”,然而据我看来，他实在是～。★清·吴趼人《二十年目睹之怪现状》第七十回,咎灾祸。灾祸或罪过是自己招来的。指自作自受。,jiù yóu zì qǔ,咎由自取,jyzq,jiu you zi qu,jiu,qu
明·施耐庵《水浒传》第四十五回普度众生，救苦救难，诸佛菩萨！”,弟子虔诚拜祷，伏望菩萨大慈大悲，～，广大灵感，使夫妻再得相见！★明·凌濛初《初刻拍案惊奇》卷八,佛经中的话。拯救在苦难中的人。,jiù kǔ jiù nàn,救苦救难,jkjn,jiu ku jiu nan,jiu,
汉·司马迁《报任少卿书》与单于连战，十有余日，所杀过半当，虏救死扶伤不给。”,做外科医生的能够以肉补肉，以血补血，则～，造福人群，岂不大哉！★姚雪垠《李自成》第二卷第十四章,扶扶助，照料。抢救生命垂危的人，照顾受伤的人。现形容医务工作者全心全意为人民服务的精神。,jiù sǐ fú shāng,救死扶伤,jsfs,jiu si fu shang,jiu,shang
清·王无生《论小说与改良社会之关系》夫救亡图存，非仅恃一二才士所能为也；必使爱国思想，普及于最大多数之国民而后可。”,无,救拯救；亡危亡；图谋求；存生存。拯救国家的危亡，谋求国家的生存。,jiù wáng tú cún,救亡图存,jwtc,jiu wang tu cun,jiu,cun
清·李渔《笠翁偶集·三·手足》噫，岂其娶妻必齐之姜，就地取材，但不失立言之大意而已矣。”,且此间风气不愿延请外省纂修，～，安得人人班、马？★清·刘坤一《复李少荃中堂》,就随。在本地找需要的材料。比喻不依靠外力，充分发挥本单位的潜力。,jiù dì qǔ cái,就地取材,jdqc,jiu di qu cai,jiu,cai
明·沈德符《万历野获编·词臣论劾首揆》夺情大事，有关纲常，且就事论事，未尝旁及云。”,世间有所谓～”的办法，现在就诗论诗，或者也可以说是无碍的罢。★鲁迅《且介亭集文二集·题未定”草》,按照事物本身的性质来评定是非得失。现常指仅从事物的表面现象孤立、静止、片面地议论。,jiù shì lùn shì,就事论事,jsls,jiu shi lun shi,jiu,shi
《左传·襄公十一年》居安思危，思则有备，有备无患。”,得宠思辱，～（清·钱彩《说岳全传》第六十回）,居处于；思想。虽然处在平安的环境里，也想到有出现危险的可能。指随时有应付意外事件的思想准备。,jū ān sī wēi,居安思危,jasw,ju an si wei,ju,wei
《淮南子·原道训》登高临下，无失所秉，履危行险，无忘玄伏。”,敌～，我战地不利。★清·毕沅《续资治通鉴·宋纪高宗绍兴十一年》,居站在，处于；临面对。占据高处，俯视下面。形容占据的地势非常有利。,jū gāo lín xià,居高临下,jglx,ju gao lin xia,ju,xia
李六如《六十年的变迁》第十章然而毛润之不但毫无居功自傲的表情，而且异常谦逊地说这算什么功。”,我们不能～，要谦虚谨慎。,居功自恃有功。自以为有功劳而骄傲自大。,jū gōng zì ào,居功自傲,jgza,ju gong zi ao,ju,ao
南朝·宋·刘义庆《世说新语·言语》卿居心不净，乃复强欲滓秽太清耶。”,讵料它们～，渐渐变坏。★丰子恺《口中剿匪”记》,居心存心；良善。存心不善。指内心存在着恶意或阴谋。,jū xīn bù liáng,居心不良,jxbl,ju xin bu liang,ju,liang
清·洪楝园《县巗猿·归神》都是这一个狗才设计骗将出来，以为自己富贵之地，是以吾阁部为奇货，居心叵测，天理不容。”,他是个～的家伙，要多加提防。,居心存心；叵不可；测推测。指存心险恶，不可推测。,jū xīn pǒ cè,居心叵测,jxpc,ju xin po ce,ju,ce
明·宋濂《先府君蓉峰处士阡表》祖妣夫人与显考鞠躬尽瘁，誓勿蹶其门。”,臣只有一片愚忠，～。★欧阳予倩《忠王李秀成》第三幕,指恭敬谨慎，竭尽心力。,jū gōng jìn cuì,鞠躬尽瘁,jgjc,ju gong jin cui,ju,cui
明·冯梦龙《东周列国志》第十二回昭公虽不治罪，心中怏怏，恩礼稍减于昔日。祭足亦觉踨蹐不安，每每称疾不朝。”,只见文老爷会在那里，脸上红一阵，白一阵，很觉得～。（清·李宝嘉《官场现形记》第十三回）,局促拘束。形容举止拘束，心中不安。,jú cù bù ān,局促不安,jcba,ju cu bu an,ju,an
《后汉书·梁鸿传》为人赁舂，每归，妻为具食，不敢于鸿前仰视，举案齐眉。”,次日，蘧公孙上厅谢亲，设席饮酒。席终，归到新房里，重新摆酒，夫妻～。★清·吴敬梓《儒林外史》第十回,案古时有脚的托盘。送饭时把托盘举得跟眉毛一样高◇形容夫妻互相尊敬。,jǔ àn qí méi,举案齐眉,jaqm,ju an qi mei,ju,mei
鲁迅《伪自由书·后记》引谷春帆《谈文人先行”》公开告密，卖友求荣，卖身投靠的勾当，举不胜举。”,无,胜尽。列举也列举不完。形容数量很多。,jǔ bù shèng jǔ,举不胜举,jbsj,ju bu sheng ju,ju,ju
无,奥运会上中国运动健儿喜获金牌，～欢腾一遍。,举全。指全国上上下下的人。,jǔ guó shàng xià,举国上下,jgsx,ju guo shang xia,ju,xia
唐·薛调《刘无双传》四海之广，举目无亲戚，未知托身之所。”,他到得京里，是～的，自然留他住下。★清·吴趼人《二十年目睹之怪现状》第七十六回,抬起眼睛，看不见一个亲人。比喻单身在外，人地生疏。,jǔ mù wú qīn,举目无亲,jmwq,ju mu wu qin,ju,qin
《左传·襄公二十五年》弈者举棋不定，不胜其藕。”,对于逃匿”震南村中，拒不从命的小小的胡杏，他们却是～。★欧阳山《苦斗》七十八,拿着棋子，不知下哪一着才好。比喻犹豫不决，拿不定主意。,jǔ qí bù dìng,举棋不定,jqbd,ju qi bu ding,ju,ding
北齐·颜之推《颜氏家训·杂艺》王逸少风流才士，萧散名人。举世但知其书，翻以能自蔽也。”,无,举全；皆都。全世界的人都知道。,jǔ shì jiē zhī,举世皆知,jsjz,ju shi jie zhi,ju,zhi
北齐·颜之推《颜氏家训·杂艺》王逸少风流才士，萧散名人。举世但知其书，翻以能自蔽也。”,中国的象牙雕刻是杰出的，北京的山水人物和广州的花卉动物牙雕，尤其～。★秦牧《高高翘起的象鼻子》,举世全世界。全世界都知道。形容非常著名。,jǔ shì wén míng,举世闻名,jswm,ju shi wen ming,ju,ming
汉·东方朔《答客难一首》好学乐道之效明白甚矣，自以为智能海内无双，则可谓博闻。”,他说善于玩把戏，空前绝后，～，人们从来就没有看见过；一见之后，便即解烦释闷，天下太平。★鲁迅《故事新编·铸剑》,全世界找不到第二个。,jǔ shì wú shuāng,举世无双,jsws,ju shi wu shuang,ju,shuang
《国语·晋语》则恐国人之瞩目于我也。”战国·楚·屈原《渔父》举世皆浊我独清。”,无,全世界的人都注视着。,jǔ shì zhǔ mù,举世瞩目,jszm,ju shi zhu mu,ju,mu
唐·韩愈《应科目时与人书》庸讵知有力者不哀其穷，而忘一举手一投足之劳而转之清波乎？”,无,一抬手，一动脚。形容轻而易举，毫不费力。,jǔ shǒu tóu zú,举手投足,jstz,ju shou tou zu,ju,zu
唐·韩愈《应科目时与人书》如有力者，哀其穷而运转之，盖一举手一投足之劳也。”,无,一举手那样的辛劳。形容轻而易举，毫不费力。,jǔ shǒu zhī láo,举手之劳,jszl,ju shou zhi lao,ju,lao
《论语·述而》举一隅不以三隅反，则不复也。”,我是凭着一卷《诗韵》学说话，倒可以有～”的效验。★清·吴趼人《二十年目睹之怪现状》第三十四回,反类推。比喻从一件事情类推而知道其他许多事情。,jǔ yī fǎn sān,举一反三,jyfs,ju yi fan san,ju,san
清·赵翼《瓯北诗话·苏东坡诗》二坡诗不尚雄杰一派，其绝人处，在乎议论英爽，笔锋精锐，举重若轻，读之似不甚用力，而力已透十分。”,公听视机警，受大任～。上爱其才敏，倚若股肱。★清·昭梿《啸亭杂录·七·裘文达公》,举起沉重的东西像是在摆弄轻的东西。比喻能力强，能够轻松地胜任繁重的工作或处理困难的问题。,jǔ zhòng ruò qīng,举重若轻,jzrq,ju zhong ruo qing,ju,qing
《后汉书·窦融传》方蜀汉相攻，权在将军，举足左右，便有轻重。”,～，动关大局。★蔡东藩、许廑父《民国通俗演义》第四回,只要脚移动一下，就会影响两边的轻重。指处于重要地位，一举一动都足以影响全局。,jǔ zú qīng zhòng,举足轻重,jzqz,ju zu qing zhong,ju,zhong
无,无,拒拒绝。把人挡在门外，不让其进入，形容拒绝协商或共事。,jù zhī mén wài,拒之门外,jzmw,ju zhi men wai,ju,wai
《孟子·公孙丑上》冉牛、闵子、颜渊，则具体而微。”,所居有池五六亩，竹数千竿，乔木数十株，台榭舟桥，～。★唐·白居易《醉吟先生传》,具体各部分已大体具备；微微小。指事物的各个组成部分大体都有了，不过形状和规模比较小些。,jù tǐ ér wēi,具体而微,jtew,ju ti er wei,ju,wei
清·李宝嘉《文明小史》第三十八回老兄既管了一县的事，自己也应该有点主意。外国人呢，固然得罪不起，实在下不去的地方，也该据理力争。”,我们再去～，非达到目的不走。★巴金《家》八,依据道理，竭力维护自己方面的权益、观点等。,jù lǐ lì zhēng,据理力争,jllz,ju li li zheng,ju,zheng
明·李开先《宝剑记》第二十四出先从片进，累建大功，童贯占为己有欺瞒皇上。”,话说袁伯珍见王德黼的矿山苗旺，有利可图，便想夺他的利权，～。★清·无名氏《官场维新记》第六回,将别人的东西拿来作为自己的。,jù wéi jǐ yǒu,据为己有,jwjy,ju wei ji you,ju,you
汉·王褒《圣主得贤臣颂》聚精会神，相得益（章）彰。”,看校样时的～，就和在写作的时候一样，因为我的目的要使它没有一个错字。★邹韬奋《经历·一个小小的过街楼》,会集中。原指君臣协力，集思广益◇形容精神高度集中。,jù jīng huì shén,聚精会神,jjhs,ju jing hui shen,ju,shen
《妙法莲华经·方便品》乃至童子戏，聚沙为佛塔。”,无,聚细沙成宝塔。原指儿童堆塔游戏◇比喻积少成多。,jù shā chéng tǎ,聚沙成塔,jsct,ju sha cheng ta,ju,ta
无,他们爱聚众滋事，影响极坏。,聚集一帮人到处惹事，制造纠纷。,jù zhòng zī shì,聚众滋事,jzzs,ju zhong zi shi,ju,shi
唐·杜牧《题乌江亭》诗江东子弟多才俊，卷土重来未可知。”,他们要挣扎，他们要变天，他们要～。★曲波《林海雪原》一,卷土人马奔跑时尘土飞卷。比喻失败之后，重新恢复势力。,juǎn tǔ chóng lái,卷土重来,jtcl,juan tu chong lai,juan,lai
《史记·留侯世家》运筹帷帐中，决胜千里外，子房功也。”,东夏克平，南国底定，参谋帷幄，～。★《隋书·苏威传》,坐镇指挥千里之外的战局。形容将帅雄才大略，指挥若定。,jué shèng qiān lǐ,决胜千里,jsql,jue sheng qian li,jue,li
明·罗贯中《三国演义》第三十三回来日尽驱百姓当先，以军继其后，与曹操决一死战。”,周天爵素称勇敢，所保臧纡青练勇可当一面，独不能与贼～耶？★《清史稿·文宗本纪》,决决定；死拼死。对敌人拼死决战。,jué yī sǐ zhàn,决一死战,jysz,jue yi si zhan,jue,zhan
元·关汉卿《钱大尹知勘绯衣梦·正名》李庆安绝处幸逢生。”,常言吉人天相，绝处逢生。”★明·冯梦龙《警世通言·桂员外途穷忏悔》,绝处死路。形容在最危险的时候得到生路。,jué chù féng shēng,绝处逢生,jcfs,jue chu feng sheng,jue,sheng
宋·苏轼《上皇帝书》改过不吝，从善如流，此尧舜禹汤之所勉强而力行，秦汉以来之所绝无而仅有。”,新的一辈继他们的父亲或者母亲之后成为作家的，可以说～。★秦牧《两代人》,只有一个，再没有别的。形容非常少有。,jué wú jǐn yǒu,绝无仅有,jwjy,jue wu jin you,jue,you
无,无,双方不经过书面签字，只以口头承诺或交换函件而订立的协定，它与书面条约具有同等的效力。本用于国际事务间，后亦用为事先约定的套语。又称作绅士协定”。,jūn zǐ xié dìng,君子协定,jzxd,jun zi xie ding,jun,ding
《庄子·山木》且君子之交淡若水，小人之交甘若醴；君子淡以亲，小人甘以绝。”,无,贤者之间的交情，平淡如水，不尚虚华。,jūn zǐ zhī jiāo,君子之交,jzzj,jun zi zhi jiao,jun,jiao
《三国志·蜀志·诸葛亮传·评》诸葛亮之为相国也，抚百姓，示仪轨，约官职，从权制，开诚心，布公道。”,上头的公事是叫地方官时时接见商人，与商人～，联络一气。★清·李宝嘉《官场现形记》第五十四回,开诚敞开胸怀，显示诚意。指以诚心待人，坦白无私。,kāi chéng bù gōng,开诚布公,kcbg,kai cheng bu gong,kai,gong
吴晗《朱元璋传》以后元璋作了皇帝，淮西诸将和幕府僚属都成了开国功臣。”,无,指为建立新的国家或朝代立下汗马功劳的人。,kāi guó gōng chén,开国功臣,kggc,kai guo gong chen,kai,chen
明·周楫《西湖二集·吴山顶上神仙》那时第一个开国元勋青田刘伯温先生与冷启敬相好，时常以道术互相参证。”,无,元勋有特大功绩的人。指为建立新的国家或朝代立大功的人。,kāi guó yuán xūn,开国元勋,kgyx,kai guo yuan xun,kai,xun
宋·释普济《五灯会元》卷五十开花结果自馨香。”,如今方下种，还没有发芽哩，再隔五六年，～，才到你口。★明·冯梦龙《喻世明言》卷一,原指经播种耕耘后有了收获。现比喻工作有进展，并取得了成果。,kāi huā jié guǒ,开花结果,khjg,kai hua jie guo,kai,guo
元·无名氏《射柳棰丸》第三折令人们安排酒肴，与众大人每玩赏端阳，开怀畅饮。”,李逵不知是计，只顾～，全不记宋江吩咐的言语。★明·施耐庵《水浒全传》第四十三回,开怀心情无所拘束，十分畅快。比喻敞开胸怀，尽情饮酒。,kāi huán chàng yǐn,开怀畅饮,khcy,kai huan chang yin,kai,yin
清·陈康祺《郎潜纪闻》第十卷高宗皇帝开疆辟土，仁育义征，决不以平定一隅遽形夸大。”,无,开开拓；疆边疆；辟开辟；土国土。开拓疆域，扩展领土。,kāi jiāng pì tǔ,开疆辟土,kjpt,kai jiang pi tu,kai,tu
无,无,开拓疆域，扩展领土。,kāi jiāng tuò tǔ,开疆拓土,kjtt,kai jiang tuo tu,kai,tu
晋·陶潜《与子俨等疏》开卷有得，便欣然忘食。”,无,开卷打开书本，指读书；益好处。读书总有好处。,kāi juàn yǒu yì,开卷有益,kjyy,kai juan you yi,kai,yi
无,不要只在实验室里做研究，～，要到别处去看看。,指对事物的看法不要太拘束，局限于狭隘的范围内，眼光要放宽。,kāi kuò yǎn jiè,开阔眼界,kkyj,kai kuo yan jie,kai,jie
清·张南庄《何典》第十回便即点起阴兵，教活死人挂了骑印做大元帅，冒失鬼为开路先锋，地里鬼、雌雄人为参谋，引兵前去救应。”,无,原指古代军队中先行开路和打头阵的将领。现比喻进行某项工作的先遣人员。,kāi lù xiān fēng,开路先锋,klxf,kai lu xian feng,kai,feng
唐·刘得仁《青龙寺僧院》此地堪终日，开门见数峰。”,说话要～，谭兄之意，欲以世兄读书之事，烦潜老照管理。★清·李绿园《歧路灯》第二回,打开门就能看见山。比喻说话或写文章直截了当谈本题，不拐弯抹角。,kāi mén jiàn shān,开门见山,kmjs,kai men jian shan,kai,shan
孙犁《关于中篇小说》鲁迅先生的《阿q正传》，是中国中篇小说的开山鼻祖。”,无,比喻一个学术流派、技艺的开创者。,kāi shān bí zǔ,开山鼻祖,ksbz,kai shan bi zu,kai,zu
三国·吴·徐整《三五历纪》天地混沌如鸡子，盘古生在其中，万八千岁，天地开辟，阳清为天，阴浊为地，盘古在其中。”,感谢那些～，披荆斩莽的英雄们！只有你们才配承受这最高的幸福，最大的快乐。★刘白羽《从富拉尔基到齐齐哈尔》,古代神话传说盘古氏开辟天地，开始有人类历史◇常比喻空前的，自古以来没有过的。,kāi tiān pì dì,开天辟地,ktpd,kai tian pi di,kai,di
《荀子·富国》故明主必谨养其和，节其流，开其源，而时斟酌焉，潢然使天下必有余，而上不忧不足。”,理财之道，不外～。★《清史稿·英和传》,开劝课；源水源。开发水源，节制水流。比喻增加收入，节省开支。,kāi yuán jié liú,开源节流,kyjl,kai yuan jie liu,kai,liu
《孝经·开宗明义》开宗明义章第一。”宋·邢昺题解开，张也；宗，本也；明，显也；义，理也。言此章开张一经之宗本，显明五孝之义理，故曰开宗明义章也。”,在这～的第一信里，请你们容我在你们面前介绍我自己。★冰心《寄小读者·通讯一》,开宗阐发宗旨；明义说明意思。指说话、写文章一开始就讲明主要意思。,kāi zōng míng yì,开宗明义,kzmy,kai zong ming yi,kai,yi
《论语·乡党》朝，与下大夫言，侃侃如也。”,却从来不曾见过象这位蛮子般的那末～，旁若无人的气概。★郑振铎《桂公塘·三》,侃侃理直气壮，从容不迫。理直气壮、从容不迫地说话。,kǎn kǎn ér tán,侃侃而谈,kket,kan kan er tan,kan,tan
茅盾《清明前后》第三幕为民兄，您再教它几句您的看家本领。”,无,指特别擅长的技能。,kān jiā běn lǐng,看家本领,kjbl,kan jia ben ling,kan,ling
汉·班固《西都赋》阗城溢郭，旁流百廛，红尘四合，烟云相连。”,～的老汉，要求全家人都不必难受。★柳青《创业史·题叙》,旧指看透人生，把生死哀乐都不放在心上的消极的生活态度。现也指受挫折后消极回避、无所作为的生活态度。,kàn pò hóng chén,看破红尘,kphc,kan po hong chen,kan,chen
《史记·项羽本纪》于是项王乃悲歌慷慨。”晋·陶潜《怨诗楚调示庞主簿邓治中》慷慨独悲歌，钟期信为贤。”,～士，相传燕赵多。★清·黄遵宪《慷慨》诗,情绪激昂地唱歌，以抒发悲壮的胸怀。,kāng kǎi bēi gē,慷慨悲歌,kkbg,kang kai bei ge,kang,ge
宋·陆九渊《荆国王文公祠堂记》元丰之末，附丽匪人，自为定策，至造诈以诬首相，则畴昔从容问学，慷慨陈义，而诸君子之所深与者也。”,元末群盗纵横，时事不堪言矣。诗家～，多衰飒无余地。★潘德舆《养一斋诗话》,慷慨情绪激动，充满正气；陈陈述；词言词。指意气激昂地陈述自己的见解。,kāng kǎi chén cí,慷慨陈词,kkcc,kang kai chen ci,kang,ci
汉·李陵《录别诗》悲意何慷慨，清歌正激扬。”唐·柳宗元《上权舆补阙温卷决进退启》今将慷慨激昂，奋攘布衣，纵谈作者之筵，曳裾名卿之门。”,在东京聚首时，一谈到国事上来，总要谈得～，而且有点口角流沫。★郭沫若《革命春秋·创造十年续篇》,慷慨情绪激动；激昂振奋昂扬。精神振奋，情绪激昂，充满正气。,kāng kǎi jī áng,慷慨激昂,kkja,kang kai ji ang,kang,ang
姚雪垠雪《李自成》第二卷第十八章因此只得不揣冒昧，向大公子求将伯之助，不知公子肯慷慨解囊否？”,无,慷慨豪爽，大方；解囊解开钱袋拿出钱来。形容极其大方地在经济上帮助别人。,kāng kǎi jiě náng,慷慨解囊,kkjn,kang kai jie nang,kang,nang
李六如《六十年代的变迁》现在是四更时分，彭、刘、杨三位，同在制台衙门前慷慨就义了。”,无,慷慨情绪激昂；就义为正义而死。正气凛然，意气高昂地为正义而死。,kāng kǎi jiù yì,慷慨就义,kkjy,kang kai jiu yi,kang,yi
无,无,指依赖自然条件来过日子。,kào tiān chī fàn,靠天吃饭,ktcf,kao tian chi fan,kao,fan
郭沫若《天地玄黄·拙劣的犯罪》在整个经济危机下，在严重的苛捐杂税下，……成本增高了，购买力减低了，发行网破坏了。”,无,苛苛刻、繁重；杂繁杂。指反动统治下苛刻繁重的捐税。,kē juān zá shuì,苛捐杂税,kjzs,ke juan za shui,ke,shui
无,随着教育事业的发展，科班出身的人越来越多。,比喻具有受过正规教育或训练的资格。,kē bān chū shēn,科班出身,kbcs,ke ban chu shen,ke,shen
无,无,收收成。连一粒米也没收获到。多指因灾祸造成绝收。,kē lì wú shōu,颗粒无收,klws,ke li wu shou,ke,shou
《晋书·吕纂传》宜缮甲养锐，劝课农殖，待可乘之机，然后一举荡灭。”,按宋南渡后亦未尝无～。★清·赵翼《二十四史札记·卷二十六·和议》,可以利用的时机。,kě chéng zhī jī,可乘之机,kczj,ke cheng zhi ji,ke,ji
《周易·中孚》得敌，或鼓或罢，或泣或歌。”明·海瑞《方孝孺临麻姑仙坛记跋》国初方列之概，无异平原复生。追念及之，可歌可泣。”,《长恨歌》一篇，有声有色，～。★清·赵翼《瓯北诗话》卷四,泣不出声地流泪。值得歌颂、赞美，使人感动流泪。形容英勇悲壮的感人事迹。,kě gē kě qì,可歌可泣,kgkq,ke ge ke qi,ke,qi
南朝·宋·刘义庆《世说新语·方正》此郎亦管中窥豹，时见一斑。”,以酗酒狎妓之微嫌，遂没其困苦艰难之功业，清朝之赏罚不均，～。★《清朝野史大观》,斑杂色的花纹或斑点。比喻见到事物的一少部分也能推知事物的整体。,kě jiàn yī bān,可见一斑,kjyb,ke jian yi ban,ke,ban
宋·王楙《野客丛书》而郊以吟诗废务，上官差官以摄其职，分其半禄，酸寒之壮，可想而知。”,你想日本人练陆军把东三省地图当作功课，其用心～。★清·高鹗《老残游记续集》第一回,不用说明就能想象得到。,kě xiǎng ér zhī,可想而知,kxez,ke xiang er zhi,ke,zhi
清·曹雪芹《红楼梦》第二十回因此把一切都看成浊物，可有可无。”,她活了五十年，第一次感觉到自己还不是一个～的人。★茹志娟《如愿》,可以有，也可以没有。指有没有都无关紧要。,kě yǒu kě wú,可有可无,kykw,ke you ke wu,ke,wu
《孙子·虚实》人皆知我所以胜之形，而莫知吾所以制胜之形。”,只今番～，便见得先生妙法。（明·施耐庵《水浒全传》第二十回）,克战胜；制胜取得胜利。制服敌人，取得胜利。,kè dí zhì shèng,克敌制胜,kdzs,ke di zhi sheng,ke,sheng
《后汉书·祭遵传》遵为人廉约小心，克己奉公。”,大公无私，积极努力，～，埋头苦干的精神，才是可尊敬的。★毛泽东《中国共产党在民族战争中的地位》,克己约束自己；奉公以公事为重。克制自己的私心，一心为公。,kè jǐ fèng gōng,克己奉公,kjfg,ke ji feng gong,ke,gong
《尚书·大禹漠》克勤于邦，克俭于家。”,～，无怠无荒。★宋·郭茂倩《乐府诗集·梁太庙乐舞辞·撤豆》,克能够。既能勤劳，又能节俭。,kè qín kè jiǎn,克勤克俭,kqkj,ke qin ke jian,ke,jian
宋·周密《齐东野语》帝王即位，即是好日，兼官历又吉，何疑？事不容缓。”,胎前产后以及难产各症，不独～，并且两命攸关。★清·李汝珍《镜花缘》第四十回,刻指短暂的时间；缓延迟。指形势紧迫，一刻也不允许拖延。,kè bù róng huǎn,刻不容缓,kbrh,ke bu rong huan,ke,huan
唐·李白《上安州李长史书》深荷王公之德，铭刻心骨。”,万望太尉慈悯，救拔深陷之人，得瞻天日，～，誓图死保。★明·施耐庵《水浒全传》第八十回,铭刻在心灵深处。形容记忆深刻，永远不忘。,kè gǔ míng xīn,刻骨铭心,kgmx,ke gu ming xin,ke,xin
无,无,刻苦很能吃苦；耐禁得起、受得住。工作勤奋，经得住繁重的劳累。,kè kǔ nài láo,刻苦耐劳,kknl,ke ku nai lao,ke,lao
《吕氏春秋·察今》》楚人有涉江者，其剑自舟中坠于水，遽契其舟曰‘是吾剑之所从坠。’舟止，从其所契者入水求之。舟已行矣，而剑不行，求剑若此，不亦惑乎？”,似你这样寻根究底，便是～，胶柱鼓瑟了！★清·曹雪芹《红楼梦》第一百二十回,比喻不懂事物已发展变化而仍静止地看问题。,kè zhōu qiú jiàn,刻舟求剑,kzqj,ke zhou qiu jian,ke,jian
元·无名氏《合同文字》第一折不争我病势正昏沉，更那堪苦事难支遣，忙赶上头里的丧车不远，眼见客死他乡有谁祭奠。”,无,客死死在异乡或国外。死在离家乡很遥远的地方。,kè sǐ tā xiāng,客死他乡,kstx,ke si ta xiang,ke,xiang
无,他写了遗嘱和吩咐后事不久，即～。,指死去。,kè rán cháng shì,溘然长逝,krcs,ke ran chang shi,ke,shi
《文汇报》1986.7.19坑蒙拐骗发不了大财，发了小财也长不了。”,无,指以欺骗手段捞取钱财，陷害他人。,kēng méng guǎi piàn,坑蒙拐骗,kmgp,keng meng guai pian,keng,pian
郭小川《痛悼敬爱的周总理》诗我们的总理，回答得最为铿锵有力；不用语言，而用电闪雷鸣般的一生的经历。”,托卡力夫的声音～，完全不是平时那种沙哑的低音。★《筑路》,形容声音响亮而有劲。铿镪有节奏而响亮的声音。,kēng qiāng yǒu lì,铿锵有力,kqyl,keng qiang you li,keng,li
南朝·宋·刘义庆《世说新语·排调》此中空洞无物，然容卿辈数百人。”,出了口吻、技巧和声调之外，八股文里是～的。★朱自清《经典常谈·文第十三》,空空洞洞，没有什么内容。多指言谈、文章极其空泛。,kōng dòng wú wù,空洞无物,kdww,kong dong wu wu,kong,wu
《论语·子罕》有鄙夫问于我，空空如也，我叩其两端而竭焉。”,多少只眼睛也都向王忠的座位搜寻的时候，却见这个小人儿的座位早已～。★杨沫《青春之歌》第二部第三十八章,空空诚恳，虚心。原形容诚恳、虚心的样子。现形容一无所有。,kōng kōng rú yě,空空如也,kkry,kong kong ru ye,kong,ye
清·李宝嘉《官场现形记》第二十七回空口无凭的话，门生也不敢朝着老师来说。”,你说的这些事，～，我无法相信。,单凭嘴说而没有什么作为凭据。只要用实物来证明。,kōng kǒu wú píng,空口无凭,kkwp,kong kou wu ping,kong,ping
宋·赵佶《宣和画谱》顾（顾恺之，晋代画家）冠于前，张（张僧繇，南朝梁代画家）绝于后，而道子（吴道子，唐代画家）乃兼有之。”,祖孙三代倒做了三朝元老，真可以算得～”的了。★清·吴趼人《痛史》第十六回,从前没有过，今后也不会再有。夸张性地形容独一无二。,kōng qián jué hòu,空前绝后,kqjh,kong qian jue hou,kong,hou
茹志娟《在果树园里》我知道会上根本没研究她的什么事，心里有些怪黎凤乱开空头支票。”,无,空头有名无实的。指不能兑现，即取不到钱的支票。比喻不准备实现的诺言。,kōng tóu zhī piào,空头支票,ktzp,kong tou zhi piao,kong,piao
战国·楚·宋玉《风赋》臣闻于师枳句来巢，空穴来风。”,然而银行当事人，安能逃避责任，～，理有固然。★清·梁启超《续论市民与银行》,穴孔、洞；来招致。有了洞穴才进风。比喻消息和谣言的传播不是完全没有原因的。也比喻流言乘机会传开来。,kōng xué lái fēng,空穴来风,kxlf,kong xue lai feng,kong,feng
《史记·天官书》海旁蜃气象楼台，广野气成宫阙然。”唐·宋之问《游法华寺》诗空中结楼殿，意表出云霞。”,实者，就事敷陈，不假造作，有根有据之谓也；虚者，～，随意构成，无影无形之谓也。★清·李渔《闲情偶寄·结构第一》,悬在半空中的阁楼。比喻虚幻的事物或脱离实际的空想。,kōng zhōng lóu gé,空中楼阁,kzlg,kong zhong lou ge,kong,ge
明·罗贯中《三国演义》第六十回松闻曹丞相文不明孔孟之道，武不达孙吴之机，专务强霸而居大位，安能有所教诲，以开发明公耶？”,无,孔孔子；孟孟子。指儒家学说。,kǒng mèng zhī dào,孔孟之道,kmzd,kong meng zhi dao,kong,dao
《北史·魏艾陵伯子华传》性甚褊急，当其急也，口不择言，手自捶击。”,周近他居然这样～，他怎么能这样说！★郭沫若《蔡文姬》第一幕,指情急时说话不能正确用词表达或指说话随便。,kǒu bù zé yán,口不择言,kbzy,kou bu ze yan,kou,yan
清·曹雪芹《红楼梦》第三十三回宝玉素日虽然口角伶俐，此时一心却为金钏儿感伤，恨不得也身亡命殒。”,无,口齿说话、言谈；伶俐聪明，灵活。谈吐麻利，应付自如。形容口才好。,kǒu chǐ líng lì,口齿伶俐,kcll,kou chi ling li,kou,li
明·施耐庵《水浒传》第七十二回宋江听得，慌忙过来看时，却是‘九纹龙’史进，‘没遮拦’穆弘，在阁子内吃得大醉，口出狂言。”,刺客姓李名景纯，直隶正定府人。身体短悍，面貌凶恶。手脚系以铁锁，依然～，侮蔑政府。★老舍《赵子曰》二十三,嘴里说出狂妄自大的话。指说话狂妄、放肆。也指胡说八道。,kǒu chū kuáng yán,口出狂言,kcky,kou chu kuang yan,kou,yan
明·解缙《春雨杂述·评书》学书之法，非口传心授，不得其精。”,尽管在旧社会得不到出版发行的便利，千百年来通过无数艺人的～，终于很好地保留下来了。★光未然《戏曲遗产中的现实意义》,指师徒间口头传授，内心领会。,kǒu chuán xīn shòu,口传心授,kcxs,kou chuan xin shou,kou,shou
鲁迅《汉文学史纲要》第一篇口耳相传，或逮后世。”,无,口说耳听地往下传授。,kǒu ěr xiāng chuán,口耳相传,kexc,kou er xiang chuan,kou,chuan
《庄子·寓言》利义陈乎前，而好恶是非直服人之口而已矣。使人乃以心服，而不敢蘤立，定天下之定。”,无,服信服。心里嘴上都信服。指真心信服。,kǒu fú xīn fú,口服心服,kfxf,kou fu xin fu,kou,fu
三国·魏·曹植《善哉行》来日大难，口燥唇干；今日相乐，皆当喜欢。”,那白氏心中正自烦恼，况且连歌数曲，～，声气都乏了，为何肯再唱。★明·冯梦龙《醒世恒言·独孤生归途闹梦》,燥干。口舌都干了。形容说话太多。,kǒu gān shé zào,口干舌燥,kgsz,kou gan she zao,kou,zao
元·石君宝《秋胡戏妻》第三折你也曾听杜宇，他那里口口声声，撺掇先生不如归去。”,韩世忠带领人马已到城下，～要拿走二位王爷。★清·钱彩《说岳全传》第四十七回,形容一次一次地说，或经常说。,kǒu kǒu shēng shēng,口口声声,kkss,kou kou sheng sheng,kou,sheng
宋·张君房《云笈七签》第七十二卷经云‘知白守黑，神明自来。’是知玄为万物母，圣人秘之，不形文字，口口相传。”,虽然他败坏了～的韵事。★鲁迅《且介亭杂文·病后杂谈》,不著文字，口头相传。,kǒu kǒu xiāng chuán,口口相传,kkxc,kou kou xiang chuan,kou,chuan
南朝·宋·刘义庆《世说新语·赏誉》郭子玄语议如悬河泻水，注而不竭。”唐·韩愈《石鼓歌》安能以此上论列，愿借辩口如悬河。”,知县见他说的～，又是本朝确切贼，不由得不信。★清·吴敬梓《儒林外史》第四回,若好象；悬河激流倾泻。讲起话来滔滔不绝，象瀑布不停地奔流倾泻。形容能说会辨，说起来没个完。,kǒu ruò xuán hé,口若悬河,krxh,kou ruo xuan he,kou,he
汉·桓谭《新论·辨惑》如非其人，口是而心非者，虽寸断支解，而道犹不出也。”《抱朴子·微旨》口是心非，背向异辞。”,俺哥哥原来是～，不是好人了也。★明·施耐庵《水浒全传》第七十三回,嘴里说得很好，心里想的却是另一套。指心口不一致。,kǒu shì xīn fēi,口是心非,ksxf,kou shi xin fei,kou,fei
元·乔梦符《扬州梦》第四折你不合打凤牢龙，翻云覆雨，陷人坑井。咱两个口说无凭。”,此皆～，待我亲去踏看明。★明·凌濛初《二刻拍案惊奇》卷十二,单凭口说，不足为据。,kǒu shuō wú píng,口说无凭,kswp,kou shuo wu ping,kou,ping
宋·陈亮《畏羞于君子》此丈夫所当履其道，免笔诛口伐于荜门闺窦之间。”,他捐廉弃耻，向权门富贵贪求，全不知～是诗人句，垄上璠间识者羞。★明·汪廷讷《三祝记·同谪》,诛痛斥，责罚；伐声讨，攻打。从口头和书面上对坏人坏事进行揭露和声讨。,kǒu zhū bǐ fá,口诛笔伐,kzbf,kou zhu bi fa,kou,fa
魏巍《东方》第二部第七章据说这人最不爱讲话，但那天的几句话，却是那样扣人心弦，感动得自己当时流下了眼泪。”,那种景象多幺～！★秦牧《花城·古董》,扣敲打。形容事物激动人心。,kòu rén xīn xián,扣人心弦,krxx,kou ren xin xian,kou,xian
宋·释道原《景德传灯录》卷二十三唐州大乘山和尚问‘枯树逢春时如何？’师曰‘世间希有。’”,～，陈花重放，旧作再版，自然是值得高兴的。★峻青《写在百花重放的时候》,逢遇到。枯干的树遇到了春天，又恢复了活力。比喻垂危的病人或事物重新获得生机。,kū mù féng chūn,枯木逢春,kmfc,ku mu feng chun,ku,chun
毛泽东《反对党八股》因此，群众就不欢迎他们枯燥无味的宣传，我们也不需要这样憋脚的不中用的宣传家。”,无,枯燥单调。形容单调，没有趣味。,kū zào wú wèi,枯燥无味,kzww,ku zao wu wei,ku,wei
清·孔尚任《桃花扇·余韵》鸽翎蝠粪满堂抛，枯枝败叶当阶罩。”,无,败衰败。干枯的树枝，衰败的花叶。形容荒凉、破坏的样子。,kū zhī bài yè,枯枝败叶,kzby,ku zhi bai ye,ku,ye
清·曹雪芹《红楼梦》第六十七回这如今才好些，又这样哭哭啼啼，岂不是自己糟蹋了自己身子。”,无,不停的哭泣。,kū kū tí tí,哭哭啼啼,kktt,ku ku ti ti,ku,ti
元·高安得《皮匠说谎》好一场恶一场，哭不得笑不得。”,否则咬着了辣椒，～的时候，我不能负责。★鲁迅《伪自由书·止哭文学》,哭也不好，笑也不好。形容很尴尬。,kū xiào bù dé,哭笑不得,kxbd,ku xiao bu de,ku,de
宋·李昌龄《乐善录·刘贡父》晚年得恶疾，须眉堕落，鼻梁断坏，苦不可言。”,无,堪能。痛苦或困苦到了极点，已经不能用言语来表达。,kǔ bù kān yán,苦不堪言,kbky,ku bu kan yan,ku,yan
陈残云《山谷风烟》第四章在山路上，二柱很少讲话，冯均却摸到他一点～的家底。”,他对地主阶级是～。,形容受峻削压迫的苦，有很大的仇恨。,kǔ dà chóu shēn,苦大仇深,kdcs,ku da chou shen,ku,shen
元·王实甫《西厢记》第四本第一折忘餐废寝舒心害，若不是真心耐，志诚捱，怎能勾这相思苦尽甘来。”,更不想你生下这猴子，又得岳丈为我报仇。真是～，莫大之喜。★明·吴承恩《西游记》第九回,甘甜，比喻幸福。艰难的日子过完，美好的日子来到了。,kǔ jìn gān lái,苦尽甘来,kjgl,ku jin gan lai,ku,lai
《宋史·赵普传》忠言苦口，三复来奏。”宋·释道原《景德传灯录·泉州道匡禅师》问‘学人根思迟回，乞师曲运慈悲，开一线道。’师曰‘这个是老婆心。’”,我和龙济光～的谈了十几点钟。★清·梁启超《护国之役回顾谈》,苦口反复规劝；婆心仁慈的心肠。比喻善意而又耐心地劝导。,kǔ kǒu pó xīn,苦口婆心,kkpx,ku kou po xin,ku,xin
《魏书·太武五王列传》苦乐不均，羊少狼多，复有蚕食，此之为弊久矣。”,无,均平均。同样的人享受的待遇却不相同。形容待遇不相等。,kǔ lè bù jūn,苦乐不均,klbj,ku le bu jun,ku,jun
罗广斌、杨益言《红岩》第四章苦难深重的农民，怎能再忍受反动派的蹂躏。”,无,遭受的痛苦和灾难既深又重。,kǔ nàn shēn zhòng,苦难深重,knsz,ku nan shen zhong,ku,zhong
巴金《创作回忆录·关于二》我拿起笔从来不苦思冥想，我照例写得快，说我‘粗制滥造’也可以，反正有作品在。”,设计人员在搞设计之前，不只是埋头翻资料，或者捧着脑袋～，而是跟着余师傅上沸腾的建筑工地?★《人民文学》1976年第5期,尽心地思索和想象。,kǔ sī míng xiǎng,苦思冥想,ksmx,ku si ming xiang,ku,xiang
清·翁方纲《复初斋文集·格调论下》今且勿以意匠之独运者言之，且勿以苦心孤诣戛戛独造者言之，公且以效古之作若规仿格调者言之。”,～地运动着做了一次大总统，后来被人赶跑了，跑向天津。★郭沫若《革命春秋·创造十年》,指苦心钻研，到了别人所达不到的地步。也指为寻求解决问题的办法而煞费苦心。,kǔ xīn gū yì,苦心孤诣,kxgy,ku xin gu yi,ku,yi
清·梁启超《新中国未来记》第四回但专制政体不除，任凭你君相恁地苦心经营，民力是断不能发达的。”,无,经营筹划，管理。用尽心思去筹划安排。,kǔ xīn jīng yíng,苦心经营,kxjy,ku xin jing ying,ku,ying
宋·陈造《同陈宰黄簿游灵山八首》自注宰运‘吾辈可谓忙里偷闲，苦中作乐。’”,此第三首，则俗所谓～也。言山行之可畏若此，而于其中强寻乐处，则亦有可喜者。★清·无名氏《杜诗言志》卷十,在困苦中勉强自寻欢乐。,kǔ zhōng zuò lè,苦中作乐,kzzl,ku zhong zuo le,ku,le
宋·楼钥《攻媿集·论灾异》祥瑞之出，则润色而张大其词。”,蔡京开边，祖道欲乘时徽富贵，诱王江酋，杨晟免等使纳士，～。★《宋史·王祖道传》,把事情说得超过原有的程度。,kuā dà qí cí,夸大其词,kdqc,kua da qi ci,kua,ci
清·吴敬梓《儒林外史》第十一回进了书房门，听见杨执中在内唂唂而谈，知道是他已来了，进去作揖同，同坐下。”,这种结论，不是甲乙丙丁的现象罗列，也不是～的滥调文章，而是科学的结论。★毛泽东《改造我们的学习》,形容说话浮夸不切实际。,kuā kuā qí tán,夸夸其谈,kkqt,kua kua qi tan,kua,tan
宋·陆游《村居》诗生僧快马随鞭影，宁作痴人记桔。”,何不快马加鞭，径赶至苍山，求取伯伯。★明·徐姬《杀狗记》,跑得很快的马再加上一鞭子，使马跑得更快。比喻快上加快，加速前进。,kuài mǎ jiā biān,快马加鞭,kmjb,kuai ma jia bian,kuai,bian
宋·释道原《景德传灯录》卷六快马一鞭，快人一言。”,宋大帅真是～！来，干一大杯！★陈白尘、贾霁《宋景诗》二十四,快爽快，痛快。直爽的人说直爽的话。,kuài rén kuài yǔ,快人快语,krky,kuai ren kuai yu,kuai,yu
五代·王定宝《唐摭言》卷十如‘水声常在耳，山色不离门’，又‘扫地树留影，拂床琴有声’……皆脍炙人口。”,一部～的《国风》与《小雅》，也是三百篇”的最精采部分，便是诗歌合作中最美满的成绩。★闻一多《歌与诗》,脍切细的肉；炙烤熟的肉。脍和炙都是人们爱吃的食物。指美味人人爱吃。比喻好的诗文受到人们和称赞和传讼。,kuài zhì rén kǒu,脍炙人口,kzrk,kuai zhi ren kou,kuai,kou
元·无名氏《鱼樵记》第三折我则道相公不知打我多少，元（原）来那相公宽宏大量。”,你们怎么这样爱她们而不跟我讲些～的呢？★老舍《赵子曰》,形容度量大，能容人。,kuān hóng dà liàng,宽宏大量,khdl,kuan hong da liang,kuan,liang
明·罗贯中《三国演义》第六十回某素知刘备宽以待人，柔能克刚，英雄莫敌。”,无,宽宽容。以宽宏大度的态度来对待别人。,kuān yǐ dài rén,宽以待人,kydr,kuan yi dai ren,kuan,ren
《老子》第二十三章故飘风不终朝，骤雨不终日。”,却遇了一阵～。★清·吴趼人《二十年目睹之怪现状》,指大风大雨。亦比喻猛烈的声势或处境险恶。,kuáng fēng bào yǔ,狂风暴雨,kfby,kuang feng bao yu,kuang,yu
《老子》第二十三章故飘风不终朝，骤雨不终日。”,我沉吟罢仔细听来，原来是唤醒人～。★元·杨显之《潇湘雨》第四折,原形容大风大雨◇也比喻处境险恶或声势猛烈。,kuáng fēng zhòu yǔ,狂风骤雨,kfzy,kuang feng zhou yu,kuang,yu
李若冰《瓦窑堡啊，一盏不灭的灯》天上飞机狂轰滥炸，地上发动武装大游行。”,无,指疯狂地轰炸。,kuáng hōng làn zhà,狂轰滥炸,khlz,kuang hong lan zha,kuang,zha
《旧唐书·皇甫榑传》执谊，叔文乘时多僻，而欲斡运六合，斟酌万几；……而狂妄之甚也。”,无,狂妄极端的自高自大。指极其放肆，自高自大，自中无人。,kuáng wàng zì dà,狂妄自大,kwzd,kuang wang zi da,kuang,da
《战国策·赵策四》今得强赵之兵，以杜燕将，旷日持久，数岁，令士大夫余子之力，尽于沟垒。”,这厮们死守不出，便要～。★清·陈忱《水浒后传》第十八回,旷荒废，耽误。荒废时间，拖得很久。,kuàng rì chí jiǔ,旷日持久,krcj,kuang ri chi jiu,kuang,jiu
《淮南子·诠言训》至德，道者若丘山，嵬然不动，行者以为期也。”,敌军围困万千重，我自～。★毛泽东《西江月·井冈山》,岿然高峻独立的样子。象高山一样挺立着一动不动。形容高大坚固，不能动摇。,kuī rán bù dòng,岿然不动,krbd,kui ran bu dong,kui,dong
《高子遗书·会语九八》一向不知阳明、象山学问来历，前在舟中似窥见其一斑。”,明代吴中山歌的风靡流布，还可以从明代小说中的描写～。★关德栋《序》,指只了解一二。,kuī jiàn yī bān,窥见一斑,kjyb,kui jian yi ban,kui,ban
姚雪垠《李自成》第一卷第八章等待着敌人的锐气开始衰落时，抓住要害猛力一击，就可以把敌人杀得溃不成军。”,无,溃溃败，散乱。被打得七零八落，不成队伍。形容惨败。,kuì bù chéng jūn,溃不成军,kbcj,kui bu cheng jun,kui,jun
《人民日报》1983.2.20对于少数人在改革中抵制、怠工、失职渎职；乘机制造思想混乱，拉帮结派，进行非法组织活动……就要严肃处理。”,无,拉拉拢；结组织。组织帮派，搞小集团活动。,lā bāng jié pài,拉帮结派,lbjp,la bang jie pai,la,pai
清·曹雪芹《红楼梦》第三十一回怪热的，拉拉扯扯的做什么！”,说着，才大家嘻嘻哈哈～奔了那座财神殿去了。★清·文康《儿女英雄传》第三十八回,以手牵牵拉拉。借指拉扯私欲关系。,lā lā chě chě,拉拉扯扯,llcc,la la che che,la,che
宋·周密《癸辛杂识·前集·郑仙姑》适新建县有阙氏者，雇一婢，来历不明。”,一时错把她认作了一个～之人，加上一番防范。★清·文康《儿女英雄传》第五回,来历由来。人或事物的来历与经过不清楚。,lái lì bù míng,来历不明,llbm,lai li bu ming,lai,ming
明·吾邱瑞《运甓记·牛眠指穴》此间前冈有块好地，来龙去脉，靠岭朝山，处处合格。”,焦裕录严肃地说要弄清它的～，打垮它、制服它。”★峻青《焦裕录的光辉》,本指山脉的走势和去向。现比喻一件事的前因后果。,lái lóng qù mài,来龙去脉,llqm,lai long qu mai,lai,mai
宋·文天祥《与洪端明云岩书》某到郡后，颇与郡人相安，日来四境无虞，早收中熟，觉风雪如期，晚稻亦可望，惟是力绵求牧，来日方长。”,前途似海，～。★清·梁启超《少年中国说》,来日未来的日子；方正。将来的日子还长着呢。表示事有可为或将来还有机会。,lái rì fāng cháng,来日方长,lrfc,lai ri fang chang,lai,chang
无,洪水虽然来势汹汹，但我们的抗洪工程安然无恙。,动作或事物到来的气势很厉害。,lái shì xiōng xiōng,来势汹汹,lsxx,lai shi xiong xiong,lai,xiong
《孟子·尽心下》夫子之设科也，往者不追，来者不拒。”,弟子就学者不知多少，先生来者不拒，去者不追。★明·冯梦龙《东周列国志》第八十七回,拒拒绝。对于有所求而来的人或送上门来的东西概不拒绝。,lái zhě bù jù,来者不拒,lzbj,lai zhe bu ju,lai,ju
《老子》善者不辩，辩者不善。”,～，善者不来”，亦本《老子》善者不辩，辩者不善”句。★清·赵翼《陔余丛考·成语》,善亲善，友好。强调来人不怀好意，要警惕防范。,lái zhě bù shàn,来者不善,lzbs,lai zhe bu shan,lai,shan
明·朱柏庐《治家格言》一粥一饭，当思来处不易；半丝半缕，恒念物力维艰。”,我们活着的人都不要忘记，我们的红色江山～啊。★何长工《红旗插上井冈山》,来之使之来。得到它不容易。表示财物的取得或事物的成功是不容易的。,lái zhī bù yì,来之不易,lzby,lai zhi bu yi,lai,yi
《后汉书·儒林传下·周泽》一岁三百六十日，三百五十九日斋”唐·李贤注《汉官仪》此下云‘一日不斋醉如泥。’”,二人纵饮甚欢，相得恨晚，自辰以迄四漏，计各举壶。曾～，沉睡座间。★清·蒲松龄《聊斋志异·黄英》,醉得瘫成一团，扶都扶不住。形容大醉的样子。,làn zuì rú ní,烂醉如泥,lzrn,lan zui ru ni,lan,ni
无,我们不能～去谋私利。,指过分地或非法地行使自己掌握的权力。,làn yòng zhí quán,滥用职权,lyzq,lan yong zhi quan,lan,quan
《韩非子·内储说上》齐宣王使人吹竽，必三百人。南郭处士请为王吹竽，宣王说之，廪食以数百人。宣王死，湣王立，好一一听之，处士逃。”,言调整人事，～，依然如故。★邹韬奋《抗战以来》二七,滥失实的，假的。不会吹竽的人混在吹竽的队伍里充数。比喻无本领的冒充有本领，次货冒充好货。,làn yú chōng shù,滥竽充数,lycs,lan yu chong shu,lan,shu
元·关汉卿《望乡亭》第一折您两口子正是郎才女貌，天然配合。”,夫人太过虑，小生空妄想，～合相仿。（元·王实甫《西厢记》第一本第二折）,郎旧指女子对丈夫或情人的称呼。男的有才气，女的有美貌。形容男女双方很相配。,láng cái nǚ mào,郎才女貌,lcnm,lang cai nv mao,lang,mao
《三国志·蜀志·马超传》宽、衢闭冀城门，超不得入。进退狼狈，乃奔汉中依张鲁。”,掌声如翻腾的怒海汹涌的扑向台上去，弄得这些丑类面红耳赤，～。★刘白羽《雷电颂——怀念郭沫若同志》,狼狈窘迫的样子。困顿、窘迫得不能忍受。形容非常窘迫的样子。,láng bèi bù kān,狼狈不堪,lbbk,lang bei bu kan,lang,kan
唐·段成式《酉阳杂俎》十六故世言事乖者称狼狈。”,帝国主义与封建势力永远是互相勾结，～的。★闻一多《谨防汉奸合法化》,狼和狈一同出外伤害牲畜，狼用前腿，狈用后腿，既跑得快，又能爬高。比喻互相勾结干坏事。,láng bèi wéi jiān,狼狈为奸,lbwj,lang bei wei jian,lang,jian
明·凌濛初《初刻拍案惊奇·刘东山夸技顺城门》十人自来吃酒……须臾之间，狼飧虎咽，算来吃够有六七十斤肉。”,走了这半日，肚中饥饿，～吃了一回。★清·陈忱《水浒后传》第五回,形容吃东西又猛又急的样子。,láng tūn hǔ yàn,狼吞虎咽,lthy,lang tun hu yan,lang,yan
唐·段成式《酉阳杂俎·毛篇》狼粪烟直上，烽火用之。”,这火筒节节生枝，能吹得～；实在放他不得。★清·钱彩《说岳全传》第七十回,狼烟古代边防报警时烧狼粪腾起的烟。四处都是报警的烟火，指边疆不平静。,láng yān sì qǐ,狼烟四起,lysq,lang yan si qi,lang,qi
《左传·宣公四年》谚曰狼子野心。是乃狼也，其可畜乎？”,哪晓得这班降兵，本来原是游勇出身，～，哪里肯安安顿顿的守著规矩过日子，便渐渐的放肆起来。★清·张春帆《宦海》第八回,狼子狼崽子。狼崽子虽幼，却有凶恶的本性。比喻凶暴的人居心狠毒，习性难改。,láng zǐ yě xīn,狼子野心,lzyx,lang zi ye xin,lang,xin
邹韬奋《患难余生记》第二章打破饭碗算是轻描淡写，其较重者由特务老爷赐一绑，锒铛入狱，或一命呜呼。”,无,锒铛铁索链相撞击的声音。用铁链锁起来，投入监狱。,láng kāng rù yù,锒铛入狱,lkry,lang kang ru yu,lang,yu
老舍《诗与快板》散文就不受这么多的限制，虽然散文也讲究声调铿锵，能朗朗上口。”,无,指诵读诗文时的声音响亮而顺口。,lǎng lǎng shàng kǒu,朗朗上口,llsk,lang lang shang kou,lang,kou
宋·李楙《野客丛书·李白事说者不一》为同列者所谤，诏令归山，遂浪迹天下。”,我们做这体面憋脚生意，～，那社会上奇闻怪事，与此事相仿的，也说不尽许多。★清·壮者《扫迷帚》,浪迹到处流浪。到处流浪，足迹遍天下。,làng jì tiān yá,浪迹天涯,ljty,lang ji tian ya,lang,ya
无,他终于～，改邪归正了。,浪子二流子。不务正业的人改邪归正。,làng zǐ huí tóu,浪子回头,lzht,lang zi hui tou,lang,tou
《史记·项羽本纪》劳苦而功高如此。”,这是决战的最后五分钟了！这一班～的英雄”，手颤颤地举着胜利之杯”，心头还不免有些怔忡不定。★茅盾《子夜》十五,出了很多力，吃了很多苦，立下了很大的功劳。,láo kǔ gōng gāo,劳苦功高,lkgg,lao ku gong gao,lao,gao
《周易·节》不伤财，不害民。”,天下闻风皆争进奇巧，则～自此始矣。★明·余继登《典故纪闻》卷二,既使人民劳苦，又耗费钱财。现也指滥用人力物力。,láo mín shāng cái,劳民伤财,lmsc,lao min shang cai,lao,cai
明·许仲琳《封神演义》第八十一回长兄，不必劳师动众，他自然尽绝，也使旁人知我等妙法无边。——不动声色，令周兵六十万余人自然灭绝。”,为了这一点点小么魔，便闹的～，未免过于荒唐了。★清·吴趼人《二十年目睹之怪现状》第六十八回,劳疲劳，辛苦；师、众军队；动出动，动员。原指出动大批军队。现指动用很多人力。,láo shī dòng zhòng,劳师动众,lsdz,lao shi dong zhong,lao,zhong
《乐府诗集·东飞伯劳歌》东飞伯劳西飞燕，黄姑织女时相见。”,无,劳伯劳。伯劳、燕子各飞东西。比喻夫妻、情侣别离。,láo yàn fēn fēi,劳燕分飞,lyff,lao yan fen fei,lao,fei
无,我们工作中要注意劳逸结合提高工作效率。,逸安乐、休息。工作与休息相结合。,láo yì jié hé,劳逸结合,lyjh,lao yi jie he,lao,he
唐·韩愈《平淮西碑》并为一谈，牢不可破。”,我们的团结和友谊是～的。,牢牢固。异常坚固，不可摧毁。也用在指人固执己见或保守旧习。,láo bù kě pò,牢不可破,lbkp,lao bu ke po,lao,po
无,他对上级的分工总是～。,指人的一肚子委曲、不满的情绪。,láo sāo mǎn fù,牢骚满腹,lsmf,lao sao man fu,lao,fu
宋·郑思肖《答吴山人问远游观地理书》古人胸中高明，一见便了……未若后世唠唠叨叨，支支离离，弃本逐末，侈为乖谬。”,无,说话罗嗦，一说起来没个完。,lāo lāo dāo dāo,唠唠叨叨,lldd,lao lao dao dao,lao,dao
《汉书·韦元成传》守正持重，不及父贤，而文采过之。”《宋史·种师中传》师中老成持重，为时名将。”,我们只要看举了～的汤蛰山先生做都督，就可以知道是不会流血的了。★鲁迅《南腔北调集·谣言世家》,老成阅历多而练达世事；持重做事谨慎。办事老练稳重，不轻举妄动。,lǎo chéng chí zhòng,老成持重,lccz,lao cheng chi zhong,lao,zhong
《后汉书·马援传》丈夫为志，穷当益坚，老当益壮。”,剑波朝着这两位坚守职务的老森铁员工，伸了一下大拇指头，真英雄，～。”★曲波《林海雪原》一六,当应该；益更加；壮雄壮。年纪虽老而志气更旺盛，干劲更足。,lǎo dāng yì zhuàng,老当益壮,ldyz,lao dang yi zhuang,lao,zhuang
无,无,比喻把说过多次的理论、主张重新搬出来。也比喻把搁置很久的技艺重新做起来。亦作旧调重弹”、重弹老调”。,lǎo diào zhòng dàn,老调重弹,ldzd,lao diao zhong dan,lao,dan
三国·魏·曹操《步出夏门行》诗老骥伏枥，志在千里。”,用飞龙在天，对～。★宋·陆游《老学庵笔记》卷一,骥良马，千里马；枥马槽，养马的地方。比喻有志向的人虽然年老，仍有雄心壮志。,lǎo jì fú lì,老骥伏枥,ljfl,lao ji fu li,lao,li
无,他的儿子在前线光荣牺牲，听到这个消息，他不禁老泪纵横。,纵横交错。老人泪流满面，形容极度悲伤或激动。,lǎo lèi zòng héng,老泪纵横,llzh,lao lei zong heng,lao,heng
清·曾朴《孽海花》第二十九回沉毅哉！老谋深算，革命军之军事家。”,现在他颇有点后悔刚才的失恋”，他的～走了这么一个方面。★茅盾《子夜》第四章,周密的筹划，深远的打算。形容人办事精明老练。,lǎo móu shēn suàn,老谋深算,lmss,lao mou shen suan,lao,suan
南朝·齐·孔稚珪《北山移文》风情张日，霜气横秋。”,众人取笑了一回，见新人～的那个样子，便纷纷散去。★清·吴趼人《二十年目睹之怪现状》第七十回,老气老年人的气派；横充满。形容老练而自负的神态。现形容自高自大，摆老资格。也形容缺乏朝气。,lǎo qì héng qiū,老气横秋,lqhq,lao qi heng qiu,lao,qiu
《三国志·魏书·管辂传》此老生之常谈。”,功名富贵无凭据，费尽心机，总把流光误。浊酒三杯沉醉去，水流花谢知何处？这一首词，也是个～。★清·吴敬梓《儒林外史》第一回,老书生经常说的话。比喻人们听惯了的没有新鲜意思的话。,lǎo shēng cháng tán,老生常谈,lsct,lao sheng chang tan,lao,tan
周立波《暴风骤雨》第一部二这时他躺在炕上，光顾抽大烟，把一个老实巴交的老田头晾在一边。”,无,形容人规规矩矩，谨慎胆小的样子。,lǎo shí bā jiāo,老实巴交,lsbj,lao shi ba jiao,lao,jiao
唐·李端《赠谢戴》交结渐时辈，龙钟似老翁。”,有一位～的工兵营营长吴某到站台迎接，并且报告锦州形势混乱，火车不能开过。★陶菊隐《北洋军阀统治时期史话》第六十九回,龙钟行动不灵便的样子。形容年老体衰，行动不灵便。,lǎo tài lóng zhōng,老态龙钟,ltlz,lao tai long zhong,lao,zhong
汉·班固《东观汉记·张堪传》桑无附枝，麦穗两歧，张君为政，乐不可支。”,兰言夫子听了宝云夫子之话，正中心怀，～，如何肯去拦阻。★清·李汝珍《镜花缘》第八十四回,支撑住。快乐到不能撑持的地步。形容欣喜到极点。,lè bù kě zhī,乐不可支,lbkz,le bu ke zhi,le,zhi
《三国志·蜀书·后主传》裴松之注引《汉晋春秋》问禅曰‘颇思蜀否？’禅曰‘此间乐，不思蜀。’”,那麦思敦更觉气色傲然，或饮或食，忽踊忽歌，大有此间～”之意。★鲁迅《月界旅行》第七回,很快乐，不思念蜀国。比喻在新环境中得到乐趣，不再想回到原来环境中去。,lè bù sī shǔ,乐不思蜀,lbss,le bu si shu,le,shu
《后汉书·光武帝纪》我自乐此，不为疲也。”,更兼这位老先生，天生又是无论什么疑难，每问必知，据知而答，无答不即详且尽，并且～。★清·文康《儿女英雄传》第三十八回,此这。因酷爱干某事而不感觉厌烦。形容对某事特别爱好而沉浸其中。,lè cǐ bù pí,乐此不疲,lcbp,le ci bu pi,le,pi
《史记·滑稽列传》酒极则乱，乐极则悲，万事尽然，言不可极，极之而衰。”《淮南子·道应训》夫物盛而衰，乐极则悲。”,谁知～，一朝触犯了朝廷，阖门待勘，未知生死。★明·冯梦龙《警世通言》卷十七,高兴到极点时，发生使人悲伤的事。,lè jí shēng bēi,乐极生悲,ljsb,le ji sheng bei,le,bei
《史记·乐书二》闻徵音，使人乐善而好施；闻羽音，使人整齐而而好礼。”,宋湜懿文多识，名动人主，至与李沅同命。虽去沅远甚，然～，士类归之，亦可尚也。★《宋史·陈彭年传论》,乐好，喜欢。喜欢做善事，乐于拿财物接济有困难的人。,lè shàn hào shī,乐善好施,lshs,le shan hao shi,le,shi
《论语·述而》饭疏食饮水，曲肱而枕之，乐亦在其中矣。”,无,喜欢做某事，并在其中获得乐趣。,lè zài qí zhōng,乐在其中,lzqz,le zai qi zhong,le,zhong
无,他的决心是～的。,形容态度坚定，不可动摇。也形容严格遵守规定，决不变更。,léi dǎ bù dòng,雷打不动,ldbd,lei da bu dong,lei,dong
明·凌濛初《二刻拍案惊奇》卷三十八忽然阴云四合，空中雷电交加，李三身上枷钮尽行脱落。”,是夜二更，风雨大作，～，喊杀之声，闻数十里。★明·冯梦龙《喻世明言》第七卷,又是打雷，又是闪电。交加一起袭来。两种事物同时或错杂出现。,léi diàn jiāo jiā,雷电交加,ldjj,lei dian jiao jia,lei,jia
唐·韩愈《潮州刺史谢上表》陛下即位以来，躬亲听断，旋乾转坤；关机阖开，雷厉风行。”,今天调卷，明天提人，颇觉～。★清·李宝嘉《官场现形记》第三十三回,厉猛烈。象雷那样猛烈，象风那样快。比喻执行政策法令严厉迅速。也形容办事声势猛烈，行动迅速。,léi lì fēng xíng,雷厉风行,llfx,lei li feng xing,lei,xing
汉·贾山《至言》雷霆之所击，无不摧折者；万钧之所压，无不糜灭者。”,唯独共产主义的思想体系和社会制度正以排山倒海之势，～之力，磅礴于全世界，……★毛泽东《新民主主义论》,霆急雷；钧古代重量单位，三十斤为一钧。形容威力极大，无法阻挡。,léi tíng wàn jūn,雷霆万钧,ltwj,lei ting wan jun,lei,jun
明·罗贯中《三国演义》第一百十回言讫，以印绶付之，泪流满面。”,无,眼泪流了一脸。形容极度悲伤。,lèi liú mǎn miàn,泪流满面,llmm,lei liu man mian,lei,mian
唐·刘损《愤惋诗三首（其三）》莫道诗成无泪下，泪如泉滴亦须干。”,允曰汝可怜汉天下生灵！”言讫，～。★明·罗贯中《三国演义》第八回,眼泪象泉水一样直往外涌。形容悲痛或害怕之极。,lèi rú quán yǒng,泪如泉涌,lrqy,lei ru quan yong,lei,yong
宋·陆游《闻虏乱有感》诗有时登高望鄠社，悲歌仰天泪如雨。”,眼盻盻看着他人去了，自己不能奋飞，万箭攒心，不觉～。★明·冯梦龙《喻世明言》卷八,眼泪象雨水似的直往下流。形容悲痛或害怕之极。,lèi rú yǔ xià,泪如雨下,lryx,lei ru yu xia,lei,xia
清·袁枚《牍外余言》楚公子围为虢之会，其时子围篡国之状，人人知之，皆有不平之意，故晋大夫七嘴八舌，冷讥热嘲，皆由于心之大公也。”,见了老徐，说了几句～的话儿。★蔡东藩、许廑父《民国通俗演义》第一一六回,冷不热情，引伸为严峻；热温度高，引伸为辛辣。用尖刻辛辣的语言进行讥笑和讽刺。,lěng cháo rè fěng,冷嘲热讽,lcrf,leng chao re feng,leng,feng
唐·善无畏《大日经疏》卷十二如饮水者，冷热自知。”,今蒙指授入处，如人饮水，～。今行者即是某人师也。★宋·释道原《景德传灯录》卷四,水的冷暖，只有饮者自己知道。佛教禅宗用以比喻自己证悟的境界。也比喻学习心得深浅，只有自己知道。,lěng nuǎn zì zhī,冷暖自知,lnzz,leng nuan zi zhi,leng,zhi
汉·王逸《正部论》谚曰政如冰霜，奸宄消亡；威如雷霆，寇贼不生。”元·王实甫《西厢记》第一本第二折俺老夫人治家严肃，凛若冰霜。”,笑起来一双眼又秀又媚，却是不笑起来又～。★清·刘鹗《老残游记·续集》第二回,冷得象冰霜一样。比喻待人接物毫无感情，象冰霜一样冷。也比喻态度严正，不可接近。,lěng ruò bīng shuāng,冷若冰霜,lrbs,leng ruo bing shuang,leng,shuang
《宝林禅师语录》山门疏关着门，尽是自家屋里，何须冷言冷语，暗地敲人？”明·冯梦龙《醒世恒言》卷三十七只这冷言冷语，带讥带讪的，教人怎么当得！”,朱老忠一问，严志和又火呛起来，～说那谁又知道呢？”★梁斌《红旗谱》三十六,冷意含讥讽。带讥讽意味的冷冰冰的话。,lěng yán lěng yǔ,冷言冷语,lyly,leng yan leng yu,leng,yu
唐·徐夤《上卢三拾遗以言见黜》冷眼静看真好笑，倾怀与说却为冤。”宋·朱熹《答黄直卿》故其后复申炎所陈，荐举之说，乃是首尾专为王地，冷眼旁观，手足俱露，甚可笑也。”,诗云一局输赢料不真，香销茶尽尚逡巡。欲知目下兴衰兆，顺问傍观冷眼人。”★《脂砚斋评红楼梦》第二回,冷眼冷静或冷漠的眼光。指不参与其事，站在一旁看事情的发展。,lěng yǎn páng guān,冷眼旁观,lypg,leng yan pang guan,leng,guan
唐·白居易《长恨歌》玉容寂寞泪阑干，梨花一枝春带雨。”,纣王定睛观看，见妲己乌云叠鬓，杏脸桃腮，浅淡春山，娇柔柳腰，真似海棠醉日，～。★明·许仲琳《封神演义》第四回,象沾着雨点的梨花一样。原形容杨贵妃哭泣时的姿态◇用以形容女子的娇美。,lí hu ài yǔ,梨花带雨,lhay,li hu ai yu,li,yu
元·费唐臣《苏子瞻风雪贬黄州》第一折旦本官志大言浮，离经畔道。”,他早就说过，与其目击儿子那样的～”的生活，倒不如死了好！他绝对不愿意到上海。★茅盾《子夜》一,离背离，不遵守。原指违反封建统治阶级所尊奉的经典和教条。现泛指背离占主导地位的理论或学说。,lí jīng pàn dào,离经叛道,ljpd,li jing pan dao,li,dao
《礼记·檀弓上》吾离群而索居，亦已久矣。”,～，日对古人，研精覃思，宁无心得，未若取径乎此之捷而适也。★清·况周颐《蕙风词话》卷一,索孤单。离开集体或群众，过孤独的生活。,lí qún suǒ jū,离群索居,lqsj,li qun suo ju,li,ju
元·贾仲名《对玉梳》第一折送的他离乡背井，进退无门。”,有许多本地的干部，现在要～，到前方去。★毛泽东《关于重庆谈判》,背离开；井古制八家为井，引伸为乡里，家宅。离开家乡到外地。,lí xiāng bèi jǐng,离乡背井,lxbj,li xiang bei jing,li,jing
《尚书·泰誓中》受（纣）有亿兆夷人，离心离德。”,黎民～，祸生不测。★明·许仲琳《封神演义》第十七回,心、德心意。思想不统一，信念也不一致。指不一条心。,lí xīn lí dé,离心离德,lxld,li xin li de,li,de
清·章炳麟《与简竹居书》中唐以来，礼崩乐坏，狂狡有作，自己制则，而事不稽古。”,无,指封建礼教的规章制度遭到极大的破坏。,lǐ bēng yuè huài,礼崩乐坏,lbyh,li beng yue huai,li,huai
《礼记·曲礼上》礼尚往来。往而不来，非礼也；来而不往，亦非礼也。”,雯青顾全同僚的面子，也只好～，勉强敷衍。★清·曾朴《孽海花》第六回,尚注重。指礼节上应该有来有往。现也指以同样的态度或做法回答对方。,lǐ shàng wǎng lái,礼尚往来,lswl,li shang wang lai,li,lai
无,中国是一个礼仪之邦。,礼仪礼节和仪式；邦国家。指讲究礼节和仪式的国家。,lǐ yí zhī bāng,礼仪之邦,lyzb,li yi zhi bang,li,bang
《管子·牧民》何谓维？一曰礼，二曰义，三曰廉，四曰耻。”,古之贤君必厉士气，当务求难合自重之士，以养成～之风。★宋·苏轼《乞录用郑侠王斿状》,古人认为礼定贵贱尊卑，义为行动准绳，廉为廉洁方正，耻为有知耻之心。指封建社会的道德标准和行为规范。,lǐ yì lián chǐ,礼义廉耻,lylc,li yi lian chi,li,chi
古乐府诗《鸡鸣》桃生露井上，李树生桃旁。虫来啮桃根，李树代桃僵。树木深相待，兄弟还相忘。”,芝焚蕙叹嗟僚友，～泣弟兄。★清·黄遵宪《感事》诗,僵枯死。李树代替桃树而死。原比喻兄弟互相爱护互相帮助◇转用来比喻互相顶替或代人受过。,lǐ dài táo jiāng,李代桃僵,ldtj,li dai tao jiang,li,jiang
元·杨梓《豫让吞炭》第三折反被韩，魏同谋，里应外合，决水淹我军，甲士溃乱，死者山积。”,过几日，我这里差人去投降，他们必然懈怠，我们却去劫寨，那时～，定获全胜。★清·陈忱《水浒后传》第十七回,应接应；合配合。外面攻打，里面接应。,lǐ yìng wài hé,里应外合,lywh,li ying wai he,li,he
隋·王通《文中子·魏相篇》非辩也，理当然耳。”,善者福而恶者祸，～。★明·赵弼《续东窗事犯传》,当然应当如此。按道理应当这样。,lǐ suǒ dāng rán,理所当然,lsdr,li suo dang ran,li,ran
明·冯梦龙《古今小说》卷三十一便捉我到阎罗殿前，我也理直气壮，不怕甚的。”,只要我们～，怕他怎的！★清·李宝嘉《官场现形记》第十七回,理直理由正确、充分；气壮气势旺盛。理由充分，说话气势就壮。,lǐ zhí qì zhuàng,理直气壮,lzqz,li zhi qi zhuang,li,zhuang
《后汉书·西域传》今使者大兵未能得出，如诸国力不从心，东西南北自在也。”,按我的政治思想水平、斗争阅历和知识能力，担当编选陈毅同志诗词的工作确是～。★张茜《陈毅诗词选集·序言》,心里想做，可是力量够不上。,lì bù cóng xīn,力不从心,lbcx,li bu cong xin,li,xin
明·罗贯中《三国演义》第四十三回诸葛亮舌战群儒，鲁子敬力排众议。”,他在这次会议上～，终于使自己的观点得到了与会代表的支持。,力竭力；排排队；议议论、意见。竭力排除各种意议论，使自己的意见占上风。,lì pái zhòng yì,力排众议,lpzy,li pai zhong yi,li,yi
晋·羊佑《诫子书》今之职位，谬恩之加耳，非吾力所能致也。”,特别是要用实例、用典型示范去告诉他们组织起来的好处，这种好处是超出单干户～的。★郭小川《十字路口》,力体力，能力；及达到。在自己力量的限度内所能做到的。,lì suǒ néng jí,力所能及,lsnj,li suo neng ji,li,ji
唐·颜真卿《张长史十二意笔法意记》当其用锋，常欲使其透过纸背，此成功之极也。”,意在笔先，～。★清·赵翼《瓯北诗话》卷六,透穿过。形容书法刚劲有力，笔锋简直要透到纸张背面。也形容诗文立意深刻，词语精练。,lì tòu zhǐ bèi,力透纸背,ltzb,li tou zhi bei,li,bei
唐·韩愈《进学解》障百川而东之，回狂澜于既倒。”,乾坤苍莽正风尘，～仗要人。★清·丘逢甲《岭云每日楼诗钞·村居书感次崧甫韵二首》,挽挽回；狂澜猛烈的大波浪。比喻尽力挽回危险的局势。,lì wǎn kuáng lán,力挽狂澜,lwkl,li wan kuang lan,li,lan
清·赵翼《瓯北诗话·五言古·闲居读书作之五》所以才智人，不肯自弃暴，力欲争上游，性灵乃其要。”,那是～的一种树，笔直的干，笔直的枝。★茅盾《白杨礼赞》,上游河的上流，比喻先进的地位。努力奋斗，争取先进再先进。,lì zhēng shàng yóu,力争上游,lzsy,li zheng shang you,li,you
无,无,弥越，更加。经历时间越长久，越显得坚定不移。,lì jiǔ mí jiān,历久弥坚,ljmj,li jiu mi jian,li,jian
唐·杜甫《历历》诗历历开元事，分明在眼前。”,雾开，峰峦～，登陟有路。★《清史稿·觉罗武默讷传》,历历清楚，分明的样子。指远方的景物看得清清楚楚，或过去的事情清清楚楚地重现在眼前。,lì lì zài mù,历历在目,llzm,li li zai mu,li,mu
《左传·僖公三十三年》郑穆公使视客馆，则束载厉兵秣马矣。”,孙权克仗先烈，雄据江东，举贤任能，～，以伺中国之变。★宋·陈亮《酌古论·吕蒙》,厉同砺”，磨；兵兵器；秣喂牲口。磨好兵器，喂好马。形容准备战斗。,lì bīng mò mǎ,厉兵秣马,lbmm,li bing mo ma,li,ma
无,工作中必须厉行节约，反对浪费。,厉严格。严格地实行节约。,lì xíng jié yuē,厉行节约,lxjy,li xing jie yue,li,yue
无,我们担心时间长了就空口无凭，只好～。,照查考，察看。写下字据保存进来，以作凭证。,lì cǐ cún zhào,立此存照,lccz,li ci cun zhao,li,zhao
宋·释普济《五灯会元·昭觉勤禅师法嗣》广额正是个杀人不眨眼底汉。放下屠刀，立地成佛。”,既然～”有了保证，屠刀便不妨随时拿起，随时放下，随时放下，随时拿起。★闻一多《画展》,佛家语，禅宗认为人皆有佛性，弃恶从善，即可成佛。此为劝善之语。,lì dì chéng fó,立地成佛,ldcf,li di cheng fo,li,fo
汉·魏伯阳《参同契》卷下立竿见影，呼谷传响。”,你说你莲花化身，清净无为，其如五行变化，～。★明·许仲琳《封神演义》第七十八回,在阳光下把竿子竖起来，立刻就看到影子。比喻立刻见到功效。,lì gān jiàn yǐng,立竿见影,lgjy,li gan jian ying,li,ying
《庄子·盗跖》尧舜有天下，子孙无置锥之地。”《史记·留侯世家》灭六国之后，使无立锥之地。”,天地如此之大，难道竟连一个十八岁的女孩子的～都没有？★杨沫《青春之歌》第一部第四章,插锥尖的一点地方。形容极小的一块地方。也指极小的安身之处。,lì zhuī zhī dì,立锥之地,lzzd,li zhui zhi di,li,di
清·湘灵子《轩亭冤》卷上你们这班狂妄之徒，还有立足之地么？”,母亲如此说，儿子无～了。★清·曹雪芹《红楼梦》第三十三回,站脚的地方。也比喻容身的处所。,lì zú zhī dì,立足之地,lzzd,li zu zhi di,li,di
清·岭南羽衣女士《东欧豪杰传》第四回我虽然素有是志，可恨自己学问太浅，不能够把那利害得失，详详密密说将出来，感动大众，所以稽延至今，甚为憾事。”,无,好处和坏处，得益和损失。,lì hài dé shī,利害得失,lhds,li hai de shi,li,shi
《史记·平原君虞卿列传》鄙谚曰‘利令智昏。’平原君（赵胜）负冯亭邪说，使赵陷长平四十余万众，邯郸几亡。”,独苦国人无识者，～，则不免受其饵矣。★章炳麟《敬告对待间谍者》,令使；智理智；昏昏乱，神智不清。因贪图私利而失去理智，把什么都忘了。,lì lìng zhì hūn,利令智昏,llzh,li ling zhi hun,li,hun
宋·黄庭坚《赠别李次翁》诗利欲熏心，随人翕张，国好骏马，尽为王良。”,故凡进此阵内，为其蛊惑，若稍操持不定，～，无不心荡神迷，因而失据。★清·李汝珍《镜花缘》第一百回,贪财图利的欲望迷住了心窍。,lì yù xūn xīn,利欲熏心,lyxx,li yu xun xin,li,xin
《汉书·魏相传》宣帝始亲万机，励精为治。”《宋史·神宗纪赞》厉精图治，将大有为。”,～在勤民，宿弊都将一洗新。★元·马致远《青衫泪》楔子,砺奋勉；图设法；治治理好国家。振奋精神，想办法治理好国家。,lì jīng tú zhì,励精图治,ljtz,li jing tu zhi,li,zhi
清·吴趼人《痛史》第十三回那一种凌虐苛刻，看的同例行公事一般，哪里还知道这是不应为而为之事。”,回来等我把那些～办毕了，还有几句要紧的话同你商量呢。★清·王浚卿《冷眼观》第十四回,按照惯例办理的公事。现在多指刻板的形式主义的工作。,lì xíng gōng shì,例行公事,lxgs,li xing gong shi,li,shi
明·朱国祯《涌幢小品》往余再丧妻，四丧子，复丧妹，最后丧母，连绵不绝，哭泣悲伤，五衷菀结。”,～的高山阻挡我们的去路。,连绵连续不断的样子。形容连续不止，从不中断。,lián mián bù duàn,连绵不断,lmbd,lian mian bu duan,lian,duan
明·朱国祯《涌幢小品·神惠记》往余再丧妻，四丧子，复丧妹，最后丧母，连绵不绝。哭泣悲伤，五衷菀结。”,～的烦闷，正就是由回忆引起的。★叶圣陶《被忘却的》,连续而不中断。,lián mián bù jué,连绵不绝,lmbj,lian mian bu jue,lian,jue
无,这里的丘陵真是连绵起伏。,连绵连续不断的样子；起伏高低不平。连续不断而且起伏不平。,lián mián qǐ fú,连绵起伏,lmqf,lian mian qi fu,lian,fu
《隋书·李谔传》连篇累牍，不出月露之形。”,学诗有三节其初不识好恶，～，肆笔而成。★宋·严羽《沧浪诗话·诗法》,累重叠；牍古代写字的木片。形容篇幅过多，文辞冗长。,lián piān lěi dú,连篇累牍,lpld,lian pian lei du,lian,du
无,我们要注意此事的连锁反应。,连锁像锁链似的一环扣一环。比喻相关的事物发生相应的变化。,lián suǒ fǎn yìng,连锁反应,lsfy,lian suo fan ying,lian,ying
元·尚仲贤《柳毅传书》第四折相逢没话说，不见却思量，全不肯惜玉怜香，则他那古敝性尚然强。”,想着他酒席儿上～。★明·刘兑《金童玉女娇红记》,惜、怜爱怜；玉、香比喻女子。比喻男子对所爱女子的照顾体贴。,lián xiāng xī yù,怜香惜玉,lxxy,lian xiang xi yu,lian,yu
无,国家公务员应该～。,廉洁清白；奉公奉行公事。廉洁不贪，忠诚履行公职，一心为公。,lián jié fèng gōng,廉洁奉公,ljfg,lian jie feng gong,lian,gong
《史记·范睢传》然公之所以得无死者，以绨袍恋恋，有故人之间，故释公。”宋·王明清《挥尘后录》卷六（蔡）元度送之郊外，促膝剧谈，恋恋不能舍。”,他们，农会主任和青妇队长在炮声隆隆中，～地把我们送出了很远很远。★峻青《夜宿灵山》,恋恋爱慕，留恋。原形容极其爱慕，不能丢开。现多形容非常留恋，舍不得离开。,liàn liàn bù shě,恋恋不舍,llbs,lian lian bu she,lian,she
战国·楚·屈原《九歌·东皇太一》 吉日兮辰良，穆将愉兮上皇。”,无,良好；辰时日；吉吉利。美好的时辰，吉利的日子◇常用以称宜于成亲的日子。,liáng chén jí rì,良辰吉日,lcjr,liang chen ji ri,liang,ri
南朝·宋·谢灵运《拟魏太子邺中集诗序》天下良辰、美景、赏心、乐事，四者难并。”,虚度了丽日风和，枉误了～。★元·关汉卿《金线池》第三折,良美好；辰时辰。美好的时光和景物。,liáng chén měi jǐng,良辰美景,lcmj,liang chen mei jing,liang,jing
《论语·述而》三人行必有我师焉，择其善者而从之，其不善者而改之。”《论语·季氏》益者三友，损者三友。友直、友谅、友多闻，益矣；友便辟、友善柔、友便佞，损矣。”,和一位缔交半个多世纪的～诀别，悲痛之情是难以尽述的。★夏衍《知公此去无遗恨——痛悼郭沫若同志》,良好；益有帮助。使人得到教益和帮助的好老师和好朋友。,liáng shī yì yǒu,良师益友,lsyy,liang shi yi you,liang,you
《韩非子·外储说左上》夫良药苦于口，而智者劝而饮之，知其入而已己疾也。”《孔子家语·六本》良药苦于口而利于病，忠言逆于耳而利于行。”,夫～，惟冼者能甘之。忠言逆耳，惟达者能受之。★《三国志·吴志·孙奋传》,好药往往味苦难吃。比喻衷心的劝告，尖锐的批评，听起来觉得不舒服，但对改正缺点错误很有好处。,liáng yào kǔ kǒu,良药苦口,lykk,liang yao ku kou,liang,kou
清·李宝嘉《官场现形记》第五十六回且说彼时捐例大开，各省侯补人员十分拥挤，其中鱼龙混杂，良莠不齐。”,兼之人品～，诚恐因逸生事。★太平天国·洪秀全《整顿属员诏》,莠狗尾草，很象谷子，常混在禾苗中∶人坏人都有，混杂在一起。,liáng yǒu bù qí,良莠不齐,lybq,liang you bu qi,liang,qi
《后汉书·陈寔传》时岁荒民俭，有盗夜入其室，止于梁上。寔阴见，乃起自整拂，呼命子孙，正色训之曰‘夫人不可以不自勉。不善之人未必本恶，習以性成，遂至于此。梁上君子者是矣！”,邑西某乙，故～也。★清·蒲松龄《聊斋志异·某乙》,梁房梁。躲在梁上的君子。窃贼的代称。现在有时也指脱离实际、脱离群众的人。,liáng shàng jūn zǐ,梁上君子,lsjz,liang shang jun zi,liang,zi
明·施耐庵《水浒传》第四回头重脚轻，对明月眼红面赤；前合后仰，趁清风东倒西歪。踉踉跄跄上山来，似当风之鹤；摆摆摇摇回寺去，如出水之龟。”,你看他走路～的。,踉跄走路不稳。走路歪歪斜斜的样子。,liàng liàng qiàng qiàng,踉踉跄跄,llqq,liang liang qiang qiang,liang,qiang
《史记·张仪列传》有顷，两虎果斗，大者伤，小者死，庄子从伤者而刺之，一举果有双虎之功。”,这两种运动合起来便能够互收效益，分开来定要～。★闻一多《文艺与爱国——纪念三月十八》,俱都。斗争双方都受到损伤，谁也没得到好处。,liǎng bài jù shāng,两败俱伤,lbjs,liang bai ju shang,liang,shang
蒋子龙《乔厂长上任记》让老乔先撤，你为他两肋插刀顶上一阵。”,为朋友～，不算什么。★高云览《小城春秋》第29章,两边肋骨插上刀，表示不怕死。比喻承担极大的牺牲。,liǎng lèi chā dāo,两肋插刀,llcd,liang lei cha dao,liang,dao
元·无名氏《连环计》第三折司徒，你若肯与了我呵，堪可两全其美也。”,土霸打倒，穷苦人见青天。不是～！★梁斌《红旗谱》十八,美美好。指做一件事顾全到双方，使两方面都得到好处。,liǎng quán qí měi,两全其美,lqqm,liang quan qi mei,liang,mei
清·袁枚《子不语》卷二十三我客死于此，两手空空，……。”,你知道我做公债亏得一塌糊涂，差不多～了。★茅盾《子夜》八,形容人手头很紧，一个钱也没有。,liǎng shǒu kōng kōng,两手空空,lskk,liang shou kong kong,liang,kong
唐·李白《长干行》诗同居长干里，两小无嫌猜。”,翁有女，小字江城，与生同甲，时皆八、九岁，～，日共嬉戏。★清·蒲松龄《聊斋志异·江城》,猜猜疑。男女小时候在一起玩耍，没有猜疑。,liǎng xiǎo wú cāi,两小无猜,lxwc,liang xiao wu cai,liang,cai
元·陈基《次韵吴江道中》诗两袖清风身欲飘，杖藜随月步长桥。”,他自己做了几十年的官，依然是～。★清·李宝嘉《文明小史》第十二回,衣袖中除清风外，别无所有。比喻做官廉洁。也比喻穷得一无所有。,liǎng xiù qīng fēng,两袖清风,lxqf,liang xiu qing feng,liang,feng
《左传·昭公十五年》力能则进，否则退，量力而行。”,法物所须，各以差降，士民之类，可～之。（宋·张君房《云笈七签》卷一○三卷）,量估量。按照自己力量的大小去做，不要勉强。,liàng lì ér wéi,量力而为,llew,liang li er wei,liang,wei
《左传·昭公十五年》力能则进，否则退，量力而行。”,各位同学呢，大家～，能捐多少就捐多少。★叶圣陶《英文教授》,量估量；行行事。按照自己力量的大小去做，不要勉强。,liàng lì ér xíng,量力而行,llex,liang li er xing,liang,xing
《礼记·王制》五谷皆入，然后制国用，……以三十年之通制国用，量入以为出。”,宜～，汰冗食浮费。★《明史·孙原贞传》,量计量。根据收入的多少来定开支的限度。,liàng rù wéi chū,量入为出,lrwc,liang ru wei chu,liang,chu
《墨子·鲁问》子观越王之志何若？意越王将听吾言，用我道，则翟将往，量腹面食，度身而衣，自比于群臣，奚能以封为哉？”,俗话说到什么山上唱什么歌。”又说看菜吃饭，～。”我们无论做什么事都要看情形办理。★毛泽东《反对党八股》,按照身材裁剪衣服。比喻按照实际情况办事。,liàng tǐ cái yī,量体裁衣,ltcy,liang ti cai yi,liang,yi
晋·陶潜《和刘柴桑》诗弱女虽非男，慰情聊胜无。”,王二瞎子一听仍是衙门里的人，就是声光比账房差些，尚属慰情～。★清·李宝嘉《官场现形记》第四十五回,聊略微。比没有要好一点。,liáo shèng yú wú,聊胜于无,lsyw,liao sheng yu wu,liao,wu
汉·张衡《鸿赋序》南寓衡阳，避祁寒也……余五十之年，忽焉已至，永言身事，慨然其多绪，乃为之赋，聊以自慰。”,遇见强者，不敢反抗，便以中庸”这些话来粉饰，～。★鲁迅《华盖集·通讯》,聊姑且。姑且用来安慰自己。,liáo yǐ zì wèi,聊以自慰,lyzw,liao yi zi wei,liao,wei
唐·刘长卿《过郑山人所居》寂寂孤莺啼杏园，寥寥一犬吠桃源。”,而公卿大臣，抗节效忠者，～。（清·方苞《请矫除积习兴起人才札子》）,寥寥稀少，很少。形容很少，数得出来。,liáo liáo kě shǔ,寥寥可数,llks,liao liao ke shu,liao,shu
清·李宝嘉《文明小史》第一回连做诗赋的也寥寥无几。”,书很漂亮，倘我对歌懂得多一些，恐怕就更有趣了。这样的军医先生，现在日本也～罢。★鲁迅《书信集·致山本初枝》,寥寥形容数量少。非常稀少，没有几个。,liáo liáo wú jǐ,寥寥无几,llwj,liao liao wu ji,liao,ji
南朝·齐谢眺《京路夜发》晓星正寥落，晨光复映漭。”唐·韩愈《华山女》诗黄衣道士亦讲说，座下寥落如明星。”,内山书店书店经常去，但不是每天，漫谈的人材也～，令人感到寂寞。★鲁迅《书信集·致山本初枝》,寥稀疏。稀少得好象早晨的星星。指为数极少。,liáo ruò chén xīng,寥若晨星,lrcx,liao ruo chen xing,liao,xing
《晋书·袁齐传》夫经略大事……智者了然于胸。”,怎样钦差就赏识，怎样钦差就批驳，他能～，预备停当。★清·李宝嘉《官场现形记》第四十八回,了然了解、明白。心里非常明白。,liǎo rán yú xiōng,了然于胸,lryx,liao ran yu xiong,liao,xiong
《论语·八佾》或问秂之说。子曰‘不知也；知其说者之于天下也，其如示诸斯乎！’指其掌。”何晏集解引包咸曰孔子谓或人言知秂礼之说者，于天下之事，如指示掌中之物，言其易了。”,只这一相形之下，美丑高低，便～了。★闻一多《冬夜评论》,了明白；指掌指着手掌。形容对事物了解得非常清楚，象把东西放在手掌里给人家看一样。,liǎo rú zhǐ zhǎng,了如指掌,lrzz,liao ru zhi zhang,liao,zhang
鲁迅《热风·随感录三十九》自然株连着化为妄想，理合不分首从，全踏在朝靴底下，以列祖列宗的成规。”,无,指历代祖先。,liè zǔ liè zōng,列祖列宗,lzlz,lie zu lie zong,lie,zong
唐·柳宗元《贞符》惟人之初，总总而生，林林而群。”,在～的这类故事中，也有一个是说鲁班学习海龙王宫殿的建筑艺术。★秦牧《鲁班的妙手》,林林众多的样子；总总众多而杂乱的样子。形容众多。,lín lín zǒng zǒng,林林总总,llzz,lin lin zong zong,lin,zong
唐·王勃《秋日登洪府滕王阁饯别序》临别赠言，幸承恩于伟饯。”,无,分别时赠送的一些勉励的话。,lín bié zèng yán,临别赠言,lbzy,lin bie zeng yan,lin,yan
《邓析子·无厚》死生自命，贫富贱者，不知时也，故临难不惧。”,无,临遇到；危危险；惧怕。遇到危难的时候，一点也不怕。,lín wēi bù jù,临危不惧,lwbj,lin wei bu ju,lin,ju
三国·蜀·诸葛亮《前出师表》 受任于败军之际，奉命于危难之间。”,无,在危难之际接受任命。,lín wēi shòu mìng,临危受命,lwsm,lin wei shou ming,lin,ming
清·曹雪芹《红楼梦》第七十回‘临阵磨枪’，也不中用！有这会子着急，天天写写念念，有多少完不了的？”,学习要靠平时努力，不要～，到考试前才用功。,临到，快要；阵阵地、战场；枪指梭镖、长矛一类的武器。到了快要上阵打仗的时候才磨刀擦枪。比喻事到临头才匆忙准备。,lín zhèn mó qiāng,临阵磨枪,lzmq,lin zhen mo qiang,lin,qiang
明·徐光启《疏辩》在法，初逃者从重捆打，再逃则斩矣；临阵脱逃，初次即斩矣，亦求危其怨乎。”,你们中国的兵勇，一到有起事来，不是半途溃散，便是～，那是不关我教习的事。★清·无名氏《官场维新记》第四回,临到打仗时逃跑了。也比喻到了紧要关头退缩逃避。,lín zhèn tuō táo,临阵脱逃,lztt,lin zhen tuo tao,lin,tao
明·李清《三垣笔记·崇祯补遗》（刘若愚）著《酌中志略》叙次大内规制井井，而所纪客氏、魏忠贤骄横状，亦淋漓尽致，其为史家必采无疑。”,再就让我说，我也没姐姐说的这等透彻，这等～。★清·文康《儿女英雄传》第三十回,淋漓形容湿淋淋往下滴，比喻尽情，酣畅；尽致达到极点。形容文章或说话表达得非常充分、透彻，或非常痛快。,lín lí jìn zhì,淋漓尽致,lljz,lin li jin zhi,lin,zhi
南朝·宋·刘义庆《世说新语·容止》今日之行，触目见琳琅珠玉。”,这些寿礼陈列在坤宁宫的东西庑中，～。★姚雪垠《李自成》第二卷第三十一章,琳琅精美的玉石。满眼都是珍贵的东西。形容美好的事物很多。,lín láng mǎn mù,琳琅满目,llmm,lin lang man mu,lin,mu
《诗经·周颂·良耜》穫之挃挃。积之粟粟。其崇如墉，其比如栉，以开百室。”南朝宋·鲍照《咏史》诗京城十二衢，飞甍各鳞次。”,东关外羊毛衖左右，闽粤游民群聚于此，赌馆烟舍，～。（清·王韬《瀛壖杂志》）,栉梳篦的总称。象鱼鳞和梳子齿那样有次序地排列着。多用来形容房屋或船只等排列得很密很整齐。,lín cì zhì bǐ,鳞次栉比,lczb,lin ci zhi bi,lin,bi
元·吴昌龄《张天师》第三折你休那里便伶牙俐齿，调三干四，说人好歹，讦人暧昧，损人行止。”,碧莲本来生得～，最会随机应变，把个言中丞及四姨太太巴结的十分喜欢。★清·吴趼人《二十年目睹之怪现状》第八十四回,伶、俐聪明，灵活。形容人机灵，很会说话。,líng yá lì chǐ,伶牙俐齿,lylc,ling ya li chi,ling,chi
元·无名氏《玩江亭》第二折灵丹妙药都不用，吃的是生姜辣蒜大憨葱。”,望大圣爷爷早发～打救。★清·李绿园《歧路灯》第四十七回,灵灵验。非常灵验、能起死回生的奇药。比喻幻想中的某种能解决一切问题的有效方法。,líng dān miào yào,灵丹妙药,ldmy,ling dan miao yao,ling,yao
清·文康《儿女英雄传》第四回俄延了半晌，忽然灵机一动，心中悟将过来。”,他～，撒了一个谎。★周立波《暴风骤雨》十一,灵机灵活的心思。急忙中转了一下念头（多指临时想出了一个办法）。,líng jī yī dòng,灵机一动,ljyd,ling ji yi dong,ling,dong
元·关汉卿《救风尘》第二折那厮爱女娘的心，见的便似驴共狗，卖弄他玲珑剔透。”,走上冈子一看，有座天，直靠在海外，如建康燕子矶一样，～，文采可观。（清·陈忱《水浒后传》第三十六回）,玲珑精巧细致；剔透孔穴明晰。形容器物精致通明，结构细巧。也比喻人精明灵活。,líng lóng tī tòu,玲珑剔透,lltt,ling long ti tou,ling,tou
无,这样～也不是办法。,形容以零零碎碎、断断续续的办法做事。,líng dǎ suì qiāo,零打碎敲,ldsq,ling da sui qiao,ling,qiao
无,无,零碎的，少量的。形容零散而不完整。,líng líng xīng xīng,零零星星,llxx,ling ling xing xing,ling,xing
毛泽东《的序言一》没有一省一县一区一乡的完整的规划，只是零敲碎打地在那里做。”,我算了算，加上一次～的开销，数目不会小呵！★沙汀《淘金记》,形容以零零碎碎、断断续续的方式进行或处理。,líng qiāo suì dǎ,零敲碎打,lqsd,ling qiao sui da,ling,da
《庄子·盗跖》谒者入通，盗跖闻之大怒，目如明星，发上指冠。”,历年以来，不知害了我们多少同志，说来真真～。★清·岭南羽衣女士《东欧女豪杰》第二回,发指头发竖起来，形容极为愤怒。使人头发都竖起来了。形容使人极度愤怒。,lìng rén fà zhǐ,令人发指,lrfz,ling ren fa zhi,ling,zhi
清·李绿园《歧路灯》第七十九回要丑的掉舌鼓唇，令人捧腹。”,无,捧腹捂着肚子。让人捂着肚子。形容笑得很厉害。,lìng rén pěng fǔ,令人捧腹,lrpf,ling ren peng fu,ling,fu
明·胡应麟《少室山房笔丛》卷二十七今著术湮没，怅望当时蹈海之风，令人神往不已。”,景山诸乐部尝演习十番笛，第于月下听之，如云環叠奏，～。★清·钱泳《履园丛话·艺能·十番》,令使，让；神往心神向往。使人非常向往。,lìng rén shén wǎng,令人神往,lrsw,ling ren shen wang,ling,wang
无,这项工程之大令人瞩目。,瞩注视。使人注视。,lìng rén zhǔ mù,令人瞩目,lrzm,ling ren zhu mu,ling,mu
无,他的下流动作真～。,呕恶心，想吐。比喻使人极端厌恶。,lìng rén zuò ǒu,令人作呕,lrzo,ling ren zuo ou,ling,ou
《管子·立政》令则行，禁则止，宪之所及，俗之所破。如百体之从心，政之所期也。”,以一新进小生，摧抑豪猾，乡中十余万人，～，赌盗之风顿息。★清·梁启超《诗话》,下令行动就立即行动，下令停止就立即停止。形容法令严正，执行认真。,lìng xíng jìn zhǐ,令行禁止,lxjz,ling xing jin zhi,ling,zhi
叶圣陶《倪焕之》对于这样另辟蹊径的教育宗旨与方法，自己确有坚强的信念。”,他泼辣大胆，勇于实践和～,另外开辟一条路。比喻另创一种风格或方法。,lìng pì xī jìng,另辟蹊径,lpxj,ling pi xi jing,ling,jing
无,他在此处无法发挥所长，只好～。,指另找一份职业，意即辞去原职。,lìng móu gāo jiù,另谋高就,lmgj,ling mou gao jiu,ling,jiu
清·李汝珍《镜花缘》第十四回必至闹到‘出而哇之’，饭粪莫辨，这才‘另起炉灶’。”,第二师范解散，要～重新招生，重新招聘教职员。★梁斌《红旗谱》五十,另外重支炉灶。比喻放弃原来的，另外从头做起。,lìng qǐ lú zào,另起炉灶,lqlz,ling qi lu zao,ling,zao
明·凌濛初《二刻拍案惊奇》第15卷侍郎与夫人看见人物标致，更加礼仪齐备，心下喜欢，另眼看待。”,您是我家兄介绍来的，说实话，我真是～。★杨沫《青春之歌》第二部第五章,用不同于一般的眼光看待。,lìng yǎn kàn dài,另眼看待,lykd,ling yan kan dai,ling,dai
明·无名氏《霞笺记·拆情得喜》奴婢蒙娘娘另眼相待，实有冤苦在心。”,自己又仗着是刑夫人的陪房，连王夫人尚～，何况别人。★清·曹雪芹《红楼梦》第七十四回,用另一种眼光看待。指看待某个人不同一般。也指不被重视的人得到重视。,lìng yǎn xiāng dài,另眼相待,lyxd,ling yan xiang dai,ling,dai
明·凌濛初《初刻拍案惊奇》卷八不想一见大王，查问来历，我等一实对，便把我们另眼相看。”,大家晓得他与中丞有旧，莫不～。★清·李宝嘉《官场现形记》第十一回,用另一种眼光看待。指看待某个人不同一般。也指不被重视的人得到重视。,lìng yǎn xiāng kàn,另眼相看,lyxk,ling yan xiang kan,ling,kan
《三国志·魏志·后妃传》并以圣明，流芳上世。”《晋书·桓温传》既不能流芳百世，亦不足复遗臭万载耶！”,将军若扶汉室，乃忠臣也，青史传名，～。★明·罗贯中《三国演义》第九回,流流传；芳香，指好名声；百世时间久远∶的名声永远流传下去。,liú fāng bǎi shì,流芳百世,lfbs,liu fang bai shi,liu,shi
《汉书·薛广德传》窃见关东困极，人民流离。”,年荒劫大，百姓们不是离家逃荒，～，便是等待饿死。★姚雪垠《李自成》第二卷第二十八章,流离转徒离散。无处安身，到处流浪。,liú lí shī suǒ,流离失所,llss,liu li shi suo,liu,suo
《孟子·梁惠王下》从流下而忘反谓之流，从流上而忘反谓之连。”,四时随意出游，弦管相逐，～。★明·冯梦龙《东周列国志》第八十一回,流连留恋不止。玩乐时留恋不愿离开。留恋得忘记了回去。,liú lián wàng fǎn,流连忘返,llwf,liu lian wang fan,liu,fan
明·冯梦龙《醒世恒言·杜子春三入长安》想是我流年不利，故此没福消受，以至如此。”,无,流年旧时算命看相的人称一年中所行之运”；利吉利。指人长年里处于不吉利的状态。谓时运不佳。,liú nián bù lì,流年不利,lnbl,liu nian bu li,liu,li
《礼记·儒行》久不相见，闻流言不信。”《史记·魏其武安侯列传》乃有蜚语，为恶言闻上。”,村里人传开了～，说什么夏家的寡妇不正派，伤风败俗。★杨朔《渔笛》,毫无根据的话。指背后散布的诽谤性的坏话。,liú yán fēi yǔ,流言蜚语,lyfy,liu yan fei yu,liu,yu
宋·王令《寄介甫》终见乘桴去沧海，好留余地许相依。”,他们显然具有化大事为小事”的用心，为下一步打退堂鼓”～。★陶菊隐《北洋军阀统治时期史话》第六十八章,比喻说话办事留下可以回旋的地方。,liú yǒu yú dì,留有余地,lyyd,liu you yu di,liu,di
唐·王维《早朝》诗之二柳暗百花明，春深五凤城。”唐·武元衡《摩河池送李侍御之凤翔》柳暗花明池上山，高楼歌洒换离颜。”,十二月十三日之晨，我心酸肠断，以为从此要尝些人生失望与悲哀的滋味，谁知眼前有这种～的美景。★冰心《寄小读者·通讯十一》,垂柳浓密，鲜花夺目。形容柳树成荫，繁花似锦的春天景象。也比喻在困难中遇到转机。,liǔ àn huā míng,柳暗花明,lahm,liu an hua ming,liu,ming
冯德英《苦菜花》第三章我丢了差事云找他，他不惟不帮忙，反倒六亲不认了。”,无,形容不重天伦，不通人情，对亲属都不顾。有时也指对谁都不讲情面。,liù qīn bù rèn,六亲不认,lqbr,liu qin bu ren,liu,ren
汉·张衡《髑髅赋》五内皆还，六神皆复。” 明·冯梦龙《醒世恒言》卷二十九吓得知县已是六神无主，不有甚心肠去吃酒。”,那里我这个人～，失张失智的。★朱自清《笑的历史·笑的历史》,六神道家认为人的心、肺、肝、肾、脾、胆各有神灵主宰，称为六神。形容惊慌着急，没了主意，不知如何才好。,liù shén wú zhǔ,六神无主,lswz,liu shen wu zhu,liu,zhu
汉·张衡《东京赋》我世祖龙飞白水，凤翔参墟。”宋·苏轼《表忠观碑》天目之山，苕水出焉，龙飞凤舞，萃于临安。”,抬头看见北墙上挂着四幅大屏，草书得～，出色惊人。★清·刘鹗《老残游记》第九回,原形容山势的蜿蜒雄壮，后也形容书法笔势有力，灵活舒展。,lóng fēi fèng wǔ,龙飞凤舞,lffw,long fei feng wu,long,wu
《孔丛子·记问》天子布德，将致太平，则麟凤龟龙先为之呈祥。”,无,指吉庆之事。,lóng fèng chéng xiáng,龙凤呈祥,lfcx,long feng cheng xiang,long,xiang
唐·李郢《上裴晋公》诗四朝忧国鬓如丝，龙马精神鹤姿。”,见那些大哥哥还在～地说话，她也听不出味道，就打了两个哈欠，悄悄溜了出来。★欧阳山《三家巷》九,龙马古代传说中形状象龙的骏马。比喻人精神旺盛。,lóng mǎ jīng shén,龙马精神,lmjs,long ma jing shen,long,shen
唐·严从《拟三国名臣赞序》圣人受命，贤人受任，龙腾虎跃，风流云蒸，求之精微，其道莫不咸系乎天者也。”,但是他的心情十分敞朗，坚信只要度过这段困难日子，局势就会好转，任自己～。★姚雪垠《李自成》第二卷第二十七章,象龙在飞腾，虎在跳跃。形容跑跳时动作矫健有力。也比喻奋起行动，有所作为。,lóng téng hǔ yuè,龙腾虎跃,lthy,long teng hu yue,long,yue
汉·班固《答宾戏》分裂诸夏，龙战虎争。”,我不信你敢差排吕太后，枉以后～，都是俺鸾交凤友。★元·马致远《汉宫秋》第二折,形容斗争或竞赛很激烈。,lóng zhēng hǔ dòu,龙争虎斗,lzhd,long zheng hu dou,long,dou
《宋史·胡安国传》自蔡京得政，士大夫无不受其笼络，超然远迹不为所污者如安国者实鲜。”,因为当时那元主，要～，访求宋朝遗逸，中外鞑官和一班反颜事敌的宋朝旧臣，都交章保荐谢枋得。★清·吴趼人《痛史》第二十回,笼络笼和络原是羁绊牲口的工具，引伸为用手段拉拢。耍弄手段，拉拢别人。,lǒng luò rén xīn,笼络人心,llrx,long luo ren xin,long,xin
鲁迅《病后杂谈之余》留心研究起来，那就漏洞百出。”,无,百极言其多。有很多漏洞。形容文章、说话或办事，破绽很多。,lòu dòng bǎi chū,漏洞百出,ldbc,lou dong bai chu,lou,chu
《史记·酷吏列传序》网漏于吞舟之鱼。”,他两个忙忙如丧家之狗，急急似漏网之鱼。★元·郑廷玉《后庭花》第二折,逃脱鱼网的鱼。比喻侥幸逃脱的罪犯或敌人。,lòu wǎng zhī yú,漏网之鱼,lwzy,lou wang zhi yu,lou,yu
唐·孙思邈《四言诗》洪炉烈火，洪焰翕赫；烟示及黔，焰不假碧。”,到了现在，可已到了～的气候，正是弟兄们各显身手的时期。★清·曾朴《孽海花》第二十五回,纯纯粹。道士炼丹，认为炼到炉里发出纯青色的火焰就算成功了◇用来比喻功夫达到了纯熟完美的境界。,lú huǒ chún qīng,炉火纯青,lhcq,lu huo chun qing,lu,qing
《晋书·石勒载记下》朕若逢高皇，当北面而事之，与韩、彭鞭而争先耳；脱遇光武，当并驱于中原，未知鹿死谁手。”,古人把争天下比做逐鹿中原”。也只有稳据中原，才能定～。★姚雪垠《李自成》第二卷第四十七章,原比喻不知政权会落在谁的手里。现在也泛指在竞赛中不知谁会取得最后的胜利。,lù sǐ shuí shǒu,鹿死谁手,lsss,lu si shui shou,lu,shou
《史记·酷吏列传》九卿碌碌奉其官，救过不瞻，何暇论绳墨之外乎？”,无,平平庸庸，无所作为。,lù lù wú wéi,碌碌无为,llww,lu lu wu wei,lu,wei
《韩非子·外储说左上》国无盗贼，道不拾遗。”,夜不闭户，～，四方瞻仰，称为西方圣人。★明·许仲琳《封神演义》第十一回,遗失物。路上没有人把别人丢失的东西捡走。形容社会风气好。,lù bù shí yí,路不拾遗,lbsy,lu bu shi yi,lu,yi
明·施耐庵《水浒传》第十七回俺却路见不平，直送他到沧州，救了他一命。”,他赶快转过口又说道‘我不过～，说几句气话罢哩！’★茅盾《霜叶红似二月花》十,指见到不平的事。,lù jiàn bù píng,路见不平,ljbp,lu jian bu ping,lu,ping
《三国志·魏书·高贵乡公传》注引《汉晋春秋》司马昭之心，路人皆知。”,无,比喻人所共知的野心。,lù rén jiē zhī,路人皆知,lrjz,lu ren jie zhi,lu,zhi
《墨子·尚贤》《汤誓》曰‘聿求元圣，与之戮力同心，以治天下。’”,以为足下当～，匡翼汉室，而阴谋不轨，以身试祸，岂不痛哉。★《三国志·魏志·袁术传》,戮力并力；同心齐心。齐心合力。,lù lì tóng xīn,戮力同心,lltx,lu li tong xin,lu,xin
《史记·郦生陆贾列传》一岁中往来过他客，率不过再三过，数见不鲜，天久慁公为也。”,搜身的纠葛，在香港～。★鲁迅《而已集·略谈香港》,屡多次；鲜新鲜，新奇。常常见到，并不新奇。,lǚ jiàn bù xiān,屡见不鲜,ljbx,lv jian bu xian,lv,xian
毛泽东《论十大关系》犯错误的人，出岔子极少数坚持错误、屡教不改的以外，大多数是可以改正的。”,无,多次教育，仍不改正。,lǚ jiàn bù gǎi,屡教不改,ljbg,lv jian bu gai,lv,gai
清·蒲松龄《聊斋志异·冷生》言未已，驴已蹶然伏道上，屡试不爽。”,无,屡次试验都不错。,lǚ shì bù shuǎng,屡试不爽,lsbs,lv shi bu shuang,lv,shuang
《晋书·桓温传》殷浩至洛阳修复园陵，经涉数年，屡战屡败，器械都尽。”,无,屡多次。多次打仗多次失败。,lǚ zhàn lǜ bài,屡战屡败,lzlb,lv zhan lv bai,lv,bai
无,无,绿油油的草好象地上铺的褥子。常指可供临时休憩的草地。亦作碧草如茵”。,lǜ cǎo rú yīn,绿草如茵,lcry,lv cao ru yin,lv,yin
宋·释普济《五灯会元》问‘牛头未见四祖时如何？’师曰‘青山绿水。’曰‘见后如何？’师曰‘绿水青山。’”,九重天，二十年，龙楼凤阁都曾见，～任自然。★元·马致远《拨不断》,泛称美好山河。,lǜ shuǐ qīng shān,绿水青山,lsqs,lv shui qing shan,lv,shan
清·曾朴《孽海花》第五回你看屋里的图书字画，家伙器皿，布置得清雅整洁，不象公坊以前乱七八糟的样子了，这是霞郎的成绩。”,琴弹得～，可是她的嗓子怪清亮的。★老舍《二马》四,形容无秩序，无条理，乱得不成样子。,luàn qī bā zāo,乱七八糟,lqbz,luan qi ba zao,luan,zao
鲁迅《热风·随感录三十三》他拿了儒、道士、和尚、耶教的糟粕，乱作一团，又密密的插入鬼话。”,他的队伍已经～，滚的滚下，栽倒的栽倒。★刘流《烈火金刚》第27回,混杂在一起，形容极为混乱。,luàn zuò yī tuán,乱作一团,lzyt,luan zuo yi tuan,luan,tuan
南朝·宋·刘义庆《世说新语·方正》此郎亦管中窥豹，时见一斑。”,诸如此类，虽未得其皮毛，也就～了。★清·李汝珍《镜花缘》第五十八回,略大致；斑斑点或斑纹。比喻大致看到一些情况，但不够全面。,lüè jiàn yī bān,略见一斑,ljyb,lve jian yi ban,lve,ban
清·蒲松龄《聊斋志异·辛十四娘》小生所以忝出君上者，以起处数语，略高一筹耳。”,这时，只要不是下等签，他就会感到一些满足，何况这比中下”还～。★姚雪垠《李自成》第二卷第十九章,筹筹码，古代用以计数的工具，多用竹子制成。比较起来，稍微好一些。,lüè shèng yī chóu,略胜一筹,lsyc,lve sheng yi chou,lve,chou
无,无,逊次、差；筹算筹。比较起来，稍微差一点。,lüè xùn yī chóu,略逊一筹,lxyc,lve xun yi chou,lve,chou
清·钱彩《说岳全传》第四十二回花子道‘武艺也略知一二。’”,无,一二形容为数不多。略微知道一点。,lüè zhī yī èr,略知一二,lzye,lve zhi yi er,lve,er
《韩非子·八说》计功而行赏，程能而授事。”,这春彩，臣等断不敢受。请留待他时～。★清·洪昻《长生殿·献饭》,论按照。按功劳的大小给于奖赏。,lùn gōng xíng shǎng,论功行赏,lgxs,lun gong xing shang,lun,shang
无,单位分房时论资排辈的现象不可避免。,论根据；资资历，资格；辈大小或前后顺序。根据资历深浅、辈份的大小决定级别、待遇的高低。,lùn zī pái bèi,论资排辈,lzpb,lun zi pai bei,lun,bei
《晋书·左思传》于是豪贵之家竞相传写，洛阳为之纸贵。”,人说～”，谁知今日闹到长安扇贵”。此时画的手也酸了，眼也花了。（清·李汝珍《镜花缘》第七十七回）,比喻著作有价值，流传广。,luò yáng zhǐ guì,洛阳纸贵,lyzg,luo yang zhi gui,luo,gui
《后汉书·南匈奴传》窜逃入塞者络绎不绝。”,我梦里所到的地方，竟是一片康庄大道，马来车往，～。★清·李宝嘉《官场现形记》第六十回,形容行人车马来来往往，接连不断。,luò yì bù jué,络绎不绝,lybj,luo yi bu jue,luo,jue
《人民日报》1969.12.18他们纷纷表示，要在农村落地生根，干一辈子革命。”,无,比喻长期安家落户或切切实实、一心一意地做好所从事的工作。,luò dì shēng gēn,落地生根,ldsg,luo di sheng gen,luo,gen
唐·李群玉《奉和张舍人送秦炼师归岑公山》诗兰浦苍苍春欲暮，落花流水怨离襟。”五代南唐·李煜《浪淘沙》词流水落花春去也，天上人间”,无,原形容暮春景色衰败◇常用来比喻被打得大败。,luò huā liú shuǐ,落花流水,lhls,luo hua liu shui,luo,shui
元·无名氏《马陵道》第三折你自慢慢的从大路上行，我便落慌而走。”,无,形容吃了败仗慌张逃跑。,luò huāng ér táo,落荒而逃,lhet,luo huang er tao,luo,tao
语出唐·韩愈《柳子厚墓志铭》落陷阱，不一引手救，反挤之，又下石焉者，皆是也。”,为什么要在别人危急的时刻，～……太不讲做人的道德了。★周而复《上海的早晨》第三部十九,看见人要掉进陷井里，不伸手救他，反而推他下去，又扔下石头。比喻乘人有危难时加以陷害。,luò jǐng xià shí,落井下石,ljxs,luo jing xia shi,luo,shi
宋·释道原《景德传灯录》卷五叶落归根，来时无口。”,～，丰城剑回。★明·王世桢《鸣凤记》第三十八出,飘落的枯叶，掉在树木根部。比喻事物有一定的归宿。多指客居他乡的人，终要回到本乡。,luò yè guī gēn,落叶归根,lygg,luo ye gui gen,luo,gen
晋·陶潜《桃花源记》忽逢桃花林，夹岸数百步，中无杂树，芳草鲜美，落英缤纷，渔人甚异之。”,四次来游，满天满谷的～；树上剩得青叶与绿叶，更何处寻那淡红娇嫩的樱。★周恩来《四次游中山公园》,形容落花纷纷飘落的美丽情景。,luò yīng bīn fēn,落英缤纷,lybf,luo ying bin fen,luo,fen
无,我要当心，不能～，我应当找个隐蔽的地方。（巴金《坚强战士》）,麻痹肢体失去知觉和运动机能障碍，比喻失去警觉。指粗心、疏忽，对事物不敏感，失去警惕性。,má bì dà yì,麻痹大意,mbdy,ma bi da yi,ma,yi
明·薛己《医案·总论》一日皮死麻木不仁，二日肉死针刺不痛。”,没有同情，没有热，是～？还是忘恩负义。★闻一多《伟大的事实，不朽的意义》,不仁没有感觉。肢体麻痹，失去知觉。比喻对外界事物反应迟钝或漠不关心。,má mù bù rén,麻木不仁,mmbr,ma mu bu ren,ma,ren
元·王实甫《丽春堂》第二折赢的他急难措手，打的他马不停蹄。”,～的走至天色大明，看看追兵已远，方始勒住马。★清·吴趼人《痛史》第三回,比喻不停顿地向前走。,mǎ bù tíng tí,马不停蹄,mbtt,ma bu ting ti,ma,ti
元·无名氏《小尉迟》第二折那老尉迟这一去，马到成功。”,只要不轻敌，相信你们一定会～。,形容工作刚开始就取得成功。,mǎ dào chéng gōng,马到成功,mdcg,ma dao cheng gong,ma,gong
《后汉书·马援传》男儿要当死于边野，以马革裹尸还葬耳，何能卧床上在儿女子手中邪？”,无,马革马皮。用马皮把尸体裹起来。指英勇牺牲在战场。,mǎ gé guǒ shī,马革裹尸,mggs,ma ge guo shi,ma,shi
茅盾《子夜》十二单办那八个厂，四十多万也就马马虎虎混得过。”,从此，我读什么书都不再～了。★周晔《我的伯父鲁迅先生》,指还过得去。亦形容做事不认真，不仔细。,mǎ mǎ hǔ hǔ,马马虎虎,mmhh,ma ma hu hu,ma,hu
《左传·襄公十四年》鸡鸣而驾，塞井夷灶，唯余马首是瞻。”,他近一年半以来虽常依大帅之～”，然而他不是大帅部将，也不会屈居人下。★姚雪垠《李自成》第二卷第二十七章,瞻往前或向上看。看着我马头的方向，决定进退。比喻追随某人行动。,mǎ shǒu shì zhān,马首是瞻,mssz,ma shou shi zhan,ma,zhan
鲁迅《且介亭杂文·中国人失掉自信力了吗》我们从古以来，就有埋头苦干的人。”,无,专心一意地刻苦工作。,mái tóu kǔ gàn,埋头苦干,mtkg,mai tou ku gan,mai,gan
《韩非子·外储说左上》楚人有卖其珠于郑者，为木兰之柜，熏以桂椒，缀以珠玉，饰以玫瑰，辑以羽翠。郑人买其椟而还其珠。”,不善读书者，昧菁英而矜糟粕。～，虽多奚益？改用白话，决无此病。★清·裘廷梁《论白话为维新之本》,椟木匣；珠珍珠。买下木匣，退还了珍珠。比喻没有眼力，取舍不当。,mǎi dú huán zhū,买椟还珠,mdhz,mai du huan zhu,mai,zhu
《宋书·邓琬传》父子并卖官鬻爵。”,昔黄巾造反，其原皆由十常侍～，非亲不用，非仇不诛，以致天下大乱。★明·罗贯中《三国演义》第二回,鬻卖。形容政治腐败，统治阶级靠出卖官职来搜刮财富。,mài guān yù jué,卖官鬻爵,mgyj,mai guan yu jue,mai,jue
毛泽东《关于正确处理人民内部矛盾的问题》在我们社会里，也有少数不顾公共利益，蛮不讲理，行凶犯法的人。”,无,态度粗暴，不讲道理。,mán bù jiǎng lǐ,蛮不讲理,mbjl,man bu jiang li,man,li
无,呵哟，你是野人哪，这样～。（艾芜《纺车复活的时候》）,态度粗暴，不讲道理。,mán hèng wú lǐ,蛮横无理,mhwl,man heng wu li,man,li
清·无名氏《三十六记》瞒天过海。”,无,用欺骗的手段在暗地里活动。,mán tiān guò hǎi,瞒天过海,mtgh,man tian guo hai,man,hai
无,朱润身的呼吸有点急促，但脸上依然保持着～的样子。（茅盾《多角关系》）,满全；在乎在意。丝毫不在意。形容对事情一点也不重视。,mǎn bù zài hū,满不在乎,mbzh,man bu zai hu,man,hu
宋·潘大林《题壁》诗满城风雨近重阳。”,为什么倒弄得闹闹攘攘，～的呢？★鲁迅《花边文学·零食》,城里到处刮风下雨。原形容重阳节前的雨景◇比喻某一事件传播很广，到处议论纷纷。,mǎn chéng fēng yǔ,满城风雨,mcfy,man cheng feng yu,man,yu
清·文康《儿女英雄传》第39回孔夫子给子华他们老太太的米，那是行人情，自然给的是串过的细米，那得满打满算。”,作计划时不能～，要留有余地。,全部计算在内。,mǎn dǎ mǎn suàn,满打满算,mdms,man da man suan,man,suan
清·曹雪芹《红楼梦》第一百十六回宝玉满腹狐疑，只得问道‘姐姐说是妃子叫我，那妃子究竟是何人？’”,公子听如此说，便不好问，只是未免～。（清·文康《儿女英雄传》第十三回）,狐疑象狐狸那样多疑。一肚子的疑惑。比喻疑惑不解的神态。,mǎn fù hú yí,满腹狐疑,mfhy,man fu hu yi,man,yi
《周易·屯》云雷屯，君子以经纶。”,仲老，真佩服，～！这果然是奥妙！★茅盾《子夜》二,经纶整理丝缕，引伸为人的才学、本领。形容人极有才干和智谋。,mǎn fù jīng lún,满腹经纶,mfjl,man fu jing lun,man,lun
无,无,牢骚抑郁不平之感。一肚子的不满情绪。形容心情极为抑郁，很不得意。,mǎn fù láo sāo,满腹牢骚,mfls,man fu lao sao,man,sao
宋·程节斋《沁园春》词满面春风，一团和气，发露胸中书与诗。”,只见路旁走过两个老者，都是鹤发童颜，～，举止大雅。★清·李汝珍《镜花缘》第十一回,春风指笑容。比喻人喜悦舒畅的表情。形容和蔼愉快的面容。,mǎn miàn chūn fēng,满面春风,mmcf,man mian chun feng,man,feng
无,他满面红光，看样子精神很好。,满面整个面部。形容心情舒畅，精神健旺的样子。,mǎn miàn hóng guāng,满面红光,mmhg,man mian hong guang,man,guang
唐·杜甫《北征》诗乾坤含疮痍，忧虞何时毕？”,台风过处，～，给人们的生命财产造成了极大的桅。,比喻眼前看到的都是灾祸的景象。,mǎn mù chuāng yí,满目疮痍,mmcy,man mu chuang yi,man,yi
无,无,下棋时走错一步，整个棋就输掉。比喻因受某一局部的影响而使全局归于失败。,mǎn pán jiē shū,满盘皆输,mpjs,man pan jie shu,man,shu
无,庞教授总是不厌其烦、～地回答学生所提出的问题。,形容心里充满着热烈诚挚的感情。,mǎn qiāng rè chén,满腔热忱,mqrc,man qiang re chen,man,chen
杜鹏程《保卫延安》第二章他坐镇延安，用红蓝铅笔在地图上乱画，我们就满山遍野乱窜！”,这时候就像塌了天一样，～都是大人哭孩子叫的声音。,布满山岭田野。形容数量多或范围广。,mǎn shān biàn yě,满山遍野,msby,man shan bian ye,man,ye
唐·杜牧《华清宫三十韵》雷霆驰号令，星斗焕文章。”,淅淅潇潇飞落叶，飘飘荡荡卷浮云。～皆昏昧，遍地尘沙尽洒纷。★明·吴承恩《西游记》第三十七回,星斗星的总称。布满天空的星星。比喻事情多而杂乱◇形容文章华美。,mǎn tiān xīng dǒu,满天星斗,mtxd,man tian xing dou,man,dou
宋·叶绍翁《游小园不值》诗春色满园关不住，一枝红杏出墙来。”,无,整个园子里一片春天的景色。比喻欣欣向荣的景象。,mǎn yuán chūn sè,满园春色,mycs,man yuan chun se,man,se
明·李贽《焚书·又焦弱侯》然林汝宁向者三任，彼无一任不往，往必满载而归。”,将卫国府库，及民间存留金粟之类，劫掠一空，堕其城郭，～。★明·冯梦龙《东周列国志》第二十三回,载装载；归回来。装得满满地回来。形容收获很大。,mǎn zài ér guī,满载而归,mzeg,man zai er gui,man,gui
元·王实甫《西厢记》第三本第二折金圣叹批写红娘从张生边来入闺中，慢条斯理，如在意如不在意。”,办事要思量是对的”，老山东～的说，不过有的是明摆着的事，也不要掂量。”★冯德英《苦菜花》第八章,原指说话做事有条有理，不慌不忙。现也形容说话做事慢腾腾，不不慌不忙。,màn tiáo sī lǐ,慢条斯理,mtsl,man tiao si li,man,li
闻一多《伟大的事实，不朽的意义》当时漫不经心，却等事后再去追怀。”,无,漫随便。随随便便，不放在心上。,màn bù jīng xīn,漫不经心,mbjx,man bu jing xin,man,xin
明·罗贯中《三国演义》第五十八回西凉州前部先锋马岱，引军一万五千，浩浩荡荡漫山遍野而来。”,春天来了，～都披上了绿装。,漫满；遍到处。山上和田野里到处都是。形容很多。,màn shān biàn yě,漫山遍野,msby,man shan bian ye,man,ye
《人民日报》1981.2.11这个计划，也是精打细算搞出来的，并非漫天要价之作。”,无,无限度地乱要价。形容所提出的条件、要求过高。,màn tiān yào jià,漫天要价,mtyj,man tian yao jia,man,jia
无,只向黎说了一些海阔天空、～的话。（陶菊隐《北洋军阀统治时期史话》第二十四章）,形容非常广阔，一眼望不到边。也指谈话或写文章没有中心，离题很远。,màn wú biān jì,漫无边际,mwbj,man wu bian ji,man,ji
宋·陈造《同陈宰黄簿游灵山八首》自注宰云‘吾辈可谓忙里偷闲，苦中作乐。以八字为韵。’”,原来阿妹去看瀑布，可谓～”了。★清·李汝珍《镜花缘》第四十九回,在忙碌中抽出一点时间来做别的不关重要的事，或者消遣。,máng lǐ tōu xián,忙里偷闲,mltx,mang li tou xian,mang,xian
清·曹雪芹《红楼梦》第五十三回且说贾珍那边，开了宗祠，着人打扫，收拾供器，请神主，又打扫上房，以备悬供遗真影像。此时荣宁二府内外上下，皆是忙忙碌碌。”,～，所以无人阻挡，由他二人进出。★清·钱彩《说岳全传》第四十三回,形容事务繁杂、辛辛苦苦的样子。,máng máng lù lù,忙忙碌碌,mmll,mang mang lu lu,mang,lu
《大般涅槃经》三二其触牙者即言象形如芦菔根，其触耳者言象如箕，其触头者言象如石，其触鼻者言象如杵，其触脚者言象如木臼，其触脊者言象如床，其触腹者言象如畒，其触尾者言象如绳。”,无,比喻对事物只凭片面的了解或局部的经验，就乱加猜测，想做出全面的判断。,máng rén mō xiàng,盲人摸象,mrmx,mang ren mo xiang,mang,xiang
明·冯梦龙《东周列国志》第九十七回秦王闻之，不觉毛骨悚然。”,无,悚然害怕的样子」毛竖起，脊梁骨发冷。形容十分恐惧。,máo gǔ sǒng rán,毛骨悚然,mgsr,mao gu song ran,mao,ran
明·无名氏《齐天大圣》第三折可不知怎么又生下我这样尖嘴缩眼，毛手毛脚，这等碜东西来。”,但凡有点～的，小人决不用他。（清·石玉昆《三侠五义》第七十六回）,毛举动轻率。做事粗心，不细致。,máo shǒu máo jiǎo,毛手毛脚,msmj,mao shou mao jiao,mao,jiao
《史记·平原君列传》记载秦军围攻赵国都城邯郸，平原君去楚国求救，门下食客毛遂自动请求一同前去。到了楚国，毛遂挺身而出，陈述利害，楚王才派兵去救赵国。,我作～，居然被校长核准了。这样才勉强捱过难关。★邹韬奋《经历·深挚的友谊》,毛遂自我推荐。比喻自告奋勇，自己推荐自己担任某项工作。,máo suí zì jiàn,毛遂自荐,mszj,mao sui zi jian,mao,jian
《孟子·尽心下》山径之蹊间，介然用之而成路；为间不用，则茅塞之矣。”,无,茅塞喻人思路闭塞或不懂事；顿立刻。原来心里好象有茅草堵塞着，现在忽然被打开了。形容思想忽然开窍，立刻明白了某个道理。,máo sè dùn kāi,茅塞顿开,msdk,mao se dun kai,mao,kai
晋·王羲之《兰亭集序》此地有崇山峻岭，茂林修竹。”,刚过了小桥曲水，又见些～。★清·李汝珍《镜花缘》第七十二回,修长。茂密高大的树林竹林。,mào lín xiū zhú,茂林修竹,mlxz,mao lin xiu zhu,mao,zhu
明·吴承恩《西游记》第二十五回你走了便也罢，却怎么绑些柳树在此，冒名顶替。”,《古文尚书》的运气真够坏的，不但没有能够露头角，还一而在的遭到了些～的事儿。★朱自清《经典常谈·尚书第三》,冒冒充，以假充真。为了达到自己的某种目的，假冒别人的姓名，代他去干事或窃取他的权力、地位。,mào míng dǐng tì,冒名顶替,mmdt,mao ming ding ti,mao,ti
《素书·遵义》貌合心离者孤，亲谗远忠者亡。”,但一从我做了他的党代表之后，便由志同道合”一变而为～”。★郭沫若《涂家埠》,貌外表；神内心。表面上关系很密切，实际上是两条心。,mào hé shén lí,貌合神离,mhsl,mao he shen li,mao,li
清·曹雪琴《红楼梦》第八十七回贾宝玉满肚疑团，没精打采的归至怡红院中”,无,采精神。形容精神不振，提不起劲头。,méi jīng dǎ cǎi,没精打采,mjdc,mei jing da cai,mei,cai
无,无,犹言不分白天夜晚。,méi rì méi yè,没日没夜,mrmy,mei ri mei ye,mei,ye
清·吴敬梓《儒林外史》第二十八回这些人虽常在这里，却是散在各处，这一会没头没脑，往哪里去捉？”,无,头、脑比喻线索或根由×无线索或没有根由。,méi tóu méi nǎo,没头没脑,mtmn,mei tou mei nao,mei,nao
无,他总是没完没了地缠着我。,无穷尽。,méi wán méi liǎo,没完没了,mwml,mei wan mei liao,mei,liao
清·李宝嘉《官场现形记》第三十二回余荩臣一听‘明保’二字，正是他心上最为关切之事，不禁眉飞色舞。”,无,色脸色。形容人得意兴奋的样子。,méi fēi sè wǔ,眉飞色舞,mfsw,mei fei se wu,mei,wu
元·王实甫《西厢记》第二本第二折彼见昨日惊魂魂魄，今日眉花眼笑。”,等他吃足了烟，他坐起来，～。★清·彭养鸥《黑籍冤魂》第三回,眉头舒展，眼含笑意。形容高兴愉快的样子。,méi kāi yǎn xiào,眉开眼笑,mkyx,mei kai yan xiao,mei,xiao
宋·辛弃疾《满江红·赣州席上呈太守陈季陵侍郎》落日苍茫，风才定，片帆无力。还记得眉来眼去，水光山色。”,日渐情熟，～，情不能已。★明·冯梦龙《警世通言》卷二,形容用眉眼传情。,méi lái yǎn qù,眉来眼去,mlyq,mei lai yan qu,mei,qu
元·无名氏《合同文学》第一折有个小孩唤做按住，今年三岁，生得眉清目秀，是好一个孩儿也。”,因为本是贵族子弟，所以往往～，举止娴雅，而知识水准也相当高。★闻一多《屈原问题》,眉、目眉毛和眼睛，泛指容貌。形容人容貌清秀不俗气。,méi qīng mù xiù,眉清目秀,mqmx,mei qing mu xiu,mei,xiu
《孟子·滕文公下》不待父母之命，媒妁之言，钻穴隙相窥，踰墙相从，则父母国人皆贱之。”,无,媒妁说合婚姻的人。媒人的介绍。,méi shuò zhī yán,媒妁之言,mszy,mei shuo zhi yan,mei,yan
《庄子·知北游》夫子之问也，固不及质，正获之问于监市履希也，每下愈况。”,下品中的魏武帝，更真是～曹公古直，甚有悲凉之句”，仅仅这样的十个字而已。★郭沫若《论曹植》,越往下越明显。表示情况越来越坏。,měi kuàng yù xià,每况愈下,mkyx,mei kuang yu xia,mei,xia
清·钱泳《履园丛话·艺能·治庖》惟鱼之一物，美不胜收。”,展览馆里展出的各种工艺品琳琅满目，～。,胜尽。美好的东西很多，一时看不过来。,měi bù shèng shōu,美不胜收,mbss,mei bu sheng shou,mei,shou
《礼记·檀弓下》晋献文子成室，晋大夫发焉。张老曰‘美哉轮焉，美哉奂焉。’”,无,轮高大；奂众多。形容房屋高大华丽。,měi lún měi huàn,美轮美奂,mlmh,mei lun mei huan,mei,huan
明·凌濛初《初刻拍案惊奇》卷二十七破镜重圆，离而复合，固是好事；但王夫人所遭不幸，失身为妾，又不曾根究奸人，报仇雪恨，尚为美中不足。”,无,大体很好，但还有不足。,měi zhōng bù zú,美中不足,mzbz,mei zhong bu zu,mei,zu
元·王实甫《西厢记》第二本第一折虽然不是门当户对，也强如陷于贼中。”,我想他两家也就算～了，一说去，自然成的；谁知他这会子来了，说不中用。★清·曹雪芹《红楼梦》第七十二回,旧时指男女双方的社会地位和经济情况相当，结亲很适合。,mén dāng hù duì,门当户对,mdhd,men dang hu dui,men,dui
《新唐书·韦云起传》今朝廷多山东人，自作门户。”,一迁就不得，则再迁就三迁就之。此则先生～也。★清·恽敬《明儒学案条辩序》,门户派别；见成见。因派别不同而产生的成见。,mén hù zhī jiàn,门户之见,mhzj,men hu zhi jian,men,jian
《史记·汲郑列传》始翟公为廷尉，宾客阗门；及废，六外可设雀罗。”,僮奴婢媪皆散，不半载，～矣。★清·纪昀《阅微草堂笔记》卷二十一,罗张网捕捉。大门之前可以张起网来捕麻雀。形容十分冷落，宾客稀少。,mén kě luó què,门可罗雀,mklq,men ke luo que,men,que
《战国策·齐策一》群臣进谏，门庭若市。”,无,庭院子；若象；市集市。门前和院子里人很多，象市场一样。原形容进谏的人很多。现形容来的人很多，非常热闹。,mén tíng ruò shì,门庭若市,mtrs,men ting ruo shi,men,shi
宋·宋祁《学舍昼上》扪心自问何功德，五管支离治纓人。”,此则请公等～上流社会人而应作此语耶？（清·梁启超《与上海某某等报馆主笔书》）,摸着胸口，自己问自己怎么样。指自己反省。,mén xīn zì wèn,扪心自问,mxzw,men xin zi wen,men,wen
明·罗贯中《三国演义》第十八回意欲弃布他往，却又不忍；又恐被人嗤笑。乃终日闷闷不乐。”,无,闷闷心情不舒畅，心烦。形容心事放不下，心里不快活。,mèn mèn bù lè,闷闷不乐,mmbl,men men bu le,men,le
无,你不要希望～。,用欺骗的手段逃过关口。,méng hùn guò guān,蒙混过关,mhgg,meng hun guo guan,meng,guan
清·吴趼人《瞎骗奇闻》第二回总是他命好，才有这一个好先生给他算了出来，要不是周先生，我们还蒙在鼓里呢。”,无,好象被包在鼓里一样。比喻受人蒙蔽，对有关的事情一点儿也不知道。,méng zài gǔ lǐ,蒙在鼓里,mzgl,meng zai gu li,meng,li
明·吴承恩《西游记》第二十八回呆子懵懵懂懂的，托着钵盂，拑着钉钯，与沙僧径直回来。”,无,糊里糊涂，什么也不知道。,měng měng dǒng dǒng,懵懵懂懂,mmdd,meng meng dong dong,meng,dong
汉·赵歧《孟子题词》孟子生有淑质，幼被慈母三迁之教。”,无,孟轲的母亲为选择良好的环境教育孩子，三次迁居。,mèng mǔ sān qiān,孟母三迁,mmsq,meng mu san qian,meng,qian
《诗经·周南·关雎》窈窕淑女，寤寐求之。”,这一切，也正是鲁迅所～并终生为之奋斗的！★茅盾《联系实际，学习鲁迅》,寐睡着。做梦的时候都在追求。形容迫切地期望着。,mèng mèi yǐ qiú,梦寐以求,mmyq,meng mei yi qiu,meng,qiu
《尚书·顾命》病日臻，既弥留。”,无,弥留本指久病不愈，后多指病重将死；际时候。病危将死的时候。,mí liú zhī jì,弥留之际,mlzj,mi liu zhi ji,mi,ji
冯德英《迎春花》第十四章‘谁撒这个弥天大谎啊，’胖老婆道‘那可丧尽天良啊！’”,无,弥天满天。形容天大的谎话。,mí tiān dà huǎng,弥天大谎,mtdh,mi tian da huang,mi,huang
老舍《鼓书艺人》二十七她鞠了个躬，转身慢慢走进了下场门。掌声很热烈。听众瞧着她，迷惑不解。”,无,指对谋事非常疑惑，很不理解。同大惑不解”。,mí huò bù jiě,迷惑不解,mhbj,mi huo bu jie,mi,jie
《三国志·魏志·袁术传》以身试祸，岂不痛哉！若迷而知反，尚可以免。”,夫～，往哲是也。★南朝·梁·丘迟《与陈伯之书》,迷途迷失道路；返回来。迷了路知道回来。比喻发觉自己犯了错误，知道改正。,mí tú zhī fǎn,迷途知返,mtzf,mi tu zhi fan,mi,fan
《韩非子·十过》此师延之所作，与纣为靡靡之乐也。”《史记·殷本纪》北里之舞，靡靡之乐。”,从此以后，以管弦的情绪代替了鼓的情绪，结果都是～”。★闻一多《时代的歌手》,靡靡柔弱，萎靡不振。使人萎靡不振的音乐。指颓废的、低级趣味的乐曲。,mǐ mǐ zhī yīn,靡靡之音,mmzy,mi mi zhi yin,mi,yin
《三国志·魏志·董昭传》秘而不露，使权得志，非计之上。”,泛音既有如此妙论，如何谱上都无此说？他却～，是个甚么意思。★清·李汝珍《镜花缘》第七十三回,宣公开说出。保守秘密，不肯宣布。,mì ér bù xuān,秘而不宣,mebx,mi er bu xuan,mi,xuan
陈残云《山谷风烟》第18章如今村子上在密锣紧鼓地查什么阴谋，你走路也得当心呵，要带眼识人。”,无,戏剧开台前的一阵节奏急促的锣鼓。比喻公开活动前的紧张准备。,mì luó jǐn gǔ,密锣紧鼓,mljg,mi luo jin gu,mi,gu
元·石君宝《曲江柳》第二折笑里刀剐皮割肉，绵里针剔髓挑筋。”,无,绵丝棉。棉絮里面藏着针。形容柔中有刚。也比喻外貌和善，内心刻毒。,mián lǐ cáng zhēn,绵里藏针,mlcz,mian li cang zhen,mian,zhen
无,无,绵绵延续不绝的样子。接连不断，一直延续下去。亦作绵绵不息”、绵绵不绝”、绵延不绝”。,mián mián bù duàn,绵绵不断,mmbd,mian mian bu duan,mian,duan
三国·魏·王肃《孔子家语·观周》涓涓不壅，终为江河，绵绵不绝，或成网罗。”,正是清明时节，少不得天公应时，催花雨下，那阵雨下得～。★《警世通言·白娘子永镇雷峰塔》,绵绵连续不断的样子。形容多，连续不断。,mián mián bù jué,绵绵不绝,mmbj,mian mian bu jue,mian,jue
《孔子家语·观周》涓涓不雍，终为江河；绵绵不绝，或成网罗。”,～的游行队伍正往这边涌来。,形容相同的自然景观一个接一个不间断地出现。,mián yán bù duàn,绵延不断,mybd,mian yan bu duan,mian,duan
梁信《从奴隶到将军》下集第四章可是，情况尚不分明，我怎样迎敌？好吧，勉为其难吧。”,无,勉勉强；为做。勉强去做能力所不及或不愿去做的事。,miǎn wéi qí nán,勉为其难,mwqn,mian wei qi nan,mian,
元·秦简夫《赵礼让肥》第二折我这虎头寨上，但凡拿住的人呵，见了俺，丧胆亡魂，今朝拿住这厮，面不改色。”,（秦王）叱左右前缚（蔺）相如，相如～。★明·冯梦龙《东周列国志》第九十六回,脸色不变。形容从容镇静的样子。,miàn bù gǎi sè,面不改色,mbgs,mian bu gai se,mian,se
《朱子语类》卷二九今人有些小利害，便至于头红耳赤；子文却三仕三已，略无喜愠。”,不住的～，意往神弛，身上不知怎样才好。★清·吴趼人《二十年目睹之怪现状》第一回,脸笔耳朵都红了。形容因激动或羞惭而脸色发红。,miàn hóng ěr chì,面红耳赤,mhec,mian hong er chi,mian,chi
元·无名氏《独角牛》第一折哥也，你这般面黄肌廲，怎生赢的人也。”,寻到厨房后面一间小屋，见几个老和尚坐地，一个个～。★明·施耐庵《水浒全传》第六回,脸色发黄，身体瘦削。形容人营养不良或有病的样子。,miàn huáng jī shòu,面黄肌瘦,mhjs,mian huang ji shou,mian,shou
清·李宝嘉《官场现形记》第五十七回这位单道台办事一向是面面俱到，不肯落一点褒贬的。”,宾馆服务周全，衣食住行～，令客人非常满意。,各方面都能照顾到，没有遗漏疏忽。也指虽然照顾到各方面，但一般化。,miàn miàn jù dào,面面俱到,mmjd,mian mian ju dao,mian,dao
明·张岱《海志》舟起如簸，人皆瞑眩，蒙被僵卧，懊丧此来，面面相觑而已。”,墙外有数十人，～，各有惊异之状。★明·洪榝《清平山堂话本·死生交范张鸡黍》,觑看。你看我，我看你，不知道如何是好。形容人们因惊惧或无可奈何而互相望着，都不说话。,miàn miàn xiāng qù,面面相觑,mmxq,mian mian xiang qu,mian,qu
唐·韩愈《送穷文》凡所以使吾面目可憎，语言无味者，皆子之志也。”,士人三日不读书，则～，语言无味。★明·东鲁古狂生《醉醒石》第七回,憎厌恶。面貌神情卑陋，使人看了厌恶。,miàn mù kě zēng,面目可憎,mmkz,mian mu ke zeng,mian,zeng
清·蒲松龄《聊斋志异·陆判》举手则面目全非。”,它的厄运，是在好书被有权者用相似的本子来掉换，年深月久，弄得～。★鲁迅《而已集·谈所谓大内档案”》,非不相似。样子完全不同了。形容改变得不成样子。,miàn mù quán fēi,面目全非,mmqf,mian mu quan fei,mian,fei
无,房间经过修饰，窗明几净，给人以面目一新的感觉。,样子完全改变，有了崭新的面貌。,miàn mù yī xīn,面目一新,mmyx,mian mu yi xin,mian,xin
无,无,狰狞面目凶恶。形容面目凶狠可怕。亦作面貌狰狞”、狰狞面目”。,miàn mù zhēng níng,面目狰狞,mmzn,mian mu zheng ning,mian,ning
姚雪垠《李自成》第二卷第二十三章左良玉在他退出后，立刻召集诸将，面授机宜。”,无,授给予，付予；机宜机密之事。当面指示处理事务的方针、办法等。,miàn shòu jī yí,面授机宜,msjy,mian shou ji yi,mian,yi
晋·郭璞《江赋》经纪天地，错综人术，妙不可尽之于言，事不可穷之于笔。”,公子侧会其意，一吸而尽，觉甘香快嗓，～。★明·冯梦龙《东周列国志》第五十九回,妙美妙。形容好得难以用文字、语言表达。,miào bù kě yán,妙不可言,mbky,miao bu ke yan,miao,yan
无,这番讲话，既有好教训又说得～，给我们官兵以极深刻的印象。（冯玉祥《我的生活》第二十七章）,横生层出不穷地表露。洋溢着美妙的意趣（多指语言、文章或美术作品）。,miào qù héng shēng,妙趣横生,mqhs,miao qu heng sheng,miao,sheng
清·李宝嘉《官场现形记》第二十回但是药铺门里门外，足足挂着二三十块匾额什么‘功同良相’，什么‘扁鹊复生’，什么‘妙手回春’……”,无,回春使春天重返，比喻将快死的人救活。指医生医术高明。,miào shǒu huí chūn,妙手回春,mshc,miao shou hui chun,miao,chun
无,他妙语连珠地发言让大家捧腹大笑。,连珠串珠。巧妙风趣的话一个接一个。,miào yǔ lián zhū,妙语连珠,mylz,miao yu lian zhu,miao,zhu
《周易·大过》过渉灭顶，凶。”,动员了全国的老百姓，就造成了陷敌于～的汪洋大海。★毛泽东《论持久战》,灭顶水漫过头顶。指被水淹死。比喻毁灭性的灾难。,miè dǐng zhī zāi,灭顶之灾,mdzz,mie ding zhi zai,mie,zai
无,日本侵略者在南京进行了灭绝人性的大屠杀，我死难同胞达三十余万。,完全丧失人所具有的理性。形容极端残忍，象野兽一样。,miè jué rén xìng,灭绝人性,mjrx,mie jue ren xing,mie,xing
《史记·张耳陈余列传》财匮力尽，民不聊生。”,在那些年月，军阀混战，土匪横行，～。★冯德英《迎春花》第八章,聊依赖，凭借。指老百姓无以为生，活不下去。,mín bù liáo shēng,民不聊生,mbls,min bu liao sheng,min,sheng
汉·赵晔《吴越春秋·勾践归国外传》越王内实府库，垦其田畴，民富国强，众安道泰。”,无,人民富裕，国家强盛。,mín fù guó qiáng,民富国强,mfgq,min fu guo qiang,min,qiang
《汉书·循吏传序》民用凋敝，奸轨不禁。”,那时～，一心寻面包吃尚且来不及，那里有心思谈文学呢？★鲁迅《而已集·革命时代的文学》,民生人民的生计；凋敝衰败，艰苦。社会穷困，经济衰败，人民生活极端困苦。,mín shēng diāo bì,民生凋敝,msdb,min sheng diao bi,min,bi
清·赵翼《二十二史札记》卷二十八自古大兵大役，未有不民怨沸腾，丧国亡身者。”,上半年在那里办过几个月厘局，不该应要钱的心太狠了，直弄得～，有无数商人来省上控。★清·李宝嘉《官场现形记》第五回,人民的怨声就象开水在翻滚一样。形容人民对腐败黑暗的反动统治怨恨到了极点。,mín yuàn fèi téng,民怨沸腾,myft,min yuan fei teng,min,teng
五代·后蜀·孟昶《戒石文》尔俸尔禄，民膏民脂。”,可怜民膏民脂，弃之无用之地。★明·许仲琳《封神演义》第二十五回,脂、膏脂肪。比喻人民用血汗换来的财富。多用于指反动统治阶级压榨人民来养肥自己的场合。,mín zhī mín gāo,民脂民膏,mzmg,min zhi min gao,min,gao
汉·祢衡《鹦鹉赋》惧名实之不副，耻才能之无奇。”三国·魏·刘邵《人物志·效难》中情之人，名不副实，用之有效。”,县、区、乡各级民众政权是普遍地组织了，但是～。★毛泽东《井冈山的斗争》,副相称，符合。名声或名义和实际不相符。指空有虚名。,míng bù fù shí,名不副实,mbfs,ming bu fu shi,ming,shi
《史记·游侠列传》然其私意廉洁退让，有足称者，名不虚言，士不虚附。”,系船白面问溪翁，～说未通。★宋·华岳《白面渡》诗,虚假。传出的名声不是虚假的。指实在很好，不是空有虚名。,míng bù xū chuán,名不虚传,mbxc,ming bu xu chuan,ming,chuan
唐·杜甫《赠郑十八贲》诗古人日以远，青史字不泯。”,无不希望捧着张献忠成就大事，自己成为开国功臣，封侯拜相，封妻荫子，并且～。★姚雪垠《李自成》第二卷第二十三章,青史古代在竹简上记事，因称史书。把姓名事迹记载在历史书籍上。形容功业巨大，永垂不朽。,míng chuí qīng shǐ,名垂青史,mcqs,ming chui qing shi,ming,shi
唐·韩愈《处州孔子庙碑》郡邑皆有孔子庙，或不能修事，虽设博士弟子，或役于有司，名存实亡。”,无,名义上还存在，实际上已消亡。,míng cún shí wáng,名存实亡,mcsw,ming cun shi wang,ming,wang
汉·曹操《与王修书》君澡身浴德，流声本州，忠能成绩，为世美谈，名实相符，过人甚远。”,而况教育能不能～，还是个不能便下断语的问题。★叶圣陶《桥上》,名声或名义和实际相符。,míng fù qí shí,名副其实,mfqs,ming fu qi shi,ming,shi
清·彭养鸥《黑籍冤魂》第六回其实名利双收，三百六十行生意，再没有强如做官的了。”,无,既得名声，又获利益。,míng lì shuāng shōu,名利双收,mlss,ming li shuang shou,ming,shou
《左传·宣公十二年》蔿敖为宰，择楚国之令典，军行，右辕，左追蓐，前茅虑无，中权，后劲。”,去年弟在京师，听说二公子中了秀才，且～，颇为学台赏识，实在可贺可贺。★姚雪垠《李自成》第二卷第十七章,比喻名次列在前面。,míng liè qián máo,名列前茅,mlqm,ming lie qian mao,ming,mao
宋·范公偁《过庭录》吴人孙山，滑稽才子也。赴举他郡，乡人讬以子偕往。乡人子失意，山缀榜末，先归。乡人问其子得失，山曰‘解名尽处是孙山，贤郎更在孙山外。’”,若不幸～，那时更自难堪。★清·黄小配《大马扁》第一回,名字落在榜末孙山的后面。指考试或盐没有录取。,míng luò sūn shān,名落孙山,mlss,ming luo sun shan,ming,shan
《管子·白心》名满于天下，不若其已也。”,执事～，而位不过五品，其容色温然而不怒，其文章宽厚敦朴而无怨言。★宋·苏轼《上梅直讲书》,天下闻名。形容名声极大。,míng mǎn tiān xià,名满天下,mmtx,ming man tian xia,ming,xia
无,无,指事物的花样或名称非常多。,míng mù fán duō,名目繁多,mmfd,ming mu fan duo,ming,duo
《尚书·武成》底商之罪，告于皇天后土，所过名山大川。”,虽然那子胥多有本事，凭着俺这～，长江险阻，那伍子胥怎便容易到的俺国来。★元·郑廷玉《楚昭公》第一折,泛指有名的高山和源远流长的大河。,míng shān dà chuān,名山大川,msdc,ming shan da chuan,ming,chuan
无,中国的名胜古迹值得我们去参观。,风景优美和有古代遗迹的著名地方。,míng shèng gǔ jī,名胜古迹,msgj,ming sheng gu ji,ming,ji
《魏书·崔浩传》奚斤辨捷智谋，名闻遐迩。”,中国的长城～。,名声传扬到各地，形容名声很大。,míng wén xiá ěr,名闻遐迩,mwxe,ming wen xia er,ming,er
元·关汉卿《五侯宴》第四折雄纠纠名扬四海，喜孜孜笑满腮。”,无,四海天下。名声传扬到天下。形容名声很大。,míng yáng sì hǎi,名扬四海,mysh,ming yang si hai,ming,hai
明·沈德符《万历野获编·国师阅文偶误》娄上王辰玉、松江董元宰入都，名噪一时。”,朱半仙，时文中之能手也，～。★清·宣鼎《夜雨秋灯录三集·科场》,噪群鸣。一时名声很大。名声传扬于一个时期。,míng zào yī shí,名噪一时,mzys,ming zao yi shi,ming,shi
《论语·子路》名不正则言不顺，言不顺则事不利。”,待小生得官回来，谐两姓之好，却不～。★元·郑德辉《倩女离魂》第二折,名名分，名义；顺合理、顺当。原指名分正当，说话合理◇多指做某事名义正当，道理也说得通。,míng zhèng yán shùn,名正言顺,mzys,ming zheng yan shun,ming,shun
《礼记·中庸》慎思之，明辩之，驾行之。”,无,分清楚是和非、正确和错误。,míng biàn shì fēi,明辨是非,mbsf,ming bian shi fei,ming,fei
清·吴趼人《痛史》第十一回我住在此处，徒占一席，于事无济，倒不如仍然到外面去，明察暗访。”,无,从明里细心察看，从暗里询问了解。指用各种方法进行调查研究。,míng chá àn fǎng,明察暗访,mcaf,ming cha an fang,ming,fang
《孟子·梁惠王上》明足以察秋毫之末，而不见舆薪，则王许之乎？”,余忆童稚时，能张目对日，～，见藐小微物，必细察其纹理。★清·沈复《浮生六记·闲情记趣》,明察看清；秋毫秋天鸟兽身上新长的细毛。原形容人目光敏锐，任何细小的事物都能看得很清楚◇多形容人能洞察事理。,míng chá qiū háo,明察秋毫,mcqh,ming cha qiu hao,ming,hao
元·无名氏《盆儿鬼》第二折我在这瓦窑居住，做些本份生涯，何曾明火执仗 ，无非赤手求财。”,有一夜，无端被强盗～的抢了进来。★清·吴趼人《二十年目睹之怪现状》第29回,明点明；执拿着；仗兵器。点着火把，拿着武器。形容公开抢劫或肆无忌惮地干坏事。,míng huǒ zhí zhàng,明火执仗,mhzz,ming huo zhi zhang,ming,zhang
明·施耐庵《水浒传》第45回账目已明明白白，并无分文来去。”,但须不设暗计，～，有手段平空拿我，吾即拜降。★《杨家将演义》第13回,清清楚楚，明确无误；正大光明。,míng míng bái bái,明明白白,mmbb,ming ming bai bai,ming,bai
《晋书·王敦传》今日之事，明目张胆，为六军之首，宁忠臣而死，不无赖而生矣。”,近日京师奔竞之风，是～，冠冕堂皇做的。★清·吴趼人《二十年目睹之怪现状》第三一百三回,明目睁亮眼睛；张胆放开胆量。原指有胆识，敢做敢为◇形容公开放肆地干坏事。,míng mù zhāng dǎn,明目张胆,mmzd,ming mu zhang dan,ming,dan
宋·苏轼《九日次韵王巩》诗相逢不用忙归去，明日黄花蝶也愁。”,过时之物，曰～。★宋·胡继宗《书言故事·花木类》,黄花菊花。原指重阳节过后逐渐萎谢的菊花◇多比喻过时的事物或消息。,míng rì huáng huā,明日黄花,mrhh,ming ri huang hua,ming,hua
《诗·大雅·焌民》既明且哲，以保其身，夙夜匪懈，以事一人。”,高节更只能造就一些～的自了汉，甚至于一些虚无主义者。★朱自清《论气节》,明智的人善于保全自己。现指因怕连累自己而回避原则斗争的处世态度。,míng zhé bǎo shēn,明哲保身,mzbs,ming zhe bao shen,ming,shen
巴金《家》三明明是一家人，然而没有一天不在明争暗斗。”,无,明里暗里都在进行争斗。形容各用心思，互相排挤。,míng zhēng àn dòu,明争暗斗,mzad,ming zheng an dou,ming,dou
宋·释普济《五灯会元》卷十九问‘一切含灵具有佛性，既有佛性，为甚么却撞入驴胎马腹？’师曰‘知而故犯。’”,此物既与人无益，如何令尊伯伯却又栽这许多？岂非～么？★清·李汝珍《镜花缘》第六十一回,明明知道不能做，却故意违犯。,míng zhī gù fàn,明知故犯,mzgf,ming zhi gu fan,ming,fan
《荀子·议兵》闻鼓声而进，闻金声而退。”,见孙安勇猛，卢先锋令～。★明·施耐庵《水浒全传》第九十七回,用敲锣等发出信号撤兵回营。比喻战斗暂时结束。,míng jīn shōu bīng,鸣金收兵,mjsb,ming jin shou bing,ming,bing
清·吴趼人《糊涂世界》卷六时而作一得意想，便仿佛坐在四人大轿里，鸣锣开道的去接印一般。”,无,封建时代官吏出门时，前面开路的人敲锣喝令行人让路。比喻为某种事物的出现，制造声势，开辟道路。,míng luó kāi dào,鸣锣开道,mlkd,ming luo kai dao,ming,dao
巴金《后记》我写《家》，也只是为了向腐朽的封建制度提出控诉，替横遭摧残的年轻生命鸣冤叫屈。”,他整天都在～。,指申诉冤屈。,míng yuān jiào qū,鸣冤叫屈,myjq,ming yuan jiao qu,ming,qu
无,无,绞尽脑汁，苦思苦想。,míng sī kǔ xiǎng,冥思苦想,mskx,ming si ku xiang,ming,xiang
北魏·郦道元《水经注·沔水》日暮倒载归，酩酊无所知。”,不两个时辰，把李逵灌得～，立脚不住。★明·施耐庵《水浒全传》第四十三回,酩酊沉醉的样子。形容醉得很厉害。,mǐng dǐng dà zuì,酩酊大醉,mddz,ming ding da zui,ming,zui
唐·王勃《滕王阁饯别序》时运不齐，命途多舛。”,无,舛不顺，不幸。命运充满不顺。指一生坎坷，屡受挫折。,mìng tú duō chuǎn,命途多舛,mtdc,ming tu duo chuan,ming,chuan
唐·陈子昂《为建安王与诸将书》尽病水肿，命在旦夕。”,今日之中国，又积数千年之沈疴，合四百兆之痼疾，盘踞膏肓，～者也。★清·梁启超《新民说·附录》,旦夕早晚之间，形容极短的时间。生命垂危，很快会死去。,mìng zài dàn xī,命在旦夕,mzdx,ming zai dan xi,ming,xi
明·冯梦龙《醒世恒言》卷七这是我命中注定，该做他家的女婿。”,无,迷信的人认为人的一切遭遇都是命运预先决定的，人力无法挽回。,mìng zhōng zhù dìng,命中注定,mzzd,ming zhong zhu ding,ming,ding
鲁迅《华盖集·十四年的读经”》反对者们以为他真相信读经可以救国，真是‘谬以千里’了！”,无,指错误荒谬到了极点。,miù yǐ qiān lǐ,谬以千里,myql,miu yi qian li,miu,li
《旧唐书·苏味道传》处事不欲决断明白，若有错误，必贻咎谴，但模棱以持两端可矣。”,他害怕事情一旦变化，他将有不测大祸，所以跪在地上回答了一句～的话。（姚雪垠《李自成》第二卷第三十章）,模棱含糊，不明确；两可可以这样，也可以那样。指不表示明确的态度，或没有明确的主张。,mó léng liǎng kě,模棱两可,mllk,mo leng liang ke,mo,ke
《战国策·齐策一》临淄之途，车毂击，人肩摩。”《宋史·李显忠传》入城，宣布德意，不戮一人，中原归附者踵接。”,节日的公园里，游人～，十分拥挤。,肩碰着肩，脚碰着脚。形容人多拥挤。,mó jiān jiē zhǒng,摩肩接踵,mjjz,mo jian jie zhong,mo,zhong
元·康进之《李逵负荆》第二折俺可也摩拳擦掌，行行里按不住莽撞心头气。”,这是第一次出马，人们都～，心里突突跳着准备战斗。★梁斌《红旗谱》四十八,形容战斗或劳动之前，人们精神振奋，跃跃欲试的样子。,mó quán cā zhǎng,摩拳擦掌,mqcz,mo quan ca zhang,mo,zhang
《乐府诗集·木兰诗》小弟闻姊来，磨刀霍霍向猪羊。”,无,现多形容敌人在行动前频繁活动。,mó dāo huò huò,磨刀霍霍,mdhh,mo dao huo huo,mo,huo
清·吴趼人《二十年目睹之怪现状》第十五回我实在是莫名其妙，我从那时得着这么一个门生，连我也不知道。”,躲懒的人念成潭拓寺”，那更是～了。（朱自清《潭拓寺和戒坛寺》）,说不出其中的奥妙。指事情很奇怪，说不出道理来。,mò míng qí miào,莫名其妙,mmqm,mo ming qi miao,mo,miao
《庄子·大宗师》四人相视而笑，莫逆于心，遂相与为友。”,少与崔浩为～。★《北史·眭夸传》,莫逆没有抵触，感情融洽；交交往，友谊。指非常要好的朋友。,mò nì zhī jiāo,莫逆之交,mnzj,mo ni zhi jiao,mo,jiao
清·吴趼人《痛史》第三回诸将或言固守待援，或言决一死战，或言到临安求救。议论纷纷，莫衷一是。”,人们议论纷纷，～。,不能决定哪个是对的。形容意见分歧，没有一致的看法。,mò zhōng yī shì,莫衷一是,mzys,mo zhong yi shi,mo,shi
叶圣陶《英文教授》好比看古代或是异国的故事，漠不关心。”,无,漠冷淡。态度冷淡，毫不关心。,mò bù guān xīn,漠不关心,mbgx,mo bu guan xin,mo,xin
童小鹏《毛主席到重庆》《双十协定》的墨迹未干，国民党军队就大举进犯我晋冀鲁豫解放区和中原解放区。”,无,写字的墨迹还没有干。比喻协定或盟约刚刚签订不久（多用于指责对方违背诺言）。,mò jì wèi gān,墨迹未干,mjwg,mo ji wei gan,mo,gan
明·黄宗羲《钱退山诗文序》如钟嵘之《诗品》，辨体明宗，固未尝墨守一家以为准的也。”,～，不敢勇于创造也决然是和客观事物的发展规律不能相容的。★秦牧《辩证规律在艺术创作上的运用》,墨守战国时墨翟善于守城；成规现成的或久已通行的规则、方法。指思想保守，守着老规矩不肯改变。,mò shǒu chéng guī,墨守成规,mscg,mo shou cheng gui,mo,gui
无,讨论会上，大家都对提出的问题踊跃发表意见，而他却一直～。,一句话也不说。,mò bù zuò shēng,默不作声,mbzs,mo bu zuo sheng,mo,sheng
《晋书·祖纳传》仆虽无无，非志不立，故疾没世而无闻焉。”,现在不知道他怎样，久没有听到消息了，那～的原因，或者就因为中国人还没有死完的缘故吧。★鲁迅《华盖集·并非闲话（二）》,无声无息，没人知道。指没有什么名声。,mò mò wú wén,默默无闻,mmww,mo mo wu wen,mo,wen
元·曾瑞卿《留鞋记》第二折你如今将俺主人摆布死了，故意将这绣鞋揣在怀里，正是你图财致命，便待干罢。”,血池狱、阿鼻狱、秤杆狱，脱皮露骨，折臂断筋，也只为～，宰畜屠生。★明·吴承恩《西游记》第十一回,为了劫夺财物，害人性命。,móu cái hài mìng,谋财害命,mchm,mou cai hai ming,mou,ming
清·李汝珍《镜花缘》第三十四回如今木已成舟，也是林兄命定如此了。”,无,树木已经做成了船。比喻事情已成定局，无法改变。,mù yǐ chéng zhōu,木已成舟,mycz,mu yi cheng zhou,mu,zhou
《旧唐书·张弘靖传》今天下无事，汝辈挽得两石力弓，不如识一丁字。”,我试问如果你母亲要把你嫁给一个～的俗商，或者一个中年官僚，或者一个纨裦子弟，你难产也不反抗？★巴金《家》二十五,连最普通的丁”字也不认识。形容一个字也不认得。,mù bù shí dīng,目不识丁,mbsd,mu bu shi ding,mu,ding
南朝宋·刘义庆《世说新语·言语》从山阴道上行，山川自相映发，使人应接不暇。”,一切艺术的道理也是这样，单一必然导致枯燥。而丰富多采、～则是绝大多数人所欢迎的。★秦牧《菊花与金鱼》,指东西多，眼睛都看不过来。,mù bù xiá jiē,目不暇接,mbxj,mu bu xia jie,mu,jie
北齐·颜之推《颜氏家训·教子》古者圣王有胎教之法，怀子三月，出居别宫，目不邪视，耳不妄听，音声滋味，以礼节之。”,在些在走过以后，还要扭头看一看，但改霞～。★柳青《创业史》第一部第六章,眼睛不偷看旁边。比喻为人行止端方。也形容只朝一个方向看。,mù bù xié shì,目不斜视,mbxs,mu bu xie shi,mu,shi
明·冯梦龙《警世通言》卷十一老婆婆看着小官人，目不转睛，不觉两泪交流。”,无,眼珠子一动不动地盯着看。形容注意力集中。,mù bù zhuǎn jīng,目不转睛,mbzj,mu bu zhuan jing,mu,jing
元·无名氏《赚蒯通》第一折吓得项王目瞪口呆，动弹不得。”,无,形容因吃惊或害怕而发愣的样子。,mù dèng kǒu dāi,目瞪口呆,mdkd,mu deng kou dai,mu,dai
清·叶廷琯《鸥陂渔话·葛苍公传》先达葛苍公讳麟，号瞿庵，性敏多才，状奇伟，目光炯炯有英气，胆力过人。”,无,炯炯明亮的样子。两眼明亮有神。,mù guāng jiǒng jiǒng,目光炯炯,mgjj,mu guang jiong jiong,mu,jiong
《南史·檀道济传》道济见收，愤怒气盛，目光如炬。”,中间坐着一位神道，面阔尺余，须髯满颊，～，肩臂启动，象个活的一般。★明·凌濛初《二刻拍案惊奇》卷五,目光发亮象火炬。形容愤怒地注视着。也形容见识远大。,mù guāng rú jù,目光如炬,mgrj,mu guang ru ju,mu,ju
清·李汝珍《镜花缘》第五十二回但他恃著自己学问，目空一切，每每把人不放在眼内。”,无,什么都不放在眼里。形容极端骄傲自大。,mù kōng yī qiè,目空一切,mkyq,mu kong yi qie,mu,qie
清·孙雨林《皖江血》且尔捣毁学堂，亦属目无法纪。”,无,不把国家法律放在眼里。形容胡作非为，无法无天。,mù wú fǎ jì,目无法纪,mwfj,mu wu fa ji,mu,ji
明·冯梦龙《东周列国志》第九十六回赵奢子赵括，自少喜谈兵法，家传《六韬》、《三略》之书，一览而尽；尝与父奢论兵，指天画地，目中无人，虽奢亦不能难也。”,无,眼里没有别人。形容骄傲自大，看不起人。,mù zhōng wú rén,目中无人,mzwr,mu zhong wu ren,mu,ren
《人民日报》1982.3.14不少中外旅游者纷纷慕名而来，西安更成了世人瞩目的地方。”,无,指仰慕名声而来。,mù míng ér lái,慕名而来,mmel,mu ming er lai,mu,lai
宋·陆游《访毛平仲问疾与其子适同游柯山》楼堞参差暮气昏。”,宋朝盐官员一向总是选所谓老成稳健之士，所以朝廷中就充满了须发苍苍、～的人。★蒲韧《二千年间》九,暮气黄昏时的烟霭；沉沉低沉。形容精神萎靡不振，缺乏朝气。,mù qì chén chén,暮气沉沉,mqcc,mu qi chen chen,mu,chen
峻青《壮志录》最后，当老场长的拿手好戏《借东风》收场的时候，三星高高地升起，天已经是在半夜了。”,无,原指演员擅长的剧目。泛指最擅长的本领。,ná shǒu hǎo xì,拿手好戏,nshx,na shou hao xi,na,xi
《人民日报》1983.11.29经过一个星期的内查外调，掌握了大量证据，很快就挖出了这个由八人组成的贪污盗窃团伙。”,无,指在单位内外调查事情的真实情况。,nèi chá wài diào,内查外调,ncwd,nei cha wai diao,nei,diao
姚雪垠《李自成》第二卷第三十二章休再罗索！朕因流贼猖獗，东事日急，内外交困，不得不百计筹饷。”,无,交同时；困困境。里里外外都处于困难的境地。,nèi wài jiāo kùn,内外交困,nwjk,nei wai jiao kun,nei,kun
《管子·戒》君外舍而不鼎馈，非有内忧，必有外患。”,摆着那些七零八落的人才，要支撑这个～的天下，越想越觉危险。★清·曾朴《孽海花》第二十一回,多指国内不安定和外敌侵略。有时也比喻个人的情况。,nèi yōu wài huàn,内忧外患,nywh,nei you wai huan,nei,huan
清·无名氏《杜诗言志》卷三其所作如《少府画障歌》、《崔少府高齐观三川水涨》诸诗，句句字字追琢入妙，耐人寻味。”,这个故事的结尾留下了一个悬念，～。,耐禁得起；寻味探索体味。意味深长，值得人仔细体会琢磨。,nài rén xún wèi,耐人寻味,nrxw,nai ren xun wei,nai,wei
宋·释普济《五灯会元》卷十六乃别有男不婚，女不嫁之谒云‘男大须婚，女长须嫁。’”,无,指男子万年后必须娶妻。,nán dà dāng hūn,男大当婚,nddh,nan da dang hun,,hun
明·赵弼《青城隐者记》女织男耕，桑麻满圃。”,蓟州郝氏，七世同居，食指千计，～，家法严整，士子读书应考，入学中举人，不赴礼部试，恐入仕也。★清·陈康褀《郎潜纪闻》,封建社会中的小农经济，一家一户经营，男的种田，女的织布。指全家分工劳动。,nán gēng nǚ zhī,男耕女织,ngnz,nan geng nv zhi,,zhi
晋·陆机《塘上行》男懽智倾愚，女爱衰避妍。”,这般会合，那些个～，是偶然一念之差。★明·冯梦龙《警世通言》卷三十五,男女亲昵欢爱之词。,nán huān nǚ ài,男欢女爱,nhna,nan huan nv ai,,ai
光未然《黄河大合唱·黄水谣》麦苗肥，稻花香，男女老少喜洋洋。”,你要通知到村里的～。,泛指所有的人。,nán nǚ lǎo shào,男女老少,nnls,nan nv lao shao,,shao
《礼记·效特性》男女有别，然后父子亲；父子亲，然后义生；义生，然后礼作；礼作，然后万物安。”,你我萍水相逢，况且～，你与我无干，我管你不着。★清·文康《儿女英雄传》第五回,男女之间有严格区别。旧时用以强调应严守封建礼教。,nán nǚ yǒu bié,男女有别,nnyb,nan nv you bie,,bie
元·无名氏《举案齐眉》第三折虽不曾夫贵妻荣，我只知是男尊女卑。”,无,尊地位高；卑低下。在封建社会里男子地位高，女子地位卑下。这是重男轻女的不平等封建礼教。,nán zūn nǚ bēi,男尊女卑,nznb,nan zun nv bei,,bei
《晋书·刘寔传》推贤之风不立，滥举之法不改，则南郭先生之徒盈于朝矣。”,我们不能学～那样滥竽充数。,比喻无才而占据其位的人。,nán guō xiān shēng,南郭先生,ngxs,nan guo xian sheng,,sheng
无,无,枳落叶灌木，味苦酸，球形。也叫枸橘。南方之橘移植淮河之北就会变成枳。比喻同一物种因环境条件不同而发生变异。,nán jú běi zhǐ,南橘北枳,njbz,nan ju bei zhi,,zhi
元·李行道《灰阑记》第三折但是南来北往，经商客旅，都来我这店里吃酒。”,无,有的从南往北，有的从北往南。也泛指来来往往。,nán lái běi wǎng,南来北往,nlbw,nan lai bei wang,,wang
清·赵翼《檐曝杂记》卷一每数十步间一戏台，南腔北调，备四方之乐。”,这个说话～的人，不适合当解说员。,原指戏曲的南北腔调。现形容说话口音不纯，搀杂着方言。,nán qiāng běi diào,南腔北调,nqbd,nan qiang bei diao,,diao
《战国策·魏策四》犹至楚而北行也。”,你想这六条要求，与中央开出的六条款约，简直是～，相差甚远，有甚么和议可言。★蔡东藩、许廑父《民国通俗演义》第六十八回,想往南而车子却向北行。比喻行动和目的正好相反。,nán yuán běi zhé,南辕北辙,nybz,nan yuan bei zhe,,zhe
唐·柳宗元《封建论》历于宣王，挟中兴复古之德，雄南征北伐之威，卒不能定鲁侯之嗣。”,老子出生入死，～，打了十几年天下，凭什么快到手中的果子让给别人吃？★姚雪垠《李自成》第二卷第二十七章,形容转战南北，经历了许多战斗。,nán zhēng běi zhàn,南征北战,nzbz,nan zheng bei zhan,,zhan
明·许仲琳《封神演义》第六十九回一员将使五股托天叉；一员将使八楞熟铜锤；一员将使五爪烂银抓；三将大战，杀得难解难分。”,这盘棋，两人杀得～，不分高下。,指双方争吵、斗争、比赛等相持不下，难以分开。有时也形容双方关系十分亲密，分不开。,nán fēn nán jiě,难分难解,nfnj,nan fen nan jie,,jie
清·文康《儿女英雄传》第四十回骨肉主婢之间，也有许多难分难舍。”,无,分分离；舍放下。形容感情很好，不愿分开。亦作难舍难分。”。,nán fēn nán shě,难分难舍,nfns,nan fen nan she,,she
明·许仲琳《封神演义》第六十九回一员将使五股托天叉；一员将使八楞熟铜锤；一员将使五爪烂银抓；三将大战，杀得难解难分。”,这盘棋，两人杀得～，不分高下。,指双方争吵、斗争、比赛等相持不下，难以分开。有时也形容双方关系十分亲密，分不开。,nán jiě nán fēn,难解难分,njnf,nan jie nan fen,,fen
宋·苏轼《荀卿论》子路之勇，子贡之辩，冉有之智，此三子者，皆天下之所谓难能而可贵者也。”,乃墨子于小故一条已能如此，是亦～矣。★章炳麟《诸子学略说》,难能极难做到。指不容易做到的事居然能做到，非常可贵。,nán néng kě guì,难能可贵,nnkg,nan neng ke gui,,gui
无,要这个守财奴募捐，那真是～。,形容难办的事。,nán rú dēng tiān,难如登天,nrdt,nan ru deng tian,,tian
清·曹雪芹《红楼梦》第二十一回不免盟山誓海，难舍难分。”清·李宝嘉《官场现形记》难舍难分，所以一直就在船上打了‘水公馆’。”,无,舍放下。形容感情很好，不愿分离。亦作难分难舍。”。,nán shě nán fēn,难舍难分,nsnf,nan she nan fen,,fen
无,其以半殖民地的风貌出现于世界也，和我们实在是～。（郭沫若《革命春秋·创造十年续编》）,指共过患难的人或彼此处于同样困境的人。,nàn xiōng nàn dì,难兄难弟,nxnd,nan xiong nan di,,di
清·吴趼人《二十年目睹之怪现状》第七十七回总觉得无论何等人家，他那家庭之中，总有许多难言之隐的；若要问其所以然之故，却是给妇人女子弄出来的，居了百分之九十九。”,无,隐藏在内心深处不便说出口的原因或事情。,nán yán zhī yǐn,难言之隐,nyzy,nan yan zhi yin,,yin
《礼记·檀弓上》孔子曰‘哀则哀矣，而难为继也。’”,无,难于继续下去。,nán yǐ wéi jì,难以为继,nywj,nan yi wei ji,,ji
三国·蜀·诸葛亮《后出师表》凡事如是，难以逆料。”,无,预预先；料料想，估计≤难预先想到。,nán yǐ yù liào,难以预料,nyyl,nan yi yu liao,,liao
无,这件事情真是让人～。,不容易相信。,nán yǐ zhì xìn,难以置信,nyzx,nan yi zhi xin,,xin
无,他一个人在那喃喃自语。,喃喃连续不断地小声说话。小声地自己跟自己说话。,nán nán zì yǔ,喃喃自语,nnzy,nan nan zi yu,,yu
清·李宝嘉《官场现形记》第三十一回乌额拉布见田小辫子说出这样的话来，便也恼羞成怒。”,无,由于羞愧到了极点，下不了台而发怒。,nǎo xiū chéng nù,恼羞成怒,nxcn,nao xiu cheng nu,nao,nu
宋·李格非《洛阳名园记·李氏仁丰园》今洛阳良工巧匠，批红判白，接以它木，与造化争妙。”,这些由～手工织绣的彩锦，运销世界各地。,指工艺技术高明的人。,néng gōng qiǎo jiàng,能工巧匠,ngqj,neng gong qiao jiang,neng,jiang
《易·系辞下》尺蠖之屈，以求信也；龙蛇之蛰，以存身也。”,这就叫大丈夫～。★冯德英《苦菜花》第三章,能弯曲也能伸直。指人在失意时能忍耐，在得志时能大干一番。,néng qū néng shēn,能屈能伸,nqns,neng qu neng shen,neng,shen
无,无,指干部不计较职位高低，不论处于领导岗位或在基层从事实际工作，都能踏踏实实地干。实行能上能下，是对干部职务终身制的一项重要改革。,néng shàng néng xià,能上能下,nsnx,neng shang neng xia,neng,xia
清·曹雪芹《红楼梦》第七十四回仗着他的模样儿比别人标致些，又长了一张巧嘴，天天打扮的象个西施样子，在人跟前能说惯道，抓尖要强。”,这个人生就的两片巧嘴，巧嘴滑舌，～。★曲波《林海雪原》二八,形容很会讲话。,néng shuō huì dào,能说会道,nshd,neng shuo hui dao,neng,dao
清·钱采《说岳全传》第三十八回能文能武，方是男子汉。”,无,文的武的都行。现常指既能动笔也有实际工作能力。,néng wén néng wǔ,能文能武,nwnw,neng wen neng wu,neng,wu
元·无名氏《气英布》第一折恰才灵壁之战，项王遣使征布会，布与龙且有隙，称病不赴，若得能言巧辩之士，说他归降，纵项王驰还……破项王必矣。”,而且伶牙俐齿，～。★清·李汝珍《镜花缘》第十八回,能善于。形容能说会道，有辩才。,néng yán shàn biàn,能言善辩,nysb,neng yan shan bian,neng,bian
宋·释道原《景德传灯录》卷八我见两个泥牛斗入海，直至如今无消息。”,那两个钱庄干事的人，等了好久，只等得一个～，永无消息。★清·吴趼人《二十年目睹之怪现状》第七回,泥塑的牛掉到海里。比喻一去不再回来。,ní niú rù hǎi,泥牛入海,nnrh,ni niu ru hai,ni,hai
清·袁枚《随园诗话》卷一人称才大者，如万里黄河，与泥沙俱下。余以为，此粗才，非大才也。”,无,指在江河的急流中泥土和沙子随着水一起冲下。比喻好人和坏人混杂在一起。,ní shā jù xià,泥沙俱下,nsjx,ni sha ju xia,ni,xia
宋·释普济《五灯会元》卷五十六只将折箸搅，你死我活。”,世俗人没来由，争长竞短，～。（元·无名氏《度柳翠》第一折）,不是你死，就是我活。形容双方斗争非常激烈。,nǐ sǐ wǒ huó,你死我活,nswh,ni si wo huo,ni,huo
《新华半月刊》1960年第14期我们正处在一个你追我赶、飞跃向前的建设热潮中。”,他们～，捷报频传。,形容竞赛激烈，大家都不甘落后。,nǐ zhuī wǒ gǎn,你追我赶,nzwg,ni zhui wo gan,ni,gan
《史记·留侯世家》忠言逆耳利于行。”,无,听起来不舒服的话（多指尖锐、中肯的劝告或批评）。,nì ěr zhī yán,逆耳之言,nezy,ni er zhi yan,ni,yan
明·周楫《西湖二集·侠女散财殉节》若是一个略略知趣的，见家主来光顾，也便逆来顺受。”,从前受了主人的骂，无非～。★清·吴趼人《二十年目睹之怪现状》第九十三回,指对恶劣的环境或无礼的待遇采取顺从和忍受的态度。,nì lái shùn shòu,逆来顺受,nlss,ni lai shun shou,ni,shou
鲁迅《且介亭杂文·门外文谈》即使目下还有点逆水行舟，也只好拉纤。”,无,逆着水流的方向行船。比喻不努力就要后退。,nì shuǐ xíng zhōu,逆水行舟,nsxz,ni shui xing zhou,ni,zhou
元·杨立斋《哨遍》三国志无过说些战伐，也不希咤，终少些团香弄玉，惹草粘花。”,彩云生性本～。（清·曾朴《孽海花》第三十一回）,拈捏；惹招惹；草、花比喻好。比喻到处留情，多指男女间的挑逗引诱。,niān huā rě cǎo,拈花惹草,nhrc,nian hua re cao,nian,cao
毛泽东《纪念白求恩》不少人对工作不负责任，拈轻怕重，把重担子推给人家，自己挑轻的。”,无,指接受任务时拣轻的担子挑，怕挑重担。,niān qīng pà zhòng,拈轻怕重,nqpz,nian qing pa zhong,nian,zhong
清·李汝珍《镜花缘》第二回每逢闲暇，无非敲枰相聚。日复一日，年复一年，也不知人间岁月几何。”,～，日复一日，生涯几何，宁堪此弃掷哉？★清·无名氏《杜诗言志》卷一,一年又一年。比喻日子久，时间长。也形容光阴白白地过去。,nián fù yī nián,年复一年,nfyn,nian fu yi nian,nian,nian
《论语·子罕》后生可畏”宋·朱熹注孔子言后生年富力强，足以积学而有待，其势可畏。”,趁你们～的时候，为人民做出更多的贡献吧！（郭沫若《科学的春天》）,年富未来的年岁多。形容年纪轻，精力旺盛。,nián fù lì qiáng,年富力强,nflq,nian fu li qiang,nian,qiang
无,无,古稀指七十岁。年纪将近七十岁。,nián jìn gǔ xī,年近古稀,njgx,nian jin gu xi,nian,xi
清·曹雪芹《红楼梦》第七十一回老太太也太想的到。实在我们年轻力壮的人，捆上十个也赶不上。”,无,壮健壮。年纪轻，体力强。,nián qīng lì zhuàng,年轻力壮,nqlz,nian qing li zhuang,nian,zhuang
无,无,年事年纪。指一个人的岁数已经很大了。,nián shì yǐ gāo,年事已高,nsyg,nian shi yi gao,nian,gao
唐·杜甫《曲江》诗酒债寻常行处有，人生七十古来稀。”,无,指年龄已超过七十岁。,nián yú gǔ xī,年逾古稀,nygx,nian yu gu xi,nian,xi
《朱子全书·论语》言其于忠信笃敬，念念不忘。”,此吾所以感刻于心，而～者也。★清·无名氏《杜诗言志》卷三,念念时刻思念着。形容牢记于心，时刻不忘。,niàn niàn bù wàng,念念不忘,nnbw,nian nian bu wang,nian,wang
明·吴承恩《西游记》手里捻珠，口内念念有词，往那巽地上吹了一口气，忽的吹降去，便是一狂风。”,无,念念连续不断地念叨。旧指和尚念经，现指低声自语或含糊不清地说个不停。,niàn niàn yǒu cǐ,念念有词,nnyc,nian nian you ci,nian,ci
《尚书·大禹漠》帝念哉！念兹在兹，释兹在兹。名言兹在兹，允出兹在兹，惟帝念功。”,他们和Ｆ总长，都～”，在尘埃中间和破纸旁边离不开。★鲁迅《而已集·谈所谓大内档案”》,念思念；兹此，这个。泛指念念不忘某一件事情。,niàn zī zài zī,念兹在兹,nzzz,nian zi zai zi,nian,zi
清·文康《儿女英雄传》第三十六回那个气好比烟袋换吹筒，吹筒换鸟枪，鸟枪换炮，越吹越壮了。”,无,形容情况或条件有很大的好转。,niǎo qiāng huàn pào,鸟枪换炮,nqhp,niao qiang huan pao,niao,pao
宋·吕本中《紫薇·庵居》鸟语花香变夕阴，稍闲复恐病相寻。”,一路行来，山青水绿，～，真是个好风景也。★清·李渔《比目鱼·肥遁》,鸟叫得好听，花开得喷香。形容春天的美好景象。,niǎo yǔ huā xiāng,鸟语花香,nyhx,niao yu hua xiang,niao,xiang
清·曹雪芹《红楼梦》第六十二回赵姨娘正因彩云私赠了许多东西，被玉钏儿吵出，生恐查诘出来，每日捏一把汗打听信儿。”,我最初实在替这孩子～，待到掘出黄金一釜，这才觉得轻松。★鲁迅《朝花夕拾·二十四孝图》,因担心而手上出汗。形容非常紧张的心情。,niē yī bǎ hàn,捏一把汗,nybh,nie yi ba han,nie,han
清·曹雪芹《红楼梦》第五十四回于是大家蹑手蹑脚，潜踪进镜壁去一看。”,为了不影响别人，同学们在阅览室里走路都是～的。,形容放轻脚步走的样子。也形容偷偷摸摸、鬼鬼祟祟的样子。,niè shǒu niè jiǎo,蹑手蹑脚,nsnj,nie shou nie jiao,nie,jiao
《左传·襄公二十六年》善为国者，赏不僭而刑不滥……若不幸而过，宁僭不滥。”,前天晚上，我们不是决定了～”的宗旨么？（茅盾《子夜》五）,宁宁愿；毋不；滥过度。盐人才或挑选事物，宁可少一些，也不要不顾质量贪多凑数。,nìng quē wù làn,宁缺毋滥,nqwl,ning que wu lan,ning,lan
明·赵弼《宋进士袁镛忠义传》以大义拒敌，宁死不屈，竟燎身于烈焰中。”,许大马棒转回身，提着枪，恶狠狠地瞅着～工作队的同志们。★曲波《林海雪原》二,宁愿死也不屈服。,nìng sǐ bù qū,宁死不屈,nsbq,ning si bu qu,ning,qu
宋·苏轼《送欧阳主簿赴官韦城》诗读遍牙签三万轴，欲来小邑试牛刀。”,无,牛刀宰牛的刀；小试稍微用一下，初显身手。比喻有大本领的人，先在小事情上略展才能。也比喻有能力的人刚开始工作就表现出才。,niú dāo xiǎo shì,牛刀小试,ndxs,niu dao xiao shi,niu,shi
唐·李贺《李贺集序》鲸吸鳌掷，牛鬼蛇神，不足为其虚荒诞幻也。”,无,牛头的鬼，蛇身的神。原形容虚幻怪诞◇比喻社会上形形色色的坏人。,niú guǐ shé shén,牛鬼蛇神,ngss,niu gui she shen,niu,shen
《古诗十九首》迢迢牵牛星，皎皎河汉女。纤纤擢素手，札札弄机杼。终日不成章，泣涕零如雨∮汉清且浅，相去复几许？盈盈一水间，脉脉不得语。”,尝笔唐人《七夕》诗，咏～，皆作会别可怜之语，殊失命名本旨。★清·郑燮《范县署中寄余弟墨粉四书》,牛郎织女为神话人物，从牵牛星、织女星的星名衍化而来。比喻分居两地的夫妻。也泛指一对恋人。,niú láng zhī nǚ,牛郎织女,nlzn,niu lang zhi nv,niu,nv
明·吴承恩《西游记》第三十四回那般娇娇啻啻，扭扭捏捏，就象那老怪的行动。”,难为你说的齐全，别象他们～的蚊子似的。★清·曹雪芹《红楼梦》第二十七回,行走时身体故意左右扭动亿。形容举止言谈不爽快，不大方或故做姿态和。,niǔ niǔ niē niē,扭扭捏捏,nnnn,niu niu nie nie,niu,nie
无,无,用浓重的墨汁和颜色来描绘。形容着力描写。,nóng mò zhòng cǎi,浓墨重彩,nmzc,nong mo zhong cai,nong,cai
明·施耐庵《水浒传》每日只是浓妆艳抹，和西门庆做一处取乐。”,她穿得比以前漂亮，而且是～，还戴了一副长耳坠。★巴金《家》,形容妇女妆饰打扮得十分艳丽。,nóng zhuāng yàn mǒ,浓妆艳抹,nzym,nong zhuang yan mo,nong,mo
宋·邵雍《弄笔吟》弄假像真终是假，将勤补拙总轮勤。”,那一个掌亲的，怎知道～。★元·无名氏《隔江斗智》第二折,本来是假装的，结果却弄成了真的。,nòng jiǎ chéng zhēn,弄假成真,njcz,nong jia cheng zhen,nong,zhen
宋·黄庭坚《拙轩颂》弄巧成拙，为蛇画足。”,孩儿系深闺幼女，此事俱是父亲失言，～。★明·许仲琳《封神演义》第五十六回,本想耍弄聪明，结果做了蠢事。,nòng qiǎo chéng zhuō,弄巧成拙,nqcz,nong qiao cheng zhuo,nong,zhuo
无,无论做什么事都应该实事求是，不该弄虚作假。,耍花招欺骗人。,nòng xū zuò jiǎ,弄虚作假,nxzj,nong xu zuo jia,nong,jia
清·李宝嘉《官场现形记》第二十七回贾大少爷正在自己动手掀王师爷的铺盖，被王师爷回来从门缝里瞧见了，顿时气愤填膺，怒不可遏。”,无,遏止。愤怒地难以抑制。形容十分愤怒。,nù bù kě è,怒不可遏,nbke,nu bu ke e,nu,e
《庄子·盗跖》盗跖闻之大怒，目如明星，发上指冠。”《史记·廉颇蔺相如列传》相如因持璧却立倚柱，怒发上冲冠。”,～，凭栏处，潇潇雨歇。★宋·岳飞《满江红》词,指愤怒得头发直竖，顶着帽子。形容极端愤怒。,nù fà chōng guān,怒发冲冠,nfcg,nu fa chong guan,nu,guan
宋·王迈《舑轩集》虚舟相触何心在，怒火虽炎一响空。”,这时见四个师弟非欲置自己和师父于死地，不由～。★古龙《长干行》,中；心中。怒火在心中燃烧。形容心中怀着极大的愤怒。,nù huǒ zhōng shāo,怒火中烧,nhzs,nu huo zhong shao,nu,shao
明·罗贯中《三国演义》第三回李儒见丁原背后一人，生得器宇轩昂，威风凛凛，手执方天画戟，怒目而视。”,无,睁圆了眼睛瞪视着。形容正要大发脾气的神情。,nù mù ér shì,怒目而视,nmes,nu mu er shi,nu,shi
清·魏秀仁《花月痕》第十二回［钱同秀］一手将烟灯砸在地下，说道‘好好，你们做了一路！’就怒气冲冲的出来上车。”,张学海不等汤阿英说完，就～地质问‘陶阿毛有啥不同？他不也是工人吗？’★周而复《上海的早晨》第一部九,盛怒的样子。,nù qì chōng chōng,怒气冲冲,nqcc,nu qi chong chong,nu,chong
元·杨显之《潇湘雨》第四折我和他有甚恩情相顾恋，待不沙又怕背了这恩人面，只落的嗔嗔忿忿，伤心切齿，怒气冲天。”,任大老爷见了，更加～。★清·张春帆《宦海》第十三回,怒气冲上天空。形容愤怒到极点。,nù qì chōng tiān,怒气冲天,nqct,nu qi chong tian,nu,tian
无,无,指女子成年后须及时出嫁。同女长须嫁”。,nǚ dà dāng jià,女大当嫁,nddj,nv da dang jia,nv,jia
西汉·刘安《淮南子·览冥训》于是女娲炼五色石以补苍天。”,传说雨花石是～留下的石头。,神话故事，伏羲的妹妹女娲炼五色石补天。形容改造天地的雄伟气魄和大无畏的斗争精神。,nǚ wā bǔ tiān,女娲补天,nwbt,nv wa bu tian,nv,tian
明·冯梦龙《警世通言》卷三十二十娘钟情所欢，不以贫寠易心，此乃女中豪杰。”,过学士儿子百般用计求他，他有本事百般拒绝，又是个～，正好与中玉作配。★明·名教中人《好逑传》第十四回,豪杰指才能出众的人。女性中的杰出人物。,nǚ zhōng háo jié,女中豪杰,nzhj,nv zhong hao jie,nv,jie
唐·李商隐《李长吉小传》是儿要当呕出心乃已尔。”唐·韩愈《归彭城》诗刳肝以为纸，沥血以书辞。”,～，讴歌社会主义，受到群众的欢迎。★臧克家《老舍永在》,呕吐；沥一滴一滴。比喻用尽心思。多形容为事业、工作、文艺创作等用心的艰苦。,ǒu xīn lì xuè,呕心沥血,oxlx,ou xin li xue,ou,xue
唐·孟郊《去妇》诗妾心藕中丝，虽断犹相连。”,算了吧，你也不必看得过于眼紧，反正他们是～的。★欧阳山《三家巷》二二,藕已折断，但还有许多丝连接着未断开。比喻没有彻底断绝关系。多指男女之间情思难断。,ǒu duàn sī lián,藕断丝连,odsl,ou duan si lian,ou,lian
范金标《怀念敬爱的周总理》在作战频繁的长征路上，一年多的时间里周副主席白天和我们一样爬山涉水，栉风沐雨。”,无,形容路途艰辛。,pá shān shè shuǐ,爬山涉水,psss,pa shan she shui,pa,shui
毛泽东《别了，司徒雷登》闻一多拍案而起，横眉怒对国民党的手枪，宁可倒下去，不愿屈服。”,无,一拍桌子猛地站起来。形容非常愤慨。,pāi àn ér qǐ,拍案而起,paeq,pai an er qi,pai,qi
唐·田颖《博浪沙行序》不禁拍案呼奇。”,使人见之，一个个欢欣鼓舞，快意舒怀，不禁～。★清·陈忱《水浒后传》第一回,拍桌子叫好。形容非常赞赏。,pāi àn jiào jué,拍案叫绝,pajj,pai an jiao jue,pai,jue
明末·凌蒙初有拟话本《初刻拍案惊奇》、《二刻拍案惊奇》。,更令人～的是杜诗‘老妻画纸为棋局，稚子敲针作钓钩’。★《人民日报》（海外版）1982.1.2,对奇异的事情拍着桌子惊叹。,pāi àn jīng qí,拍案惊奇,pajq,pai an jing qi,pai,qi
明·凌濛初《二刻拍案惊奇》卷三十五又见恶姑奸夫俱死，又无不拍手称快。”,无,快痛快。拍掌叫好。多指正义得到伸张或事情的结局使人感到满意。,pāi shǒu chēng kuài,拍手称快,psck,pai shou cheng kuai,pai,kuai
《晋书·殷顗传》顗见江绩亦以正直为仲堪所斥，知仲当逐异己，树置所亲。”,无,排挤、清除和自己意见不同或不属于自己集团派系的人。,pái chì yì jǐ,排斥异己,pcyj,pai chi yi ji,pai,ji
《晋书·殷顗传》顗见江绩亦以正直为仲堪所斥，知仲堪当逐异己，树置所亲。”,明年诸葛恪被杀后，孙峻、孙林兄弟相继专权，更加残暴，～，淫污宫廷。（吕振羽《简明中国通史》第十章）,排挤、清除和自己意见不同或不属于自己集团派系的人。,pái chú yì jǐ,排除异己,pcyj,pai chu yi ji,pai,ji
《资治通鉴·齐纪高宗建武二年》昔世祖以回山倒海之威，步骑数十万，南临瓜步，诸郡尽降。”宋·杨万里《六月二十四日病起喜雨》病势初来敌颇强，排山倒海也难当。”,这种～的巨潮，是任何顽固势力所不能抵挡得住的。★邹韬奋《抗战以来·自动奋发的千万青年》,推开高山，翻倒大海。形容力量强盛，声势浩大。,pái shān dǎo hǎi,排山倒海,psdh,pai shan dao hai,pai,hai
无,无,排除忧愁，解除困难。,pái yōu jiě nán,排忧解难,pyjn,pai you jie nan,pai,
《后汉书·虞诩传》志不求易，事不避难，臣之职也；不遇盘根错节，何以别利器乎？”,莫谓乡村阻力多，～须能手。★徐特立《毕业歌》,盘盘曲；错交错；节枝节。树木的根枝盘旋交错。比喻事情纷难复杂。,pán gēn cuò jié,盘根错节,pgcj,pan gen cuo jie,pan,jie
清·李宝嘉《文明小史》第五回须晓得柳知府于这交涉上头，本是何等通融、何等迁就；何以如今判若两人？”,他与另三人作一献上之报告，毁左翼惟恐不至，和先前之激昂慷慨～。(《鲁迅书信集·致郑振铎》),形容某人前后的言行明显不一致，象两个人一样。,pàn ruò liǎng rén,判若两人,prlr,pan ruo liang ren,pan,ren
《诗·小雅·渐渐之石》月离于毕，俾滂沱矣。”,只见～，一似瓢泼盆倾，下有半个时辰。★明·许仲琳《封神演义》第十回,滂沱大雨的样子。形容雨下得很大。,páng tuó dà yǔ,滂沱大雨,ptdy,pang tuo da yu,pang,yu
唐·柳宗元《黔之驴》虎见之，庞然大物也，以为神，蔽林间窥之。”,这家伙看上去像个～，其实一点能耐也没有。,庞然高大的样子。指高大笨重的东西。现也用来形容表面上很强大但实际上很虚弱的事物。,páng rán dà wù,庞然大物,prdw,pang ran da wu,pang,wu
《旧唐书·元行冲传》当局称迷，傍观见审。”,俗话说～。”这几年姑娘冷眼看着，或有该添减的去处，二奶奶没行到，姑娘竟一添减。★清·曹雪芹《红楼梦》第五十五回,当事人被碰到的问题搞糊涂了，旁边观看的人却看得很清楚。,páng guān zhě qīng,旁观者清,pgzq,pang guan zhe qing,pang,qing
明·许仲琳《封神演义》第三十四回左道旁门乱似麻，只因昏主起波查。”,无,原指不正派的宗教派别。借指不正派的学术派别。现泛指不正派的东西。,páng mén zuǒ dào,旁门左道,pmzd,pang men zuo dao,pang,dao
清·吴趼人《二十年目睹之怪现状》第二十回只不过不应该这样旁敲侧击，应该要明亮亮的叫破了他。”,无,比喻说话、写文章不从正面直接点明，而是从侧面曲折地加以讽刺或抨击。,páng qiāo cè jī,旁敲侧击,pqcj,pang qiao ce ji,pang,ji
《史记·刺客列传》荆轲嗜酒，日与狗屠及高渐离饮于燕市，酒酣以往，高渐离击筑，荆柯和而歌市中，相乐也，已而相泣，旁若无人者。”,陈太尉初下船时，昂昂然，～，坐在中间。★明·施耐庵《水浒全传》第七十五回,身旁好象没有人。形容态度傲慢，不把别人放在眼里。,páng ruò wú rén,旁若无人,prwr,pang ruo wu ren,pang,ren
鲁迅《中国小说史略·清之人情小说》宝钗妙玉则从徐说，旁征博引，用罚甚勤。”,无,旁广泛；征寻求；博广博；引引证。指说话、写文章引用材料作为依据或例证。,páng zhēng bó yǐn,旁征博引,pzby,pang zheng bo yin,pang,yin
明·许仲琳《封神演义》第三回倘久后此城一破，使我妻女擒往朝歌，露面抛头，尸骸残暴，惹天下诸侯笑我为无谋之辈；不若先杀其妻妇，然后自刎，庶几不失丈夫之所为。”,却到这里来～，好不识羞！★叶圣陶《春光不是她的了》,抛暴露。露出头和面孔。原指妇女出现在大庭广众之中。现指公开露面。,pāo tóu lù miàn,抛头露面,ptlm,pao tou lu mian,pao,mian
宋·释道原《景德传灯录》卷十比来抛砖引玉，却引得个坠子。”,刚才婢子费了唇舌，说了许多书名，原是～，以为借此长长见识，不意竟是如此！★清·李汝珍《镜花缘》第十八回,抛出砖去，引回玉来。比喻用自己不成熟的意见或作品引出别人更好的意见或好作品。,pāo zhuān yǐn yù,抛砖引玉,pzyy,pao zhuan yin yu,pao,yu
老舍《老张的哲学》第三二一辆汽车碰在一株老树上，并没伤人……谁能刨根问底的要证据。”,你～，是啥意思？你既不是治安组长，又不是民兵队长！★柳青《创业史》第一部第九章,比喻追究底细。,páo gēn wèn dǐ,刨根问底,pgwd,pao gen wen di,pao,di
《庄子·养生主》庖丁为文惠君解牛，手之所触，肩之所倚，足之所履，膝之所踦，砉然响然，奏刀騞然，莫不中音。”,无,庖丁厨工；解肢解分割。比喻经过反复实践，掌握了事物的客观规律，做事得心应手，运用自如。,páo dīng jiě niú,庖丁解牛,pdjn,pao ding jie niu,pao,niu
明·吴承恩《西游记》第八十九回他父子并唐僧在城楼上点劄，旌旗蔽日，炮火连天。”,这不过演放两三响已经这样了，何况～，亲临大敌呢，自然也要逃走了。（清·吴趼人《二十年目睹之怪现状》第十六回）,形容炮火非常猛烈。,pào huǒ lián tiān,炮火连天,phlt,pao huo lian tian,pao,tian
毛泽东《星星之火，可以燎原》它是立于高山之巅远看东方已见光芒四射喷薄欲出的一轮朝日。”,无,喷薄涌起，上升的样子；欲将要。形容水涌起或太阳初升时涌上地平线的样子。,pēn bó yù chū,喷薄欲出,pbyc,pen bo yu chu,pen,chu
战国·楚·宋玉《九辩》私自怜兮何极，心怦怦兮谅直。”,我一见到她就～。,心怦怦地跳动。,pēng rán xīn dòng,怦然心动,prxd,peng ran xin dong,peng,dong
《魏书·封轨传》君子正其衣冠，尊其瞻视，何必蓬头垢面，然后为贤？”,穷人的孩子～的在街上转，富人的孩子妖形妖势娇声娇气的在家里转。★鲁迅《热风·随感录二十五》,头发蓬乱，脸上很脏。旧时形容贫苦人生活生活条件很坏的样子。也泛指没有修饰。,péng tóu gòu miàn,蓬头垢面,ptgm,peng tou gou mian,peng,mian
无,听了他讲的笑话，大家都～。,用手捂住肚子大笑。形容遇到极可笑之事，笑得不能抑制。,pěng fù dà xiào,捧腹大笑,pfdx,peng fu da xiao,peng,xiao
唐·黄滔《启裴侍郎》沾巾堕睫，沥胆披肝，不在他门，誓于死节。”宋·司马光《体要疏》虽访问所不及，犹将披肝沥胆，以效其区区之忠。”,我每遇着我所敬爱而知心的人，就喜欢～地畅谈。★邹韬奋《经历·初出茅庐》,披披露；沥往下滴。比喻真心相见，倾吐心里话。也形容非常忠诚。,pī gān lì dǎn,披肝沥胆,pgld,pi gan li dan,pi,dan
《后汉书·冯异传》为吾披荆棘，定关中。”,这却正见出他是在开辟着一条新的道路；而那～，也正是一个斗士的工作。★朱自清《闻一多先生怎样走着中国文学的道路》,劈开丛生多刺的野生植物。比喻在创业过程中或前进道路上清除障碍，克服重重困难。,pī jīng zhǎn jí,披荆斩棘,pjzj,pi jing zhan ji,pi,ji
元·无名氏《冤家债主》第二折你也想着一家儿披麻带孝为何由，故来这灵堂里寻斗殴。”,我如今教他～，与亲儿一般行礼，一应殡殓之费，都要他支持。★明·冯梦龙《喻世明言·蒋兴歌重会珍珠衫》,指长辈去世，子孙身披麻布服，头上戴白，表示哀悼。,pī má dài xiào,披麻戴孝,pmdx,pi ma dai xiao,pi,xiao
明·施耐庵《水浒全传》第二十二回那张三又挑唆阎婆去厅上披头散发来告道‘宋江实是宋清隐藏在家，不令出官。相公如何不与老身做主去拿宋江。’”,无,头发长而散乱。形容仪容不整。,pī tóu sàn fà,披头散发,ptsf,pi tou san fa,pi,fa
元·无名氏《冤家债主》第一的这大的孩儿披星戴月，早起晚眠。”,经过二十多天～的风尘奔波，到襄阳后一定要休息几天。★姚雪垠《李自成》第二卷第二十章,身披星星，头戴月亮。形容连夜奔波或早出晚归，十分辛苦。,pī xīng dài yuè,披星戴月,pxdy,pi xing dai yue,pi,yue
明·施耐庵《水浒全传》第十四回夺过士兵手里的棍棒，劈头劈脸便打。”,无,劈正对着，冲着；盖压。正对着头和脸盖下来。形容（打击、冲击、批评等）来势很猛。,pī tóu gài liǎn,劈头盖脸,ptgl,pi tou gai lian,pi,lian
元·关汉卿《包待制三勘蝴蝶梦》第二折浑身是口怎支吾，恰似个没嘴的葫芦，打的来皮开肉绽损肌肤。”,那两个举起大板，打的～，喊叫连声。（清·李汝珍《镜花缘》第五十一回）,绽裂开。皮肉都裂开了。形容伤势严重。多指受残酷拷打。,pí kāi ròu zhàn,皮开肉绽,pkrz,pi kai rou zhan,pi,zhan
刘操南《武松演义》第十回犯人一上梃棍，坐卧不得，只是局局促促地挤做一团，弄得疲惫不堪。”,这一趟出差弄得～。,疲惫极度疲乏；不堪不能忍受。形容非常疲乏。,pí bèi bù kān,疲惫不堪,pbbk,pi bei bu kan,pi,kan
《左传·成公七年》余必使尔罢于奔命以死。”,彼方支吾未暇，而吾率步兵乘高而进，声东击西，形此而出彼，乘卒初锐而用之，彼亦～矣。★宋·陈亮《酌古论·先主》,原指因受命奔走而搞得很累◇也指忙于奔走应付，弄得非常疲乏。,pí yú bēn mìng,疲于奔命,pybm,pi yu ben ming,pi,ming
清·顾炎武《日知录· 正始》保天下者，匹夫之贱，与有责焉耳矣。”,余深有味其言，～之说，今人以为常谈，不悟其所重者，乃在保持道德，而非政治经济之云云。★章炳麟《革命之道德》,国家大事每个人都有责任。,pǐ fū yǒu zé,匹夫有责,pfyz,pi fu you ze,pi,ze
汉·王符《潜夫论·明暗》君之所以明者，兼听也；其所以暗者，偏信也。”,他总是乐于听取大家的意见，从不～。,偏面地听了一方面的话就信以为真。多指处理事情的态度不公正。,piān tīng piāng xìn,偏听偏信,ptpx,pian ting piang xin,pian,xin
《诗经·小雅·四牡》翩翩者鵻，载飞载下。”,无,形容轻快地跳起舞来。,piān piān qǐ wǔ,翩翩起舞,ppqw,pian pian qi wu,pian,wu
《荀子·子道》耕耘树艺，手足胼胝以养其亲。”,侨胞的金钱不是容易得到的，是由于他们终年～，千辛万苦，省吃俭用，积蓄起来的。★邹韬奋《抗战以来·热烈爱国的千万侨胞》,胼、胝老茧。手脚上磨出老茧。形容经常地辛勤劳动。,pián shǒ zhī zú,胼手胝足,pszz,pian sho zhi zu,pian,zu
宋·苏轼《前赤壁赋》飘飘乎遗世独立，羽化而登仙。”,七古、近体，豪宕磊落，～。★清·归庄《顾天石诗序》,欲将要。飘飞上升，像要超脱尘世而成仙。多指人的感受轻松爽快。亦形容诗文、书法等的情致轻快飘逸。,piāo piāo yù xiān,飘飘欲仙,ppyx,piao piao yu xian,piao,xian
周立波《暴风骤雨》第一部十二西北悬天起了乌黑的云朵，不大一会，瓢泼大雨到来了，夹着炸雷和闪电，因为三天两头地下雨，道上黑泥总是不干的，出门的人们都是光着脚丫子，顺着道沿走。”,无,像用瓢泼水那样的大雨。形容雨下得非常大的样子。,piáo pō dà yǔ,瓢泼大雨,ppdy,piao po da yu,piao,yu
无,无,①不顾一切地斗争。②用尽全部精力。,pīn sǐ pīn huó,拼死拼活,psph,pin si pin huo,pin,huo
无,因为贫病交加，他过早地离开了人世。,贫穷和疾病一起压在身上。,pín bìng jiāo jiā,贫病交加,pbjj,pin bing jiao jia,pin,jia
无,张三失业已久，又无亲友可依靠，生活十分～。,生活贫困，精神失意颓丧。,pín kùn liáo dǎo,贫困潦倒,pkld,pin kun liao dao,pin,dao
郭澄清《大刀记》开篇十二他们指手划脚，品头论足。”,我们都应当投身到四化建设中大干一场，不应当站在一边～，徘徊观望。,指无聊的人随意议论妇女的容貌体态。现亦比喻在小节上一味挑剔。同品头题足”。,pǐn tóu lùn zú,品头论足,ptlz,pin tou lun zu,pin,zu
清·文康《儿女英雄传》第九回一定是一位品学兼优，阅历通达的老长辈。”,他是一名～的好学生。,兼都。思想品德和学业都很优秀。,pǐn xué jiān yōu,品学兼优,pxjy,pin xue jian you,pin,you
元·无名氏《昊天塔孟良盗骨》第二折哥哥将令，着兄弟巡界河去，平安无事，回哥哥的话来。”,我把选书的九十几两银子给了他，才买回这个东西来，而今幸得～。★清·吴敬梓《儒林外史》第十四回,平平安安，没出什么事故。,píng ān wú shì,平安无事,paws,ping an wu shi,ping,shi
梁斌《红旗谱》三十二眼看平白无故被他们拿去。不，这等于是他们砸明火、路劫！”,无,平白凭空；故缘故。指无缘无故。,píng bái wú gù,平白无故,pbwg,ping bai wu gu,ping,gu
《史记·范睢蔡泽列传》须贾顿首言死罪，曰‘贾不意君能自致于青云之上。’”,本图平步上青云，直为红颜滞此身。★元·关汉卿《谢天香》楔子,平平稳；步行走；青云高空。指人一下子升到很高的地位上去。,píng bù qīng yún,平步青云,pbqy,ping bu qing yun,ping,yun
郭沫若《涂家埠》八江西境内的风物，太平淡无奇了，这儿和长江沿岸所见到的别无二致。”,无,奇特殊的。指事物或诗文平平常常，没有吸引人的地方。,píng dàn wú qí,平淡无奇,pdwq,ping dan wu qi,ping,qi
《楚辞·九辩》皇天平分四时兮，窃独悲此廪秋。”宋·李朴《中秋》诗平分秋色一轮满，长伴云衢千里明。”,这场足球赛，两队势均力敌，～，最后以１１握手言和。,比喻双方各得一半，不分上下。,píng fēn qiū sè,平分秋色,pfqs,ping fen qiu se,ping,se
清·钱谦益《初学集》卷八十三吾读子瞻《司马温公行状》之类，平铺直序（叙），以为古今未有此体。”,这篇小说尽管大都是～，但读起来却令人潸然泪下。,铺铺陈；叙叙述。说话或写文章不加修饰，没有起伏，重点不突出。,píng pū zhí xù,平铺直叙,ppzx,ping pu zhi xu,ping,xu
清·吴敬梓《儒林外史》第三回若是家门口这些做田的，扒粪的，不过是平头百姓，你若同他拱手作揖，平起平坐，这就是坏了学校规矩，连我脸上都无光了。”,无,比喻彼此地位或权力平等。,píng qǐ píng zuò,平起平坐,pqpz,ping qi ping zuo,ping,zuo
清·纪昀《阅微草堂笔记·滦阳消夏录一》平心而论，王弻始变旧说，为宋学之萌芽。”,当前踧落，固是数之不偶，～，文亦未便登峰。★清·蒲松龄《聊斋志异·司文郎》,平心心情平和，不动感情；论评论。平心静气地给予客观评价。,píng xīn ér lùn,平心而论,pxel,ping xin er lun,ping,lun
清·曹雪芹《红楼梦》第七十四回且平心静气，暗暗访察，才能得这个实在；纵然访不着，外人也不能知道。”,希望你～地想一想，不要意气用事。,心情平和，态度冷静。,píng xīn jìng qì,平心静气,pxjq,ping xin jing qi,ping,qi
《史记·鲁周公世家》平易近民，民必归之。”,凡昌黎（韩愈）与东野（孟郊）联句，必字字争胜，与他人联句，则～。★清·赵翼《瓯北诗话》卷三,对人和蔼可亲，没有架子，使人容易接近。也指文字浅显，容易了解。,píng yì jìn rén,平易近人,pyjr,ping yi jin ren,ping,ren
清·黄小配《大马扁》第四回那全副精神又注在各妓，那个好颜色，那个好太度，评头品足，少不免要乱哦几句诗出来了。”,你应该多干点实事，不要总～。,原指轻浮地议论妇女的容貌。现也比喻任意挑剔。,píng tóu lùn zú,评头论足,ptlz,ping tou lun zu,ping,zu
清·黄小配《大马扁》第四回那全副精神又注在各妓，那个好颜色，那个好太度，评头品足，少不免要乱哦几句诗出来了。”,你应该多干点实事，不要总～。,原指轻浮地议论妇女的容貌。现也比喻任意挑剔。,píng tóu pǐn zú,评头品足,ptpz,ping tou pin zu,ping,zu
《论语·乡党》摄齐升堂，鞠躬如也，屏气似不息者。”《庄子·达生》用志不分，乃凝于神。”,愈唱愈低，愈低愈细，那声音渐渐的就听不见了。满园子的人都～，不敢少动。★清·刘鹗《老残游记》第二回,屏气抑制呼吸；凝神聚精会神。形容注意力高度集中，违心一致。,bǐng qì níng shén,屏气凝神,bqns,bing qi ning shen,bing,shen
唐·王勃《滕王阁序》萍水相逢，尽是他乡之客。”,此生平第二知心交也。惜～，聚首无多日耳。★清·沈复《浮生六记·浪游记快》,浮萍随水漂泊，聚散不定。比喻向来不认识的人偶然相遇。,píng shuǐ xiāng féng,萍水相逢,psxf,ping shui xiang feng,ping,feng
邹韬奋《经历·新闻记者的作品》对政敌或争论的对方有着诚恳的礼貌，一点没有泼妇骂街的恶习气。”,无,泼妇泼辣凶悍的妇女。象泼妇在街上当众谩骂。多指大肆攻击、谩骂别人。,pō fù mà jiē,泼妇骂街,pfmj,po fu ma jie,po,jie
余秋雨《文化苦旅·上海人》上海下层社会中也有不少喜欢议论别人的婆婆妈妈。”,无,形容人动作琐细，言语罗唆。也形容人感情脆弱。,pó pó mā mā,婆婆妈妈,ppmm,po po ma ma,po,ma
《汉书·王莽传上》为皇帝定立妃后，有司上名，公女为首，公深辞让，迫不得已然后受诏。”,吾之言爱国也，得毋为名乎，得毋为利乎，是毋为事势～乎。（清·梁启超《意大利建国三杰传·结论》）,被逼得没有办法，不得不这样。,pò bù dé yǐ,迫不得已,pbdy,po bu de yi,po,yi
清·李汝珍《镜花缘》第六回且系酒后游戏，该仙子何以迫不急待。”,他～地推开门，走进屋去。,近紧急。急迫得不能等待。形容心情急切。,pò bù jí dài,迫不及待,pbjd,po bu ji dai,po,dai
《庄子·庚桑楚》曰向吾见若眉睫之间。”《列子·仲尼》远在八荒之外，近在眉睫之内。”,新的内战危机忽然又～了。★方纪《挥手之间》,形容事情已到眼前，情势十分紧迫。,pò zài méi jié,迫在眉睫,pzmj,po zai mei jie,po,jie
无,我们要破除迷信，解放思想，大胆改革。,原指从宗教迷信的束缚中解脱出来。现也指解放思想，扫除自卑感，树立敢想、敢说、敢干的新风格。,pò chú mí xìn,破除迷信,pcmx,po chu mi xin,po,xin
《史记·项羽本纪》项羽乃悉引兵渡河，皆沉船，破釜甑，烧庐舍，持三日粮，以示士卒必死，无一还心。”,只要我们有～的决心，就能克服学习上的各种困难。,比喻下决心不顾一切地干到底。,pò fǔ chén zhōu,破釜沉舟,pfcz,po fu chen zhou,po,zhou
无,好些年来，他自轻自贱，成了习惯，破罐子破摔，不想学好了。（周立波《暴风骤雨》第二部第十七章）,把破损的罐子摔破。比喻有了缺点、错误不改正，反而有意向更坏的方向发展。,pò guàn pò shuāi,破罐破摔,pgps,po guan po shuai,po,shuai
唐·韦述《两京新记》卷三,破镜重圆从古有，何须疑虑反生愁？★元·施君美《幽闺记·推就红丝》,比喻夫妻失散或离婚后重新团聚。,pò jìng chóng yuán,破镜重圆,pjcy,po jing chong yuan,po,yuan
无,我们要～改变封建意识。,破除旧的，建立新的。,pò jiù lì xīn,破旧立新,pjlx,po jiu li xin,po,xin
清·李宝嘉《官场现形记》茶房未及开口，那女人已经破口大骂起来。”,无,用恶语骂人。,pò kǒu dà mà,破口大骂,pkdm,po kou da ma,po,ma
清·李宝嘉《官场现形记》第二十回一时风气大变，没有一个不是穿的极破烂不堪的。”,无,破破烂烂的不成样子。,pò làn bù kān,破烂不堪,plbk,po lan bu kan,po,kan
章炳麟《驳革命驳议》迨至群盗破门而入，即更不复能抵御。”,无,砸开门进去。多指盗贼行为。,pò mén ér rù,破门而入,pmer,po men er ru,po,ru
晋·刘琨《答卢堪书》时复相与举觞对膝，破涕为笑。”,她很高兴地赞同这个计划，并且～地说她有逃的办法。★巴金《家》二十八,涕眼泪。一下子停止了哭泣，露出笑容。形容转悲为喜。,pò tì wéi xiào,破涕为笑,ptwx,po ti wei xiao,po,xiao
无,无,①破旧锈烂无用的铜铁器。②泛指各种破旧无用的器物。,pò tóng làn tiě,破铜烂铁,ptlt,po tong lan tie,po,tie
无,他的话破绽百出，十分可疑。,比喻说话做事漏洞非常多。,pò zhàn bǎi chū,破绽百出,pzbc,po zhan bai chu,po,chu
《乐府诗集·横吹曲辞五·木兰诗》雄兔脚扑朔，雌兔眼迷离，双兔傍地走，安能辨我是雄雌。”,敌军却始终～，不知我军主力所在。★杨至城《巧使敌人就范》,指难辨兔的雌雄。形容事情错综复杂，难以辨别清楚。,pū shuò mí lí,扑朔迷离,psml,pu shuo mi li,pu,li
无,洪水霎时铺天盖地而来，冲倒了树木和房屋。,一下子到处都是。形容来势很猛。,pū tiān gài dì,铺天盖地,ptgd,pu tian gai di,pu,di
无,我们要提倡艰苦奋斗，反对铺张浪费。,铺张讲究排场。为了场面好看而浪费人力物力。,pū zhāng làng fèi,铺张浪费,pzlf,pu zhang lang fei,pu,fei
巴金《〈爝火集〉后记》他只是平铺直叙，朴实无华地讲会见的事情。”,无,质朴实在而不浮华。,pǔ shí wú huá,朴实无华,pswh,pu shi wu hua,pu,hua
《佛说无量寿经》普欲度脱一切众生。”,丈六金身，能变能化，无大无不大，无通无不通，～，号作天人师。★明·冯梦龙《警世通言》卷四十,佛家语，认为大众营营扰扰，如溺海中，佛以慈悲为怀，施宏大法力，尽力救济他们以便登上彼岸。,pǔ dù zhòng shēng,普度众生,pdzs,pu du zhong sheng,pu,sheng
《三国志·魏书·郭淮传》今溥（普）天同庆而卿最留迟，何也？”,大街上搭起几坐彩坊，中间还有四个字道～”，据说这算是过年。★鲁迅《华盖集续编·杂论管闲事·做学问·灰色等》,天下的人或全国的人共同庆祝。,pǔ tiān tóng qìng,普天同庆,pttq,pu tian tong qing,pu,qing
《诗经·小雅·北山》溥天之下，莫非王土；率土之滨，莫非王臣。”,无,指整个天下；遍天下。,pǔ tiān zhī xià,普天之下,ptzx,pu tian zhi xia,pu,xia
无,无,形容年纪很大。,qī lǎo bā shí,七老八十,qlbs,qi lao ba shi,qi,shi
宋·惟白《建中靖国续灯录》卷六无味之谈，七零八落。”,一个小小家当，弄得～。★明·冯梦龙《醒世恒言》卷十六,形容零散稀疏的样子。特指原来又多又整齐的东西现在零散了。,qī líng bā luò,七零八落,qlbl,qi ling ba luo,qi,luo
无,他这篇论文没有新意，都是从杂志上东抄西抄，七拼八凑来的。,指把零碎的东西拼凑起来。引申为胡乱凑合。,qī pīn bā còu,七拼八凑,qpbc,qi pin ba cou,qi,cou
无,无,①犹言差不多。②犹言零零碎碎，各式各样。,qī qī bā bā,七七八八,qqbb,qi qi ba ba,qi,ba
《礼记·礼运》七情喜怒哀惧爱恶欲。六欲生死耳目口鼻。”,无,泛指人的喜、怒、哀、乐和嗜欲等。,qī qíng liù yù,七情六欲,qqly,qi qing liu yu,qi,yu
明·施耐庵《水浒全传》第二十六回那胡正卿心头十五个吊桶打水，七上八下。”,他就感觉得～，心里老不自在。★沙汀《烦恼》,形容心里慌乱不安。,qī shàng bā xià,七上八下,qsbx,qi shang ba xia,qi,xia
宋·释普济《五灯会元》卷二十上堂七手八脚，三头两面，耳听不闻，眼觑不见，苦乐逆顺，打成一片。”,众人～将他扛抬了出来。★清·吴敬梓《儒林外史》第三回,形容人多手杂，动作纷乱。,qī shǒu bā jiǎo,七手八脚,qsbj,qi shou ba jiao,qi,jiao
清·袁枚《牍外余言》故晋大夫七嘴八舌，冷讥热嘲，皆由于心之大公也。”,无,形容人多口杂。,qī zuǐ bā shé,七嘴八舌,qzbs,qi zui ba she,qi,she
明·梁辰鱼《浣纱记·见王》你一向远出，可速与妻儿老小相聚。”,谁都有～的。,指父、母、妻、子等全家人。,qī ér lǎo xiǎo,妻儿老小,qelx,qi er lao xiao,qi,xiao
《孟子·梁惠王上》父母冻饿，兄弟妻子离散，”,无辜人民之死伤成千累万，～啼饥号寒者到处皆是。★毛泽东《评国民党对战争责任问题的几种答案》,一家子被迫分离四散。,qī lí zǐ sàn,妻离子散,qlzs,qi li zi san,qi,san
《左传·昭公四年》春无凄风，秋无苦雨。”,我们住在这里，总不了局，不如趁这颜色未衰，再去混他几年，何苦在这里，受这些～。★清·禇人获《隋唐演义》第六十二回,凄风寒冷的风；苦雨久下成灾的雨。形容天气恶劣◇用来比喻境遇悲惨凄凉。,qī fēng kǔ yǔ,凄风苦雨,qfky,qi feng ku yu,qi,yu
《左传·昭公四年》春无凄风，秋无苦雨。”,时遇秋天，怎当那～，过雁吟虫，眼前景物，无一件不是牵愁触闷的。★元·杨显之《潇湘雨》第三折,凄风寒冷的风；冷雨冰冷的雨。形容天气恶劣◇用来比喻境遇悲惨凄凉。,qī fēng lěng yǔ,凄风冷雨,qfly,qi feng leng yu,qi,yu
元·郑廷玉《楚昭公》第四折主公着他做了盟府，又与他一口宝剑，筵前举鼎，欺人太甚。”,郑彩使劲把匣子摔到地上，撕裂的嗓声，疯狂地大叫你们不要～。”★华而实《汉衣冠》六,欺负人太过分了，令人不能容忍。,qī rén tài shèn,欺人太甚,qrts,qi ren tai shen,qi,shen
明·高明《琵琶记·五娘请粮被抢》点催首放富差贫，保上户欺软怕硬。”,不公道，～！有好差事派了别人；这样黑更半夜送人，就派我。★清·曹雪芹《红楼梦》第七回,欺负软弱的，害怕强硬的。,qī ruǎn pà yìng,欺软怕硬,qrpy,qi ruan pa ying,qi,ying
唐·元结《奏免科率状》忝官尸禄，欺上罔下，是臣之罪。”,无,对上欺骗，博取信任；对下隐瞒，掩盖真相。,qī shàng mán xià,欺上瞒下,qsmx,qi shang man xia,qi,xia
《荀子·不苟》夫富贵者则类傲之；夫贫贱者则求柔之。是非仁人之情也，是奸人将以盗名于暗世者也，险莫大焉。”,不知平日所讲何学，居然～。★清·阮葵生《茶余客话》卷十,欺骗世人，窃取名誉。,qī shì dào míng,欺世盗名,qsdm,qi shi dao ming,qi,ming
周恩来《在上海科学技术工作会议上的讲话》实现科学技术现代化的主要要求是实事求是，循序前进，齐头并进，迎头赶上。”,无,多方面同时前进。多形容几件事情或几项工作同时进行。,qí tóu bìng jìn,齐头并进,qtbj,qi tou bing jin,qi,jin
《墨子·尚贤》《汤誓》曰‘聿求元圣，与之戮力同心，以治天下。’”,工人们～，只用一天时间就把道路修好了。,形容认识一致，共同努力。,qí xīn hé lì,齐心合力,qxhl,qi xin he li,qi,li
《墨子·尚贤》《汤誓》曰‘聿求元圣，与之戮力同心，以治天下。’”,往后咱们～，一块打反动派！★冯德英《迎春花》第十九章,形容认识一致，共同努力。,qí xīn xié lì,齐心协力,qxxl,qi xin xie li,qi,li
无,这里条件很艰苦，但跟困难做斗争，其乐无穷。,其中的乐趣没有穷尽。指朝廷某一工作，感到乐在其中。,qí lè wú qióng,其乐无穷,qlwq,qi le wu qiong,qi,qiong
《左传·昭公二十八年》今子少不扬，子若无言，吾几失子矣。”杜预注颜貌不显扬。”唐·裴度《自题写真赞》尔才不长，尔貌不扬。”,别看他～，可学习特别好。,不扬不好看。形容人容貌难看。,qí mào bù yáng,其貌不扬,qmby,qi mao bu yang,qi,yang
欧阳山《三家巷》一七我们和帝国主义结下了深仇大恨，我们忘不了那些奇耻大辱。”,无,奇异常。极大的耻辱。,qí chǐ dà rǔ,奇耻大辱,qcdr,qi chi da ru,qi,ru
《西京杂记》卷三奇树异草，靡不具植。”,命岸贾于绛州城内，起一座花园，遍求～，种植其中。★明·冯梦龙《东周列国志》第五十回,原意是指希奇少见的花草。也比喻美妙的文章作品等。,qí huā yì cǎo,奇花异草,qhyc,qi hua yi cao,qi,cao
《史记·吕不韦列传》吕不韦贾邯郸，见（子楚）而怜之，曰‘此奇货可居。’”,可是他们把票子当做～，非要足了钱不肯放回。★姚雪垠《李自成》第一卷第二十五章,指把少有的货物囤积起来，等待高价出售。也比喻拿某种专长或独占的东西作为资本，等待时机，以捞取名利地位。,qí huò kě jū,奇货可居,qhkj,qi huo ke ju,qi,ju
清·钱泳《履园丛话·耆旧·仲子教授》乾隆戊申岁，余往汴梁，遇毕秋帆中丞幕中，两眼若漆，奇谈怪论，咸视为异物，无一人与言者。”,对社会上的一些～，我们要有识别能力。,奇怪的不合情理的言论。,qí tán guài lùn,奇谈怪论,qtgl,qi tan guai lun,qi,lun
《晋书·温峤传》至牛渚矶，水深不可测，世云其下多怪物，峤遂燃犀角而照之，须臾见水族覆火，奇形异状，或乘马车，著赤衣者。”,铁索千寻取得来，～谁能识？★唐·吴融《太湖石歌》,不同一般的，奇奇怪怪的形状。,qí xíng guài zhuàng,奇形怪状,qxgz,qi xing guai zhuang,qi,zhuang
宋·胡仔《苕溪渔隐丛话后集·东坡四》嗟呼，世不乏奇珍异宝，乏识者耳。”,卿既不受职，朕所有黄金白璧，奇珍异宝，惟卿所好。★明·冯梦龙《警世通言·李谪仙醉草吓蛮书》,珍异难得的宝物。,qí zhēn yì bǎo,奇珍异宝,qzyb,qi zhen yi bao,qi,bao
战国楚·屈原《涉江》余幼好此奇服兮，年既老而不衰。”,无,比一般人衣着式样特异的服装（多含贬义）。,qí zhuāng yì fú,奇装异服,qzyf,qi zhuang yi fu,qi,fu
《晋书·温峤传》今之事势，义无旋踵，骑猛兽安可中下哉。”唐·李白《留别广陵诸公》诗骑虎不敢下，攀龙忽堕天。”,本月三日抛出的一百万公债，都成了～之势，我们只有硬着头皮干到那里是那里了！★茅盾《子夜》十,骑在老虎背上不能下来。比喻做一件事情进行下去有困难，但情况又不允许中途停止，陷于进退两难的境地。,qí hǔ nán xià,骑虎难下,qhnx,qi hu nan xia,qi,xia
《晋书·谢安传》安常棋劣于玄，是日玄惧，便为敌手而又不胜。”唐·杜荀鹤《观棋》诗有时逢敌手，对局到深更。”,他两个在半空中，这场好杀～，将遇良才。（明·吴承恩《西游记》第三十四回）,逢相遇。下棋遇到对手。比喻争斗的双方本领不相上下。,qí féng duì shǒu,棋逢对手,qfds,qi feng dui shou,qi,shou
《后汉书·隗嚣传》如令子阳到汉中、三辅，愿因将军兵马，鼓旗相当。”,单说何孝先自办此事以来，居然别开生路，与申大善士一帮～，彼此各不相干。★清·李宝嘉《官场现形记》第三十五回,比喻双方力量不相上下。,qí gǔ xiāng dāng,旗鼓相当,qgxd,qi gu xiang dang,qi,dang
元·无名氏《射柳捶丸》第四折托赖主人洪福，旗开得胜，马到成功。”,～姜文焕，一怒横行劈董忠。★明·许仲琳《封神演义》第九十四回,刚一打开旗帜进入战斗，就取得了胜利。比喻事情刚一开始，就取得好成绩。,qí kāi dé shèng,旗开得胜,qkds,qi kai de sheng,qi,sheng
明·罗贯中《三国演义》第二十五回曹操指山下颜良排的阵势，旗帜鲜明，枪刀森布，严整有威。”,兀术好生疑惑，忙出营前观看；果然依旧～，枪刀密布，不知何故。（清·钱彩《说岳全传》第五十七回）,本指军旗耀眼，军容整齐。现比喻立场、观点、态度等十分明确。,qí zhì xiān míng,旗帜鲜明,qzxm,qi zhi xian ming,qi,ming
《南齐书·虞悰传》郁林（王）废，悰窃叹日‘王、徐遂缚裦废一天子，天下岂有此理邪？’”,人家好心问你，你倒说这种话！真正～！（巴金《家》十六）,哪有这个道理。指别人的言行或某一事物极其荒谬。,qǐ yǒu cǐ lǐ,岂有此理,qycl,qi you ci li,qi,li
《列子·天瑞》杞国有人，忧天地崩坠，身亡所寄，废寝食者。”,～，伯虑愁眼。（清·李汝珍《镜花缘》第二十七回）,杞周代诸侯国名，在今河南杞县一带。杞国有个人怕天塌下来。比喻不必要的或缺乏根据的忧虑和担心。,qǐ rén yōu tiān,杞人忧天,qryt,qi ren you tian,qi,tian
清·金圣叹《西厢记读法》有此许多起承转合，便令题目透出文字。”,然而不得已，也只好～，上台去说几句。★鲁迅《而已集·通信》,起开头；承承接上文加以申述；转转折；合结束。泛指文章的做法。也比喻固定呆板的形式。,qǐ chéng zhuǎn hé,起承转合,qczh,qi cheng zhuan he,qi,he
明·张岱《鲁云谷传》医不经师，方不袭古，每以劫剂胑见起死回生。”,对于时人那虚弱的感情，这真有～的力量。★闻一多《宫体诗的自赎》,把快要死的人救活。形容医术高明。也比喻把已经没有希望的事物挽救过来。,qǐ sǐ huí shēng,起死回生,qshs,qi si hui sheng,qi,sheng
周立波《暴风骤雨》第一部九‘头年给你干一整年活，冲风冒雨，起早贪黑的。’郭全海说，气急眼了。”,无,起得早，睡得晚。形容辛勤劳动。,qǐ zǎo tān hēi,起早贪黑,qzth,qi zao tan hei,qi,hei
明·许仲琳《封神演义》第二十六回一眼看见喜媚乌云散乱，气喘吁吁。”,廖二嫂～，脸色铁青，奔到他面前来了。★沙汀《呼嚎》,形容呼吸急促，大声喘气。,qì chuǎn xū xū,气喘吁吁,qcxx,qi chuan xu xu,qi,xu
《礼记·聘义》气如白虹，天也。”,斗争结盟友，殉难慷慨同。 人民柴市节，浩气贯长虹。★陈毅《纪念李大钊同志殉难三十周年》诗,贯贯穿。正义的精神直上高空，穿过彩虹。形容精神极其崇高，气概极其豪壮。,qì guàn cháng hóng,气贯长虹,qgch,qi guan chang hong,qi,hong
明·施耐庵《水浒全传》第六十七回水军头领棹船接济军马，陆续过渡，只见一个人气急败坏跑将来。”,无,上气不接下气，狼狈不堪。形容十分荒张或恼怒。,qì jí bài huài,气急败坏,qjbh,qi ji bai huai,qi,huai
秦牧《古战场春晓》这是中国近代史上气势磅礴的一页。”,无,磅礴广大无边的样子。形容气势雄伟壮大。,qì shì páng bó,气势磅礴,qspb,qi shi pang bo,qi,bo
《荀子·天论》君子不为小人之汹汹也辍行。”,就在这时候，从门外闯进了一位～中年农妇。★郭沫若《金刚坡下》,汹汹气势盛大的样子。形容气势凶猛。,qì shì xiōng xiōng,气势汹汹,qsxx,qi shi xiong xiong,qi,xiong
元·金仁杰《追韩信》第二折背楚投汉，气吞山河。知音未遇，弹琴空歌。”,这号人，在困难中不是低头叹息，而是奋发图强，壮志凌云，～。★姚雪垠《李自成》第二卷第二十八章,气势可以吞没山河。形容气魄很大。,qì tūn shān hé,气吞山河,qtsh,qi tun shan he,qi,he
宋·范仲淹《岳阳楼记》朝晖夕阴，气象万千。”,这庄严秀丽、～的长江真是美极了。★刘白羽《长江三日》,气象情景。形容景象或事物壮丽而多变化。,qì xiàng wàn qiān,气象万千,qxwq,qi xiang wan qian,qi,qian
无,你不要怕他气焰嚣张的样子。,嚣张猖狂的样子。形容人威势逼人，猖狂放肆。,qì yàn xiāo zhāng,气焰嚣张,qyxz,qi yan xiao zhang,qi,zhang
明·罗贯中《三国演义》第四十三回张昭等见孔明丰神飘洒，器宇轩昂，料到此人必来游说。”,无,形容人精力充沛，风度不凡。,qì yǔ xuān áng,气宇轩昂,qyxa,qi yu xuan ang,qi,ang
梁信《从奴隶到将军》上集第四章又听到了你的朴朴实实、气壮山河的言谈了。”,无,气气概；壮使壮丽；山河高山和大河。形容气概豪迈，使祖国山河因而更加壮丽。,qì zhuàng shān hé,气壮山河,qzsh,qi zhuang shan he,qi,he
元·尚仲贤《单鞭夺槊》楔子高鸟相良木而栖，贤臣择明主而佐。背暗投明，古之常理。”,今将军既知顺逆，～，俱是一殿之臣，何得又分彼此。（明·许仲琳《封神演义》第五十六回）,离开黑暗，投向光明。比喻在政治上脱离反动阵营，投向进步方面。,qì àn tóu míng,弃暗投明,qatm,qi an tou ming,qi,ming
《三国志·魏志·武帝纪》裴松之注引《九州春秋》夫鸡肋，弃之如可惜，食之无所得，以比汉中，知王欲还也。”,无,扔掉它未免可惜。,qì zhī kě xī,弃之可惜,qzkx,qi zhi ke xi,qi,xi
《吴越春秋·越王无余外传》尽夜哭泣，气不属声。”,弥留之际，日饮白汤升许，欲以洗涤肺腑，及食不下咽，～。★清·黄钧宰《金壶七墨·鸳鸯印传奇始末》,哭得噎住了，出不来声音。形容非常伤心。,qǐ bù chéng shēng,泣不成声,qbcs,qi bu cheng sheng,qi,sheng
无,他引用那篇文章时，掐头去尾，断章取义，影响很坏。,除去前头后头两部分，也比喻除去没有用的部分。,qiā tóu qù wěi,掐头去尾,qtqw,qia tou qu wei,qia,wei
朱自清《经典常谈·春秋三传第六》只是平心静气的说，紧要关头却不放松一步；真所谓恰到好处。”,无,指说话做事恰好到了最合适的地步。,qià dào hǎo chù,恰到好处,qdhc,qia dao hao chu,qia,chu
无,老师举的这个例子恰如其分，同学们很快就掌握了这种方法。,指办事或说话正合分寸。,qià rú qí fèn,恰如其分,qrqf,qia ru qi fen,qia,fen
《列子·周穆王》乘虚不坠，触实不硋，千变万化，不可穷极。”《史记·贾谊列传》千变万化兮，未始有极。”,官场中的事，～，那里说得定呢。（清·吴趼人《二十年目睹之怪现状》第七回）,形容变化极多。,qiān biàn wàn huà,千变万化,qbwh,qian bian wan hua,qian,hua
宋·释道原《景德传灯录》卷二十五僧问‘如何是无异底事？’师曰‘千差万别。’”,无,形容各类多，差别大。,qiān chā wàn bié,千差万别,qcwb,qian cha wan bie,qian,bie
唐·韩愈《与孟尚书书》汉室以来，群儒区区修补，百孔千疮，随乱随失，其危如一发引千钧。”,让他们都显显身手，谁能把这个～的中国从热火里救出来，算谁有本事。★梁斌《红旗谱》四十九,形容漏洞、弊病很多，或破坏的程度严重。,qiān chuāng bǎi kǒng,千疮百孔,qcbk,qian chuang bai kong,qian,kong
晋·刘琨《重赠卢谌》诗何意百炼刚，化为绕指柔。”宋·尤袤《全唐诗话》卷三百锻为字，千炼成句。”,诗家好作奇句警语，必～而后能成。★清·赵翼《瓯北诗话》卷一,比喻经历多次艰苦斗争的锻炼和考验。也指对文章和作品进行多次精心的修改。,qiān chuí bǎi liàn,千锤百炼,qcbl,qian chui bai lian,qian,lian
元·无名氏《盆儿鬼》第四折即日押赴市曹，将他万剐千刀，凌迟处死。”,谁敢再有二心，俺便拿送辕门，听元帅千刀万剐。★清·孔尚任《桃花扇·誓师》,剐割肉离骨。一刀一刀将罪犯身上的肉割下处死。形容罪恶重大，死也不能抵罪。,qiān dāo wàn guǎ,千刀万剐,qdwg,qian dao wan gua,qian,gua
元·杨显之《潇湘雨》第四折我将你千叮万嘱，你偏放人长号短哭。”,无,再三再四地嘱咐。表示对嘱咐的事情极重视。,qiān dīng wàn zhǔ,千叮万嘱,qdwz,qian ding wan zhu,qian,zhu
明·施耐庵《水浒全传》第一百四回李助是个星卜家，得了银子，千恩万谢的辞了范全、王庆，来到段家庄回复。”,无,一再表示感恩和谢意。,qiān ēn wàn xiè,千恩万谢,qewx,qian en wan xie,qian,xie
《朱子语类·论语十七》譬如捉贼相似，须是着起气力精神，千方百计去赶他。”,这个老匪开初～想收买这支已经武装了的工人队伍，可是工人们坚决拒绝加入匪股。★曲波《林海雪原》十四,想尽或用尽一切办法。,qiān fāng bǎi jì,千方百计,qfbj,qian fang bai ji,qian,ji
《汉书·王嘉传》千人所指，无病而死。”,～，其倾覆可立而期。★章炳麟《联省自治虚置政府议》,为众人所指责。形容触犯众怒。,qiān fū suǒ zhǐ,千夫所指,qfsz,qian fu suo zhi,qian,zhi
无,无,①形容沟壑极多。②比喻道路坎坷不平。,qiān gōu wàn hè,千沟万壑,qgwh,qian gou wan he,qian,he
明·李贽《与汪鼎甫书》所谓水中盐味，可取不可得，是为千古绝唱，当与古文远垂不朽者也。”清·采蘅子《虫鸣漫录》卷二‘茶龟’对‘酒鳖’，真千古绝唱也。”,一物而兼三名，原不为奇，最难得都是叠韵。古人命名之巧，无出其右，这可算得～了。★清·李汝珍《镜花缘》第九十二回,指从来少有的绝妙佳作。,qiān gǔ jué chàng,千古绝唱,qgjc,qian gu jue chang,qian,chang
唐·白居易《琵琶行》诗千呼万唤始出来，犹抱琵琶半遮面。”,无,形容再三催促。,qiān hū wàn huàn,千呼万唤,qhwh,qian hu wan huan,qian,huan
元·范居中《秋思》我这里千回右转自彷徨，撇不下多情数桩。”,无,形容反复回旋或进程曲折。,qiān huí bǎi zhuǎn,千回百转,qhbz,qian hui bai zhuan,qian,zhuan
孙犁《画的梦》千家万户的年画，给了我很多知识。”,无,指众多人家。,qiān jiā wàn hù,千家万户,qjwh,qian jia wan hu,qian,hu
《南史·陈庆之传》名军大将莫自牢，千兵万马避白袍。”,各方面竟如～地围困拢来，实在说，我是有被这班箭手底乱箭所射死的可能性的。★柔石《二月》二四,形容雄壮的队伍或浩大的声势。,qiān jūn wàn mǎ,千军万马,qjwm,qian jun wan ma,qian,ma
《汉书·枚乘传》夫以一缕之任，系千钧之重，上悬无极之高，下垂不测之渊，虽甚愚之人，犹知哀其将绝也。”唐·韩愈《与孟尚书书》其危如一发引千钧。”,正在～的时刻，一位不知名的解放军战士奋不顾身跳进冰冷的河水中，救起了落水儿童。,比喻情况万分危急。,qiān jūn yī fà,千钧一发,qjyf,qian jun yi fa,qian,fa
明·冯梦龙《古今小说·范巨卿鸡黍死生交》辞亲别弟到山阳，千里迢迢客梦长。岂为友朋轻骨肉，只因信义迫中肠。”,李少荃要讲和，曾国荃只主战，派了唐景崧，～来把将军见。★清·曾朴《孽海花》第六回,迢迢遥远。形容路途遥远。,qiān lǐ tiáo tiáo,千里迢迢,qltt,qian li tiao tiao,qian,tiao
元·金仁杰《追韩信》第二折干功名千难万难，求身仕两次三番。”,小生来这里走一遭，～。★明·施耐庵《水浒传》第十五回,犹言好不容易。,qiān nán wàn nán,千难万难,qnwn,qian nan wan nan,qian,
元·杨景贤《西游记》第五本第四折火焰山千难万险。”,他历尽了～终于回到了阔别五十年的老家。,形容困难和危险极多。,qiān nán wàn xiǎn,千难万险,qnwx,qian nan wan xian,qian,xian
南朝梁·钟嵘《诗品》卷中张公虽复千篇，犹一体耳。”宋·苏轼《答王庠书》今程试文字，千人一律，考官亦厌之。”,她又开始说起～的恳求的话语来了。★沙汀《磁力》,一千篇文章都一个样。指文章公式化。也比喻办事按一个格式，非常机械。,qiān piān yī lǜ,千篇一律,qpyl,qian pian yi lv,qian,lv
明·凌濛初《二刻拍案惊奇》卷十一杀人竟不偿命，不杀人到要偿命，死者生者，怨气冲天，纵然官府不明，皇天自然鉴察，千奇百怪的，巧生出机会来了此公案。”,海洋里的生物～，非常迷人。,形容各种各样奇怪的事物。,qiān qí bǎi guài,千奇百怪,qqbg,qian qi bai guai,qian,guai
唐·杜牧《晚晴赋》千千万万之状容兮，不可得而状也。”,无,形容为数极多。,qiān qiān wàn wàn,千千万万,qqww,qian qian wan wan,qian,wan
《韩非子·显学》今巫祝之祝人曰‘使若千秋万岁。’千秋万岁之声恬耳，而一日之寿无征于人，此人所以简巫祝也。”,无,一千年，一万代。指世世代代，时间久长。,qiān qiū wàn dài,千秋万代,qqwd,qian qiu wan dai,qian,dai
无,无,众多人一个脸谱。多用以讥讽文艺创作上的雷同。,qiān rén yī miàn,千人一面,qrym,qian ren yi mian,qian,mian
唐·张乔《寄维阳故人》诗离别河边绾柳条，千山万水玉人遥。”,无,万道河，千重山。形容路途艰难遥远。,qiān shān wàn shuǐ,千山万水,qsws,qian shan wan shui,qian,shui
宋·戴石屏《怜薄命》词道旁杨柳依依，千丝万缕，拧不住一分愁绪。”,无,千条丝，万条线。原形容一根又一根，数也数不清。现多形容相互之间种种密切而复杂的联系。,qiān sī wàn lǚ,千丝万缕,qswl,qian si wan lv,qian,lv
三国魏·曹植《自试令》机等吹毛求疵，千端万绪，然终无可言者。”,一时间，～，让他无从谈起。,绪丝头。比喻事情的开端，头绪非常多。也形容事情复杂纷乱。,qiān tóu wàn xù,千头万绪,qtwx,qian tou wan xu,qian,xu
元·张之翰《元日》千辛万苦都尝遍，只有吴淞水最甘。”,侨胞的金钱不是容易得到的，是由于他们胼手胝足，～，省吃俭用，积累起来的。★邹韬奋《抗战以来·热烈爱国的千万侨胞》,各种各样的艰难困苦。,qiān xīn wàn kǔ,千辛万苦,qxwk,qian xin wan ku,qian,ku
唐·郑谷《燕》诗千言万语无人会，又逐流莺过短墙。”,两人对望着，好象没有话说了，其实心里正有着～。（巴金《家》三十六）,形容说得话很多。,qiān yán wàn yǔ,千言万语,qywy,qian yan wan yu,qian,yu
《南齐书·瘐杲之传》臣以凡庸，谬徼（侥）昌运，奖擢之厚，千载难逢。”唐·韩愈《潮州刺史谢上表》当此之际，所谓千载一时不可逢之嘉会。”,天下竟有如此奇事！怪不得叔叔说是我们闺中～际遇，真是旷古少有。★清·李汝珍《镜花缘》第四十一回,一千年里也难碰到一次。形容机会极其难得。,qiān zǎi nán féng,千载难逢,qznf,qian zai nan feng,qian,feng
应修人《金字塔银宝塔》一这个南乡人，还说这个新闻是千真万确的。”,我是从何营长的小公馆里得来的。营长的姨太太已经避到县里去了。还是雇的王麻子的船，～！★茅盾《子夜》四,形容情况非常确实。,qiān zhēn wàn què,千真万确,qzwq,qian zhen wan que,qian,que
蒋子龙《好景门》食客五花八门，论服饰千姿百态，论肤色黄白都有。”,当然，～的生活本身又为这种竞赛提供了根本的条件。★秦牧《艺海拾贝·鲜花百态和艺术风格》,形容姿态多种多样。,qiān zī bǎi tài,千姿百态,qzbt,qian zi bai tai,qian,tai
元·无名氏《冤家债主》第三折可怎生将俺孩儿一时勾去，害的俺张善友牵肠割肚。”,人家～的等着，你且高乐去！（清·曹雪芹《红楼梦》第二十六回）,牵拉。形容十分惦念，放心不下。,qiān cháng guà dù,牵肠挂肚,qcgd,qian chang gua du,qian,du
鲁迅《坟·人之历史》揣古希腊哲人，似不无微知此意者，而厥后则牵强附会之说大行。”,无,把本来没有某种意义的事物硬说成有某种意义。也指把不相关联的事物牵拉在一起，混为一谈。,qiān qiáng fù huì,牵强附会,qqfh,qian qiang fu hui,qian,hui
《易·谦》谦谦君子，卑以自牧也。”,俺这等～，须不比泛泛庸徒。★元·无名氏《渔樵记》第一折,指谦虚而严格要求自己的人。,qiān qiān jūn zǐ,谦谦君子,qqjz,qian qian jun zi,qian,zi
《晋书·张宾载记》封濮阳侯，任遇优显，宠冠当时，而谦虚敬慎，开襟下士。”,务必使同志们继续保持～、不骄不躁的作风。★毛泽东《在中国共产党第七届中央委员会议上的报告》,形容人虚心礼让，小心谨慎。,qiān xū jǐn shèn,谦虚谨慎,qxjs,qian xu jin shen,qian,shen
《荀子·成相》前车已覆，后未知更何觉时！”汉·刘向《说苑·善说》前车覆，后车戒。”,～，请自三思。★清·陈忱《水浒后传》第二十五回,鉴镜子，为教训。前面车子翻倒的教训。比喻先前的失败，可以做为以后的教训。,qián chē zhī jiàn,前车之鉴,qczj,qian che zhi jian,qian,jian
唐·孙樵《祭梓潼神君文》跛马愠仆，前仆后踣。”,波涛汹涌的海浪，奔腾着，咆哮着，没有尽头。,前面的冲上去了，后面的紧跟上来。形容不断投入战斗，奋勇冲杀向前。,qián fù hòu jì,前赴后继,qfhj,qian fu hou ji,qian,ji
《战国策·西周策》公之功甚多，今公又以秦兵出塞，过两周，践韩，而以攻梁，一攻而不得，前功尽灭。”,皇上叫你去带兵，或是打土匪，或是打洋人，打赢了还好，打输了，岂非～，自寻苦恼。★清·李宝嘉《官场现形记》第四十九回,功功劳；尽完全；弃丢失。以前的功劳全部丢失。也指以前的努力全部白费。,qián gōng jìn qì,前功尽弃,qgjq,qian gong jin qi,qian,qi
元·无名氏《赚蒯通》第二折想为官的前呼后拥，衣轻乘肥，有多少荣耀！”,放学了，同学们～地走出了校园。,前面有人吆喝开路，后面有人围着保护。旧时形容官员出行，随从的人很多。,qián hū hòu yōng,前呼后拥,qhhy,qian hu hou yong,qian,yong
唐·孙樵《祭梓潼神君文》跛马愠仆，前仆后踣。”,～人应在，如君不愧轩辕孙！★清·秋瑾《吊吴烈士樾》,仆倒下；继接着，跟上。前面的倒下了，后面的紧跟上去。形容斗争的英勇壮烈。,qián pū hòu jì,前仆后继,qphj,qian pu hou ji,qian,ji
宋·周密《齐东野语·黄婆》此事前所未闻，是知穷荒绝檄，天奇地怪，亦何所不有，未可以见闻所未及，遂以为诞也。”,无,前先前。从来没有听说过。,qián suǒ wèi wén,前所未闻,qsww,qian suo wei wen,qian,wen
宋·徐度《却扫编》卷下而邓枢密洵武真以少保领院而不兼节钺，前所未有也。”,无,从来没有过的。,qián suǒ wèi yǒu,前所未有,qswy,qian suo wei you,qian,you
唐·陈子昂《登幽州台歌》前不见古人，后不见来者。”,二者皆句语雄峻，～。★宋·洪迈《容斋四笔》卷二,指以前的人从来没有做过的。也指空前的。,qián wú gǔ rén,前无古人,qwgr,qian wu gu ren,qian,ren
明·兰陵笑笑生《金瓶梅词话》第四十回把李瓶儿笑的前仰后合。”,众人听了，越发哄然大笑的～。★清·曹雪芹《红楼梦》第四十二回,身体前后晃动。形容大笑或困倦得直不起腰的样子。,qián yǎng hòu hé,前仰后合,qyhh,qian yang hou he,qian,he
《南齐书·高逸传论》今树以前因，报以后果。”,振德说完～，深叹一声。★冯德英《迎春花》第二十一章,起因和结果。泛指事情的整个过程。,qián yīn hòu guǒ,前因后果,qyhg,qian yin hou guo,qian,guo
北齐·颜之推《颜氏家训·慕贤》潜移暗化，自然似之。”,民众文学当有一种～”之功，以纯正的博大的趣味，替代旧有读物、戏剧等底不洁的、褊狭的趣味。★朱自清《民众文学的讨论》,潜暗中同，不见形迹；默不说话，没有声音。指人的思想或性格不知不觉受到感染、影响而发生了变化。,qián yí mò huà,潜移默化,qymh,qian yi mo hua,qian,hua
唐·柳宗元《三戒·黔之驴》,他们不过是～，想求个活命罢了。★陈立德《前驱》三十八,黔今贵州省一带；技技能；穷尽。比喻有限的一点本领也已经用完了。,qián lǘ jì qióng,黔驴技穷,qljq,qian lv ji qiong,qian,qiong
无,做事情不能浅尝辄止，要持之以恒，这样才能成功。,辄就。略微尝试一下就停下来。指不深入钻研。,qiǎn cháng zhé zhǐ,浅尝辄止,qczz,qian chang zhe zhi,qian,zhi
冯德英《迎春花》第二章枪林弹雨战火纷飞的日子，江水山觉得还是才开始，却一晃就过去了四年多。”,无,枪杆象树林，子弹象下雨。形容战斗激烈。,qiāng lín dàn yǔ,枪林弹雨,qldy,qiang lin dan yu,qiang,yu
明·罗贯中《三国演义》第四十三回座上一人忽日‘孔明所言，皆强词夺理，均非正论，不必再言。”,他的话简直就是～，你不要信他。,强词强辩；夺争。指无理强辩，明明没理硬说有理。,qiǎng cí duó lǐ,强词夺理,qcdl,qiang ci duo li,qiang,li
无,不论所谈论的是政治、宗教或社会问题，均不应把自己的意见～，硬要别人接受。,把一个人或一方的意见、看法勉强加诸于别人。,qiáng jiā yú rén,强加于人,qjyr,qiang jia yu ren,qiang,ren
《史记·韩安国列传》强弩之极，矢不能穿鲁缟。”《汉书·韩安国传》且臣闻之，冲风之衰，不能起毛羽；强弩之末，力不能入鲁缟。”,至于军阀，那是～了。★欧阳山《三家巷》二四,强弩所发的矢，飞行已达末程。比喻强大的力量已经衰弱，起不了什么作用。,qiáng nǔ zhī mò,强弩之末,qnzm,qiang nu zhi mo,qiang,mo
清·李汝珍《镜花缘》第二回那人王乃四海九州之主，代天宣化，岂肯颠倒，强人所难。”,别～了，他不会答应的。,勉强人家去做他不能做或不愿做的事情。,qiǎng rén suǒ nán,强人所难,qrsn,qiang ren suo nan,qiang,
清·蒲松龄《聊斋志异·邵女》‘汝狡兔三窟，何归为？’柴俯不对。女肘之，柴始强颜为笑。”,无,心里不畅快，但脸上勉强装出喜笑的样子。,qiǎng yán huān xiào,强颜欢笑,qyhx,qiang yan huan xiao,qiang,xiao
唐·白居易《琵琶行》诗东舟西舫悄无言，惟见江心秋月白。”,二三十只皮鞋的交响曲，登时冲破巷里～的黑暗。（艾芜《咆哮的许家屯》）,悄然寂静无声的样子。静悄悄的，听不到一点声音。,qiǎo rán wú shēng,悄然无声,qrws,qiao ran wu sheng,qiao,sheng
无,无,①指欢庆棕。②形容大造声势，大肆进行舆论宣扬。,qiāo luó dǎ gǔ,敲锣打鼓,qldg,qiao luo da gu,qiao,gu
无,无,指故意示警，使人震动。同敲山振虎”。,qiāo shān zhèn hǔ,敲山震虎,qszh,qiao shan zhen hu,qiao,hu
曲波《林海雪原》三三一名宋福，一名王大路，专门纠察库仑比的淘金工作和山林工人，为非作歹，敲诈勒索，无恶不作。”,无,依仗势力或抓籽柄进行恐吓，用威胁手段索取财物。,qiāo zhà lè suǒ,敲诈勒索,qzls,qiao zha le suo,qiao,suo
《诗·小雅·伐木》伐木丁丁，鸟鸣嘤嘤，出自幽谷，迁于乔木。”,无,乔迁鸟儿飞离深谷，迁到高大的树木上去∝人迁居或贺人官职升迁之辞。,qiáo qiān zhī xǐ,乔迁之喜,qqzx,qiao qian zhi xi,qiao,xi
清·吴趼人《痛史》第二十三回我并不出家修道，不过是乔装打扮，掩人耳目，借着卖药为名，到处访求英雄，以图恢复中国。”,无,乔装改变服装、面貌；打扮指化装。指进行伪装，隐藏身份。,qiáo zhuāng dǎ bàn,乔装打扮,qzdb,qiao zhuang da ban,qiao,ban
元·赵孟頫《赠放烟火者》诗人间巧艺夺天工，炼药燃灯清昼同。。”,天堑也能飞渡，人力～。★吴玉章《庆祝长江大桥通车》,夺胜过。人工的精巧胜过天然。形容技艺十分巧妙。,qiǎo duó tiān gōng,巧夺天工,qdtg,qiao duo tian gong,qiao,gong
清·昭梿《啸亭杂录·卷三·朱白泉狱中上百朱二公书》乃星使临工，以为巧立名目，不容申辩。”,向企业～收费的做法是不利于企业发展的。,变着法定出一些名目来达到某种不正当的目的。,qiǎo lì míng mù,巧立名目,qlmm,qiao li ming mu,qiao,mu
宋·苏轼《次韵米黻二王书跋尾》巧偷豪夺古来有，一笑谁似痴虎头。”,～”这成语，不正好用韩非的名言儒以文乱法，侠以武犯禁”来说明吗？★闻一多《关于儒、道、土匪》,巧取软骗；豪夺强抢。旧时形容达官富豪谋取他人财物的手段。现指用各种方法谋取财物。,qiǎo qǔ háo duó,巧取豪夺,qqhd,qiao qu hao duo,qiao,duo
《诗经·小雅·巧言》巧言如簧，颜之厚矣。”,这个商人～，把次品说成是优等品，欺骗消费者。,舌头灵巧，象簧片一样能发出动听的乐音。形容花言巧语，能说会道。,qiǎo shé rú huáng,巧舌如簧,qsrh,qiao she ru huang,qiao,huang
《书·皋陶谟》何畏乎巧言令色孔壬。”,无,巧言花言巧语；令色讨好的表情。形容花言巧语，虚伪讨好。,qiǎo yán lìng sè,巧言令色,qyls,qiao yan ling se,qiao,se
清·蒲松龄《聊斋志异·冤狱》带一名于纸尾，遂成附骨之疽，受万罪于公门，竞属切肤之痛。”,对日本帝国主义的暴行，他有着～。,切肤切身，亲身。亲身经受的痛苦。比喻感受深切。,qiè fū zhī tòng,切肤之痛,qfzt,qie fu zhi tong,qie,tong
无,只有～的经验才是真实而深刻的。,指自身遇到的经验。,qiē shēn tǐ huì,切身体会,qsth,qie shen ti hui,qie,hui
丁一岚《不单是为了纪念》这些杂文旗帜鲜明、爱憎分明、切中时弊而又短小精炼、妙趣横生、富有寓意，博得了广大读者的欢迎和支持。”,无,切切合；中恰好对上；弊害处。指发表的言论正好击中当时社会的弊病。,qiè zhòng shí bì,切中时弊,qzsb,qie zhong shi bi,qie,bi
无,这篇批评北京市交通的文章，字字珠玑，正是～。,指批评恰到事物的紧要处。,qiē zhōng yào hài,切中要害,qzyh,qie zhong yao hai,qie,hai
唐·韩愈《顺宗实录·永贞五年》虽叛两使事，未尝以簿书为意，日引其党屏人切切细语，谋夺官者兵，以制四海之命。”,又故意与行酒侍儿，～，羋氏两次问话，俱失应答。★明·冯梦龙《东周列国志》第四十六回,背地里小声说话。,qiè qiè sī yǔ,窃窃私语,qqsy,qie qie si yu,qie,yu
《荀子·劝学》锲而舍之，朽木不折；锲而不舍，金石可镂。”,夫固谓一人～，则行美于本性矣。★章炳麟《菌说》,锲镂刻；舍停止。不断地镂刻。比喻有恒心，有毅力。,qiè ér bù shě,锲而不舍,qebs,qie er bu she,qie,she
《三国志·吴志·吴主传》而曹公已临其境。”,无,临到；境境界，地方。亲自到了那个地方。,qīn lín qí jìng,亲临其境,qlqj,qin lin qi jing,qin,jing
《汉书·萧望之传赞》萧望之历位将相，藉师傅之恩，可谓亲昵亡间。及至谋泄隙开，谗邪构之，卒为便嬖宦竖所图，哀哉！”,老东山和未过门的儿媳妇，父女般的谈着，似乎他们之间，过去没有发生什么纠纷不不愉快，从来就是～。★冯德英《迎春花》十九章,间缝隙。关系亲密，没有隔阂。形容十分亲密，没有任何隔阂。,qīn mì wú jiàn,亲密无间,qmwj,qin mi wu jian,qin,jian
无,无,与邻者亲近，与邻邦友好。,qīn rén shàn lín,亲仁善邻,qrsl,qin ren shan lin,qin,lin
宋·孙光宪《北梦琐言》卷五唐高测，彭州人。聪明博识，文翰纵横。至于天文历数，琴棋书画，长笛胡琴，率梁朝朱异之流。”,不拘描龙绣凤，件件皆精，～，般般都会。★清·张南庄《何典》第七回,弹琴、弈棋、写字、绘画。常以表示个人的文化素养。,qín qí shū huà,琴棋书画,qqsh,qin qi shu hua,qin,hua
宋·邵雍《弄笔吟》弄假像真终是假，将勤补拙总轮勤。”,无,勤奋能够弥补不足。,qín néng bǔ zhuō,勤能补拙,qnbz,qin neng bu zhuo,qin,zhuo
汉·司马迁《报任少卿书》曩者辱赐书，教以顺于接物，推贤进士为务，意气勤勤恳恳。”,报德明功，～。★《三国志·吴志·周瑜传》,形容勤劳踏实。也形容勤恳的样子。,qín qín kěn kěn,勤勤恳恳,qqkk,qin qin ken ken,qin,ken
秦牧《秘诀》他的儿子听后，再不敢妄图侥幸走上捷径，经过真正的勤学苦练，终于也成为书法家。”,无,认真学习，刻苦训练。,qín xué kǔ zh,勤学苦练,qxkz,qin xue ku zh,qin,zh
《战国策·齐策五》秦王恐之，寝不安席，食不甘味。”,无,睡不好觉，吃不好饭。十分忧虑担心的样子。,qǐn shí bù ān,寝食不安,qsba,qin shi bu an,qin,an
宋·林洪《冷泉亭》诗一泓清可沁诗脾。”,然而夜气很清爽，真所谓～”，我在北京遇着这样的好空气，仿佛这是第一遭了。★鲁迅《呐喊·社戏》,沁渗入。原指芳香凉爽的空气或饮料使人感到舒适。也形容诗歌和文章优美动人，给人清新爽朗的感觉。,qìn rén xīn pí,沁人心脾,qrxp,qin ren xin pi,qin,pi
《荀子·劝学》青，取之于蓝，而青于蓝。”,愈变愈妙，可谓～矣。★清·平步清《霞外捃屑》卷六,青靛青；蓝蓼蓝之类可作染料的草。青是从蓝草里提炼出来的，但颜色比蓝更深。比喻学生超过老师或后人胜过前人。,qīng chū yú lán,青出于蓝,qcyl,qing chu yu lan,qing,lan
《元典章·户部·仓库》即日正是青黄不接之际，各处物斛涌贵。”,总算安然改业，否则也许还有一段～的失业时期。★邹韬奋《经历·英文教员》,青田时的青苗；黄成熟的谷物。旧粮已经吃完，新粮尚未接上。也比喻人才或物力前后接不上。,qīng huáng bù jiē,青黄不接,qhbj,qing huang bu jie,qing,jie
唐·李白《长干行》诗郎骑竹马来，绕床弄青梅。同居长干里，两小无嫌猜。”,那少年时期的～，在他心灵里留下了多少难忘的记忆啊！★魏巍《东方》第一部第九章,青梅青的梅子；竹马儿童以竹竿当马骑。形容小儿女天真无邪玩耍游戏的样子。现指男女幼年时亲密无间。,qīng méi zhú mǎ,青梅竹马,qmzm,qing mei zhu ma,qing,ma
宋·释普济《五灯会元》问‘牛头未见四祖时如何？’师曰‘青山绿水。’曰‘见后如何？’师曰‘绿水青山。’”,历遍了～，看不尽野草闲花。★明·吴承恩《西游记》第二十三回,泛称美好山河。,qīng shān lǜ shuǐ,青山绿水,qsls,qing shan lv shui,qing,shui
元·无名氏《昊天塔》第一折俺不能勾青史标名，留芳万古。”,同心报国，～，有何不美。★明·施耐庵《水浒全传》第七十一回,青史史书。在历史上留下好名声。,qīng shǐ liú míng,青史留名,qslm,qing shi liu ming,qing,ming
唐·韩愈《与崔群书》青天白日，奴隶亦知其清明。”,其为汉复仇之志，如～，人人得而知之。★宋·朱熹《答魏元履书》,指大白天。也比喻明显的事情或高洁的品德。,qīng tiān bái rì,青天白日,qtbr,qing tian bai ri,qing,ri
《史记·范睢蔡泽列传》贾不意君能自致于青云之上。”南朝齐·孔稚圭《北山移文》度白雪以方洁，干青云而直上。”,洪承畴是万历年间的进士出身，登第时年岁很轻，从此步步～，一帆风顺。★姚雪垠《李自成》第一卷第五章,青云指青天；直上直线上升。指迅速升到很高的地位。,qīng yún zhí shàng,青云直上,qyzs,qing yun zhi shang,qing,shang
清·刘鹗《老残游记》第八回他就向县里要了车，轻车简从的向平阴进发。”,无,行装简单，跟随的人少（多指有地位的人）。,qīng chē jiǎn cóng,轻车简从,qcjc,qing che jian cong,qing,cong
唐·韩愈《送石处士序》若驷马驾轻车就熟路，而王良、造父为之先后也。”,逸气轩眉宇，似王良～，骅骝欲舞。★宋·辛弃疾《贺新郎》词,赶着装载很轻的车子走熟悉的路。比喻事情又熟悉又容易。,qīng chē shú lù,轻车熟路,qcsl,qing che shu lu,qing,lu
《诗·大雅·焌民》人亦有言，德輶如毛，民鲜克举之。”朱熹注言人皆言德甚轻而易举，然人莫能举也。”,事情并不象宋福想的那样～。★杨朔《渔笛》,形容事情容易做，不费力气。,qīng ér yì jǔ,轻而易举,qeyj,qing er yi ju,qing,ju
元·乔孟符《两世姻缘》第一折似大姐这般玉质花容，清歌妙舞，在这歌妓中可是少也。”,梵呗圆音，竟将为～所加被”，岂不出于意表也哉。★鲁迅《花边文学·法会和歌剧》,音乐轻快，舞姿优美。,qīng gē màn wǔ,轻歌曼舞,qgmw,qing ge man wu,qing,wu
《韩非子·解老》众人之轻弃道理而易忘（妄）举动者，不知其祸福之深大而道阔远若是也。”,主公宜避凶就吉，不可～。（明·罗贯中《三国演义》第一百六回）,轻轻率；妄任意。指不经慎重考虑，轻率地采取行动。,qīng jǔ wàng dòng,轻举妄动,qjwd,qing ju wang dong,qing,dong
清·吴趼人《二十年目睹之怪现状》第四十八回臬台见他说得这等轻描淡写，更是着急。”,写文章该详的地方要详，不可～。,原指描绘时用浅淡的颜色轻轻地着笔。现多指说话写文章把重要问题轻轻带过。,qīng miáo dàn xiě,轻描淡写,qmdx,qing miao dan xie,qing,xie
无,她是个文静的姑娘，干什么都轻手轻脚的。,手脚动作很轻，使没有响声。,qīng shǒu qīng jiǎo,轻手轻脚,qsqj,qing shou qing jiao,qing,jiao
无,无,形容说话轻而柔和。,qīng yán xì yǔ,轻言细语,qyxy,qing yan xi yu,qing,yu
清·顾炎武《日知录》卷七古之人有至于张空弮、罗雀鼠而民无二志者，非上之信有以结其心乎？此又权于缓急轻重之间而为不得已之计也。”,事有～，不能不从长计较哩。★清·岭南羽衣女士《东欧女豪杰》第五回,指各种事情中有主要的和次要的，有急于要办的和可以慢一点办的。,qīng zhòng huǎn jí,轻重缓急,qzhj,qing zhong huan ji,qing,ji
《文汇报》1983.1.6这样一来，年轻人减轻了思想负担，轻装上阵，充分发挥创作才华。”,无,指作战时不披盔甲，比喻放下思想包袱投入工作。,qīng zhuāng shàng zhèn,轻装上阵,qzsz,qing zhuang shang zhen,qing,zhen
南朝·梁·沈约《齐故安陆昭王碑文》由是倾巢举落，望德如归。”,无,倾倒出；巢巢穴。比喻敌人出动全部兵力进行侵扰。,qīng cháo chū dòng,倾巢出动,qccd,qing chao chu dong,qing,dong
南朝·梁·沈约《齐故安陆昭王碑文》由是倾巢举落，望德如归。”,平日不大出门的人，这两天也都～。（端木蕻良《曹雪芹》第十二章）,倾倒出；巢巢穴。比喻敌人出动全部兵力进行侵扰。,qīng cháo ér chū,倾巢而出,qcec,qing chao er chu,qing,chu
《诗·大雅·瞻卬》哲夫成城，哲妇倾城。”《汉书·外戚传》北方有佳人，绝世而独立，一顾倾人城，再顾倾人国。”,一个太真妃～。★元·白朴《梧桐雨》第一折,倾倾覆；城国。原指因女色而亡国◇多形容妇女容貌极美。,qīng guó qīng chéng,倾国倾城,qgqc,qing guo qing cheng,qing,cheng
《三国志·蜀书·董和传》货殖之家，侯服玉食，婚姻葬送，倾家竭产。”,匪徒们眼瞪着他们的大锅盔，～。★曲波《林海雪原》三十,倾倒出；荡扫除，弄光。全部家产都被弄光了。,qīng jiā dàng chǎn,倾家荡产,qjdc,qing jia dang chan,qing,chan
南朝宋·刘义庆《世说新语·惑溺》亲卿爱卿，是以卿卿，我不卿卿，谁当卿卿？”,无,形容夫妻或相爱的男女十分亲昵。,qīng qīng wǒ wǒ,卿卿我我,qqww,qing qing wo wo,qing,wo
《释门正统》百丈山怀海禅师始立天下禅林规式，谓之清规。”,老先生～很多，学生们都很怕他。,原指佛教徒所遵守的规则和戒条。现比喻束缚人的繁琐不合理的规章制度。,qīng guī jiè lǜ,清规戒律,qgjl,qing gui jie lv,qing,lv
无,无,比喻没有油水的机构或地方。,qīng shuǐ yá mén,清水衙门,qsym,qing shui ya men,qing,men
无,他很快就适应了这～的生活。,形容菜肴水太多，粗糙没有味道。,qīng tāng guǎ shuǐ,清汤寡水,qtgs,qing tang gua shui,qing,shui
《后汉书·任隗传》隗字仲和，少好黄老，清静寡欲。”,刘均佐，我奉师父法旨，等你清心寡欲，受戒持斋，不许凡心动。★元·郑廷玉《忍字记》第三折,清清净；寡少欲欲望，需求。保持心地清净，减少欲念。,qīng xīn guǎ yù,清心寡欲,qxgy,qing xin gua yu,qing,yu
唐·杜甫《曲江》诗穿花蛱蝶深深见，点水蜻蜓款款飞。”,下乡只是～式的，还要带白馒头。★郭小川《沉重的教训》,指蜻蜓在水面飞行时用尾部轻触水面的动作。比喻做事肤浅不深入。,qīng tíng diǎn shuǐ,蜻蜓点水,qtds,qing ting dian shui,qing,shui
南朝梁·刘遵《七夕穿针》诗步月如有意，情来不自禁。”,她又～地放声哭了。★沙汀《一个秋天晚上》,禁抑制。感情激动得不能控制。强调完全被某种感情所支配。,qíng bù zì jìn,情不自禁,qbzj,qing bu zi jin,qing,jin
宋·郭印《次韵正纪见贻之计》情窦欲开先自窒，心里已净弗须锄。”,我和你自～之际，就等到如今了。（清·李渔《蜃中楼·耳卜》）,窦孔穴；情窦情意的发生或男女爱情萌动。指刚刚懂得爱情（多指少女）。,qíng dòu chū kāi,情窦初开,qdck,qing dou chu kai,qing,kai
无,无,指情况出于不得已。,qíng fēi dé yǐ,情非得已,qfdy,qing fei de yi,qing,yi
无,好的诗篇必然是情景交融，理在其中。,指文艺作品中环境的描写、气氛的渲染跟人物思想感情的抒发结合得很紧密。,qíng jǐng jiāo róng,情景交融,qjjr,qing jing jiao rong,qing,rong
唐·李华《吊古战场文》谁无兄弟，如足如手。”,名虽各姓，～。★明·许仲琳《封神演义》第四十一回,手足比喻兄弟。交情很深，如同兄弟一样。,qíng tóng shǒu zú,情同手足,qtsz,qing tong shou zu,qing,zu
明·吴承恩《西游记》第二十七回那镇元子与行者结为兄弟，两人情投意合。”,我们相聚既久，～，岂不知远别为悲？★清·李汝珍《镜花缘》第六十八回,投相合。形容双方思想感情融洽，合得来。,qíng tóu yì hé,情投意合,qtyh,qing tou yi he,qing,he
周恩来《别李愚如并示述弟》何况情意绵绵，‘藕断丝不断’。”,无,情意对人的感情。绵绵延续不断的样子。形容情意深长，不能解脱。,qíng yì mián mián,情意绵绵,qymm,qing yi mian mian,qing,mian
《后汉书·霍胥传》光之所至，情既可原，而守阙连年，终不见理。”,他既不是存心去参加，似乎～。★叶圣陶《一个练习生》,按情理，有可原谅的地方。,qíng yǒu kě yuán,情有可原,qyky,qing you ke yuan,qing,yuan
清·吴乔《答万季埜诗问》六朝体宽无粘，韵得叶用，粘缀但情真意切，得句即佳。故‘城上草’一篇，止十三字，而意味无穷。”,那一对影子已做了半截夫妻，如今～，实是分拆不开。★清·李渔《合影楼》第二回,指情意十分真切。,qíng zhēn yì qiè,情真意切,qzyq,qing zhen yi qie,qing,qie
宋·陆游《四日夜鸡未鸣起作》诗放翁病过秋，忽起作醉墨。正如久蛰龙，青天飞霹雳。”,无,霹雳响雷。晴天打响雷。比喻突然发生意外的，令人震惊的事件。,qíng tiān pī lì,晴天霹雳,qtpl,qing tian pi li,qing,li
《资治通鉴·唐纪·则天皇后天授二年》兴曰‘此甚易尔！取大瓮，令囚入中，何事不承！’俊臣乃索大瓮，火围如兴法，因起谓兴曰‘有内状推兄，请兄入此瓮。’兴惶恐叩头伏罪。”,掬西江之水，为尔洗肠，即烧东壁之床，～。★清·蒲松龄《聊斋志异·席方平》,瓮一种陶制的盛器。比喻用某人整治别人的办法来整治他自己。,qǐng jūng rù wèng,请君入瓮,qjrw,qing jung ru weng,qing,weng
《旧唐书·李密传》磬南山之竹，书罪未穷；决东海之波，流恶难尽。”,沦陷区的同胞在抗战中所表现的奇迹，真是所谓～。★邹韬奋《抗战以来》,罄尽，完；竹古时用来写字的竹简。形容罪行多得写不完。,qìng zhú nán shū,罄竹难书,qzns,qing zhu nan shu,qing,shu
《三国志·吴书·陆抗传》而听诸将徇名，穷兵黩武，动费万计，士卒雕瘁，寇不为衰，见我已大病矣。”,王氏今降心纳贡，愿修旧好，明公乃欲～，残灭同盟，天下其谓公何？★宋·孙光宪《北梦琐言》卷十七,穷竭尽；黩随便，任意。随意使用武力，不断发动侵略战争。形容极其好战。,qióng bīng dú wǔ,穷兵黩武,qbdw,qiong bing du wu,qiong,wu
唐·杜甫《登高》诗艰难苦恨繁霜鬓，潦倒新停浊酒杯。”,破了房县，又有一些～而没有出路的读书人参加了他的义军。★姚雪垠《李自成》第二卷第二十三章,穷困贫穷、困难；潦倒失意。生活贫困，失意颓丧。,qióng kùn liáo dǎo,穷困潦倒,qkld,qiong kun liao dao,qiong,dao
孙犁《山地回忆》可是它使我想起很多事情，想起在阜平穷山恶水之间度过的三年战斗的岁月，使我记起很多人。”,无,穷山荒山；恶水经常引起灾害的河流湖泊等。形容自然条件非常差。,qióng shān è shuǐ,穷山恶水,qses,qiong shan e shui,qiong,shui
《汉书·谷永传》穷奢极侈，湛湎荒淫。”,且～，衰将及之。★严复《道学外传》,穷极；奢奢侈；欲享乐的观念。奢侈和贪欲到了极点。,qióng shē jí yù,穷奢极欲,qsjy,qiong she ji yu,qiong,yu
《吴越春秋·王僚伎公子光传》子胥曰‘夫人赈穷途，少饭亦何嫌哉？”,你如今是～，举目无依。（清·文康《儿女英雄传》第五回）,穷途处境困窘。形容到了无路可走的地步。,qióng tú mò lù,穷途末路,qtml,qiong tu mo lu,qiong,lu
明·李时勉《北京赋》穷陬僻壤，无一物之不遂。”,～，有这样读书君子，却被守钱奴如此凌虐，足令人怒发冲冠。★清·吴敬梓《儒林外史》第九回,壤地。荒远偏僻的地方。,qióng xiāng pì rǎng,穷乡僻壤,qxpr,qiong xiang pi rang,qiong,rang
《汉书·王莽传赞》穷他极恶，流毒诸夏。”,最后侯殿坤～，提起嗓子宣布谁也不准埋，谁埋与共产党同罪。”★曲波《林海雪原》二八,穷极端。形容极端残暴凶恶。,qióng xiōng jí è,穷凶极恶,qxje,qiong xiong ji e,qiong,e
《易·系辞下》《易》穷则变，变则通，通则久。”,无,原指事物到了尽头就要发生变化。现指在穷困艰难的时候，就要想办法改变现状。,qióng zé sī biàn,穷则思变,qzsb,qiong ze si bian,qiong,bian
唐·杜甫《崔氏东山草堂》诗爱汝玉山草堂静，高秋爽气相鲜新。”,方拟～，遣将西征。★清·梁晋竹《两般秋雨眖随笔·史阁部书》,形容秋季晴空万里，天气清爽。,qiū gāo qì shuǎng,秋高气爽,qgqs,qiu gao qi shuang,qiu,shuang
无,无,本指秋收后结算账目。比喻待到事后再对反对自己的一方行清算处理。,qiū hòu suàn zhàng,秋后算账,qhsz,qiu hou suan zhang,qiu,zhang
《论语·微子》君子不施其亲，不使大臣怨乎不以，故旧无大故，则不弃也；无求备于一人。”,于已成之局那么委曲求全，于初兴之事就这么～？★鲁迅《华盖集·这个与那个》,求、责要求；全、备完备，完美。对人对事物要求十全十美，毫无缺点。,qiú quán zé bèi,求全责备,qqzb,qiu quan ze bei,qiu,bei
无,在这个问题上，我们还是求同存异吧。,求寻求；存保留；异不同的。找出共同点，保留不同意见。,qiú tóng cún yì,求同存异,qtcy,qiu tong cun yi,qiu,yi
《后汉书·周举传》昔在前世，求贤如渴。”,～，从柬如流。★《宋史·窦贞固传》,象口渴思饮那样访求贤士。形容罗致人才的迫切。,qiú xián ruò kě,求贤若渴,qxrk,qiu xian ruo ke,qiu,ke
《诗·周南·关雎》求之不得，寤寐思服。”,岂有此理！你老弟台肯栽培，那是～的，那里有甚委屈的话。★清·吴趼人《二十年目睹之怪现状》第九十九回,想找都找不到。原指急切企求，但不能得到◇多形容迫切希望得到。,qiú zhī bù dé,求之不得,qzbd,qiu zhi bu de,qiu,de
无,无,知知识。探求知识像口渴想喝水一样迫切。形容求知愿望十分迫切。,qiú zhī ruò kě,求知若渴,qzrk,qiu zhi ruo ke,qiu,ke
战国·楚·宋玉《对楚王问》引商刻羽，杂以流徵，国中属而和者，不过数人而已。是其曲弥高，其和弥寡。”,我在省城，只听人称赞靓云，从没有人说起逸云，可知道～呢！（清·刘鹗《老残游记·续篇》第五回）,曲调高深，能跟着唱的人就少。旧指知音难得。现比喻言论或作品不通俗，能了解的人很少。,qǔ gāo hè guǎ,曲高和寡,qghg,qu gao he gua,qu,gua
唐·常建《题破册寺后禅院》诗曲径通幽处，禅房花木深。”,～处，园林无俗情。★清·俞樾《曲园楹联》,曲弯曲；径小路；幽指深远僻静之处。弯曲的小路，通到幽深僻静的地方。,qū jìng tōng yōu,曲径通幽,qjty,qu jing tong you,qu,you
明·罗贯中《三国演义》第八回卓偶染小疾，貂蝉衣不解带，曲意逢迎，卓心愈喜。”,无,曲意违背自己的意愿去曲从别人；逢迎迎合。想方设法奉承讨好别人。,qū yì féng yíng,曲意逢迎,qyfy,qu yi feng ying,qu,ying
元·无名氏《争报恩》第三折如今把姐姐拖到官中，三推六问，屈打成招。”,无,屈冤枉；招招供。指无罪的人冤枉受刑，被迫招认有罪。,qū dǎ chéng zhāo,屈打成招,qdcz,qu da cheng zhao,qu,zhao
唐·韩愈《忆昨行和张十一》诗自期殒命在春序，屈指数日怜婴孩。”宋·欧阳修《集古录跋尾·唐安公美政颂》今文儒之盛，其屈指可数者，无三四人。非皆不能，盖忽不为尔。”,中国民族工业就只剩下～的几项了！★茅盾《子夜》二,形容数目很少，扳着手指头就能数过来。,qū zhǐ kě shǔ,屈指可数,qzks,qu zhi ke shu,qu,shu
无,无,趋奔向。奔向有利的一面，而避开有害的一面。,qū lì bì hài,趋利避害,qlbh,qu li bi hai,qu,hai
《宋史·李垂传》今已老大，见大臣不公，常欲面折之。焉能趋炎附热，看人眉睫，以冀推挽乎？”,所有朋谊及那些～的，男男女女，都拥挤望周府来。★清·黄小配《廿载繁华梦》第十五回,趋奔走；炎热，比喻权势。奉承和依附有权有势的人。,qū yán fù shì,趋炎附势,qyfs,qu yan fu shi,qu,shi
清·曾朴《孽海花》第二十七回京外的官员，那个不趋之若鹜呢！”,无,趋快走；鹜野鸭。象鸭子一样成群跑过去。比喻很多人争着赶去。,qū zhī ruò wù,趋之若鹜,qzrw,qu zhi ruo wu,qu,wu
《孟子·滕文公上》今滕绝长补短，将五十里也，犹可以为善国。”,外来干部和本地干部各有长处，也各有短处，必须互相～，才能有进步。★毛泽东《整顿党的作风》,吸取别人的长处，来弥补自己的不足之处。也泛指在同类事物中吸取这个的长处来弥补那个的短处。,qǔ cháng bǔ duǎn,取长补短,qcbd,qu chang bu duan,qu,duan
《史记·项羽本纪》秦始皇游会稽，渡浙江，梁与籍俱观，籍曰‘彼可取而代也。’”,清帝方今玩于彼股掌之上，及其时则～耳。★蔡东藩、许廑父《民国通俗演义》第八十六回,指夺取别人的地位而由自己代替。现也指以某一事物代替另一事物。,qǔ é dài zhī,取而代之,qedz,qu e dai zhi,qu,zhi
《汉书·楚元王传》览往事之戒，以折中取信。”,当时的情况是弱国抵抗强国。文中指出了战前的政治准备——～。（毛泽东《中国革命战争的战略问题》）,取得人民的信任。,qǔ xìn yú mín,取信于民,qxym,qu xin yu min,qu,min
无,无,比喻取得别人的信赖。,qǔ xìn yú rén,取信于人,qxyr,qu xin yu ren,qu,ren
无,对于古典文学，我们要去粗取精，辩证对待。,除去杂质，留取精华。,qù cū qǔ jīng,去粗取精,qcqj,qu cu qu jing,qu,jing
无,人的认识过程就是一个不断由浅入深、去伪存真的过程。,除掉虚假的，留下真实的。,qù wěi cún zhēn,去伪存真,qwcz,qu wei cun zhen,qu,zhen
《旧唐书·李希烈传》官军皆为其所败，荆南节度使张伯仪全军覆没。”,太监郭敬监军，诸将悉为所制，师无纪律，而宋濂朱冕～矣。（清·顾炎武《日知录》卷九）,整个军队全部被消灭。比喻事情彻底失败。,quán jūn fù mò,全军覆没,qjfm,quan jun fu mo,quan,mo
清·越翼《廿二史札记·五·东汉尚名节》盖当时荐徵辟，必采名誉，故凡可以得名者，必全力赴之，好为苟难，遂成风俗。”,他们缺乏一种主动的积极的高兴的欢迎的～的精神。（毛泽东《〈中国农村的社会主义高潮〉序言》）,赴前往。把全部力量都投入进去。,quán lì yǐ fù,全力以赴,qlyf,quan li yi fu,quan,fu
无,无,指把能参加战斗的人民全都武装起来，随时准备歼灭入侵之敌。,quán mín jiē bīng,全民皆兵,qmjb,quan min jie bing,quan,bing
元·明本述《天目中峰和尚广录》卷十六今日特为你起模画样，和盘托出。”,洋人见他们有点肯的意思了，便将芜湖道的说话～。★清·李宝嘉《文明小史》第四十四回,连盘子也端出来了。比喻全都讲出来，毫不保留。,quán pán tuō chū,全盘托出,qptc,quan pan tuo chu,quan,chu
叶圣陶《伊和他》他指着球里嵌着的花纹，相着伊又相着花纹，全神贯注的，十分喜悦的告诉伊。”,无,贯注集中。全部精神集中在一点上。形容注意力高度集中。,quán shén guàn zhù,全神贯注,qsgz,quan shen guan zhu,quan,zhu
无,张思德全心全意为人民服务的精神，值得我们学习。,投入全部精力，一点没有保留。,quán xīn quán yì,全心全意,qxqy,quan xin quan yi,quan,yi
《后汉书·王允传》及在际会，每乏温润之色，杖正持重，不循权宜之计，是以群下不甚附之。”,自成心中认为成立娘子军只是一时～，往后怎么个办法，他还没有想妥当。★姚雪垠《李自成》第二卷第十五章,权宜暂时适宜，变通；计计划，办法。指为了应付某种情况而暂时采取的办法。,quán yí zhī jì,权宜之计,qyzj,quan yi zhi ji,quan,ji
元·李寿卿《伍员吹箫》第一折我便拳撞脚踢，也不怕他不死。”,还说甚么！为你这两个人，带累我一顿～！★清·吴敬梓《儒林外史》第九回,用拳打，用脚踢。形容痛打。,quán dǎ jiǎo tī,拳打脚踢,qdjt,quan da jiao ti,quan,ti
《汉书·中山靖王传》诸侯王自以骨肉至亲，先帝所以广封连城，犬牙相错者，为盘石宗也。”,而苗疆多与邻省～，又必归并事权，始可一劳永逸。（《清史稿·土司一》）,错交叉，错杂。比喻交界线很曲折，象狗牙那样参差不齐。也比喻情况复杂，双方有多种因素参差交错。,quǎn yá jiāo cuò,犬牙交错,qyjc,quan ya jiao cuo,quan,cuo
李凯庆琛《五亿农民的方向》那时侯，他的父亲死去了，母新领着他过日子，经常缺吃少穿。”,无,指衣食困乏。亦作缺吃短穿”。,quē chī xhǎo chuān,缺吃少穿,qcxc,que chi xhao chuan,que,chuan
明·施耐庵《水浒传》第二十回林冲道‘只今番克敌制胜，便见得先生妙法。正是鼎分三足，缺一不可，先生不必推却。’”,每个学生都要德智体全面发展，三者～。,少一样也不行。,quē yī bù kě,缺一不可,qybk,que yi bu ke,que,ke
明李贽《焚书·复李渐老书》即此衣食之赐，既深以为喜，则缺衣少食之烦恼不言而知也。”,无,衣食不足。指贫穷。亦作缺食无衣”。,quē yī shǎo shí,缺衣少食,qyss,que yi shao shi,que,shi
汉·扬雄《法言·重黎》汉屈群策，群策屈群力。”,至于自强之道，求其在我，祸福无门，唯人自召。～，庶有成功。★蔡东藩、许廑父《民国通俗演义》第四十四回,群大家，集体；策谋划，主意。指发挥集体的作用，大家一起来想办法，贡献力量。,qún cè qún lì,群策群力,qcql,qun ce qun li,qun,li
《易·乾》用九，见群龙无首，吉。”,可是～，成不了大气候。★姚雪垠《李自成》第一卷第三十一章,一群龙没有领头的。比喻没有领头的，无法统一行动。,qún lóng wú shǒu,群龙无首,qlws,qun long wu shou,qun,shou
无,社会动荡，群魔乱舞的时代早已一去不复返了。,成群的魔鬼乱跳乱蹦。比喻一批坏人在政治舞台上猖狂活动。,qún mó luàn wǔ,群魔乱舞,qmlw,qun mo luan wu,qun,wu
无,无,群雄旧指许多有军事势力的人。逐鹿比喻争夺帝王之位。形容各派势力争夺最高统治地位。,qún xióng zhú lù,群雄逐鹿,qxzl,qun xiong zhu lu,qun,lu
宋·释普济《五灯会元》卷十六问‘如何是急切一句？’师曰‘火烧眉毛。’”《文献通考·市籴二》元祐初，温公入相，诸贤并进用，革新法之病民者，如救眉燃，青苗、助役其尤也。”,此在目前，实救～。★叶圣陶《前途》,燃烧。火烧眉毛那样紧急。形容事情非常急迫。,rán méi zhī jí,燃眉之急,rmzj,ran mei zhi ji,ran,ji
明·东鲁古狂生《醉醒石》第三回庄上人见典史亲来捉获，不知一件什么天大的事，生怕惹火烧身，连忙把余琳并冯氏，都送将出来。”,无,惹引；身本身。引火烧自己。比喻自找麻烦或自找苦吃。,rě huǒ shāo shēn,惹火烧身,rhss,re huo shao shen,re,shen
明·冯梦龙《喻世明言》安分守己，并不惹是生非。”,学生在教课上得不到满足，在校内便时常爱闹风潮，在校外也时常～。★郭沫若《我的童年》第三篇一,惹引起；非事端。招惹是非，引起争端。,rě shì shēng fēi,惹是生非,rssf,re shi sheng fei,re,fei
冯德英《迎春花》第九章但这几天热火朝天的参军运动，也冲击着他们的身心。”,无,形容群众性的活动情绪热烈，气氛高涨，就象炽热的火焰照天燃烧一样。,rè huǒ cháo tiān,热火朝天,rhct,re huo chao tian,re,tian
邹韬奋《我的母亲》往往讲到孤女患难，或义妇含冤的凄惨的情形，她两人便都热泪盈眶，泪珠尽往颊上涌流着。”,无,盈充满；眶眼眶。因感情激动而使眼泪充满了眼眶，形容感动至极或非常悲伤。,rè lèi yíng kuàng,热泪盈眶,rlyk,re lei ying kuang,re,kuang
清·李宝嘉《中国现在记》第十一回只见小和用一个小托盘托了几碗盖碗茶，热气腾腾的端过来。”,中国是处在大革命中，全中国～。★毛泽东《丢掉幻想，准备斗争》,热气蒸腾的样子。形容气氛热烈或情绪高涨。,rè qì téng téng,热气腾腾,rqtt,re qi teng teng,re,teng
曹靖华《罗汉岭前吊秋白》对全世界来说，这些热情洋溢的报导，正是拨云雾而见青天啊！”,无,热烈的感情充分地流露出来。,rè qíng yáng yì,热情洋溢,rqyy,re qing yang yi,re,yi
刘白羽《红太阳颂》中国的天空在燃烧、大地在流血。不甘心作亡国奴隶的亿万人民满腔怒火，热血沸腾。”,无,比喻激情高涨。,rè xuè fèi téng,热血沸腾,rxft,re xue fei teng,re,teng
清·毕沅《续资治通鉴·元纪·世祖至元二十年》得如左丞许衡教国子，则人才辈出矣。”,我们的时代是～的时代。,辈出一批一批地出现。形容有才能的人不断涌现。,rén cái bèi chū,人才辈出,rcbc,ren cai bei chu,ren,chu
《书·大禹漠》济济有众，咸听朕命。”,闺臣见～，十分欢悦。★清·李汝珍《镜花缘》第六十二回,济济众多的样子。形容有才能的人很多。,rén cái jǐ jǐ,人才济济,rcjj,ren cai ji ji,ren,ji
《三侠五义》第三五回你自打算打算，这注财要耗费多少银子？归根我落个人财两空，你如何还说做得呢？”,泸州遭了日本鬼子的轰炸，店铺炸毁了，亲戚人家都炸死了，因此上落得～。★郭沫若《金刚坡下》,人和钱财都无着落或都有损失。,rén cái liǎng kōng,人财两空,rclk,ren cai liang kong,ren,kong
《警世通言·玉堂春落难遇夫》王三中了举，不久到了京，白白地要了玉堂春去，可不人财两失？”,他有偌多的东西在我担里，我若同了这带脚的货去，前途被他喊破，可不～。★明·凌濛初《初刻拍案惊奇》卷三十六,人和钱财都无着落或都有损失。同人财两空”。,rén cái liǎng shī,人财两失,rcls,ren cai liang shi,ren,shi
无,这一家子真是人丁兴旺。,形容子孙后代人很多。,rén dīng xīng wàng,人丁兴旺,rdxw,ren ding xing wang,ren,wang
《逸周书·文传》人强胜天。”宋·刘过《襄阳歌》人定兮胜天，半壁久无胡日月。”,彼虽不来，宁禁我不往，登门就之，或～不可知？★清·蒲松龄《聊斋志异·萧七》,人定指人谋。指人力能够战胜自然。,rén dìng shèng tiān,人定胜天,rdst,ren ding sheng tian,ren,tian
清·曹雪芹《红楼梦》第十回话说金荣困人多势众，又兼贾瑞勒令赔了不是，给秦钟磕了头，宝玉方才不吵闹了。”,无,声势力量大。,rén duō shì zhòng,人多势众,rdsz,ren duo shi zhong,ren,zhong
《礼记·坊记》故君子与其使食浮于人也，宁使人浮于食。”,老兄还没有晓得这里的情形，实在～，安插不来。★清·张春帆《宦海》第九回,浮超过。原指人的才德高过所得俸禄的等级◇指工作中人员过多或人多事少。,rén fú yú shì,人浮于事,rfys,ren fu yu shi,ren,shi
汉·王粲《咏史诗》人生各有志，终不为此移，同知埋身剧，心亦有所施。”,此乃～，志各不同。大抵名公夙成蕴藉，非俺辈所能深知。★明·无心子《金雀记·投笺》,指每个人各自有不同的志向愿望，不能勉为其难。,rén gè yǒu zhì,人各有志,rgyz,ren ge you zhi,ren,zhi
叶元《林则徐》许多烟鬼横在地上，象蛆虫似地在那里蠕动，吞云吐雾，活象人间地狱。”,无,人世间的活地狱。比喻黑暗的社会。,rén jiān dì yù,人间地狱,rjdy,ren jian di yu,ren,yu
无,苏杭风光秀丽，物产丰饶，真可谓～。,指人世间极美好的地方。,rén jiān tiān táng,人间天堂,rjtt,ren jian tian tang,ren,tang
唐·王勃《滕王阁序》人杰地灵，徐孺下陈蕃之榻。”,实在襄阳的～，恐怕比它的山水形胜更值得人赞美。★闻一多《孟浩然》,杰杰出；灵好。指有杰出的人降生或到过，其地也就成了名胜之区。,rén jié dì líng,人杰地灵,rjdl,ren jie di ling,ren,ling
《淮南子·兵略训》若乃人尽其才，悉用其力。”,如果能够～，物尽其用，我们的国家就会发展得更快。,每个人都能充分发挥自己的才能。,rén jìn qí cái,人尽其才,rjqc,ren jin qi cai,ren,cai
清·曹雪芹《红楼梦》第一百十回这两三天人来人往，我瞧着那些人都照应不到，想必你没有吩咐，还得你替我们操点心儿才好。”,无,人来来往往连续不断。也形容忙于应酬。,rén lái rén wǎng,人来人往,rlrw,ren lai ren wang,ren,wang
郭沫若《洪波曲》第二章一客栈小，已经人满为患。”,各地监狱，都有～之苦。★方志敏《狱中记实》一,因人多造成了困难。,rén mǎn wéi huàn,人满为患,rmwh,ren man wei huan,ren,huan
元·无名氏《杀狗劝夫》第四折人命关天，分甚么首从。”,这是～的大事，千万不能大意。,关天比喻关系重大。指有关人命的事情关系及重大。,rén mìng guān tiān,人命关天,rmgt,ren ming guan tian,ren,tian
唐·白居易《迁叟》诗冷暖俗情谙世路，是非闲论任交亲。”,节物后先南北异，～古今同。★宋·周密《齐东野语》卷十一,人情指社会上的人情世故；冷冷淡；暖亲热。泛指人情的变化。指在别人得势时就奉承巴结，失势时就不理不睬。,rén qíng lěng nuǎn,人情冷暖,rqln,ren qing leng nuan,ren,nuan
宋·文天祥《送僧了敬序》姑与之委曲于人情世故之内。”明·冯梦龙《醒世恒言》第二十一卷可惜你满腹文章，看不出人情世故。”,我说你到底没有经练，所以这些～一点也不懂。★清·吴研人《二十年目睹之怪现状》第十四回,为人处世的道理。,rén qíng shì gù,人情世故,rqsg,ren qing shi gu,ren,gu
唐·崔颢《黄鹤楼》诗昔人已乘黄鹤去，此地空余黄鹤楼。”,无,人已离去，楼中空空。比喻故地重游时睹物思人的感慨。,rén qù lóu kōng,人去楼空,rqlk,ren qu lou kong,ren,kong
毛泽东《中国革命战争的战略问题》人人皆知以多胜少是最好的办法。”,无,皆都。所有的人都知道。,rén rén jiē zhī,人人皆知,rrjz,ren ren jie zhi,ren,zhi
《史记·李斯列传》法令诛罚，日益深刻，群臣人人自危，欲畔者众。”,满京城的戚畹、勋旧和缙绅们为着李国瑞的事～，家家惊慌。★姚雪垠《李自成》第二卷第三十章,每个人都感到自己不安全，有危险。,rén rén zì wēi,人人自危,rrzw,ren ren zi wei,ren,wei
明·施耐庵《水浒全传》第五十一回每日有那一般打散，或是戏舞，或是吹弹，或是歌唱，赚得那人山人海价看。”,节日的公园～，热闹极了。,人群如山似海。形容人聚集得非常多。,rén shān rén hǎi,人山人海,rsrh,ren shan ren hai,ren,hai
《旧唐书·于柚传》肆行暴虐，人神共愤，法令不容。”,恶已贯盈，～。★明·许仲琳《封神演义》第八十回,人和神都愤恨。形容民愤极大。,rén shén gòng fèn,人神共愤,rsgf,ren shen gong fen,ren,fen
明·冯梦龙《醒世恒言》卷十一日午后，刘方在店中收拾，只听得人声鼎沸。”,广场这时已是一片锣鼓喧天，～。,鼎古代煮食器；沸沸腾。形容人群的声音吵吵嚷嚷，就象煮开了锅一样。,rén shēng dǐng fèi,人声鼎沸,rsdf,ren sheng ding fei,ren,fei
《醒世恒言·乔太守乱点鸳鸯谱》谁想刘璞因冒风之后，出汗虚了，变为寒症，人事不省，十分危笃。”,周婶子和同院的女人把玉宝妈从地下抬到草垫子上，她已经～了。★高玉宝《高玉宝》第十三章,指昏迷不醒，失去知觉。,rén shì bù xǐng,人事不省,rsbx,ren shi bu xing,ren,xing
宋·朱熹《封建》百于古今之变，利害之实，人所共知而易见者，亦复乖戾如此。”,～的事，你还敢狡辩吗？,人人都知道。,rén suǒ gòng zhī,人所共知,rsgz,ren suo gong zhi,ren,zhi
《礼记·中庸》文武之政，布在方策。其人存，则其政举；其人亡，则其政息。”,无,亡失去，死亡；息废，灭。旧指一个掌握政权的人死了，他的政治措施也跟着停顿下来。,rén wáng zhèng xī,人亡政息,rwzx,ren wang zheng xi,ren,xi
宋·苏轼《上执政乞度牒赈济及因修廨宇书》某已三奏其事，至今未报，盖人微言轻，理当自尔。”,你～，怎么会做过他们？★清·李宝嘉《官场现形记》第三十五回,地位低，说话不受人重视。,rén wēi yán qīng,人微言轻,rwyq,ren wei yan qing,ren,qing
无,这个地方山明水秀，～，是个值得浏览的好去处。,人才和文物众多，并聚集在一地。,rén wén huì cuì,人文荟萃,rwhc,ren wen hui cui,ren,cui
清·李汝珍《镜花缘》第五十五回奈近来人心不古，都尚奢华。”,无,古指古代的社会风尚。旧时指人心奸诈、刻薄，没有古人淳厚。,rén xīn bù gǔ,人心不古,rxbg,ren xin bu gu,ren,gu
清·毕沅《续资治通鉴·元纪·顺帝至正二十四》由是法度不行，人心涣散，遂至天下骚动。”,越国～，能否自立，尚未可知。★《清史稿·越南传》,涣散散漫，松懈。思想不统一。形容人心不齐。,rén xīn huàn sàn,人心涣散,rxhs,ren xin huan san,ren,san
明·冯梦龙《东周列国志》第四回今人心皇皇，见太叔势大力强，尽怀观望。”,无端起来胡闹，蒌喊一阵，西跑一阵，弄得～，不是扰乱治安是什么？★哇圣陶《丁祭》,惶惶也作皇皇”，惊惶不安的样子。人们心中惊惶不安。,rén xīn huáng huáng,人心惶惶,rxhh,ren xin huang huang,ren,huang
《晋书·熊远传》人心所归，惟道与义。”,这是～，此人和之大利。★曲波《林海雪原》三七,向归向，向往。指人民群众所拥护的，向往的。,rén xīn suǒ xiàng,人心所向,rxsx,ren xin suo xiang,ren,xiang
明·余继登《典故纪闻》卷四顾自古国家未有不以勤而兴以怠而衰者，天命去留，人心向背，皆决于是。”,国家的盛衰，在于～。,向归向，指拥护；背背离，指反对。指人民大众的拥护或反对。,rén xīn xiàng bèi,人心向背,rxxb,ren xin xiang bei,ren,bei
《诗经·郑风·将仲子》人之多言，亦可畏也。”,但是～，必定也要明明心；就是你不怕什么，难道我们老大死了，还当王八么？★清·李宝嘉《活地狱》第三十回,人言别人的评论，指流言蜚语；畏怕。指在背后的议论或诬蔑的话很可怕。,rén yán kě wèi,人言可畏,rykw,ren yan ke wei,ren,wei
清·曹雪芹《红楼梦》第一百十五回贾琏家下无人，请了王仁来在外帮着料理。那巧姐儿是日夜哭母，也是病了。所以荣府中又闹得马仰人翻。”,这么晴朗的天气，天空是湛蓝湛蓝的，真不象双方就要杀得～！★姚雪垠《李自成》第二卷第二十六章,人马被打得仰翻在地。形容被打得惨败。也比喻乱得一塌糊涂，不可收拾。,rén yǎng mǎ fān,人仰马翻,rymf,ren yang ma fan,ren,fan
《易·系辞上》方以类聚，物以群分，吉凶生矣。”,无,人按照其品行、爱好而形成团体，因而能互相区别。指好人总跟好人结成朋友，坏人总跟坏人聚在一起。,rén yǐ qún fēn,人以群分,ryqf,ren yi qun fen,ren,fen
金·蔡松年《槽声同彦高赋》诗槽床过竹春泉句，他日人云吾亦云。”,刊物内容如果只是～”，格式如果只是亦步亦趋”，那是刊物的尾巴主义。★邹韬奋《经历·几个原则》,云说；亦也。人家怎么说，自己也跟着怎么说。指没有主见，只会随声附和。,rén yún yì yún,人云亦云,ryyy,ren yun yi yun,ren,yun
《论语·卫灵公》志士仁人，无求生以害仁，有杀身以成仁。”,大批～，满腔悲愤，万种辛酸，想有所为而不能为，真是英雄无用武之地。★郭沫若《科学的春天》,原指仁爱而有节操，能为正义牺牲生命的人。现在泛指爱国而为革命事业出力的人。,rén rén zhì shì,仁人志士,rrzs,ren ren zhi shi,ren,shi
唐·韩愈《原道》后之人，其欲闻仁义道德之说，孰从而听之。”,你说凡是一口～的人，都是些伪君子，真是一点也不错。★郭沫若《屈原》第二幕,泛指旧时鼓吹的道德规范。,rén yì dào dé,仁义道德,rydd,ren yi dao de,ren,de
《礼记·郊特牲》蜡之祭，仁之至，义之尽也。”,况且他们还说和我们共同管理，总算是～的了！★冰心《斯人独憔悴》,至极，最；尽全部用出。竭尽仁义之道。指人的善意和帮助已经做到了最大限度。,rén zhì yì jìn,仁至义尽,rzyj,ren zhi yi jin,ren,jin
唐·赵璾《因话录》卷五柜初成，周戎时为吏部郎中，大书其上，戏作考词状‘当有千有万，忍俊不禁，考上下。’”,大熊猫憨态可掬，小猴子顽皮可爱，使得周围的大人们～，孩子们更是笑得前仰后合。,忍俊含笑；不禁无法控制自己。指忍不住要发笑。,rěn jùn bù jìn,忍俊不禁,rjbj,ren jun bu jin,ren,jin
元·杨显之《潇湘雨》第四折从今后忍气吞声，再不敢嚎唃痛哭。”,无,忍气受了气不发作；吞声不敢出声。指受了气勉强忍耐，有话不敢说出来。,rěn qì tūn shēng,忍气吞声,rqts,ren qi tun sheng,ren,sheng
《三国志·吴书·陆逊传》国家所以屈诸君使相承望者，以仆有尺寸可称，能忍辱负重故也。”,胡仇叹道‘～’。郑兄，真不可及！”,为了完成艰巨的任务，忍受暂时的屈辱。,rěn rǔ fù zhòng,忍辱负重,rrfz,ren ru fu zhong,ren,zhong
清·无名氏《官场维新记》第十四回果然那些学生忍无可忍，闹出全班散学的事来了。”,他在～的情况下，终于出手还击。,再也忍受不下去了。,rěn wú kě rěn,忍无可忍,rwkr,ren wu ke ren,ren,ren
元·无名氏《合同文字》第四折我只为认祖归宗，迟眠早起，登山涉水，甫能勾到庭帏。”,无,①寻认祖先，并归还本宗。②喻指回归故土。,rèn zǔ guī zōng,认祖归宗,rzgz,ren zu gui zong,ren,zong
汉·桓宽《盐铁论·刺权》夫食万人之力者，蒙其忧，任其怨劳。”《汉书·石显传》诚不能以一躯称快万众，任天下之怨。”,而杨嗣昌也完全执行他的主张，～。★姚雪垠《李自成》第二卷第十九章,任担当，经受。不怕吃苦，也不怕招怨。,rèn láo rèn yuàn,任劳任怨,rlry,ren lao ren yuan,ren,yuan
无,领导干部在用人时一定要考虑德才兼备，绝不能任人唯亲。,任任用；唯只；亲关系密切。指用人不问人的德才，只选跟自己关系亲密的人。,rèn rén wéi qīn,任人唯亲,rrwq,ren ren wei qin,ren,qin
《尚书·咸有一德》任官惟贤才，左右惟其人。”,盐干部应当是～。,贤有德有才的人。指用人只选有德有才的人。,rèn rén wéi xián,任人唯贤,rrwx,ren ren wei xian,ren,xian
《论语·泰伯》士不可以不弘毅，任重而道远。仁以为己任，不亦重乎？死而后已，不亦远乎？”,人民教师肩负着培养祖国建设接班人的重担，～。,任负担；道路途。担子很重，路很远。比喻责任重大，要经历长期的奋斗。,rèn zhòng dào yuǎn,任重道远,rzdy,ren zhong dao yuan,ren,yuan
晋·李密《陈情表》但以刘日薄西山，气息奄奄，人命危浅，朝不虑夕。”,君须听取怕～，易生愁阻。★明·瞿佑《剪灯新话·爱卿传》,薄迫近。太阳快落山了。比喻人已经衰老或事物衰败腐朽，临近死亡。,rì bó xī shān,日薄西山,rbxs,ri bo xi shan,ri,shan
《后汉书·光武帝纪》天下重器，常恐不任，日复一日，安敢远期十岁乎？”,年复一年，～，生涯几何，宁堪此弃掷哉？★清·无名氏《杜诗言志》卷一,复再，又。过了一天又一天。比喻日子久，时间长。也形容光阴白白地过去。,rì fù yī rì,日复一日,rfyr,ri fu yi ri,ri,ri
宋·朱熹《答周南仲书》随时体究，随时讨论，但使一日之间整顿得三五次，理会得三五事，则日积月累，自然纯熟，自然光明矣。”,自是以后，～，千百成群，其为国之蠹害甚矣。（清·顾炎武《日知录》卷九）,一天一天地、一月一月地不断积累。指长时间不断地积累。,rì jī yuè lěi,日积月累,rjyl,ri ji yue lei,ri,lei
《胡雪岩》这个职位，一望而知是日进斗金的好差使。”,我们希望能有～的好差使。,一天能收进一斗黄金。形容发大财。,rì jìn dǒu jīn,日进斗金,rjdj,ri jin dou jin,ri,jin
清·曹雪芹《红楼梦》第六十九回日久天长，这些奴才们跟前，怎么说嘴呢？”,学习外语没有什么诀窍，只有靠～地积累。,时间长，日子久。,rì jiǔ tiān cháng,日久天长,rjtc,ri jiu tian chang,ri,chang
《尚书·皋陶谟》兢兢业业，一日二日万机。”《汉书·百官公卿表上》相国、丞相，皆秦官，金印紫绶，掌丞天子助理万机。”,建国以后，我们敬爱的周总理～，夜以继日，成年很少有休息的机会。★余敏《深情忆念周伯伯》,理处理，办理；万机种种事务。形容政务繁忙，工作辛苦。,rì lǐ wàn jī,日理万机,rlwj,ri li wan ji,ri,ji
《上唐书·音乐志》‘栖鸟夜飞’，沈攸之元微五年所作也。攸之未败前，思归京师，故歌和云‘日落西山还去来。’”,财主们已经是～，红不过一会儿了。★丁玲《太阳照在桑干河上》,太阳快要落山。比喻人到老年将死或事物接近衰亡。,rì luò xī shān,日落西山,rlxs,ri luo xi shan,ri,shan
洪深《青龙潭》第二幕这里，刘秀三日日夜夜的车水，车的晕倒在水车上。”,在重庆红岩的～，你英勇斗争，临危不惧。★郭小川《痛悼敬爱的周总理》诗,每天每夜。形容延续的时间长。,rì rì yè yè,日日夜夜,rryy,ri ri ye ye,ri,ye
《礼记·大学》苟日新，日日新，又日新。”,教授之术，亦采法列强，教科之书，～。★清·吴趼人《痛史·原叙》,新更新；异不同。每天都在更新，每月都有变化。指发展或进步迅速，不断出现新事物、新气象。,rì xīn yuè yì,日新月异,rxyy,ri xin yue yi,ri,yi
无,无,不分白天黑夜拼命赶路。,rì yè jiān chéng,日夜兼程,ryjc,ri ye jian cheng,ri,cheng
《孟子·离娄下》仰而思之，夜以继日。”,无,晚上连着白天。形容加紧工作或学习。,rì yǐ jì yè,日以继夜,ryjy,ri yi ji ye,ri,ye
无,无,指从事征战的生活、经历。,róng mǎ shēng yá,戎马生涯,rmsy,rong ma sheng ya,rong,ya
《管子·重令》而群臣必通外请谒，取权道，行事便辟，以贵富为荣华以相稚也，谓之逆。”汉·王符《潜夫论·论荣》所谓贤人君子者，非必高位厚禄富贵荣华之谓也。”,话说人生～，眼前的多是空花，不可认为实相。★明·凌濛初《初刻拍案惊奇》二十二,荣华草木开花，比喻兴盛或显达。形容有钱有势。,róng huá fù guì,荣华富贵,rhfg,rong hua fu gui,rong,gui
方纪《歌声和笛音》我望着他那年青的，容光焕发，毫无倦色的脸，不知怎么，竟想伸手去抚摸他的孩子般的蓬松的头发。”,无,容光脸上的光彩；焕发光彩四射的样子。形容身体好，精神饱满。,róng guāng huàn fā,容光焕发,rghf,rong guang huan fa,rong,fa
《朱子全书·学三》举一而三反，闻一而知十，乃学者用功之深，穷理之熟，然后能融会贯通，以至于此。”,要没有活泼的想象力，就只能做出点滴的饾饤的工作，决不能～的。★朱自清《中国学术的大损失》,融会融合领会；贯通贯穿前后。把各方面的知识和道理融化汇合，得到全面透彻的理解。,róng huì guàn tōng,融会贯通,rhgt,rong hui guan tong,rong,tong
先秦·管仲《管子·七法》有一体之治，故能出号令，明宪法矣。”,无,融合为整体。比喻几种事物关系密切，配合自然，如同一个整体。,róng wéi yī tǐ,融为一体,rwyt,rong wei yi ti,rong,ti
清·曹雪芹《红楼梦》第111回如今悬空在宝玉屋内，虽说宝玉仍是柔情蜜意，究竟算不得什么，于是更哭得哀切。”,无,温柔甜蜜的情意。,róu qíng mì yì,柔情蜜意,rqmy,rou qing mi yi,rou,yi
元·马致远《汉宫秋》第二折得见了王昭君，使朕如痴似醉。”,无,形容神态失常，失去自制。,rú chī rú zuì,如痴如醉,rcrz,ru chi ru zui,ru,zui
宋·洪迈《容斋随笔》卷十一此四人之过，如出一辙。”,遥远相隔的民族有着这样～的民族传说。★秦牧《宣扬友爱的民族传说》,辙车轮碾轧的痕迹∶象出自同一个车辙。比喻两件事情非常相似。,rú chū yī zhé,如出一辙,rcyz,ru chu yi zhe,ru,zhe
《孟子·尽心上》无为其所不为，无欲其所不欲，如此而已矣。”,无,如此象这样；而已罢了。就是这样罢了。,rú cǐ ér yǐ,如此而已,rcey,ru ci er yi,ru,yi
清·李汝珍《镜花缘》第九十八回即如法炮制，果然把阵破了。”,两个茶房将第二箱抬到舱面上，他～，一箱书又变成了一箱半，还撕碎了几个厚纸包。★鲁迅《而已集·再谈香港》,炮制用烘、炒等针药材制成中药。本指按照一定的方法制作中药。现比喻照着现成的样子做。,rú fǎ páo zhì,如法炮制,rfpz,ru fa pao zhi,ru,zhi
汉·许慎《说文解字》鲠，食骨留咽中也。”段玉裁注韦曰‘骨所以鲠，刺人也。’忠言逆耳，如食骨在喉，故云骨鲠之臣。《汉书》以下皆作骨鲠，字从鱼，谓留咽者鱼骨较多也。”,无,鱼骨头卡在喉咙里。比喻心里有话没有说出来，非常难受。,rú gěng zài hóu,如鲠在喉,rgzh,ru geng zai hou,ru,hou
三国·蜀·诸葛亮《心书·兵机》将能执兵之权，操兵之势，而临群下，臂如猛虎加之羽翼，而翱翔四海。”,因为匪徒们深知，这两件东西一掌握在姜青山手里，就～，再多的人也奈何不了他。★曲波《林海雪原》二七,好象老虎长上了翅膀。比喻强有力的人得到帮助变得更加强有力。,rú hǔ tiān yì,如虎添翼,rhty,ru hu tian yi,ru,yi
《诗·魏风·汾沮洳》彼其之子，美如英……彼其之子，美如玉。”,假如不幸我庄周死后，你这般～的年纪，难道捱得过三年五载？★明·冯梦龙《警世通言·庄子休鼓盆成大道》,像花和玉那样美好。形容女子姿容出众。,rú huā sì yù,如花似玉,rhsy,ru hua si yu,ru,yu
《国语·吴语》万人以为方阵，皆白裳，白旗，素甲，白羽之缯，望之如荼。……左军亦如之，皆赤裳，赤，丹甲，朱羽之缯，望之如火。”,过了两年五四运动”发生了。报纸上的～的记载唤醒了他的被忘却了的青春。★巴金《家》六,荼茅草的白花。象火那样红，象荼那样白。原比喻军容之盛。现用来形容大规模的行动气势旺盛，气氛热烈。,rú huǒ rú tú,如火如荼,rhrt,ru huo ru tu,ru,tu
宋·李光《与胡邦衡书》忽蜀僧行密至，袖出寂照庵三字，如获至宝。”,行至堂阜，鲍叔牙先在，见夷吾～。★明·冯梦龙《东周列国志》第十六回,至极，最∶象得到极珍贵的宝物。形容对所得到的东西非常珍视喜爱。,rú huò zhì bǎo,如获至宝,rhzb,ru huo zhi bao,ru,bao
三国魏·曹植《责躬》计迟奉圣颜，如渴如饥。”,我～地把那二十几页的长文，一口气读下去。★郭沫若《革命春秋·学生时代》,形容要求很迫切，好象饿了急着要吃饭，渴了急着要喝水一样。,rú jī sì kě,如饥似渴,rjsk,ru ji si ke,ru,ke
三国魏·陈琳《为袁绍檄豫州》注引《魏志》矢在弦上，不可不发。”,既然补之与汉举二将军已率两万人马进驻叶县与裕州之间，大军继续东进，～。★姚雪垠《李自成》第二卷第三十六章,箭已搭在弦上。比喻势在必行。,rú jiàn zài xián,如箭在弦,rjzx,ru jian zai xian,ru,xian
《史记·鲁仲连邹阳列传》感于心，合于行，亲于胶漆，昆弟不能离，岂惑于众口哉。”《古诗十九首·孟冬寒气至》以胶投漆中，谁能别离此。”,那张三和这婆惜，～。★明·施耐庵《水浒全传》第二十回,象胶和漆那样黏结。形容感情炽烈，难舍难分。多指夫妻恩爱。,rú jiāo sì qī,如胶似漆,rjsq,ru jiao si qi,ru,qi
《尉缭子·武议》一人之兵，如狼似虎，如风如雨，如雷如霆，震震冥冥，天下皆惊。”,只听得高声大语，开门看～。★元·杨显之《潇湘雨》第四折,象狼和虎一样凶狠。比喻非常凶暴残忍。,rú láng sì hǔ,如狼似虎,rlsh,ru lang si hu,ru,hu
元·无名氏《冻苏秦》第一折久闻先生大名，如雷贯耳。”,无,贯贯穿，进入。响亮得象雷声传进耳朵里。形容人的名声大。,rú léi guàn ěr,如雷贯耳,rlge,ru lei guan er,ru,er
清·吴趼人《二十年目睹之怪现状》第五十八回到了抚院，又碰了止辕，衙门里扎了许多兵，如临大敌。”,他们全副武装地散开，～。,临面临∶象面对着强大的敌人。形容把本来不是很紧迫的形势看得十分严重。,rú lín dà dí,如临大敌,rldd,ru lin da di,ru,di
《诗·小雅·小昮》战战兢兢，如临深渊，如履薄冰。”,黄帝居人上，惴惴～。★明·李贽《初潭集·君臣一》,临靠近；渊深水坑。如同处于深渊边缘一般。比喻存有戒心，行事极为谨慎。,rú lín shēn yuān,如临深渊,rlsy,ru lin shen yuan,ru,yuan
《诗·小雅·小昮》战战兢兢，如临深渊，如履薄冰。”,无,履践、踩在上面。象走在薄冰上一样。比喻行事极为谨慎，存有戒心。,rú lǚ bó bīng,如履薄冰,rlbb,ru lv bo bing,ru,bing
唐·裴铏《周邯》因夷人卖奴，年十四五，视其貌甚慧黠。言善入水，如履平地。”,一个最勇敢的叫徐骧，生的矮小精悍，膂力过人，跳山越涧，～。★清·曾朴《孽海花》第三十三回,履踩。像走在平地上一样。比喻从事某项活动十分顺利。,rú lǚ píng dì,如履平地,rlpd,ru lv ping di,ru,di
《汉书·霍光传》宣帝始立，谒见高庙，大将军光从骖乘。上内严惮之，若有芒刺在背。”,无,形容极度不安。,rú máng zài bèi,如芒在背,rmzb,ru mang zai bei,ru,bei
明·冯梦龙《东周列国志》第十一回寡人闻仲之言，如梦初醒。”,看了这封信，他才～，方知自己上当受骗。,象刚从梦中醒来。比喻过去一直糊涂，在别人或事实的启发下，刚刚明白过来。,rú mèng chū xǐng,如梦初醒,rmcx,ru meng chu xing,ru,xing
明·冯梦龙《东周列国志》第十一回寡人闻仲之言，如梦初醒。”,众人听了，～，尽皆喜悦。★清·陈忱《水浒后传》第三十回,象刚从梦中醒来。比喻过去一直糊涂，在别人或事实的启发下，刚刚明白过来。,rú mèng fāng xǐng,如梦方醒,rmfx,ru meng fang xing,ru,xing
宋·苏轼《前赤壁赋》其声呜呜然，如怨如慕，如泣如诉。”,风声～，墓地凄然悲凉。★冯德英《迎春花》第十九章,好象在哭泣，又象在诉说。形容声音悲切。,rú qì rú sù,如泣如诉,rqrs,ru qi ru su,ru,su
《诗经·邶风·简兮》日之方中，在前上处。”,兹学始盛于欧洲，仅一百五十年以来，今则磅礴烁烁，～。（清·梁启超《生计学学说沿革小史》）,好象太阳正在天顶。比喻事物正发展到十分兴盛的阶段。,rú rì zhōng tiān,如日中天,rrzt,ru ri zhong tian,ru,tian
《谷梁传·昭公二十九年》昭公出奔，民如释重负。”,姐姐～似的松了一口气。★曲波《林海雪原》一,释放下；重负重担子。象放下重担那样轻松。形容紧张心情过去以后的的轻松愉快。,rú shì zhòng fù,如释重负,rszf,ru shi zhong fu,ru,fu
柳亚子《二十世纪大舞台发刊词》某也贤，某也不肖，一一如数家珍。”,无,好象数自己家藏的珍宝那样清楚。比喻对所讲的事情十分熟悉。,rú shǔ jiā zhēn,如数家珍,rsjz,ru shu jia zhen,ru,zhen
清·李宝嘉《官场现形记》第四十四回好便宜！你倒会打如意算盘！十三个半月工钱，只付三个月！你同我了事，我却不同你干休！”,无,比喻考虑问题时从主观愿望出发，只从好的方面着想打算。,rú yì suàn pán,如意算盘,rysp,ru yi suan pan,ru,pan
《管子·任法》然故下之事上也，如响之应声也；臣之事主也，如影之从形也。”汉·刘向《说苑·君道》故天之应人，如影之随形，响之效声者也。”,善恶昭彰，～。（清·李汝珍《镜花缘》第七十一回）,好象影子总是跟着身体一样。比喻两个人关系亲密，常在一起。,rú yǐng suí xíng,如影随形,rysx,ru ying sui xing,ru,xing
《三国志·蜀书·诸葛亮传》孤之有孔明，犹鱼之有水也。”,若使他回来了，我们就应该～，欢喜的了不得，那里还有功夫在这里纳闷呢！★清·岭南羽衣女士《东欧女豪杰》第三回,好象鱼得到水一样。比喻有所凭借。也比喻得到跟自己十分投合的人或对自己很合适的环境。,rú yú dé shuǐ,如鱼得水,ryds,ru yu de shui,ru,shui
清·吴趼人《二十年目睹之怪现状》第一百一回况且他家里人既然有心弄死他，等如愿以偿之后，贼人心虚，怕人议论，岂有不尽力推在医生身上之理？”,他终于～，考上的北京大学。,偿实现、满足。按所希望的那样得到满足。指愿望实现。,rú yuàn yǐ cháng,如愿以偿,ryyc,ru yuan yi chang,ru,chang
元·马致远《汉宫秋》第二折得见了王昭君，使朕如痴似醉。”,真也弄得个～，眠思梦想。★明·东鲁古狂生《醉醒石》第十三回,形容神态失常，失去自制。,rú zuì rú chī,如醉如痴,rzrc,ru zui ru chi,ru,chi
《晋书·杜锡传》累迁太子中舍人。性亮直忠烈，屡谏愍怀太子，言辞恳切，太子患之◇置针着锡常所坐处毡中，刺之流血。”,却说三巧儿自丈夫出堂之后，～，一闻得退衙，便迎住问个消息。★明·冯梦龙《古今小说》卷一,象坐在插着针的毡子上。形容心神不定，坐立不安。,rú zuò zhēn zhān,如坐针毡,rzzz,ru zuo zhen zhan,ru,zhan
《礼记·礼运》未有火化，食草木之食，鸟兽之肉，饮其血，茹其毛，未有麻丝，衣其羽皮。”,～的时代已经一去不复返了。,茹吃。用来描绘原始人不会用火，连毛带血地生吃禽兽的生活。,rú máo yǐn xuè,茹毛饮血,rmyx,ru mao yin xue,ru,xue
清·曹雪芹《红楼梦》第一百七回但是家计萧条，入不敷出。”,他家人口太多，收入少，常常～。,敷够，足。收入不够支出。,rù bù fū chū,入不敷出,rbfc,ru bu fu chu,ru,chu
唐·张怀瓘《书断·王羲之》王羲之书祝版，工人削之，笔入木三分。”,我们读这首诗，尤其有一种～、痛快淋漓的感受。（秦牧《手莫伸》）,相传王羲之在木板上写字，木工刻时，发现字迹透入木板三分深。形容书法极有笔力。现多比喻分析问题很深刻。,rù mù sān fēn,入木三分,rmsf,ru mu san fen,ru,fen
清·陈天华《狮子吼》第五回何尝不说得入情入理，但是事实上那里有人听他的呢！”,无,入合乎∠乎常情和道理。,rù qíng rù lǐ,入情入理,rqrl,ru qing ru li,ru,li
明·冯惟敏《刷儿·骷髅诉冤》曲自古道盖棺事定，入土为安。”明·凌濛初《二刻拍案惊奇》卷三十一亲戚多道‘从来说入土为安，为何要拘定三年？’”,舍妹已断了气，也该出殡了。在家虽好，但一则火烛当心，二者死者亦可以早些～。★清·吴趼人《糊涂世界》第十二回,旧时土葬，人死后埋入土中，死者方得其所，家属方觉心安。,rù tú wéi ān,入土为安,rtwa,ru tu wei an,ru,an
《庄子·山木》入其俗，从其令。”,庞贝古城潜藏得过于轰轰烈烈，中国人温文尔雅，连自然力也～，一层层地慢慢来。★余秋雨《文化苦旅·五城记》,到一个地方，就顺从当地的习俗。,rù xiāng suí sú,入乡随俗,rxss,ru xiang sui su,ru,su
巴金《我的故事》你看我是一个多么软弱无力的人。”,无,形容身体衰弱无气力。也可比喻处事不得力，不中用。,ruǎn ruò wú lì,软弱无力,rrwl,ruan ruo wu li,ruan,li
无,敌人软硬兼施，也没有使他屈服。,兼施同时施展。软的和硬的手段都用上了。,ruǎn yìng jiān shī,软硬兼施,ryjs,ruan ying jian shi,ruan,shi
《后汉书·吴汉传》其锋不可当。”,那是～，无坚不摧的。★欧阳山《三家巷》八,锐锐气；当抵挡。形容勇往直前的气势，不可抵挡。,ruì bù kě dāng,锐不可当,rbkd,rui bu ke dang,rui,dang
姚雪垠《李自成》第二卷第十六章后生在后边跟随，若即若离，并不言语。”,他的书虽然和《了凡纲鉴》也有些相合，但大段又很不相同，～，令人不知道讲起来应该怎样拉在一处。★鲁迅《彷徨·高老夫子》,若好象；即接近∶象接近，又好象不接近。①形容对人保持一定距离。②形容事物含混不清。,ruò jì ruò lí,若即若离,rjrl,ruo ji ruo li,ruo,li
冯德英《苦菜花》第三章王柬芝若无其事地闩上门，又叫她点着灯，他那双眼睛四处巡视着。”,无,象没有那回事一样。形容遇事沉着镇定或不把事情放在心上。,ruò wú qí shì,若无其事,rwqs,ruo wu qi shi,ruo,shi
清·蒲松龄《聊斋志异·珠儿》李惊，方将诘问，则见其若隐若现，恍惚如烟雾，宛转间已登榻。”,无,隐隐约约，看不清楚。,ruò yǐn ruò xiàn,若隐若现,ryrx,ruo yin ruo xian,ruo,xian
明·洪应明《菜根谭·闲适》若有若无，半真半幻，最足以悦人心目而豁人性灵。真天地间一妙境也。”,她很清楚，他对她早已～，不放在心上了。★沙汀《淘金记》八,形容事物不清晰或关系不亲密。,ruò yǒu ruò wú,若有若无,ryrw,ruo you ruo wu,ruo,wu
唐·陈鸿《长恨传》玉妃茫然退立，若有所思。”,月光下，他默默地站在太湖石旁，～。,若好像∶像在思考着什么。,ruò yǒu suǒ sī,若有所思,ryss,ruo you suo si,ruo,si
唐·杜甫《江雨有怀郑典设诗》乱波纷披已打岸，弱云狼藉不禁风。”,如果不参加劳动，也就会沾上资产阶级的思想意识，而且～。★茅盾《一九六０年短篇小说漫评》,禁承受。形容身体娇弱，连风吹都经受不起。,ruò bù jīn fēng,弱不禁风,rbjf,ruo bu jin feng,ruo,feng
唐·韩愈《送浮屠文暢师序》弱之肉，强之食。”明·刘基《秦女体行》有生不幸遭乱世，弱肉强食官无诛。”,在这样～”的情况下，生活”是终于不易保全的。★邹韬奋《抗战以来·诸葛亮”和阿斗”》,原指动物中弱者被强者吞食。比喻弱的被强的吞并。,ruò ròu qiáng shí,弱肉强食,rrqs,ruo rou qiang shi,ruo,shi
唐·杜甫《丹青引赠曹将军霸》褒公鄂公毛发动，英姿飒爽来酣战。”,～五尺枪，曙光初照演兵场。中华儿女多奇志，不爱红装爱武装。★毛泽东《为女民兵题照》诗,飒爽豪迈矫健；英姿英勇威武的姿态。形容英俊威武、精神焕发的样子。,sà shuǎng yīng zī,飒爽英姿,ssyz,sa shuang ying zi,sa,zi
无,无,原指古凉州治内贺兰山一带◇泛指塞外富庶之地。同塞北江南”。,sāi shàng jiāng nán,塞上江南,ssjn,sai shang jiang nan,sai,
《淮南子·人间训》近塞上之人有善术者，马无故亡而入胡。人皆吊之。其父曰‘此何遽不为铬？’居数月，其马将胡骏马而归。人皆贺之。…故福之为祸，祸之为福，化不可极，深不可测也。”,处士有志未遂，甚为可惜，然～，安知非福”。★清·李汝珍《镜花缘》第七回,塞边界险要之处；翁老头。比喻一时虽然受到损失，也许反而因此能得到好处。也指坏事在一定条件下可变为好事。,sài wēng shī mǎ,塞翁失马,swsm,sai weng shi ma,sai,ma
明·范文若《鸳鸯棒·恚剔》我还怕薄情郎折倒我的女儿，须一路寻上去，万一有三长两短，定要讨个明白。”,要是万一李嫂子有～，真是可惜！★姚雪垠《李自成》第一卷第十七章,指意外的灾祸或事故。特指人的死亡。,sān cháng liǎng duǎn,三长两短,scld,san chang liang duan,san,duan
《后汉书·章帝纪》行太尉事节乡侯熹三世在位，为国元老。”,享堂落成，数人直宿其中，天明见堂上一匾云～”。★清·蒲松龄《聊斋志异·三朝元老》,元老资格最老，声望最高的老臣。原指受三世皇帝重用的臣子。现在用来指在一个机构里长期工作过的资格老的人。,sān cháo yuán lǎo,三朝元老,scyl,san chao yuan lao,san,lao
无,无,指屡次，多次。,sān fān liǎng cì,三番两次,sflc,san fan liang ci,san,ci
元·郑德辉《王粲登楼》第一折你将书呈三番两次调发小生到此，萧条旅馆，个月期程，不蒙放参。”,无,番遍数。一再，多次。,sān fān wǔ cì,三番五次,sfwc,san fan wu ci,san,ci
《宋史·赵昌言传》四人者（陈象舆、胡旦、董俨、梁灝）日夕会昌言第。京师为之语曰‘陈三更，董半夜’。”,他常常工作到～。,一夜分为五更，三更是午夜十二时。指深夜。,sān gēng bàn yè,三更半夜,sgby,san geng ban ye,san,ye
三国蜀·诸葛亮《出师表》先帝不以臣卑鄙，猥自枉屈，三顾臣于草庐之中。”,我住着半间儿草舍，再谁承望～。★元·马致远《荐福碑》第一折,顾拜访；茅庐草屋。原为汉末刘备访聘诸葛亮的故事。比喻真心诚意，一再邀请。,sān gù máo lú,三顾茅庐,sgml,san gu mao lu,san,lu
清·昭槤《啸亭杂录·内务府定制》福晋父率阖族谢恩，行三跪九叩礼。”,于是，三支高香，一盅酒，二尺红布挂枝头，俞文芊～，拜了大柳树做干娘。★刘绍棠《小荷才露尖尖角》,叩磕头。最敬重的礼节。,sān guì jiǔ kòu,三跪九叩,sgjk,san gui jiu kou,san,kou
《周礼·春官·外史》掌三皇五帝之书。”,自从盘古开天地，～到于今，历史上曾经有过我们这样的长征吗？★毛泽东《论反对日本帝国主义的策略》,三皇伏羲、神农、黄帝；五帝少昊、颛顼、帝喾、尧、舜。原为传说中我国远古的部落酋长◇借指远古时代。,sān huáng wǔ dì,三皇五帝,shwd,san huang wu di,san,di
汉·刘向《说苑·敬慎》孔子之周，观于太庙，右阶之前，有金人焉。三缄其口，而铭其背曰‘古之慎言人也，戒之哉，戒之哉！无多言，多言多败。’”,危行言逊，祸免生肘；金人示诫，～。★清·陈忱《水浒后传》第十三回,缄封。在他嘴上贴了三张封条。形容说话谨慎。现在也用来形容不肯或不敢开口。,sān jiān qí kǒu,三缄其口,sjqk,san jian qi kou,san,kou
宋·赵彦卫《云麓漫钞》卷六（梁武）帝问三教九流及汉朝旧事，了如目前。”,他是个社会活动家，朋友遍及～。,旧指宗教或学术上的各种流派。也指社会上各行各业的人。,sān jiào jiǔ liú,三教九流,sjjl,san jiao jiu liu,san,liu
《史记·孙子吴起列传》约束既布，乃设铁钺，即三令五申之。”汉·张衡《东京赋》三令五申，示戮斩牲。”,无,令命令；申表达，说明。多次命令和告诫。,sān lìng wǔ shēn,三令五申,slws,san ling wu shen,san,shen
清·曹雪芹《红楼梦》第七十五回你们这些兔子，真是些没良心的忘八羔子！天天在一处，谁的恩你们不沾？只不过这会子输了几两银子，你们就这样三六九等儿的了。”,无,指等级和类别多，有种种差别。,sān liù jiǔ děng,三六九等,sljd,san liu jiu deng,san,deng
《战国策·魏策二》夫市之无虎明矣，然而三人言而成虎。”,无,三个人谎报城市里有老虎，听的人就信以为真。比喻说的人多了，就能使人们把谣言当事实。,sān rén chéng hǔ,三人成虎,srch,san ren cheng hu,san,hu
宋·郭茂倩《乐府诗集》卷四十七引晋人《娇女》诗鱼行不独自，三三两两俱。”宋·辛弃疾《念奴娇·双陆》词袖手旁观初未说，两两三三而已。”,时文林街一带已有歪戴呢帽的人～散在街上。★《闻一多全集·年谱》,三个两个地在一起。形容人数不多。,sān sān liǎng liǎng,三三两两,ssll,san san liang liang,san,liang
《论语·学而》曾子曰‘吾日三省吾身，为人谋而不忠乎？’”,～，谓予无愆。（宋·洪迈《容斋续笔·十五·逐贫赋》）,省检查、反省；身自身。原指每日从三个方面检查自己，后指多次自觉地检查自己。,sān xǐng wú shēn,三省吾身,sxws,san xing wu shen,san,shen
《论语·为政》吾十有五而志于学，三十而立。”,无,指人在三十岁前后有所成就。,sān shí ér lì,三十而立,ssel,san shi er li,san,li
《南齐书·公冶度》季文子三思而后行。”,终身大事也应该～。★欧阳山《三家巷》三０,三再三，表示多次。指经过反复考虑，然后再去做。,sān sī ér xíng,三思而行,ssex,san si er xing,san,xing
周立波《暴风骤雨》第一部十二西北悬天起了乌黑的云朵，不大一会，瓢泼大雨到来了，夹着炸雷和闪电，因为三天两头地下雨，道上黑泥总是不干的，出门的人们都是光着脚丫子，顺着道沿走。”,无,隔一天，或几乎每天。形容经常、频繁。,sān tiān liǎng tóu,三天两头,stlt,san tian liang tou,san,tou
宋·释道原《景德传灯录》卷十三三头六臂擎天地，忿怒那吒扑帝钟。”,吕岳在金眼驼上，现出～，大显神通。★明·许仲琳《封神演义》第五十九回,三个脑袋，六条胳臂。原为佛家语，指佛的法相◇比喻神奇的本领。,sān tóu liù bì,三头六臂,stlb,san tou liu bi,san,bi
毛泽东《为争取千百万群众进入抗日民族统一战线而斗争》为什么提出'巩固和平'、'争取民主'、'实现抗战'这样三位一体的口号？张,我俩没儿没女，洁琼常来，可以说是～，宛如一家★扬《第二次握手》,比喻三个人、三件事或三个方面联成的一个整体。,sān wèi yī tǐ,三位一体,swyt,san wei yi ti,san,ti
明·余继登《典故纪闻》卷十二三五成群，高谈嬉笑。”,一般也有轻薄少年及儿童之辈，见他又挑柴，又读书，～，把他嘲笑戏侮。★明·冯梦龙《古今小说》卷二十七,几个人、几个人在一起。,sān wǔ chéng qún,三五成群,swcq,san wu cheng qun,san,qun
元·关汉卿《救风尘》第一折争奈是匪妓，都三心二意。”,可是眼下大敌当前，后有追兵，你可千万不要～，迟疑不决，误了大事。★姚雪垠《李自成》第一卷第四章,又想这样又想那样，犹豫不定。常指不安心，不专一。,sān xīn èr yì,三心二意,sxey,san xin er yi,san,yi
元·关汉卿《救风尘》第二折我到那里，三言两句，肯写休书，万事俱休。”,若不是我这老手～拿他降伏住，还不晓得闹点什么事情出来哩。★清·李宝嘉《官场现形记》第五十三回,几句话。形容话很少。,sān yán liǎng yǔ,三言两语,syly,san yan liang yu,san,yu
《易·泰》泰，小往大来，吉亨。”《宋史·乐志》三阳交泰，日新惟良。”,设此三羊，以应开泰之言，唤做～”，破解你师之否塞也。★明·吴承恩《西游记》第九十一回,《周易》称爻连的为阳卦，断的为阴爻，正月为泰卦，三阳生于下；冬去春来，阴消阳长，有吉亨之象。常用以称颂岁首或寓意吉祥。,sān yáng kāi tài,三阳开泰,sykt,san yang kai tai,san,tai
《史记·淮阴侯列传》臣愿披腹心，输肝胆，效愚计，恐足下不能用也。诚能听臣之计，莫若两利而俱存之，三分天下，鼎足而居，其势莫敢先动。”,无,比喻三方面对立的局势。,sān zú dǐng lì,三足鼎立,szdl,san zu ding li,san,li
毛泽东《中国人民解放军布告》为着确保城乡治安、安定社会秩序的目的，一切散兵游勇，均应向当地人民解放军或人民政府投诚报到。”,无,勇清代指战争期间临时招募的士兵。原指没有统帅的逃散士兵。现有指没有组织的集体队伍里独自行动的人。,sǎn bīng yóu yǒng,散兵游勇,sbyy,san bing you yong,san,yong
清·钱泳《履园丛话·臆论·利己》今人既富贵骄奢矣，而又丧尽天良。”,如今～的官府要害他们，因此上我家里躲几天。★欧阳山《三家巷》二六,丧丧失；天良良心。没有一点良心。形容恶毒到了极点。,sàng jìn tiān liáng,丧尽天良,sjtl,sang jin tian liang,sang,liang
无,清政府腐败无能，与英法等列强签订了许多丧权辱国的不平行条约。,丧丧失；辱使受到耻辱。丧失主权，使国家蒙受耻辱。,sàng quán rǔ guó,丧权辱国,sqrg,sang quan ru guo,sang,guo
《宋史·范如圭传》公不丧心病狂，奈何为此？必遗臭万世矣。”,但是顽固派反对派对于进步文化机关的违法摧残其合法的事业，其～，可谓已达极点。★邹韬奋《患难余生记·进步文化的遭难》,丧失理智，象发了疯一样。形容言行昏乱而荒谬，或残忍可恶到了极点。,sàng xīn bìng kuáng,丧心病狂,sxbk,sang xin bing kuang,sang,kuang
南朝·宋·范晔《后汉书·李固传》大行在殡，路人掩涕。固独胡粉饰貌，搔头弄姿，槃旋偃仰，从容冶步，曾无惨怛之心。”,又开始～，掸掸衣服。★曹禺《日出》第三幕,搔用手指梳。形容装腔作势卖弄风情。,sāo shǒu nòng zī,搔首弄姿,ssnz,sao shou nong zi,sao,zi
冯德英《迎春花》第二章这次扫地出门的政策很明确，除了个别实在开明、对抗战有功的地主分子外，其他一律不放过。”,无,比喻将坏东西彻底清除出去。也没收全部财产，赶出家门。,sǎo dì chū mén,扫地出门,sdcm,sao di chu men,sao,men
清·李宝嘉《文明小史》第三十九回常言道色胆包天，这回钮逢之竟要把天来包一包。”,无,形容贪恋淫欲胆量很大。,sè dǎn bāo tiān,色胆包天,sdbt,se dan bao tian,se,tian
《论语·阳货》色厉而内荏，譬诸小人，其穿窬之盗也与。”,他跑遍租界的各处，观察了帝国主义爪牙的～的窘态。（叶圣陶《英文教授》）,色神色，样子；厉凶猛；荏软弱。外表强更，内心虚弱。,sè lì nèi rěn,色厉内荏,slnr,se li nei ren,se,ren
清·西周生《醒世姻缘传》第六十二回师爷的席面是看得见的东西，再要来一个撞席的，便就僧多粥薄，相公就不够吃了。”,无,和尚多，而供和尚喝的粥少。比喻物少人多，不够分配。,sēng duō zhōu shǎo,僧多粥少,sdzs,seng duo zhou shao,seng,shao
无,无,杀鸡给猴子看。比喻用惩罚一个人的办法来警告别的人。,shā jī jǐng hóu,杀鸡儆猴,sjjh,sha ji jing hou,sha,hou
《伊索寓言》,请皇上勿再竭泽而渔，～，为小民留一线生机。★姚雪垠《李自成》第二卷第三十二章,卵蛋。为了要得到鸡蛋，不惜把鸡杀了。比喻贪图眼前的好处而不顾长远利益。,shā jī qǔ luǎn,杀鸡取卵,sjql,sha ji qu luan,sha,luan
元·无名氏《气英布》第四折杀气腾腾蔽远空，一声传语似金钟，两家赌战分成败，只在来人启口中。”,监狱内～，突然充满了火药气味。★杨沫《青春之歌》第一部第七章,杀气凶恶的气势；腾腾气势旺盛的样子。形容充满了要杀人的凶狠气势。,shā qì téng téng,杀气腾腾,sqtt,sha qi teng teng,sha,teng
元·无名氏《黄花峪》第二折听的道杀人放火偏精细，显出我些英雄神威。”清·钱彩《说岳全传》第五十五回他本是杀人放火为生的主儿，被杨元帅收伏在麾下。”,也有钻穴逾垣在那里偷窃的，也有～在那里抢劫的。★清·李汝珍《镜花缘》第九十九回,指无法无天的强暴行为。,shā rén fàng huǒ,杀人放火,srfh,sha ren fang huo,sha,huo
无,为了防止凶手～，目击证人正受警方严密保护。,杀害证人以毁灭口供。,shā rén miè kǒu,杀人灭口,srmk,sha ren mie kou,sha,kou
《书·康诰》杀越人于货，暋不畏死，罔弗憝。”,无,越抢劫ˇ人性命，抢人东西。指盗匪的行为。,shā rén yuè huò,杀人越货,sryh,sha ren yue huo,sha,huo
无,无,自身性命遭杀害的大祸。,shā shēn zhī huò,杀身之祸,sszh,sha shen zhi huo,sha,huo
《汉书·尹翁归传》其有所取也，以一警百，吏民皆服，恐惧改行自新。”,如果遇到抗拒，就～。★姚雪垠《李自成》第一卷第十四章,儆警告。处死一个人，借以警戒许多人。,shā yī jǐng bǎi,杀一儆百,syjb,sha yi jing bai,sha,bai
南朝宋·鲍照《拜侍郎上疏》铩羽暴鳞，复见翻跃。”,这一批被斩了魔爪，～”，另一批又破门出来。★秦牧《手莫伸》,铩羽羽毛摧落，比喻失败或不得志。指失败或不得志而归。,shā yǔ ér guī,铩羽而归,syeg,sha yu er gui,sha,gui
清·彭养鸥《黑籍冤魂》第三回这煎烟方法，我是煞费苦心，三番五次的试验，方才研究得精密。”,他～编造的谎言被人当场揭穿了。,煞委。形容费尽心思。,shà fèi kǔ xīn,煞费苦心,sfkx,sha fei ku xin,sha,xin
沙汀《替身》保长一只脚踏上板凳的一端，象煞有介事地抽吸起来。”,无,原是江浙一带的方言。指装模作样，活象真有那么一回事似的。多指大模大样，好象很了不起的样子。,shà yǒu jiè shì,煞有介事,syjs,sha you jie shi,sha,shi
《汉书·元帝纪》山崩地裂，水泉涌出。”,这正是～有人见，捉生替死却难逢！★明·吴承恩《西游记》第十二回,山岳倒塌，大地裂开。形容响声巨大或变化剧烈。,shān bēng dì liè,山崩地裂,sbdl,shan beng di lie,shan,lie
唐·刘禹锡《望赋》龙门不见兮，云雾苍苍。乔木何许兮，山高水长。”,云山苍苍，江水泱泱。先生之风，～。★宋·范仲淹《严先生祠堂记》,象山一样高耸，如水一般长流。原比喻人的风范或声誉象高山一样永远存在◇比喻恩德深厚。,shān gāo shuǐ cháng,山高水长,sgsc,shan gao shui chang,shan,chang
元·无名氏《碧桃花》第三折他将山盟海誓言，向罗帏锦帐眠。”,想当初～，可现在怎么就要分手了？,盟盟约；誓誓言。指男女相爱时立下的誓言，表示爱情要象山和海一样永恒不变。,shān méng hǎi shì,山盟海誓,smhs,shan meng hai shi,shan,shi
宋·黄庭坚《蓦山溪·赠衡阳陈湘》眉黛敛秋波，尽湖南，山明水秀。”,我的家乡是个～的好地方。,形容风景优美。,shān qīng shuǐ xiù,山清水秀,sqsx,shan qing shui xiu,shan,xiu
宋·陆游《游山西村》诗山重水复疑无路，柳暗花明又一村。”,你们已经到了～的地步。★毛泽东《敦促杜聿明等投降书》,山和水都到了尽头。比喻无路可走陷入绝境。,shān qióng shuǐ jìn,山穷水尽,sqsj,shan qiong shui jin,shan,jin
唐·韦应物《长安道诗》山珍海错弃藩篱，烹犊羊羔如折葵。”,调补剂不一定象～那样适味可口。★闻一多《邓以蛰〈诗与历史〉题记》,山野和海里出产的各种珍贵食品。泛指丰富的菜肴。,shān zhēn hǎi wèi,山珍海味,szhw,shan zhen hai wei,shan,wei
无,无,指山峦重迭，水流盘曲。,shān zhòng shuǐ fù,山重水复,szsf,shan zhong shui fu,shan,fu
《尚书·纬》删夷繁乱。”宋·严羽《历代诗话·诗法家数》绝句之法，要婉曲回环，删芜就简。”,～三秋树，领异标新二月花。（清·郑燮《楹联》）,删除去；就趋向。去掉繁杂部分，使它趋于简明。,shān fán jiù jiǎn,删繁就简,sfjj,shan fan jiu jian,shan,jian
《汉书·孝武李夫人传》立而望之，偏何姗姗其来迟。”,什么事竟使你～。★姚雪垠《李自成》第二卷第十八章,姗姗形容走得缓慢从容。慢腾腾地来晚了。,shān shān lái chí,姗姗来迟,sslc,shan shan lai chi,shan,chi
无,无,比喻煽动别人闹事。,shān fēng diǎn huǒ,煽风点火,sfdh,shan feng dian huo,shan,huo
宋·马廷鸾《题汪水云诗》余展读甲子初作，微有汗出，读至丙子诸作，潸然泪下。”,无,潸然流泪的样子。形容泪流不止。,shān rán lèi xià,潸然泪下,srlx,shan ran lei xia,shan,xia
无,无,言语遮遮掩掩，吞吞吐吐。,shǎn shuò qí cí,闪烁其词,ssqc,shan shuo qi ci,shan,ci
清·曹雪芹《红楼梦》奶奶就是让着他，他见奶奶比他标致，又比他得人心儿，他就善罢甘休了？”,不去呢，她必不会～；去呢，她也不会绕了他。★老舍《骆驼祥子》,轻易地了结纠纷，心甘情愿地停止再闹。,shàn bà gān xiū,善罢甘休,sbgx,shan ba gan xiu,shan,xiu
《金刚经·善现启请分》善男子，善女子，发阿耨多罗三藐三菩提心。”,但～们不远千里朝拜金顶的仍然在老河口、石花街和草店的大道上络绎不绝。★姚雪垠《李自成》第一卷第十六章,佛教用语。原指皈依佛法的男女◇泛指信仰佛教的男男女女。,shàn nán xìn nǚ,善男信女,snxn,shan nan xin nv,shan,nv
《庄子·大宗师》善妖善老，善始善终。”《史记·陈丞相世家赞》以荣名终，称贤相，岂不善始善终哉？”,不如早达时务，～，全了恩人生前一段美意。★明·冯梦龙《警世通言》卷二十五,做事情有好的开头，也有好的结尾。形容办事认真。,shàn shǐ shàn zhōng,善始善终,sssz,shan shi shan zhong,shan,zhong
无,无,善好的。报报应。做好事必有好的报答。常与恶有恶报”连用。,shàn yǒu shàn bào,善有善报,sysb,shan you shan bao,shan,bao
唐·韩愈《论佛骨表》伤风败俗，传笑四方，非细事也。”,纣王以为妲己好意，岂知内藏～之情，大坏纲常礼义之防。★明·许仲琳《封神演义》第十九回,伤、败败坏。指败坏社会风俗。多用来遣责道德败坏的行为。,shāng fēng bài sú,伤风败俗,sfbs,shang feng bai su,shang,su
元·无名氏《蝴蝶梦》第二折打得来伤筋动骨，更疼似悬头刺股。”,无,本指身受重伤◇比喻事物受到重大损害。,shāng jīn dòng gǔ,伤筋动骨,sjdg,shang jin dong gu,shang,gu
清·蒲松龄《聊斋志异·吕无病》堂上公以我为天下之龌龊教官，勒索伤天害理之钱，以吮人痈痔者耶？”,无,伤、害损害；天天道；理伦理。形容做事凶恶残忍，丧尽天良。,shāng tiān hài lǐ,伤天害理,sthl,shang tian hai li,shang,li
汉·王符《潜夫论·实贡》赏罚严明，治之材也。”《汉书·张敞传》敞为人敏疾，赏罚分明。”,无,该赏的赏，该罚的罚。形容处理事情严格而公正。,shǎng fá fēn míng,赏罚分明,sffm,shang fa fen ming,shang,ming
鲁迅《故事新编·采薇》两人到山脚下一看，只见新叶嫩碧，土地金黄，野草开着些红红白白的小花，真是连看看也赏心悦目。”,无,悦目看了舒服。指看到美好的景色而心情愉快。,shǎng xīn yuè mù,赏心悦目,sxym,shang xin yue mu,shang,mu
《管子·明法》下情不上通，谓之塞。”,无,下面的情况或意见能够通达于上。,shàng qíng xià dá,上情下达,sqxd,shang qing xia da,shang,da
唐·李复言《续玄怪录·卢仆射从史》吾已得炼形之术也，其术自无形成而炼成三尺之形，则上天入地，乘云驾鹤，千变万化，无不可也。”,待贫道就在坛中，飞出元神，不论～，好歹寻著娘娘。★清·洪昻《长生殿》第四十六出,升上天空，钻入地下。形容神通广大。也比喻为实现某种目的而四处奔走。,shàng tiān rù dì,上天入地,strd,shang tian ru di,shang,di
《左传·襄公二十六年》记载伯州犁有意偏袒公子围，叫皇颉作证，并向皇虻示，举起手说夫子为王子围，寡君之贵介弟也。”把手放下说此子可为穿封戍，方城外之县尹也，谁获子？”,亏得尚有巧妙不同”一句注脚，还可～一番。★朱自靖《海阔天空”与古今中外”》,比喻玩弄手法，串通做弊。,shàng xià qí shǒu,上下其手,sxqs,shang xia qi shou,shang,shou
姚雪垠《李自成》第一卷第十七章自成虽然新遭大败，但此人百折不挠，锐意进取，加之重要将领均在，上下同心，亲密无向，又善于整饬军纪，救民之急，所以只要他喘息一下，重振旗鼓不难。”,无,上下一心。,shàng xià tóng xīn,上下同心,sxtx,shang xia tong xin,shang,xin
无,无,上下有共同的愿望，谓众心齐一。,shàng xià tóng yù,上下同欲,sxty,shang xia tong yu,shang,yu
《淮南子·诠言训》上下一心，君臣同志。”,无,上上下下一条心。,shàng xià yī xīn,上下一心,sxyx,shang xia yi xin,shang,xin
汉·班固《白虎通·三教》教者，效也，上为之，下效之。”《旧唐书·贾曾传》上行下效，淫俗将成。”,无,效仿效，跟着学。上面的人怎么做，下面的人就跟着怎么干。,shàng xíng xià xiào,上行下效,sxxx,shang xing xia xiao,shang,xiao
清·李渔《闲情偶寄·演习·脱套》才锋笔藻可继还魂，其稍逊一筹者，则在气与力之间耳。”,而后起的模拟者总不免比创始者要～。★范文澜《中国通史》第三编第七章第五节,稍稍微；逊逊色。比较起来，稍微差一点。,shāo xùn yī chóu,稍逊一筹,sxyc,shao xun yi chou,shao,chou
宋·苏轼《文与可画画云当谷偃竹记》振笔直遂，以追其所见，如兔起鹘落，少纵则逝矣。”,事机万变，～。★蔡东藩、许廑父《民国通俗演义》第三十四回,纵放；逝消失。稍微一放松就消失了。形容时间或机会等很容易过去。,shāo zòng jí shì,稍纵即逝,szjs,shao zong ji shi,shao,shi
《隋书·李雄传》吾儿既少，更事未多。”,母谓汝夫妇～。（清·蒲松龄《聊斋志异·青娥》）,少年轻；更经历。年纪轻，没有经历过什么事情。指经验不多。,shào bù gēng shì,少不更事,sbgs,shao bu geng shi,shao,shi
《抱朴子·神仙》夫所见少则所怪多，世之常也。”汉·牟融《牟子》少所见，多所怪，睹橐驼，谓马肿背。”,人家说～，你多见了还是那么多怪。★清·吴趼人《二十年目睹之怪现状》第八十六回,见闻少的人遇到不常见的事物就觉得奇怪◇常用来嘲笑见识浅陋的人。,shǎo jiàn duō guài,少见多怪,sjdg,shao jian duo guai,shao,guai
汉·赵岐《三辅决录·韦康》韦元将年十五，身长八尺五寸，为郡主簿。杨彪称曰‘韦主簿年虽少，有老成之风，昂昂千里之驹。’”,叙话中间，说起兴哥～，这般大事，亏他独立支持。★明·冯梦龙《古今小说》卷一,原指人年纪虽轻，却很老练。现在也指年轻人缺乏朝气。,shào nián lǎo chéng,少年老成,snlc,shao nian lao cheng,shao,cheng
无,无,指平时说话不多。,shǎo yán guǎ yǔ,少言寡语,sygy,shao yan gua yu,shao,yu
《汉书·食货志》弃本逐末，耕者不能半，奸邪不可禁，原起于钱。”,写文章只追求形式而不注重内容，那是～。,舍舍弃；逐追求。抛弃根本的、主要的，而去追求枝节的、次要的。比喻不抓根本环节，而只在枝节问题上下功夫。,shě běn zhú mò,舍本逐末,sbzm,she ben zhu mo,she,mo
无,～也要凑好了机会，不然，你把肉割下来给别人吃，人们还说许说你的肉中含有传染病的细菌。（老舍《老张的哲学》）,舍己牺牲自己。不惜牺牲自己去救别人。,shě jǐ jiù rén,舍己救人,sjjr,she ji jiu ren,she,ren
《论语·先进》夫子喟然叹曰‘吾与点也。’”朱熹注初无舍己为人之意，而其胸次悠然，直与天地万物上下同流，各得其所之妙。”,无,舍弃自己的利益去帮助别人。,shě jǐ wèi rén,舍己为人,sjwr,she ji wei ren,she,ren
《孟子·离娄上》道在迩而求诸远。”《后汉书·臧宫传》舍近谋远者，劳而无功；舍远谋近者，逸而有终。”,可见咱们天天是～。现有这样诗人在此，却天天去纸上谈兵。★清·曹雪芹《红楼梦》第七十六回,舍去近处的，追求远处的。形容做事走弯路。,shě jìn qiú yuǎn,舍近求远,sjqy,she jin qiu yuan,she,yuan
《孟子·告子上》生，亦我所欲也，义，亦我所欲也。二者不可得兼，舍生而取义者也。”,～兮捐微躯，谁云女妇兮夫弗如？★明·李昌祺《剪灯余话·鸾鸾传》,舍舍弃；生生命；取求取；义正义。舍弃生命以正义。指为正义而牺牲生命。,shě shēng qǔ yì,舍生取义,ssqy,she sheng qu yi,she,yi
元·无名氏《锁魔镜》第二折你须索舍死忘生，建立功勋。”,无,不把个人的生死放在心上。,shě shēng wàng sǐ,舍生忘死,ssws,she sheng wang si,she,si
《孟子·公孙丑下》如欲平治天下，当今之世，舍我其谁也？”,我嫡孙也，欲立太子，～！★明·冯梦龙《东周列国志》第七十九回,舍除了。除了我还有哪一个？形容人敢于担当，遇有该做的事，决不退让。,shě wǒ qí shuí,舍我其谁,swqs,she wo qi shui,she,shui
《礼记·中庸》体群臣也。”朱熹注体，谓设以身处其地而察其心也。”,若非梦往神游，何谓～？（清·李渔《闲情偶寄》卷三《语求肖似》）,设设想。设想自己处在别人的那种境地。指替别人的处境着想。,shè shēn chǔ dì,设身处地,sscd,she shen chu di,she,di
宋·辛弃疾《贺新郎·别茂嘉十二弟》词将军百战身名裂，向河梁，回头万里，故人长绝。”,家里破产了——我父亲因为地权的事打了官司，闹得～。★杨沫《青春之歌》第一部第二章,身身分，地位；败毁坏；裂破损。地位丧失，名誉扫地。指做坏事而遭到彻底失败。,shēn bài míng liè,身败名裂,sbml,shen bai ming lie,shen,lie
明·罗贯中《三国演义》第七十四回上命差遣，身不由己。望君侯怜悯，誓以死报。”,无,由听从。身体不由自己作主。,shēn bù yóu jǐ,身不由己,sbyj,shen bu you ji,shen,ji
柯云路《衰与荣》嗳，年轻人，你们怎么瞎挤？夏平站在后面护他，身单力薄，也护不住。”,无,人少力量不大。,shēn dān lì bó,身单力薄,sdlb,shen dan li bo,shen,bo
《隋书·经籍志三》载有《六甲贯胎书》,偏偏媳妇～，好容易逃至海外，生下红蕖孙女，就在此处敷衍度日。★清·李汝珍《镜花缘》第十回,六甲传说为上帝造物的日子。指妇女怀孕。,shēn huái liù jiǎ,身怀六甲,shlj,shen huai liu jia,shen,jia
明·施耐庵《水浒全传》第一○八回倘举事一有不当，那些全躯保妻子的，随而媒孽其短，身家性命，都在权奸掌握之中。”,我若没有还他，这件事就要破！～关系，我所以和老哥商议。（清·吴敬梓《儒林外史》第三十二回）,身家本人和家庭。本人和全家人的生命。,shēn jiā xìng mìng,身家性命,sjxm,shen jia xing ming,shen,ming
《资志通鉴·后唐纪·庄宗同光三年》且群臣或从陛下岁久，身经百战，所得不过一州。”,无,亲身经历过很多次战斗。比喻况历多，经验丰富。,shēn jīng bǎi zhàn,身经百战,sjbz,shen jing bai zhan,shen,zhan
无,这篇散文把桂林山水描写得形象逼真，读完使人有身临其境的感觉。,临到；境境界，地方。亲自到了那个境地。,shēn lín qí jìng,身临其境,slqj,shen lin qi jing,shen,jing
明·吴承恩《西游记》第二十一回全凭着手疾眼快，必须要身强力壮。”,那时，忠大伯还～，墩实个子，红脸庞，短胡子黑里带黄。★梁斌《红旗谱》十,形容身体强壮有力。,shēn qiáng lì zhuàng,身强力壮,sqlz,shen qiang li zhuang,shen,zhuang
唐·陈子昂《申宗人冤狱书》假使获罪于天，身首异处，盖如一蝼蚁尔，亦何足可称？”,我自正位东宫，并无失德，纵有过恶，不过贬谪，也不致～。★明·许仲琳《封神演义》第九回,首头；异不同；处地方。指被杀头。,shēn shǒu yì chù,身首异处,ssyc,shen shou yi chu,shen,chu
《孝经·开宗明义》身体发肤，受之父母，不敢毁伤，孝之始也。”,无,本指身躯、四肢、须发、皮肤，后亦泛指自己身体的全部，自身。,shēn tǐ fà fū,身体发肤,stff,shen ti fa fu,shen,fu
《淮南子·氾论训》圣人以身体之。”《礼记·中庸》 力行近乎仁。”,先生以致知格物为基阯（址），以～为堂奥。★清·张惠言《承拙斋空传》,身亲身；体体验。亲身体验，努力实行。,shēn tǐ lì xíng,身体力行,stlx,shen ti li xing,shen,xing
元·蒋子正《山房随笔》引刘改之（过）诗拔毫已付管城子，烂首曾封关内候。死后不知身外物，也随尊酒伴风流。”,无,指财物等身体以外的东西，表示无足轻重的意思。,shēn wài zhī wù,身外之物,swzw,shen wai zhi wu,shen,wu
无,他北上求职，却遭到扒手扒窃，～，求告无门。,形容非常贫穷。,shēn wú fēn wén,身无分文,swfw,shen wu fen wen,shen,wen
《史记·淮南衡山列传》当敌勇敢，常为士卒先。”《资治通鉴·隋纪炀帝大业九年》玄感每战，身先士卒，所向摧陷。”,披坚执锐，临难不顾，～。★明·罗贯中《三国演义》第七十二回,作战时将领亲自带头，冲在士兵前面。现在也用来比喻领导带头，走在群众前面。,shēn xiān shì zú,身先士卒,sxsz,shen xian shi zu,shen,zu
明·袁宏道《吼山》山下石骨为匠者搜去，积水为潭，望之洞黑如墨汁，深不可测。”,隆武帝～地微笑。★华而实《汉衣冠》一,深得无法测量。比喻对事物的情况捉摸不透。,shēn bù kě cè,深不可测,sbkc,shen bu ke ce,shen,ce
元·杨显之《酷寒亭》第四折从今后深仇积恨都消解。”,多年积压的～，象火山的岩浆一样从江水山的身上暴发了！★冯德英《迎春花》第二章,深而大的仇恨。,shēn chóu dà hèn,深仇大恨,scdh,shen chou da hen,shen,hen
无,他在任内大施德政，～，因此虽已逝去多年，仍然为人所追思、怀念。,得到广大人民的热烈拥护。,shēn dé rén xīn,深得人心,sdrx,shen de ren xin,shen,xin
《孟子·尽心下》斯可谓之乡愿矣” 宋·朱熹集注过门不入而不恨之，以其不见亲就为幸，深恶而痛绝之也。”,不象他对于墨家那样的真心的～。★闻一多《杂文·善于儒、道、土匪》,恶厌恶；痛痛恨；绝极。指对某人或某事物极端厌恶痛恨。,shēn wù tòng jué,深恶痛绝,swtj,shen wu tong jue,shen,jue
《宋史·赵昌言传》时盐城副使陈象舆与昌言善，知制诰胡旦、度支副使董俨皆昌言同年，四人者，旦夕会昌年之第。京师为之语曰‘陈三更，董半夜。’”,这样吵下去有什么意思？～，还闹得四邻秒安的。（巴金《秋》四十二）,指深夜。,shēn gēng bàn yè,深更半夜,sgby,shen geng ban ye,shen,ye
唐·韩愈《送浮屠文畅师序》夫兽深居而简出，惧物之为己害也，犹且不脱焉。”,自摈弃以来，尤自刻励，～，几不与世人相通。★宋·秦观《谢王学士书》,简简省。原指野兽藏在深密的地方，很少出现◇指常呆在家里，很少出门。,shēn jū jiǎn chū,深居简出,sjjc,shen ju jian chu,shen,chu
清·文康《儿女英雄传》第二十五回只是要娶到家来作个媳妇，世上这般双瞳如豆、一叶迷山的，以至糊涂下人，又有几个深明大义的呢！”,那严仲子为人～，我想二弟此去一定可以做些不会辱没母亲的事情。★郭沫若《棠棣之花》第一幕,指识大体，顾大局。,shēn míng dà yì,深明大义,smdy,shen ming da yi,shen,yi
汉·贾谊《过秦论》深谋远虑，行军用兵之道，非及曩时之士也。”,大王～，说得有理。★明·吴承恩《西游记》第二十回,指计划得很周密，考虑得很长远。,shēn móu yuǎn lǜ,深谋远虑,smyl,shen mou yuan lv,shen,lv
陈毅《向秀丽歌》向秀丽，你当得起这样的深情厚谊。”,无,深厚的感情和友谊。,shēn qíng hòu yì,深情厚谊,sqhy,shen qing hou yi,shen,yi
明·施耐庵《水浒传》第八十回高太尉着令医人治疗，见丘岳重伤，恨梁山泊深入骨髓。”,无,形容达到极深极重的程度。,shēn rù gǔ suǐ,深入骨髓,srgs,shen ru gu sui,shen,sui
无,这篇文章写得深入浅出，使人爱看、易懂。,指讲话或文章的内容深刻，语言文字却浅显易懂。,shēn rù qiǎn chū,深入浅出,srqc,shen ru qian chu,shen,chu
明·冯梦龙《东周列国志》第二十回且君新得诸侯，非有存亡兴灭之德，深入人心，恐诸侯之兵，不为我用。”,可是总没有这位先生的讲说那样一句句～。★叶圣陶《英文教授》,指理论、学说、政策等为人们深切了解和信服。,shēn rù rén xīn,深入人心,srrx,shen ru ren xin,shen,xin
秦牧《莽原语丝》还有些人，钻到深山老林里找人参、采木耳，摘蘑菇。”,无,与山外、林外距离远的、人急至的山岭、森林。,shēn shān lǎo lín,深山老林,ssll,shen shan lao lin,shen,lin
鲁迅《彷徨·伤逝》我看见怒涛中的渔夫，战壕中的兵士，摩托车中的贵人，洋场上的投机家，深山密林中的豪杰。”,无,与山外、林外距离远的、人急至的山岭、森林。,shēn shān mì lín,深山密林,ssml,shen shan mi lin,shen,lin
《楚辞·渔父》何故深思高举，自令放为？”《史记·穰侯列传》愿君熟虑之。”,而其人亦得～，周旋于是，不过十年，将必有卓然可观者也。★宋·苏轼《策别第九》,反复深入地考虑。,shēn sī shú lǜ,深思熟虑,sssl,shen si shu lv,shen,lv
丁玲《梦珂》她居然很能够安逸的，高贵的，走过去握那少年导演的手，又用那神采飞扬的眼光去照顾一下全室的人。”,他～地走向主席台开始做报告。,形容兴奋得意，精神焕发的样子。,shén cǎi fēi yáng,神采飞扬,scfy,shen cai fei yang,shen,yang
明·沈德符《万历野获编·玩具·晋唐小楷真迹》韩宗伯所藏曹娥碑，为右军真迹。绢素稍暗，字亦惨淡。细视良久，则笔意透出绢外，神采奕然。”,我在底下看着，果然～。（清·吴趼人《二十年目睹之怪现状》第三十七回）,奕奕精神焕发的样子。形容精神饱满，容光焕发。,shén cǎi yì yì,神采奕奕,scyy,shen cai yi yi,shen,yi
《淮南子·兵略训》善者之动也，神出而鬼行。”,抗日游击队～，打得日本鬼子魂飞魄散。,出出现；没消失。象神鬼那样出没无常。形容出没无常，不可捉摸◇泛指行动变化迅速。,shén chū guǐ mò,神出鬼没,scgm,shen chu gui mo,shen,mo
《庄子·天地》深之又深而能物焉，神之又神而能精焉。”,向日闻得古人有袖占一课”之说，真是～。★清·李汝珍《镜花缘》第七十五回,神神妙；乎语助词，表感叹。神秘奇妙到了极点。形容非常奇妙神秘。,shén hū qí shén,神乎其神,shqs,shen hu qi shen,shen,shen
明·冯梦龙《醒世恒言》卷十六小娘们多有爱他的，奉得神魂颠倒，连家里也不思想。”,无,神魂精神，神志。精神恍惚，颠三倒四，失去常态。,shén hún diān dǎo,神魂颠倒,shdd,shen hun dian dao,shen,dao
无,无,①指精神病。②指精神和思虑迷糊不清，失去常态。,shén jīng cuò luàn,神经错乱,sjcl,shen jing cuo luan,shen,luan
清·吴趼人《二十年目睹之怪现状》第37回这三张东西，我自己画的也觉得意，真是神来之笔。”,自己也觉得仿佛是～，如用别的韵语形式去写，便决不能有此力量。★周作人《知堂回想录》,由神灵帮助而写出的作品。形容作品文句精彩。,shén lái zhī bǐ,神来之笔,slzb,shen lai zhi bi,shen,bi
沙汀《一个秋天晚上》最怪的是那批神气活现的流氓，就象狗样。”,无,自以为了不起而显示出来的得意和傲慢的样子。,shén qì huó xiàn,神气活现,sqhx,shen qi huo xian,shen,xian
宋·李昿《太平广记》卷十七引唐·牛僧孺《续玄怪录·裴谌》香风飒来，神清气爽，飘飘然有凌云之意。”,长揖而坐，～，满坐风生，顾眄炜如也。★宋·张君房《云笈七签》卷一一二,①形容人神志清爽，心情舒暢。②形容人长得神态清明，气质爽朗。,shén qīng qì shuǎng,神清气爽,sqqs,shen qing qi shuang,shen,shuang
无,无,神志不清，心神不定。,shén qíng huǎng hū,神情恍惚,sqhh,shen qing huang hu,shen,hu
马南邨《燕山夜话·编一套特技”丛书吧》举出最普通的例子来说，当你随便走进一家澡堂的时候，你就会发现有些老工人，能够在滚开的热水中拧手巾，神情自若，并不烫手。”,周培公～地瞟了一眼王辅臣，带着轻蔑的微笑开口了。★二月河《康熙大帝》第二卷第四十四章,自若自然，不变常态。神情态度仍和原来一样。,shén qíng zì ruò,神情自若,sqzr,shen qing zi ruo,shen,ruo
《大唐三藏法师取经诗话·入王母地之处第十一》师日‘你神通广大，去必无妨。’”,这孽畜更做你这般～，也不合佛顶上大惊小怪。★元·马致远《荐福碑》第三折,神通原是佛家语，指神奇的法术。法术广大无边。形容本领高超，无所不能。,shén tōng guǎng dà,神通广大,stgd,shen tong guang da,shen,da
明·沈德符《万历野获编·乡试遇水火灾》刘欲毕试以完大典，俱审时度势，切中事理。”,大凡士人出处，不可苟且，须～，必可以得行其志，方可一出。（清·禇人获《隋唐演义》第七十八回）,审仔细研究；时时局；度估计；势发展趋势。观察分析时势，估计情况的变化。,shěn shí duó shì,审时度势,ssds,shen shi duo shi,shen,shi
《左传·成公十六年》王曰‘合谋也，张幕矣。’（伯州犁）曰‘虔卜於先君也，徹幕矣。’（楚王）曰‘将发命也。甚嚣，且尘上矣。’”,虽已电令燮元代理督军，同时苏人争请废督，～。★蔡东藩、许廑父《民国通俗演义》第一百二十二回,甚很；嚣喧嚷。人声喧嚷，尘土飞扬。原形容军中正忙于准备的状态◇来形容消息普遍淬，议论纷纷。现多指反动言论十分嚣张。,shèn xiāo chén shàng,甚嚣尘上,sxcs,shen xiao chen shang,shen,shang
《论语学而》曾子曰‘慎终追远，民德归厚矣。’”,五间正殿前，悬一块闹龙填青匾，写道是～”。★清·曹雪芹《红楼梦》第五十三回,终人死；远指祖先。旧指慎重地办理父母丧事，虔诚地祭祀远代祖先◇也指谨慎从事，追念前贤。,shèn zhōng zhuī yuǎn,慎终追远,szzy,shen zhong zhui yuan,shen,yuan
无,无,指提升了官职，同时就能获得更多的物质财富。,shēng guān fā cái,升官发财,sgfc,sheng guan fa cai,sheng,cai
马南邨《燕山夜话·不吃羊肉吃菜羹》有人背诵了几篇祭文，背得烂熟，到了考试的时候，题目是祝寿的，他居然生搬硬套地把祭文抄上去，弄得牛头不对马嘴。”,学习不是～，生活中的语言也不能原封不动地运用，需要提炼。★老舍《语言、人物、戏剧》,生生硬。指不顾实际情况，机械地运用别人的经验，照抄别人的办法。,shēng bān yìng tào,生搬硬套,sbyt,sheng ban ying tao,sheng,tao
《诗·大雅·桑柔》 我生不辰，逢天僤怒。”,无,生下来没有遇到好时候。旧时指命运不好。,shēng bù féng shí,生不逢时,sbfs,sheng bu feng shi,sheng,shi
《礼记·大学》生财有大道生之者众，食之者寡，为之者疾，用之者舒，则财恒足矣。”,无,原指生财有个大原则，后指搞钱很有办法。,shēng cái yǒu dào,生财有道,scyd,sheng cai you dao,sheng,dao
五代·王仁裕《开元天宝遗事·梦笔头生花》李太白少时，梦所用之笔头上生花后天才赡逸，名闻天下。”,无,比喻杰出的写作才能。,shēng huā miào bǐ,生花妙笔,shmb,sheng hua miao bi,sheng,bi
无,改革开放以来，我国的第三产业生机勃勃，发展非常迅速。,形容自然界充满生命力，或社会生活活跃。,shēng jī bó bó,生机勃勃,sjbb,sheng ji bo bo,sheng,bo
南朝宋·刘义庆《世说新语·雅量》鸡猪鱼蒜，逢著便；生老病死，时至则行。”《仁王经·无常偈》生老病死，事与愿违。”,只是在家受不得那爱欲牵缠，～，世态炎凉，人情险恶。★清·陈忱《水浒后传》第三十一回,佛教指人的四苦，即出生、衰老、生病、死亡。今泛指生活中生育、养老、医疗、殡葬。,shēng lǎo bìng sǐ,生老病死,slbs,sheng lao bing si,sheng,si
汉·无名氏《为焦仲卿妻作》诗生人作死别，恨恨那可论。”北周·庾信《拟连珠》盖闻死别长城，生离函谷。”,他们已有那样的情感，又遇着那些～的事。★闻一多《冬夜评论》,分离好象和死者永别一样。指很难再见的离别或永久的离别。,shēng lí sǐ bié,生离死别,slsb,sheng li si bie,sheng,bie
《尚书·仲虺之诰》有夏昏德，民坠涂炭。”《晋书·苻丕载记》先帝晏驾贼庭，京师鞠为戎穴，神州萧条，生灵涂炭。”,无,生灵百姓；涂泥沼；炭炭火。人民陷在泥塘和火坑里。形容人民处于极端困苦的境地。,shēng líng tú tàn,生灵涂炭,sltt,sheng ling tu tan,sheng,tan
清·吴趼人《痛史》第五回城外元兵虽多，却被张世杰一马在前，宗仁、宗义在后，如生龙活虎一般，杀入阵去。”,无,形容活泼矫健，富有生气。,shēng lóng huó hǔ,生龙活虎,slhh,sheng long huo hu,sheng,hu
徐迟《特写选·序言》生活中最主要的仍然是那些向上的，生气勃勃、充满热情和活力的，带有极大想象的东西。”,无,勃勃旺盛的样子。形容人或社会富有朝气，充满活力。,shēng qì bó bó,生气勃勃,sqbb,sheng qi bo bo,sheng,bo
《韩非子·三守》使杀生之机，予夺之要在大臣，如是者侵。”《荀子·王制》故丧祭、朝聘、师旅一也。贵贱、杀生、与夺一也。”,干这种职务的人大半是带工的亲戚，或者是在地方上有一点势力的流氓，所以在这种地方，他们差不多有～的权利。★夏衍《包身工》,生让人活；杀处死；予给予；夺剥夺。形容反动统治者掌握生死、赏罚大权。,shēng shā yù duó,生杀予夺,ssyd,sheng sha yu duo,sheng,duo
《周易·系辞上》生生之谓易。”宋·周敦颐《太极图说》二气交感，化生万物，万物生生而变化无穷焉。”,在天地，则气化流行，～。（清·戴震《孟子字义疏证·道》）,生生中国哲学术语，指变化和新生事物的发生；不已没有终止。不断地生长、繁殖。,shēng shēng bù xī,生生不息,ssbx,sheng sheng bu xi,sheng,xi
清·周亮工《书影》卷二宽复洒泣诉其父母生生死死之苦日‘傥伊父母必欲归，且随其主母起居耳。’”,一人唱呵千万人和——～为祖国！★贺敬之《放歌集·向秀丽》,犹言一辈子。指从生至死。,shēng shēng sǐ sǐ,生生死死,ssss,sheng sheng si si,sheng,si
《左传·定公十五年》夫礼，死生存亡之体也。”,亲承懿旨到西宫，～掌握中。★元·无名氏《抱妆盒》第二折,生存或者死亡。形容局势或斗争的的发展已到最后关头。,shēng sǐ cún wáng,生死存亡,sscw,sheng si cun wang,sheng,wang
明·高攀龙《讲义·仁远乎哉章》此一转念，是生死关头，千圣都从此做成。”,现在是总罢工的～，没有时间让你去从容整理！★茅盾《子夜》十五,指极其紧要的契机或时刻。,shēng sǐ guān tóu,生死关头,ssgt,sheng si guan tou,sheng,tou
无,他自从离家出走后数年来一直音讯全无，～。,或生或死结果尚难测定。,shēng sǐ wèi bǔ,生死未卜,sswb,sheng si wei bu,sheng,bu
无,无,在生死问题上互相依靠。形容同命运，共存亡。,shēng sǐ xiāng yī,生死相依,ssxy,sheng si xiang yi,sheng,yi
《龙虎风云记》这是千百名难友生死攸关的大事体啊！”,遵义会议是我党历史上～的转折点。,攸所。关系到生和死。指生死存亡的关键。,shēng sǐ yōu guān,生死攸关,ssyg,sheng si you guan,sheng,guan
《深情忆念周伯伯》几十年来，周总理与我父亲生死与共，休戚相关。”,让我们在这斗争的风暴中，～呵，走向胜利！★贺敬之《放歌集·胜利和我们在一起》,同生共死，相依为命。形容情谊极深重。,shēng sǐ yǔ gòng,生死与共,ssyg,sheng si yu gong,sheng,gong
元·郑德辉《绉梅香》晋公在枪刀险难之中，我父亲挺身赴战，救他一命，身中六枪，因此上与俺父亲结为生死之交。”,对于在老阎和梁建这一对～的老战友之间所发生的严重分歧，深深感到烦恼。★胡采《序》,同生共死的交谊。,shēng sǐ zhī jiāo,生死之交,sszj,sheng si zhi jiao,sheng,jiao
《淮南子·兵略训》故用兵之道，示之以柔而迎之以刚，示之以弱而乘之以强，为之以歙而应之以张，将欲西而示之以东，……”唐·杜佑《通典·兵六》说声言击东，其实击西。”,蜀人或～，指南攻北，吾兵必须分头守把。★明·罗贯中《三国演义》第一百十一回,声声张。指造成要攻打东边的声势，实际上却攻打西边。是使对方产生错觉以出奇制胜的一种战术。,shēng dōng jī xī,声东击西,sdjx,sheng dong ji xi,sheng,xi
《晋书·王彬传》因勃然数敦曰‘兄抗旌犯顺，杀戮忠良，谋图不轨，祸及门户。’音辞慷慨，声泪俱下。”,他讲到激昂时，～。★邹韬奋《经历·高等法院》,一边说一边哭。形容极其悲恸。,shēng lèi jù xià,声泪俱下,sljx,sheng lei ju xia,sheng,xia
《史记·蒙恬列传》言其恶声狼藉，布于诸国。”,因汪太史平日～，最不见重于官场，日前新督帅参劾劣绅十七名，实以汪某居首。★清·黄小配《廿载繁华梦》第三十三回,声名名誉；狼藉杂乱不堪。名声败坏到了极点。,shēng míng láng jí,声名狼藉,smlj,sheng ming lang ji,sheng,ji
无,她的演唱声情并茂，极富艺术感染力。,并都；茂草木丰盛的样子，引伸为美好。指演唱的音色、唱腔和表达的感情都很动人。,shēng qíng bìng mào,声情并茂,sqbm,sheng qing bing mao,sheng,mao
明·冯梦龙《东周列国志》第七十二回忆胥目如闪电，声如洪钟。”,无,洪大。形容说话或歌唱的声音洪亮，如同敲击大钟似的。,shēng rú hóng zhōng,声如洪钟,srhz,sheng ru hong zhong,sheng,zhong
《晋书·明帝纪》（王）敦素以帝神武明略，大会百官而问温峤日‘皇太子何以德称？’声色俱厉，必欲使有言。”,达夫更决绝地说了一句，不停办我是不寄稿的！”说得有点～的程度。★郭沫若《革命春秋·创造十年》,声色说话时的声音和脸色；厉严厉。说话时声音和脸色都很严厉。,shēng sè jù lì,声色俱厉,ssjl,sheng se ju li,sheng,li
清·蒲松龄《聊斋志异·续黄梁》声色狗马，昼夜荒淫，国计民生，罔存念虑。”,无,声歌舞；色女色；犬养狗；马骑马。形容剥削阶级荒淫无耻的生活方式。,shēng sè quǎn mǎ,声色犬马,ssqm,sheng se quan ma,sheng,ma
清·吴趼人《二十年目睹之怪现状》第十六回其实他们空着没有一点事，也不见得怎么为患地方，不过声势浩大罢了。”,～的游行队伍，迈着整齐的步伐向主席台走来。,声势声威和气势；浩广大。声威和气势非常壮大。,shēng shì hào dà,声势浩大,sshd,sheng shi hao da,sheng,da
闻一多《贾岛》眼看见前进也是枉然，不要说他们早已声嘶力竭。”,无,嘶哑；竭尽。嗓子喊哑，气力用尽。形容竭力呼喊。,shēng sī lì jié,声嘶力竭,sslj,sheng si li jie,sheng,jie
《后汉书·冯衍传》以文帝之明，而魏尚之忠，绳之以法则为罪，施之以德则为功。”,对于那些目无法纪的人，必须～，才能维护社会的正常秩序。,根据法律制裁。,shéng zhī yǐ fǎ,绳之以法,szyf,sheng zhi yi fa,sheng,fa
清·吴敬梓《儒林外史》第四十七回虞华轩在家，省吃俭用，积起几两银子。”,无,形容生活简朴，吃用节俭。,shěng chī jiǎn yòng,省吃俭用,scjy,sheng chi jian yong,sheng,yong
清·方东树《刘悌堂诗集序》刘氏名弗耀于远，而其说盛行一时。”,侨胞亦知崇拜本国至圣，保存东方文明，故能发扬光大，～也。★鲁迅《三闲集·述香港恭祝圣诞》,形容一时特别兴盛或流行。,shèng jí yī shí,盛极一时,sjys,sheng ji yi shi,sheng,shi
无,今日在广场上有数万人参加国庆游行，真是～。,形容热闹至极。,shèng kuàng kōng qián,盛况空前,skkq,sheng kuang kong qian,sheng,qian
毛泽东《在陕甘宁边区参议会的演说》共产党员决不可自以为是，盛气凌人，以为自己是什么都好，别人是什么都不好。”,无,盛气骄横的气焰；凌欺凌。以骄横的气势压人。形容傲慢自大，气势逼人。,shèng qì líng rén,盛气凌人,sqlr,sheng qi ling ren,sheng,ren
无,朋友们再三要为我饯行，因～，我只好接受了。,浓厚的情意难以推辞。,shèng qíng nán què,盛情难却,sqnq,sheng qing nan que,sheng,que
明·罗贯中《三国演义》第七回坚驱大军，杀得尸横遍野。”,无,尸体到处横着。形容死者极多。,shī héng biàn yě,尸横遍野,shby,shi heng bian ye,shi,ye
《汉书·朱云传》今朝廷大臣，上不能匡主，下亡以益民，皆尸位素餐。”,在我们这里既没有老虎”可打，也没有苍蝇”可欺，所以简直有～”之嫌，心里很觉得不安。★邹韬奋《经历·临时的组织》,尸位空占职位，不尽职守；素餐白吃饭。空占着职位而不做事，白吃饭。,shī wèi sù cān,尸位素餐,swsc,shi wei su can,shi,can
《孟子·公孙丑下》得道者多助，失道者寡助。寡助之至，亲戚畔之；多助之至，天下顺之。”,无,道道义；寡少。做事违反正义的人，一定得不到别人的支持和帮助。,shī dào guǎ zhù,失道寡助,sdgz,shi dao gua zhu,shi,zhu
元·无名氏《看钱奴》第二折饿的我肚里饥失魂丧魄，冻的我身上冷无颜落色。”,那知我福气薄，叫神鬼支使的～。★清·曹雪芹《红楼梦》第一百七回,魂、魄旧指人身中离开形体能存在的精神为魂，依附形体而显现的精神为魄。形容惊慌忧虑、心神不定、行动失常的样子。,shī hún luò pò,失魂落魄,shlp,shi hun luo po,shi,po
《庄子·田子方》吾终身与汝交一臂而失之，可不哀与？”,用人者不务取其大而专取小知，则卓荦俊伟之材～矣。★清·魏源《默觚下治篇一》,交臂胳膊碰胳膊，指擦肩而过。形容当面错过。,shī zhī jiāo bì,失之交臂,szjb,shi zhi jiao bi,shi,bi
《礼记·檀弓下》君王计敝邑之罪，又矜而赦之，师与有无名乎？”《汉书·高帝纪》兵出无名，事故不成。”,且劳民伤财，穷兵默武，～，皆非盛世所宜有者也。（明·许仲琳《封神演义》第二回）,师军队；名名义，引伸为理由。出兵没有正当理由。也引申为做某事没有正当理由。,shī chū wú míng,师出无名,scwm,shi chu wu ming,shi,ming
《礼记·檀弓下》师必有名。”,这会儿我们突然转回去再搜，来他个措手不及，而且是～哩。★曲波《林海雪原》十三,师军队；名名义，引伸为理由。出兵必有正当的理由◇比喻做某事有充足的理由。,shī chū yǒu míng,师出有名,scym,shi chu you ming,shi,ming
《礼记·学记》凡学之道，严师为难。师严然后道尊，道尊然后民知敬学。”,无,本指老师受到尊敬，他所传授的道理、知识、技能才能得到尊重◇多指为师之道尊贵、庄严。,shī dào zūn yán,师道尊严,sdzy,shi dao zun yan,shi,yan
宋·周密《清平乐·横玉亭秋倚》词诗情画意，只在阑杆外，雨露天低生爽气，一片吴山越水。”,无,像诗画里所描摩的能给人以美感的意境。,shī qíng huà yì,诗情画意,sqhy,shi qing hua yi,shi,yi
《隋书·刑法志》又列重罪十条……其犯此十者，不在八议论赎之限。”元·关汉卿《窦娥冤》第四折这药死公公的罪名，犯在十恶不赦。”,这个暴徒，拦路抢劫，谋财害命，真是～。,指罪恶极大，不可饶恕。,shí è bù shè,十恶不赦,sebs,shi e bu she,shi,she
茅盾《健美》我们这十里洋场实在还不过是畸形的殖民地化的资本主义社会。”,无,旧指洋人较多的地方。多形容旧时的上海。,shí lǐ yáng chǎng,十里洋场,slyc,shi li yang chang,shi,chang
元·无名氏《抱妆盒》第二折从今后跳出了九重围子连环寨，脱离了十面埋伏大会垓。”,无,意思是设伏兵于十面以围歼敌军。,shí miàn mái fú,十面埋伏,smmf,shi mian mai fu,shi,fu
明·阮大铖《燕子笺·购幸》此是十拿九稳，必中的计较。”,他的学习成绩非趁，考大学应当是～的事。,比喻很有把握。,shí ná jiǔ wěn,十拿九稳,snjw,shi na jiu wen,shi,wen
元·刘祁《归潜志》卷七古人谓十年窗下无人问，一举成名天天下知。”,无,形容长年刻苦读书。,shí nián hán chuāng,十年寒窗,snhc,shi nian han chuang,shi,chuang
无,新生事物在刚产生时，并不都是十全十美，但总是不断发展壮大，最终是要取代旧事物的。,十分完美，毫无欠缺。,shí quán shí měi,十全十美,sqsm,shi quan shi mei,shi,mei
曹禺《王昭君》第二幕启奏陛下！鸡鹿寨十万火急，羽书传到长安，请圣裁。”,无,形容事情紧急到了极点（多用于公文、电报等）。,shí wàn huǒ jí,十万火急,swhj,shi wan huo ji,shi,ji
唐·杜甫《负薪行》土风坐男使女立，男当门户女出入。十有八九负薪归，卖薪得钱应供给。”,阿爷，此猜～，姐姐只为许了个盲子，心中不乐，时时流泪。★明·凌濛初《初刻拍案惊奇》第12卷,指绝大多数，大致不差，差不离。,shí yǒu bā jiǔ,十有八九,sybj,shi you ba jiu,shi,jiu
清·刘献廷《广阳杂记》第二卷十之八九皆守之以僧，名不正，言不顺，莫此为甚。”,无,比喻有极大的可能性。,shí zhī bā jiǔ,十之八九,szbj,shi zhi ba jiu,shi,jiu
宋·叶梦得《避暑录话·下·旧说崔慎为瓦棺寺僧后身》何以不待其末年，执十字路口，痛与百掴，方为快意。”,站在歧路上是几乎难于举足，站在～，是可走的道路很多。（鲁迅《华盖集·北京通信》）,两条道路交叉的地方。比喻处在对重大事情需要决定怎样选择的境地。,shí zì lù kǒu,十字路口,szlk,shi zi lu kou,shi,kou
元·王实甫《西厢记》第四本第一折他若是不来，似石沉大海。”,至第三日，又带了几个水手，分头寻找，也是枉然。一连找了数日，竟似～。★清·李汝珍《镜花缘》第三十二回,石头沉到海底。比喻从此没有消息。,shí chén dà hǎi,石沉大海,scdh,shi chen da hai,shi,hai
《论语·阳货》日月逝矣，岁不我与。”,这项任务十分紧迫，～。,我待待我”的倒装，等待我。时间不会等待我们。指要抓紧时间。,shí bù wǒ dài,时不我待,sbwd,shi bu wo dai,shi,dai
《国语·越语下》得时无怠，时不再来，天予不取，反为之灾。”,事机一失，～，惟望宸断。★清·陈忱《水浒后传》第七回,时时机。时机错过就不会再来了。指行事不要放过时机。,shí bù zài lái,时不再来,sbzl,shi bu zai lai,shi,lai
蔡东藩、许廑父《民国演义》第一０六回凡我国民，应尽吾雪耻这天职，并望勿为五分钟之热度，时过境迁，又复忘怀，则吾国真不救矣。”,无,迁变动。随着时间的推移，情况发生变化。,shí guò jìng qiān,时过境迁,sgjq,shi guo jing qian,shi,qian
《白雪遗音·马头调·麻衣神相》奴怎比韩氏素梅，生在烟花，时来运转，贵人提拔，才把君恩拜。”,然后渐渐～，建功立业，加官进爵。★清·褚人获《隋唐演义》第八十三回,旧指时机来了，命运也有了转机。指境况好转。,shí lái yùn zhuǎn,时来运转,slyz,shi lai yun zhuan,shi,zhuan
无,无,时代变迁，世事也不一样。,shí yí shì yì,时移世易,sysy,shi yi shi yi,shi,yi
明·凌濛初《二刻拍案惊奇》卷十九先对莫翁道‘寄儿蒙公公相托，一向看牛不差。近来时运不济，前日失了两牛，今蹇驴又生病，寄儿看管不来。’”,有一次他替一位病妇半夜里去请医生，医生困眼朦胧的下错了药，而人们全埋怨赵四～至于把有名的医生连累的下错了药！★老舍《老张的哲学》第二九,时机和命运不佳。,shí yùn bù jì,时运不济,sybj,shi yun bu ji,shi,ji
《汉书·河间献王刘德传》修学好古，实事求是。”,总结经验要～，不可弄虚做假。,指从实际对象出发，探求事物的内部联系及其发展的规律性，认识事物的本质。通常指按照事物的实际情况办事。,shí shì qiú shì,实事求是,ssqs,shi shi qiu shi,shi,shi
清·曹雪芹《红楼梦》第一○九回五儿听了，句句都是宝玉调戏之意，知这位呆爷却是真心实意的话。”,无,指真诚实在的心意。,shí xīn shí yì,实心实意,sxsy,shi xin shi yi,shi,yi
清·吴敬梓《儒林外史》第十五回敦伦修行，终受当事之知；实至名归，反作终身之玷。”,无,实实际的成就；至达到；名名誉；归到来。有了真正的学识、本领或功业，自然就有声誉。,shí zhì míng guī,实至名归,szmg,shi zhi ming gui,shi,gui
清·吴炽昌《客窗闲话·义丐》乃呼里长，为之谋宅于市廛，置货立业且表之以额曰‘拾金不昧’。”清·《歧路灯》第一百八回把家人名分扯倒，又表其拾金不昧。”,我们每个人都应从小养成～的好品德。,金原指钱财，现泛指各种贵重物品；昧隐藏。拾到东西并不隐瞒下来据为己有。指良好的仆人道德和社会风尚。,shí jīn bù mèi,拾金不昧,sjbm,shi jin bu mei,shi,mei
南朝宋·刘义庆《世说新语·文学》殷中军云‘康伯未得我牙后慧。’”,写文章要有自己的见解，表达自己的真情实感，切不可～。,拾捡取；牙慧指别人说过的话。比喻拾取别人的一言半语当作自己的话。,shí rén yá huì,拾人牙慧,sryh,shi ren ya hui,shi,hui
《庄子·逍遥游》適莽苍者，三飡而反，腹犹果然。”唐·段成式《酉阳杂俎·诺皋记下》和州刘录事者，大历中罢官居和州旁县，食兼数人，尤能食鲙，常言鲙味未尝果腹。”,无,果充实，饱。指吃不饱肚子。形容生活贫困。,shí bù guǒ fù,食不果腹,sbgf,shi bu guo fu,shi,fu
清·丘逢甲《岭云海日楼诗钞》卷十二牢落文章第一人，天门垂翅竟何因？百年记注无前例，万事枢机有要津。”,现在的贫富悬殊是～；现在的享用娱乐也是～的。（朱自清《论且顾眼前》）,历史上从来没有过的事。指前所未有。,shǐ wú qián lì,史无前例,swql,shi wu qian li,shi,li
无,对于他所犯的罪行，他矢口否认。,一口咬定，死不承认。,shǐ kǒu fǒu rèn,矢口否认,skfr,shi kou fou ren,shi,ren
清·蒲松龄《聊斋志异·仇大娘》仲叔尚廉利其嫁，屡劝驾，邵氏矢志不摇。”,他是以这样的精神品质来～地为人民服务。★冯雪峰《论》,发誓立志，决不改变。,shǐ zhì bù yí,矢志不移,szby,shi zhi bu yi,shi,yi
《晋书·谢安传》安虽受朝寄，然东山之志始末不渝，每形于言色。”,无,表示永远不变心。,shǐ zhì bù yú,矢志不渝,szby,shi zhi bu yu,shi,yu
唐·元稹《莺莺传》始乱之，终弃之。”,无,乱淫乱，玩弄。先乱搞，后遗弃。指玩弄女性的恶劣行径。,shǐ luàn zhōng qì,始乱终弃,slzq,shi luan zhong qi,shi,qi
《晋书·谢安传》安虽受朝寄，然东山之志始末不渝，每形于言色。”,区区之心，唯以地方秩序为主，以人民生命财产为重，～，天人共鉴。★蔡东藩、许廑父《民国通俗演义》第二十九回,渝改变，违背。自始自终一直不变。指守信用。,shǐ zhōng bù yú,始终不渝,szby,shi zhong bu yu,shi,yu
《荀子·议兵》虑必先事而申之以敬，慎终如始，终始如一，夫是之谓大吉。”,吾观关胜义气凛然，～，军师不必多疑。★明·施耐庵《水浒全传》第六十七回,始开始；终结束。自始自终一个样子。指能坚持，不间断。,shǐ zhōng rú yī,始终如一,szry,shi zhong ru yi,shi,yi
《孟子·梁惠王上》仲尼曰‘始作俑者，其无后乎。’为其象人而用之也。”,北镇抚司狱廷杖立枷诸制，此秦法所未有，～，罪可胜道哉！★清·张潮《虞初新志·姜贞毅先生传》,俑古代殉葬用的木制或陶制的俑人。开始制作俑的人。比喻首先做某件坏事的人。,shǐ zuò yǒng zhě,始作俑者,szyz,shi zuo yong zhe,shi,zhe
无,有一个高僧在沙漠中修行，忽然想到亚历山大府的名妓泰绮思，是一个贻害～的人物。（鲁迅《且介亭杂文二集·京派”和海派”》,社会的风气，人们的思想。,shì dào rén xīn,世道人心,sdrx,shi dao ren xin,shi,xin
欧阳山《苦斗》五二真是人心不同，各如其面！说世风日下，就是～！”,无,指社会风气一天不如一天。,shì fēng rì xià,世风日下,sfrx,shi feng ri xia,shi,xia
元·无名氏《冻苏秦》第四折”也索把世态炎凉，心中暗忖。”,无,世态人情世故；炎热，亲热；凉冷淡。指一些人在别人得势时百般奉承，别人失势时就十分冷淡。,shì tài yán liáng,世态炎凉,styl,shi tai yan liang,shi,liang
晋·陶潜《桃花园记》描述的一个与世隔绝，没有遭到祸乱的美好地方。,在这儿，在这～的仙境中，有了人世喧嚣的声音。★杨沫《青春之歌》第一部第三章,原指与现实社会隔绝、生活安乐的理想境界◇也指环境幽静生活安逸的地方。借指一种空想的脱离现实斗争的美好世界。,shì wài táo yuán,世外桃源,swty,shi wai tao yuan,shi,yuan
《孟子·公孙丑上》故事半古之人，功必倍之，惟此时为然。”,如能善用他的特长和经验，比较地容易获得～的效果。（邹韬奋《经历·前途》）,指做事得法，因而费力小，收效大。,shì bàn gōng bèi,事半功倍,sbgb,shi ban gong bei,shi,bei
《孟子·公孙丑上》故事半古之人，功必倍之。”,把这民间事业整顿得件件整齐，桩桩发达，这岂不是～吗？★清·梁启超《新中国未来记》第三回,指工作费力大，收效小。,shì bèi gōng bàn,事倍功半,sbgb,shi bei gong ban,shi,ban
《诗·小雅·节南山》弗躬弗亲，庶民弗信。”,于舅太爷却勤勤恳恳，～，于这位外甥的事格外当心。★清·李宝嘉《官场现形记》第五十九回,躬亲亲自。不论什么事一定要亲自去做，亲自过问。形容办事认真，毫不懈怠。,shì bì gōng qīn,事必躬亲,sbgq,shi bi gong qin,shi,qin
《曹雪芹别传》当时的风气是谨言慎行，少发议论，事不关己，不必打听，因此对这一次大征战的命将出师，一直不甚了了。”,～，高高挂起；明知不对，少说为佳；明哲保身，但求无过。★毛泽东《反对自由主义》,事情同自己没有关系。,shì bù guān jǐ,事不关己,sbgj,shi bu guan ji,shi,ji
明·吴承恩《西游记》第二十七回常言道‘事不过三。’我若不去，真是个下流无耻之徒。”,太公叫媳妇～，又有人来得不好。”★《明成化说唱词话丛刊·包待制出身传》,指同样的事不宜连作三次。,shì bù guò sān,事不过三,sbgs,shi bu guo san,shi,san
元·贾仲名《萧淑兰》第四的事不宜迟，收拾了便令媒人速去。”,无,事情要抓紧时机快做，不宜拖延。,shì bù yí chí,事不宜迟,sbyc,shi bu yi chi,shi,chi
叶圣陶《得失》但是一想到事出有因，他就只好假装没有听见。”,无,事情的发生是有原因的。,shì chū yǒu yīn,事出有因,scyy,shi chu you yin,shi,yin
清·颐琐《黄绣球》第三回黄绣球与黄通理事过境迁，已不在心上。”,无,境境况；迁改变。事情已经过去，情况也变了。,shì guò jìng qiān,事过境迁,sgjq,shi guo jing qian,shi,qian
《三国志·诸葛亮传》政事无巨细咸于亮。”,曾未期月，援溺振渴，～，悉究本末。★宋·邵博《闻见后录》卷十五,事情不分大小。形容什么事都管。同事无大小”。,shì wú jù xì,事无巨细,swjx,shi wu ju xi,shi,xi
三国魏·嵇康《幽愤》诗事与愿违，遘兹淹留。”,不料后来～，现在这点局面小得很，应酬不开！★茅盾《子夜》十六,事实与愿望相反。指原来打算做的事没能做到。,shì yǔ yuàn wéi,事与愿违,syyw,shi yu yuan wei,shi,wei
明·冯梦龙《东周列国志》第六十九回事在人为耳，彼朽骨者何知。”,俗语说～，只要你勤奋努力，一定能有所作为。,指事情要靠人去做的。在一定的条件下，事情能否做成要看人的主观努力如何。,shì zài rén wéi,事在人为,szrw,shi zai ren wei,shi,wei
《晋书·郗鉴传》群逆纵逸，其势不可当，可以算屈，难以力竞。”明·罗贯中《三国演义》第一百十九回山上数处精兵杀下，势不可当，前军大败。”,擒兵捉将，～。★清·吴璿《飞龙全传》第十一回,当抵挡。形容来势十分迅猛，不能抵挡。,shì bù kě dāng,势不可当,sbkd,shi bu ke dang,shi,dang
《晋书·郗鉴传》群逆纵逸，其势不可当，可以算屈，难以力竞。”,众将见西岐士马英雄，～，并无一筹可展，半策可施。（明·许仲琳《封神演义》第二十八回）,来势迅猛，不可抵挡。,shì bù kě dǎng,势不可挡,sbkd,shi bu ke dang,shi,dang
《战国策·楚策一》秦之所害于天下莫如楚，楚强则秦弱，楚弱则秦强，此其势不两立。”,这饮马川贼人这等可恶！几番来搅扰，与他～！★清·陈忱《水浒后传》第二十回,两立双方并立。指敌对的双方不能同时存在。比喻矛盾不可调和。,shì bù liǎng lì,势不两立,sbll,shi bu liang li,shi,li
《南史·刘穆之传》力敌势均，终相吞咀。”,这场比赛对阵的双方～，最终以平局收场。,均平；敌相当。双方力量相等，不分高低。,shì jūn lì dí,势均力敌,sjld,shi jun li di,shi,di
《晋书·杜预传》今兵威已振，譬如破竹，数节之后，皆迎刃而解。”,关胜等众，乘势长驱，～，又克大谷县。★明·施耐庵《水浒全传》第九十九回,势气势，威力。形势就象劈竹子，头上几节破开以后，下面各节顺着刀势就分开了。比喻节节胜利，毫无阻碍。,shì rú pò zhú,势如破竹,srpz,shi ru po zhu,shi,zhu
无,无,行做。从事情发展的趋势看，必须采取行动。,shì zài bì xíng,势在必行,szbx,shi zai bi xing,shi,xing
《礼记·大学》心不在焉，视而不见，听而不闻，食而不知其味。”,无,指不注意，不重视，睁着眼却没看见。也指不理睬，看见了当作没看见。,shì ér bù jiàn,视而不见,sebj,shi er bu jian,shi,jian
唐·韩愈《应科目时与人书》是以有力者遇之，熟视之若无睹也。”,对敌人采用的反动的新原则～。★毛泽东《中国革命战争的战略问题》,睹看见。虽然看见了，却象没有看见一样。指对眼前事物莫不关心。,shì ruò wú dǔ,视若无睹,srwd,shi ruo wu du,shi,du
《韩非子·外储说左下》三军既成阵，使士视死如归，臣不如公子成父。”《吕氏春秋·勿躬》三军之士，视死如归。”,我们已经是～，我们大踏步地走着我们的大路。★郭沫若《如火如荼的恐怖》诗,把死看得象回家一样平常。形容不怕牺牲生命。,shì sǐ rú guī,视死如归,ssrg,shi si ru gui,shi,gui
《庄子·达生》夫畏涂者，十杀一人，则父子兄弟相戒也。”,近来刑部，因批驳严，参罚重，缙绅中～。★明·东鲁古狂生《醉醒石》第九回,畏途可怕的道路。看成可怕的、危险的道路。也比喻看成困难的、可怕的事情。,shì wéi wèi tú,视为畏途,swwt,shi wei wei tu,shi,tu
明·冯梦龙《警世通言》卷三那桀纣有何罪过？也无非倚贵欺贱，恃强凌弱，总来不过是使势而已。”,无,凌欺凌。依仗强大，欺侮弱小。,shì qiáng líng ruò,恃强凌弱,sqlr,shi qiang ling ruo,shi,ruo
汉·杨修《答临淄侯笺》观者骇视而拭目，听者倾首而竦耳。”,无,拭擦；待等待。擦亮眼睛等着瞧。形容期望很迫切。也表示确信某件事情一定会出现。,shì mù yǐ dài,拭目以待,smyd,shi mu yi dai,shi,dai
东汉·班固《汉书·刘向传》故贤圣之君，博观始终，穷极事情，而是非分明。”,他处理问题上一向～。,正确与错误非常分明。,shì fēi fēn míng,是非分明,sffm,shi fei fen ming,shi,ming
元·无名氏《硃砂担》第三的我奉着玉帝天符非轻慢，将是非曲直分明看。”,无,正确还是不正确，有理还是无理。,shì fēi qǔ zhí,是非曲直,sfqz,shi fei qu zhi,shi,zhi
无,学习知识，应踏踏实实，循序渐进，想一口吃个胖子，结果将会～。,适正，恰好。恰恰得到与预期相反的结果。,shì dé qí fǎn,适得其反,sdqf,shi de qi fan,shi,fan
无,无,恰巧碰上那个机会或时机。同适逢其会”。,shì féng qí shí,适逢其时,sfqs,shi feng qi shi,shi,shi
《论语·乡党》不多食”宋·朱熹注适可而止，无贪心也。”,从来没有暴风雨能够持久的。果然持久了，我们也吃不消，所以我们要它～。★闻一多《宫体诗的自赎》,适可恰好可以。到适当的程度就停下来，不要过头。,shì kě ér zhǐ,适可而止,skez,shi ke er zhi,shi,zhi
《后汉书·杨彪传》犹怀老牛舐犊之爱。”,无,比喻对子女的慈爱。,shì dú qíng shēn,舐犊情深,sdqs,shi du qing shen,shi,shen
《诗经·周颂·昊天有成命》昊天有成命，二后受之。”清·黄宗羲《辞张郡候请修郡志书》伏望明府，哀其弗及，收回成命。”,初，林公遣戍，御史陈庆镛抗疏力争，请上～。★清·黄钧宰《金壶七墨·吴门秀士书》,取消已公布的命令或决定。,shōu huí chéng mìng,收回成命,shcm,shou hui cheng ming,shou,ming
《三国志·吴书·吕蒙传》注引《江表传》光武当兵马之务，手不释卷。”,闵象南老好观书，年七十余，每夜漏下二三十筹，～。（清·王晫《今世说·德行》）,释放下；卷指书籍。书本不离手。形容勤奋好学。,shǒu bù shì juàn,手不释卷,sbsj,shou bu shi juan,shou,juan
元·无名氏《碧桃花》第二折嬷嬷，你放心，小人三代行医，医书脉诀，无不通晓，包的你手到病险除。”,无,刚动手治疗，病就除去了。形容医术高明。也比喻工作做得很好，解决问题迅速。,shǒu dào bìng chú,手到病除,sdbc,shou dao bing chu,shou,chu
元·康进之《李逵负荆》第四折这是揉着我山儿的痒处，管教他瓮中捉鳖，手到拿来。”,行者道这个容易，老孙去～。”★明·吴承恩《西游记》第二十四回,擒捉。原指作战一下子就能把敌人捉拿过来，后比喻做事有把握，不费力就做好了。,shǒu dào qín lái,手到擒来,sdql,shou dao qin lai,shou,lai
宋·释普济《五灯会元》问‘如何是大悲境？’师曰‘千眼都来一只收。’曰‘如何是境中人？’师曰‘手忙脚乱。’”,諕的我～紧收拾。★元·无名氏《百花亭》第三折,形容遇事慌张，不知如何是好。,shǒu máng jiǎo luàn,手忙脚乱,smjl,shou mang jiao luan,shou,luan
明·罗贯中《三国演义》第一百九回郭淮引兵赶来；见维手无寸铁，乃骤马挺枪追之。”,无,寸形容细微短小；铁指武器。手里没有任何武器。,shǒu wú cùn tiě,手无寸铁,swct,shou wu cun tie,shou,tie
《诗经·周南·关雎·序》永（咏）歌之不足，不知手之舞之，足之蹈之也。”,无,蹈顿足踏地。两手舞动，两只脚也跳了起来。形容高兴到了极点。也手乱舞、脚乱跳的狂态。,shǒu wǔ zú dǎo,手舞足蹈,swzd,shou wu zu dao,shou,dao
《庚子风云》在这几个当口，赵三多明明可以乘虚而入，将王成德击倒，他却一再手下留情，都把王成德让过了。”,无,下手的时候留点情面。比喻处理事情不要太苛刻。,shǒu xià liú qíng,手下留情,sxlq,shou xia liu qing,shou,qing
老舍《四世同堂》这并不是她相信丈夫的能力，而是相信她自己的手眼通天。”,无,比喻善于钻营，手腕不寻常。,shǒu yǎn tōng tiān,手眼通天,sytt,shou yan tong tian,shou,tian
《论语·子路》刑罚不中，则民无所措手足。”,正忧疑不定，忽报宋兵到了，惊得～。★清·陈忱《水浒后传》第十二回,措安放。手脚不知放到哪儿好。形容举动慌张，或无法应付。,shǒu zú wú cuò,手足无措,szwc,shou zu wu cuo,shou,cuo
唐·李华《吊古战场文》谁无兄弟，如足如手。”宋·苏辙《为兄轼下狱上书》臣窃哀其志，不胜手足之情。”,无,手足比喻兄弟。比喻兄弟的感情。,shǒu zú zhī qíng,手足之情,szzq,shou zu zhi qing,shou,qing
宋·周密《癸辛杂识别集》下富郑公有‘守口如瓶，防意如城’之语。”,无,守口紧闭着嘴不讲话。闭口不谈，象瓶口塞紧了一般。形容说话谨慎，严守秘密。,shǒu kǒu rú píng,守口如瓶,skrp,shou kou ru ping,shou,ping
《孟子·离娄上》孰不为守？守身，守之本也。”,但其中十个人里，一定总有一两个～，始终不移的。★清·刘鹗《老残游记》第二回,保持节操，象玉一样洁白无瑕。也泛指爱护自己的身体。,shǒu shēn rú yù,守身如玉,ssry,shou shen ru yu,shou,yu
无,无,指军人或地方官有保卫国土的责任。,shǒu tǔ yǒu zé,守土有责,styz,shou tu you ze,shou,ze
《孟子·滕文公上》出入相友，守望相助，疾病相扶持。”,无,守望防守了望。为了对付来犯的敌人或意外的灾祸，邻近各村落互相警戒，互相援助。,shǒu wàng xiāng zhù,守望相助,swxz,shou wang xiang zhu,shou,zhu
《韩非子·五蠹》记载战国时宋国有一个农民，看见一只兔子撞在树根上死了，便放下锄头在树根旁等待，希望再得到撞死的兔子。,吾料兄必定出身报国，岂是～之辈。★明·许仲琳《封神演义》第九十四,株露出地面的树根。原比喻希图不经过努力而得到成功的侥幸心理。现也比喻死守狭隘经验，不知变通。,shǒu zhū dài tù,守株待兔,szdt,shou zhu dai tu,shou,tu
《汉书·五行志下》郑当其冲，不能修德。”,高家是北门一带的首富，不免要～，所以还是早早避开的好。★巴金《家》二十二,当承当，承受；冲要冲，交通要道。比喻最先受到攻击或遭到灾难。,shǒu dāng qí chōng,首当其冲,sdqc,shou dang qi chong,shou,chong
闻一多《家书——给父母亲》此校确系美国之首屈一指，我毕业于此后，纵欲继续研究，在此邦亦无处可去也。”,无,首首先。扳指头计算，首先弯下大拇指，表示第一。指居第一位。引申为最好的。,shǒu qū yī zhǐ,首屈一指,sqyz,shou qu yi zhi,shou,zhi
《汉书·儒林传序》故教化之行也，建首善，自京师始。”,当章氏势焰熏天时，我也曾环顾这～，寻求所谓公理”、道义”之类而不得。（鲁迅《华盖集·公理”的把戏》）,最好的地方。指首都。,shǒu shàn zhī qū,首善之区,sszq,shou shan zhi qu,shou,qu
《史记·魏其武安侯列传》武安已罢朝，出止车门，召韩御史大夫载，怒曰‘与长孺共一老秃翁，何为首鼠两端。’”,何得～，坐待灭亡。★清·陈忱《水浒后传》第十二回,首鼠鼠性多疑，出洞时一进一退，不能自决；两端拿不定主意。在两者之间犹豫不决右动摇不定。,shǒu shǔ liǎng duān,首鼠两端,ssld,shou shu liang duan,shou,duan
无,无,指前后连接不断。同首尾相继”。,shǒu wěi xiāng lián,首尾相连,swxl,shou wei xiang lian,shou,lian
《诗经·小雅·天保》如月之恒，如日之升，如南山之寿。”,无,寿命象终南山那样长久。用于祝人长寿。,shòu bǐ nán shān,寿比南山,sbns,shou bi nan shan,shou,shan
明·许仲琳《封神演义》第十一回你道朕不能善终，你自夸寿终正寝，非侮君而何！”,这样看来，邮递这条路是要断绝了，刊物也就不免～了！★邹韬奋《患难余生记·流亡》,寿终年纪很大才死；正寝旧式住宅的正房。原指老死在家里。现比喻事物的灭亡。,shòu zhōng zhèng qǐn,寿终正寝,szzq,shou zhong zheng qin,shou,qin
《老子》第十三章宠辱若惊……得之若惊，失之若惊，是谓宠辱若惊。”宋·苏轼《谢中书舍人启》省躬无有，被宠苦惊。”,无,宠宠爱。因为得到宠爱或赏识而又高兴，又不安。,shòu chǒng ruò jīng,受宠若惊,scrj,shou chong ruo jing,shou,jing
《三国志·蜀志·诸葛亮传》吾不能举全吴之地，十万之众，受制于人。”,～，威名顿尽。★《梁书·侯景传》,制控制。被别人控制。,shòu zhì yù rén,受制于人,szyr,shou zhi yu ren,shou,ren
汉书·梅福传》倒持泰阿，授楚其柄。”,无,把剑柄交给别人。比喻将权力交给别人或让人抓住缺点、失误，使自己被动。,shòu rén yǐ bǐng,授人以柄,sryb,shou ren yi bing,shou,bing
无,无,授教，传授。惑疑难。传授学业，解除疑难。,shòu yè jiě huò,授业解惑,syjh,shou ye jie huo,shou,huo
高云览《小城春秋》第十八章秀苇看见一个光着上身、瘦骨嶙峋的童工，提着一簸箕的泥灰，在一条悬空吊着的跳板上，吃力的走着。”,这次，这只～的黑狗的干嗥竟然使形神枯槁的老马也竖了一下耳朵。★王蒙《杂色》,形容人或动物消瘦露骨。,shòu gǔ lí xún,瘦骨嶙峋,sglx,shou gu li xun,shou,xun
清·纪昀《阅微草堂笔记》卷三明季有书生独行丛莽间，闻书声琅琅，怪旷野那得有是。”,无,形容读书声音响亮。,shū shēng lǎng lǎng,书声琅琅,ssll,shu sheng lang lang,shu,lang
高云览《小城春秋》第十三章刘眉尽管把鼻子都气歪了，也还是保持着书香世家的风度。”,无,指世代都是读书人的家庭。,shū xiāng shì jiā,书香世家,sxsj,shu xiang shi jia,shu,jia
《周易·系辞下》天下同归而殊途，一致而百虑。”,一道题，往往有几种解法，但～，答案只能有一个。,通过不同的途径，到达同一个目的地。比喻采取不同的方法而得到相同的结果。,shū tú tóng guī,殊途同归,sttg,shu tu tong gui,shu,gui
无,无,对容颜衣着进行修饰。,shū zhuāng dǎ bàn,梳妆打扮,szdb,shu zhuang da ban,shu,ban
《老子》天网恢恢，疏而不失。”《魏书·任城王传》天网恢恢，疏而不漏。”,你可记得三年前蔡指挥的事么？天网恢恢，～。今日有何理说。★明·冯梦龙《醒世恒言》卷三十六,意思是天道公平，作恶就要受惩罚，它看起来似乎很不周密，但最终不会放过一个坏人。比喻作恶的人逃脱不了国法的惩处。,shū ér bù lòu,疏而不漏,sebl,shu er bu lou,shu,lou
清·李宝嘉《官场现形记》第二回王孝廉是熟门熟路，管门的一向认得，立时请进，并不阻挡。”,我想～，比生手实在好得多。★鲁迅《彷徨·祝福》,熟悉门径，了解情况，很有经验。,shú mén shú lù,熟门熟路,smsl,shu men shu lu,shu,lu
无,要想掌握技术，只有勤学苦练，才能熟能生巧。,熟练了，就能找到窍门。,shú néng shēng qiǎo,熟能生巧,snsq,shu neng sheng qiao,shu,qiao
晋·刘伶《酒德颂》静听不闻雷霆之声，熟视不睹泰山之形。”唐·韩愈《应科目时与人书》是以有力者遇之，熟视之若无睹也。”,对于损坏公物的现象，我们决不能～。,熟视经常看到，看惯；无睹没有看见。看惯了就象没看见一样。也指看到某种现象，但不关心，只当没有看见。,shú shì wú dǔ,熟视无睹,sswd,shu shi wu du,shu,du
无,我们从小就应树立远大理想，努力学习科学知识，决不做鼠目寸光的庸人。,形容目光短浅，没有远见。,shǔ mù cùn guāng,鼠目寸光,smcg,shu mu cun guang,shu,guang
《宋史·苻彦卿传》与其束手就擒，曷若死战，然未必死。”,宁王闹了两年，不想被新建伯王守仁一阵杀败，～。★清·吴敬梓《儒林外史》第八回,束手自缚其手，比喻不想方设法；就受；擒活捉。捆起手来让人捉住。指毫不抵抗，乖乖地让人捉住。,shù shǒu jiù qín,束手就擒,ssjq,shu shou jiu qin,shu,qin
毛泽东《在省市自治区党委书记会议上的讲话》按照法律办事，不等于束手束脚。”,无,捆住手脚。形容胆子小，顾虑多。,shù shǒu shù jiǎo,束手束脚,sssj,shu shou shu jiao,shu,jiao
元·无名氏《宋季三朝政要》（秦）桧死而逆亮（金主完颜亮）南牧，孰不束手无策。”,梅飏仁正在～的时候，听了师爷的话说甚是中听，立刻照办。★清·李宝嘉《官场现形记》第五十五回,策办法。遇到问题，就象手被捆住一样，一点办法也没有。,shù shǒu wú cè,束手无策,sswc,shu shou wu ce,shu,ce
《晋书·庾翼传》此辈宜束之高阁，俟天下太平，然后议其任耳。”,如果有了正确的理论，只是把它空谈一阵，～，并不实行，那末，这种理论再好也是没有意义的。★毛泽东《实践论》,高阁储藏器物的高架。捆起来以后放在高高的架子上。比喻放着不用。,shù zhī gāo gé,束之高阁,szgg,shu zhi gao ge,shu,ge
南朝·宋·范晔《后汉书·桓彬传》蔡邕等共论序其志，佥以为彬有过人者四……乃共树碑而颂焉。”,为自己歌功颂德，～，又充当打手。★刘梦溪《文学是战斗的》,树树立；传传记。原指把某人生平事迹刻在石碑上或写成传记，使他的名声世代流传下去。现比喻树立个人威信，抬高个人声望。,shù bēi lì zhuàn,树碑立传,sblz,shu bei li zhuan,shu,zhuan
明·吴承恩《西游记》第三十三回这正是树大招风风撼树，人为名高名丧人。”,再者～，土地、山峦多了容易显眼，惹人反对。★冯德英《迎春花》第四章,比喻人出了名或有了钱财就容易惹人注意，引起麻烦。,shù dà zhāo fēng,树大招风,sdzf,shu da zhao feng,shu,feng
《方岩记静》类似这样的奇迹灵异，还数不胜数，所以一年四季，方岩香火不绝，而尤以春秋为盛。”,我们决不能像旧学校那样，用～的，九分无用一分曲了的知识来充塞青年的头脑。★《论学习共产主义》,数计算。数都数不过来。形容数量极多，很难计算。,shǔ bù shèng shǔ,数不胜数,sbss,shu bu sheng shu,shu,shu
《左传·昭公十五年》籍父其无后乎！数典而忘其祖。”,我们要重视中国历史知识的学习，免得出现～的笑话。,数数着说；典指历来的制度、事迹。谈论历来的制度、事迹时，把自己祖先的职守都忘了。比喻忘本。也比喻对于本国历史的无知。,shǔ diǎn wàng zǔ,数典忘祖,sdwz,shu dian wang zu,shu,zu
清·曹雪芹《红楼梦》第七十九回这门亲原是老亲，且又和我们是同在户部挂名行商，也是数一数二的大门户。”,他的学习成绩在班里是～的。,不算第一也算第二。形容突出。,shǔ yī shǔ èr,数一数二,syse,shu yi shu er,shu,er
无,无,指光说不做。也指卖弄口才（含贬义）。,shuǎ zuǐ pí zi,耍嘴皮子,szpz,shua zui pi zi,shua,zi
宋·郭若虚《图画见闻志·故事拾遗》唐张璪员外画山水松石名重于世。尤于画松特出意象，能手握双管一时齐下，一为生枝，一为枯干，势凌风雨，气傲烟霞。”,如此～，就有可能克服大地主大资产阶级的投降危险并争取时局的好转前途。★毛泽东《克服投降危险，力争时局好转》,管指笔。原指手握双笔同时作画◇比喻做一件事两个方面同时进行或两种方法同时使用。,shuāng guǎn qí xià,双管齐下,sgqx,shuang guan qi xia,shuang,xia
无,无,指两年喜事一齐到来。,shuāng xǐ lín mén,双喜临门,sxlm,shuang xi lin men,shuang,men
元·李致远《还牢末》第一折谁与你挑唇料嘴，辨别个谁是谁非。”,～谁曲谁直，没梁桶儿一再休提！★明·刘兑《金童玉女娇红记》,犹言谁对谁错。,shuí shì shuí fēi,谁是谁非,sssf,shui shi shui fei,shui,fei
宋·苏轼《答秦太虚书》至时别作经画，水到渠成，不须预虑。”,须要自然而然，～，非由车戽，最忌无因而至，突如其来。★清·李渔《闲情偶寄·大收煞》,渠水道。水流到的地方自然形成一条水道。比喻条件成熟，事情自然会成功。,shuǐ dào qú chéng,水到渠成,sdqc,shui dao qu cheng,shui,cheng
《汉书·枚乘传》泰山之靋穿石，单极之绠断干。水非石之钻，索非木之锯，渐靡使之然也。”,乖崖援笔判云一日一钱，千日千钱；绳锯木断，～。”★宋·罗大经《鹤林玉露》卷十,水不停地滴，石头也能被滴穿。比喻只要有恒心，不断努力，事情就一定能成功。,shuǐ dī shí chuān,水滴石穿,sdsc,shui di shi chuan,shui,chuan
相传隋炀帝开汴河时曾制《水调歌》，唐人演为大曲。大曲有散序、中序、入破三部分，歌头”当为中序的第一章。双调九十四字至九十七字，前后片各四平韵。宋人于前后片中的各两个六字句，多夹叶仄韵。也有平仄互叶几乎句句押韵的。共八体。,无,词牌名。,shuǐ diào gē tóu,水调歌头,sdgt,shui diao ge tou,shui,tou
元·杨梓《豫让吞炭》第二折俺城中把金鼓鸣，正是外合里应，教智伯才知水火无情。”,水火无情，我们都应该提高防范意识。,指水和火是不讲情面的，如疏忽大意，容易造成灾祸。,shuǐ huǒ wú qíng,水火无情,shwq,shui huo wu qing,shui,qing
《孟子·梁惠王下》今燕虐其民，王往而证之，民以为将拯己于水火之中也。”,今百姓如在～。★明·许仲琳《封神演义》第二十八回,水火比喻灾难。灾难困苦之中。,shuǐ huǒ zhī zhōng,水火之中,shzz,shui huo zhi zhong,shui,zhong
明·罗贯中《三国演义》第七十三回岂不闻水来土掩，将至兵迎”？”,无,大水来了，用土堵住。比喻敌人来犯，就引兵抵抗。,shuǐ lái tǔ yǎn,水来土掩,slty,shui lai tu yan,shui,yan
宋·欧阳修《醉翁亭记》野芳发而幽香，佳木秀而繁阴，风霜高洁，水落而石出者，山间之四时也。”宋·苏轼《后赤壁赋》山高月小，水落石出。”,水山，不要急。事情早晚能弄个～。★冯德英《迎春花》第二十章,水落下去，水底的石头就露出来。比喻事情的真相完全显露出来。,shuǐ luò shí chū,水落石出,slsc,shui luo shi chu,shui,chu
《白雪遗音·马头调·雷峰塔》金山寺里法海一见许仙，面带妖色，不放下山。怒恼白蛇，忙唤青儿，带领着虾兵蟹将，这才水漫金山。”,无,神话故事。金山，在江苏省镇江市。,shuǐ màn jīn shān,水漫金山,smjs,shui man jin shan,shui,shan
宋·释普济《五灯会元》卷十七致使玄黄不辨，水乳不分。”,几日工夫，同吴仁扰得～。★清·刘鹗《老残游记》第十九回,交融融合在一起。象水和乳汁融合在一起。比喻感情很融洽或结合十分紧密。,shuǐ rǔ jiāo róng,水乳交融,srjr,shui ru jiao rong,shui,rong
《孟子·梁惠王下》如水益深，如火益热，亦运而已矣。”,只要能把国家从～里救出来，他就是至高无上的英雄。★梁斌《红旗谱》四二,老百姓所受的灾难，象水那样越来越深，象火那样越来越热。比喻人民生活极端痛苦。,shuǐ shēn huǒ rè,水深火热,sshr,shui shen huo re,shui,re
唐·王勃《滕王阁诗序》落霞与孤鹜齐飞，秋水共长天一色。”,那洞庭湖真个波涛万顷，～。★清·钱彩《说岳全传》第四十九回,水光与天色相浑。形容水天相接的辽阔景象。,shuǐ tiān yī sè,水天一色,stys,shui tian yi se,shui,se
《三国志·吴志·周瑜传》不习水土，必生疾病。”《宋书·索虏传》道理来远，或不服水土，药自可疗。”,大抵此症，起于饮食失调，兼之～，食积于小腹之中，凝滞不消，遂至生热，升至胸中，便觉饥饿。★明·冯梦龙《醒世恒言》卷二十,对于一个地方的气候条件或饮食习惯不能适应。,shuǐ tǔ bù fú,水土不服,stbf,shui tu bu fu,shui,fu
宋·释道原《景德传灯录》德山门下，水泄不通。”,热心的读者除邮局汇捐款络绎不绝外，每天到门口来亲交捐款的，也挤得～。★邹韬奋《经历·社会的信用》,汇排泄。象是连水也流不出去。形容拥挤或包围的非常严密。,shuǐ xiè bù tōng,水泄不通,sxbt,shui xie bu tong,shui,tong
宋·释道原《景德传灯录》水长船高，泥多佛大。”,几回事情一来，他晓得人家有仰仗他的地方，顿时～，架子亦就慢慢的大了起来。★清·李宝嘉《官场现形记》第五十九回,水位升高，船身也随之浮起。比喻事物随着它所凭借的基础的提高而增长提高。,shuǐ zhǎng chuán gāo,水涨船高,szcg,shui zhang chuan gao,shui,gao
鲁迅《故事新编·采薇》街道上的行人还不多；所遇见的不过是睡眼惺忪的女人，在井边打水。”,无,惺忪刚苏醒的样子。形容睡觉的人刚睡醒，还没有完全清醒。,shuì yǎn xīng sōng,睡眼惺忪,syxs,shui yan xing song,shui,song
《朱子全书》文者，顺理而成章之谓。”,事情这样做～，既解决了问题，又受到群众的拥护。,顺依顺；理条理；章章法。指写文章或做事情顺着条理就能做好。也比喻某种情况自然产生某种结果。,shùn lǐ chéng zhāng,顺理成章,slcz,shun li cheng zhang,shun,zhang
《礼记·曲礼上》效马效羊者右牵之。”,据说座山雕的部下有个～的老方子，一撮毛可能是想施展这个伎俩。★曲波《林海雪原》十二,顺手把人家的羊牵走。比喻趁势将敌手捉住或乘机利用别人。现比喻乘机拿走别人的东西。,shùn shǒu qiān yáng,顺手牵羊,ssqy,shun shou qian yang,shun,yang
明·冯梦龙《东周列国志》第九十九回守将和军卒都受了贿赂，落得做个顺水人情。”,无,利用机会顺便给人的好处。也指不费力的人情。,shùn shuǐ rén qíng,顺水人情,ssrq,shun shui ren qing,shun,qing
元·关汉《窦娥冤》第三折天地也做得个怕硬欺软，却原来也这般顺水推船。”,他若留我，乐得～。★清·李宝嘉《官场现形记》第十回,顺着水流的方向推船。比喻顺着某个趋势或某种方便说话办事。,shùn shuǐ tuī zhōu,顺水推舟,sstz,shun shui tui zhou,shun,zhou
《人民日报》1982.6.30由此顺藤摸瓜，很快破获了这起盗窃案。”,无,摸寻找。比喻按照某个线索查究事情。,shùn téng mō guā,顺藤摸瓜,stmg,shun teng mo gua,shun,gua
清·吴趼人《痛史》第十六回军情瞬息万变，莫说我们到南边还要好几天，就是此时，文丞相也不知在那里不在了？”,两个星期来形势的发展真如天际风云，～，表现了一个历史转折时期特有的复杂关系。★方纪《挥手之间》,瞬一眨眼；息呼吸。在极短的时间内就有很多变化。形容变化很多很快。,shùn xī wàn biàn,瞬息万变,sxwb,shun xi wan bian,shun,bian
清·曹雪芹《红楼梦》第八十回哥儿若问我的膏药，说来话长，其中细理，一言难尽。”,无,表示事情很复杂，不是几句话就能说清楚（多指不大愉快的事）。,shuō lái huà cháng,说来话长,slhc,shuo lai hua chang,shuo,chang
无,无,①反复阐说。②犹言总而言之。,shuō lái shuō qù,说来说去,slsq,shuo lai shuo qu,shuo,qu
清·崔灏《通俗编·言笑》莫学他人不知朝暮，走启蒙乡村，说三道四。”,有的人工作不努力，别人有了成绩，却整天～。,形容不负责任地胡乱议论。,shuō sān dào sì,说三道四,ssds,shuo san dao si,shuo,si
清·张春帆《宦海》第四回这个时候的邵孝廉，就是个小小的制台一般，说一是一，说二是二，庄制军没有一回驳过他的。”,穷苦人们起来，在村里～！★梁斌《红旗谱》十八,说怎么样就怎么样。形容说话算数。,shuō yī bù èr,说一不二,sybe,shuo yi bu er,shuo,er
无,无,形容极大。同硕大无朋”。,shuò dà wú bǐ,硕大无比,sdwb,shuo da wu bi,shuo,bi
《易·剥》上九，硕果不食。”,我只得随手把这个～的银角子交给他们。★邹韬奋《经历·再被羁押》,唯一留存下来的大果子。比喻由于时间的推移，留存下来仅存的人或事物。,shuò guǒ jǐn cún,硕果仅存,sgjc,shuo guo jin cun,shuo,cun
清·夏敬渠《野叟曝言》第二十七回此为丝丝入扣，暗中抛索，如道家所云三神山舟不得近，近者辄被风引回也。”,而那些曲折微妙的声口，也～，千载如出。（朱自清《经典常谈·战国策第八》）,丝丝每一根丝；扣织机上的主要机件之一。织布时每条丝线都要从筘齿间穿过。比喻做得十分细致，有条不紊，一一合拍。,sī sī rù kòu,丝丝入扣,ssrk,si si ru kou,si,kou
唐·孟棨《本事诗·情感》载刘禹锡诗司空见惯浑闲事，断尽江南刺史肠。”,帝国主义”这种字样，在现今已是～了，但在当年却几乎是一种讳名。（郭沫若《革命春秋·创造十年续篇》）,司空古代官名。指某事常见，不足为奇。,sī kōng jiàn guàn,司空见惯,skjg,si kong jian guan,si,guan
清·钱谦益《牧斋初学集·与蒋明府论优免事宜》况庄田昔系西宁，今归阳武，果钦赐也，其敢私相授受。”,虽然是一个愿卖，一个愿买，然而内地非租界可比，华商同洋商，断不能～。（清·李宝嘉《官场现形记》第五十二回）,授给予；受接受。指不是公开的给予和接受。,sī xiāng shòu shòu,私相授受,sxss,si xiang shou shou,si,shou
明·许仲琳《封神演义》第五十二回且闻太师见后无袭兵，领人马徐徐而行；又见折了余庆，辛环带伤，太师十分不乐，一路上思前想后。”,无,思考虑；前前因；后后果。对事情发生的缘由，发展后果，作再三考虑。,sī qián xiǎng hòu,思前想后,sqxh,si qian xiang hou,si,hou
无,无,思绪思想的头绪。万千极多。指思想的头绪相当多，思虑复杂多端。,sī xù wàn qiān,思绪万千,sxwq,si xu wan qian,si,qian
清·曹雪芹《红楼梦》第七回人家的孩子都是斯斯文文的惯了，乍见了你这破落户，还被人笑话死了呢。”,无,形容举目文雅。,sī sī wén wén,斯斯文文,ssww,si si wen wen,si,wen
《论语·子罕》天之将丧斯文也，后死者不得与于斯文也。”清·徐坷《清稗类钞·三十四》巡检作巡抚，一步登天；监生作监临，斯文扫地。”,完全应当罢课抗议！真是～，～。★杨沫《青春之歌》第二部第四十三章,斯文指文化或文人；扫地比喻名誉、信用、地位等完全丧失。指文化或文人不受尊重或文人自甘堕落。,sī wén sǎo dì,斯文扫地,swsd,si wen sao di,si,di
《三国志·吴书·孙坚传》今不夷汝三族，悬示四海，则吾死不瞑目。”,无,瞑目闭眼。死了也不闭眼。原指人死的时候心里还有放不下的事。现常用来形容极不甘心。,sǐ bù míng mù,死不瞑目,sbmm,si bu ming mu,si,mu
三国·魏·曹植《辩道论》方士有董仲君，有罪系狱，佯死数日，目陷虫出，死而复生，然后竟死。”,经过～的挣扎，他才在风雪中摸下了祁连山。★碧野《山高水长》,死去了又活过来，形容生命不息。,sǐ ér fù shēng,死而复生,sefs,si er fu sheng,si,sheng
《论语·泰伯》士不可以不弘毅，任重而道远。仁以为己任，不亦重乎？死而后已，不亦远乎？”,臣披肝沥胆，尚不能补报皇上之恩。今奉诏命，敢不竭力尽忠，～。★明·施耐庵《水浒全传》第八十三回,已停止。死了以后才罢手。形容为完成一种责任而奋斗终身。,sǐ ér hòu yǐ,死而后已,sehy,si er hou yi,si,yi
《史记·韩长儒列传》狱吏田甲辱安国。安国曰‘死灰独不复燃乎？’”,儒家的理论，非等到董仲舒不能～的。★闻一多《什么是儒家》,冷灰重新烧了起来。原比喻失势的人重新得势。现常比喻已经消失了的恶势力又重新活动起来。,sǐ huī fù rán,死灰复燃,shfr,si hui fu ran,si,ran
元·王实甫《西厢记》第二本第三折半万贼兵，卷浮云片时扫净，俺一家儿死里逃生。”,今日～，夫妻再合。★明·冯梦龙《警世通言》卷十二,从极危险的境地中逃脱，幸免于死。,sǐ lǐ táo shēng,死里逃生,slts,si li tao sheng,si,sheng
无,每个人都应有自尊心人家不给你，你不要死皮赖脸地去要。,形容厚着脸皮，胡搅蛮缠。,sǐ pí lài liǎn,死皮赖脸,spll,si pi lai lian,si,lian
冯德英《迎春花》第八章我要是能把他拖出那死气沉沉的顽固家庭，送去参了军，他不就变好啦！”,无,形容气氛不活泼。也形容人精神消沉，不振作。,sǐ qì chén chén,死气沉沉,sqcc,si qi chen chen,si,chen
清·李宝嘉《文明小史》第三回柳知府已经吓得死去活来。”,无,指因极度的疼痛或悲哀，晕过去，又醒过来。多形容被打得很惨，或哭得很厉害。,sǐ qù huó lái,死去活来,sqhl,si qu huo lai,si,lai
元·无名氏《抱妆盒》第三折那厮死了，可不好了，你做的个死无对证。”,无,对证核实。当事人已死，无法核对事实。,sǐ wú duì zhèng,死无对证,swdz,si wu dui zheng,si,zheng
元·无名氏《鸳鸯被》第四折这洛阳城刘员外，他是个有钱贼，只要你还了时方才死心塌地。”,那呆子纵身跳起，口里絮絮叨叨的，挑着担子，只得～，跟着前来。★明·吴承恩《西游记》第二十回,原指死了心，不作别的打算◇常形容打定了主意，决不改变。,sǐ xīn tā dì,死心塌地,sxtd,si xin ta di,si,di
《孟子·尽心上》桎梏死者，非正命也。”,我三个若舍不得性命相帮他时，残酒为誓，教我们都遭横事，恶病临身，～。★明·施耐庵《水浒全传》第十五回,非命横死。在意外的灾祸中死亡。,sǐ yú fēi mìng,死于非命,syfm,si yu fei ming,si,ming
《四十二章经》二十佛言当念身中四大，各自有名，都无我者。”,胞胎浑沌，～，没甚姓名。★清·陈忱《水浒后传》第三十一回,四大古印度称地、水、火风为四大”。佛教用语。指世界上一切都是空虚的。是一种消极思想。,sì dà jiē kōng,四大皆空,sdjk,si da jie kong,si,kong
《战国策·魏策一》张仪为秦连横说魏王曰‘魏南与楚而不与齐，则齐攻其东；东与齐而不与赵，则赵攻其北；不合于韩，是韩攻其西；不亲于楚，则楚攻其南此所谓四分五裂之道也。’”,故其端起于大夫士之怙私，而其祸可至于亡国灭种，～，而不可收拾。★严复《论世变之亟》,形容不完整，不集中，不团结，不统一。,sì fēn wǔ liè,四分五裂,sfwl,si fen wu lie,si,lie
《汉书·高帝记》且夫天子以四海为家。”,我们是～的，我们是以一切人民为兄弟姐妹的。★孙犁《看护》,原指帝王占有全国◇指什么地方都可以当作自己的家。指志在四方，不留恋家乡或个人小天地。,sì hǎi wéi jiā,四海为家,shwj,si hai wei jia,si,jia
无,无,四海之内，犹如一家。形容天下一统。,sì hǎi yī jiā,四海一家,shyj,si hai yi jia,si,jia
清·钱彩《说岳全传》第一回叫声未绝，早被大鹏一嘴啄得四脚朝天，呜呼哀哉。”,这完这句，便～，一声不言语了。（清·李宝嘉《官场现形记》第三十回）,四脚指四肢。形容仰面跌倒。也形容人死去。,sì jiǎo cháo tiān,四脚朝天,sjct,si jiao chao tian,si,tian
宋·释道原《景德传灯录》卷二十忽遇四面八方怎么生？”,无,指各个方面或各个地方。,sì miàn bā fāng,四面八方,smbf,si mian ba fang,si,fang
毛泽东《不要四面出击》总之不要四面出击。四面出击，全国紧张，很不好。”,无,形容工作全面展开，没有重点。,sì miàn chū jī,四面出击,smcj,si mian chu ji,si,ji
《史记·项羽本纪》项王军壁垓下，兵少食尽，汉军及诸侯兵围之数重。夜闻汉军四面皆楚歌，项王乃大惊，曰‘汉皆已得楚乎？是何楚人之多也。’”,在这～里，凭你怎样伶牙俐齿，也只得服从了。★朱自清《航船中的文明》,比喻陷入四面受敌、孤立无援的境地。,sì miàn chǔ gē,四面楚歌,smcg,si mian chu ge,si,ge
明·施耐庵《水浒全传》第四十四回戴宗、杨林看裴宣时，果然好表人物，生得面白肥胖，四平八稳，心中暗喜。”,总而言之，现在倘再发那些～的救救孩子”似的议论，连我自己听去，也觉得空空洞洞了。★鲁迅《而已集·答有恒先生》,原形容身体各部位匀称、结实◇常形容说话做事稳当。也形容做事只求不出差错，缺乏积极创新精神。,sì píng bā wěn,四平八稳,spbw,si ping ba wen,si,wen
汉·班固《白虎通·五经》五经何谓？谓《易》、《尚书》、《诗》、《礼》、《春秋》也。”宋·朱熹著有《四书集注》。,君子是只读～，做八股，非常规矩的。★鲁迅《二心集·上海文艺之一瞥》,四书亦称四子书，即《大学》、《中庸》、《论语》、《孟子》；五经《诗》、《书》、《礼》、《易》、《春秋》。指儒家经典。,sì shū wǔ jīng,四书五经,sswj,si shu wu jing,si,jing
《子华子·晏子问党》其途之所出，四通而八达，游士之所凑也。”,滑台～，非帝王之所居。★《晋书·慕容德载记》,四面八方都有路可通。形容交通极便利。也形容通向各方。,sì tōng bā dá,四通八达,stbd,si tong ba da,si,da
叶圣陶《得失》然而学生还是似懂非懂，教他们回讲往往讲不出来。”,无,好象懂，又好象不懂。,sì dǒng fēi dǒng,似懂非懂,sdfd,si dong fei dong,si,dong
《庄子·山木》周将处夫材与不材之间；材与不材之间，似之而非也。”《孟子·尽心下》孔子曰‘恶似而非者，恶莠，恐其乱苗也。’”,无,似象；是对；非不对∶象是对的，实际上不对。,sì shì ér fēi,似是而非,ssef,si shi er fei,si,fei
明·汤显祖《牡丹亭》第十出则为你如花美眷，似水流年。”,无,流年光阴。形容时间一去不复返。,sì shuǐ liú nián,似水流年,ssln,si shui liu nian,si,nian
宋·晏殊《浣溪沙》词无可奈何花落去，似曾相识燕归来，小园香径独徘徊。”,无,好象曾经见过。形容见过的事物再度出现。,sì céng xiāng shí,似曾相识,scxs,si ceng xiang shi,si,shi
《礼记·中庸》小人之（反）中庸也，小人而无忌惮也。”,她们都是横冲直撞，真真是～。★郭沫若《黄河与扬子江对话》,肆放肆；忌顾忌；惮害怕。非常放肆，一点没有顾忌。,sì wú jì dàn,肆无忌惮,swjd,si wu ji dan,si,dan
无,无,妄胡乱，非分的，出了常规的。妄为胡作非为。指不顾一切由着自己的性子胡作非为。亦作肆意妄行”。,sì yì wàng wéi,肆意妄为,syww,si yi wang wei,si,wei
清·夏敬渠《野叟曝言》第三十五回比较那史册上的朱云请剑，李膺破柱，更足耸人听闻。”,闲官之挫折，无足轻重，不足～。（清·汪师韩《诗学纂闻·刘随州别严士元诗》）,耸惊动。夸大或捏造事实，使人听了感到惊异或震动。,sǒng rén tīng wén,耸人听闻,srtw,song ren ting wen,song,wen
明·冯惟敏《不伏老》第一折一个家搜肠刮肚，不知饥，不知渴，只觉得口内生烟。”,似这作文，～，可待写上什么？★清·蒲松龄《逃学传》,比喻绞尽脑汁，苦思苦想。,sōu cháng guā dù,搜肠刮肚,scgd,sou chang gua du,sou,du
清·蒲松龄《聊斋志异·沂水秀才》一美人置白金一铤，可三四两许，秀才掇内袖中。美人取巾握手笑出曰‘俗不可耐。’”,无,俗庸俗；耐忍受得住。庸俗得使人受不了。,sú bù kě nài,俗不可耐,sbkn,su bu ke nai,su,nai
《诗经·魏风·氓》夙兴夜寐，靡有朝矣。”,可怜数载宫闱，克勤克俭，～，何敢轻为妄作，有黍姆训。（明·许仲琳《封神演义》第七回）,夙早；兴起来；寐睡。早起晚睡。形容勤奋。,sù xīng yè mèi,夙兴夜寐,sxym,su xing ye mei,su,mei
《诗经·召南·采蘩》被之僮僮，夙夜在公。”,毅～，坐而待旦。★《晋书·刘毅传》,从早到晚，勤于公务。,sù yè zài gōng,夙夜在公,syzg,su ye zai gong,su,gong
南朝宋·刘义庆《世说新语·规箴》弟子中或有惰者，远公曰；‘桑榆之光，理无远照，但原朝阳之晖，与时并明耳。’执经登坐，讽诵朗暢，词色甚苦。高足之徒，皆肃然增敬。”,衍举眼观看仲连，神清骨爽，飘飘乎有神仙之度，不觉～。★明·冯梦龙《东周列国志》第一百回,肃然恭敬的样子；起敬产生敬佩的心情。形容产生严肃敬仰的感情。,sù rán qǐ jìng,肃然起敬,srqj,su ran qi jing,su,jing
元·尚仲贤《柳毅传书》第四折我与你素不相识，一旦为你寄书，因而戏言，岂意遂为眷属。”,船儿只管乘风破浪的一直的走，走向那～的他乡。★冰心《寄小读者·通讯十八》,素平素，向来。向来不认识。,sù bù xiāng shí,素不相识,sbxs,su bu xiang shi,su,shi
唐·李商隐《赠田叟》鸥鸟忘机翻浃洽，交亲得路昧平生。”,其在前曰真为～，突如其来，难怪妾之得罪。★元·王实甫《西厢记》第二本第三折,昧不了解；平生平素、往常。彼此一向不了解。指与某人从来不认识。,sù mèi píng shēng,素昧平生,smps,su mei ping sheng,su,sheng
无,无,谋面见面。指平素没有见过面。,sù wèi móu miàn,素未谋面,swmm,su wei mou mian,su,mian
《鹖冠子·环流五》阴阳不同气，然其为和同也；酸咸甘苦之味相反，然其为善均也。”,～，各种滋味搅和在一起，索性任情地倾吐。（叶圣陶《微波》）,指各种味道。比喻幸福、痛苦等各种境遇。,suān tián kǔ là,酸甜苦辣,stkl,suan tian ku la,suan,la
《史记·屈原贾生列传》夫圣人者，不凝滞于物而能与世推移。举世混浊，何不随其流而扬其波？”《五灯会元》看风使舵，正是随波逐流。”,你心胸开阔，气度那么从容！你不～，也不故步自封。★郭沫若《屈原》第一幕,逐追随。随着波浪起伏，跟着流水漂荡。比喻没有坚定的立场，缺乏判断是非的能力，只能随着别人走。,suí bō zhú liú,随波逐流,sbzl,sui bo zhu liu,sui,liu
明·许仲琳《封神演义》第十一回崇侯虎不过随声附和，实非本心。”,放翁（陆游）晚年有得，非～以道学为名高者矣。★清·赵翼《瓯北诗话》卷六,和声音相应。自己没有主见，别人怎么说，就跟着怎么说。,suí shēng fù hè,随声附和,ssfh,sui sheng fu he,sui,he
清·周中孚《郑堂札记》卷一游山诗有时地之异宜，随时随地，设色布景，否者皆陈言也。”,有人向他建议多招募民间乡勇，分散在宁波、镇海、定海附近，～以小队水陆分扰乱人。★郭沫若《中国史稿》第五编第一章第一节,①指依照当时当地情形；在不同的时间、地点。②任何时间、地点；时时处处。,suí shí suí dì,随时随地,sssd,sui shi sui di,sui,di
《论语·为政》七十而从心所欲，不逾矩。”,我们二人并坐，～的漫谈。★臧克家《老舍永在》,随任凭；欲想要。随着自己的意思，想要干什么就干什么。,suí xīn suǒ yù,随心所欲,sxsy,sui xin suo yu,sui,yu
无,一般农副产品的购销，可～，灵活经营。,指按市场行情行事。,suí háng jiù shì,随行就市,shjs,sui hang jiu shi,sui,shi
清·刘献廷《广阳杂记》一随寓而安，斯真隐矣。”,不过能够～——即有船坐船云云——则比起幻想太多的人们来，可以稍为安稳，能够敷衍下去而已。★鲁迅《两地书》六,随顺从；遇遭遇。指能顺应环境，在任何境遇中都能满足。,suí yù ér ān,随遇而安,syea,sui yu er an,sui,an
宋·王珪《谢赐生日礼物表》岁月峥嵘，而屡更精力勤劳。”,无,形容不平凡的年月。,suì yuè zhēng róng,岁月峥嵘,syzr,sui yue zheng rong,sui,rong
元·无名氏《千里独行》第三折俺如今领兵与他交战，丞相也枉则损兵折将。”,若得太尉早来如此，也不教国家～，虚耗了钱粮。★明·施耐庵《水浒全传》第八十二回,损损失。军士和将领都遭到损失。指打了败仗。,sǔn bīng zhé jiàng,损兵折将,sbzj,sun bing zhe jiang,sun,jiang
无,无,损害公家的利益而使私人获利。,sǔn gōng féi sī,损公肥私,sgfs,sun gong fei si,sun,si
《旧唐书·陆象先传》为政者理则可矣，何必严刑树威。损人益己，恐非仁恕之道。”,凡有～之心的人，其结果都不妙。★毛泽东《新民主主义的宪政》,损害别人，使自己得到好处。,sǔn rén lì jǐ,损人利己,srlj,sun ren li ji,sun,ji
清·刘鹗《老残游记》第六回喊了许久，店家方拿了一盏灯，缩手缩脚的进来。”,无,由于寒冷而四肢不能舒展的样子。也形容做事胆小，顾虑多，不敢放手。,suō shǒu suō jiǎo,缩手缩脚,sssj,suo shou suo jiao,suo,jiao
宋·王安石《慈溪县学记》则士朝夕所见所闻，无非所以治天下国家之道。”,我为甚么不将这～的，写封信告诉庄宫保呢？★清·刘鹗《老残游记》第六回,看到的和听到的。,suǒ jiàn suǒ wén,所见所闻,sjsw,suo jian suo wen,suo,wen
清·李汝珍《镜花缘》第九十回好在所剩无几，待我念完，诸位才女再去慢慢参详，或者得其梗概，也未可知。”,除垫还他经手若干外，～，一齐打三折归还人家的本钱，以作了事。★清·李宝嘉《官场现形记》第五十三回,剩余留下来的。剩下的没有多少了。,suǒ shèng wú jǐ,所剩无几,sswj,suo sheng wu ji,suo,ji
《史记·项羽本纪》于是项王大呼驰下，汉军皆披靡。”,遂与其友鲜伯等百余人，直犯秦阵，～，杀死秦兵无算。（明·冯梦龙《东周列国志》第四十六回）,所向指力所到达的地方；披靡溃败。比喻力量所达到的地方，一切障碍全被扫除。,suǒ xiàng pī mǐ,所向披靡,sxpm,suo xiang pi mi,suo,mi
三国蜀·诸葛亮《心书》善将者因天之时，就地之势，依人之利，则所向无敌，所击者万全矣。”《三国志·吴书·周瑜传》注引《江表传》士风劲勇，所向无敌。”,我自起兵以来，～。★清·陈忱《水浒后传》第十五回,敌抵挡。力量所指向的地方，谁也抵挡不住。形容力量强大，无往不胜。,suǒ xiàng wú dí,所向无敌,sxwd,suo xiang wu di,suo,di
清·曹雪芹《红楼梦》第十六回自此凤姐胆识愈壮，以后所作所为，诸如此类，不可胜数。”,无,指人所做的事。,suǒ zuò suǒ wéi,所作所为,szsw,suo zuo suo wei,suo,wei
鲁迅《且介亭杂文附集·立此存照”（三）》我情愿做一回‘文剪公’，因为事情和文章都有意思，太删节了怕会索然无味。”,无,索然没有意味、没有兴趣的样子。形容事物枯燥无味（多指文章）。,suǒ rán wú wèi,索然无味,srww,suo ran wu wei,suo,wei
《诗经·小雅·鹤鸣》他山之石，可以为错。”,无,比喻能帮助自己改正缺点的人或意见。,tā shān zhī shí,他山之石,tszs,ta shan zhi shi,ta,shi
晋·袁宏《三国名臣序赞》爰初发迹，遘此颠沛，神情玄定，处之弥泰。”,老东山已松开孙若西，他平了平气，眼睛半闭，～，稳立不动。★冯德英《迎春花》第二十二章,泰然安然，不以为意的样子；处处理，对待。形容毫不在意，沉着镇定。,tài rán chǔ zhī,泰然处之,trcz,tai ran chu zhi,tai,zhi
华而实《汉衣冠》三施天福坦率地注视郑成功，泰然自若地摇头。”,无,不以为意，神情如常。形容在紧急情况下沉着镇定，不慌不乱。,tài rán zì ruò,泰然自若,trzr,tai ran zi ruo,tai,ruo
明·贾凫西《木皮词·正传》给了他个泰山压顶没有躲闪，把那助纣为虐的杀个净，直杀的血流飘杵，堵了城门。”,一个棍起处似～，打下来举手无措。（清·文康《儿女英雄传》第六回）,泰山压在头上。比喻遭遇到极大的压力和打击。,tài shān yā dǐng,泰山压顶,tsyd,tai shan ya ding,tai,ding
《左传·昭公二十八年》贪婪无厌，忿类无期。”,他～的性子，随着年岁的增长，更加残忍了。★梁斌《红旗谱》八,厌满足。贪心永远没有满足的时候。,tān dé wú yàn,贪得无厌,tdwy,tan de wu yan,tan,yan
元·无名氏《鸳鸯被》第四折一应贪官污吏，准许先斩后闻。”,无,贪赃枉法的官吏。,tān guān wū lì,贪官污吏,tgwl,tan guan wu li,tan,li
《汉书·文三王传》今立自知贼杀中郎曹将，冬月迫促，贪生畏死，即诈僵仆阳（佯）病，徼幸得逾于须臾。”,他们没有一个～而逃跑的，他们知道多一个人多一分力量。★曲波《林海雪原》二,贪舍不得。贪恋生存，畏惧死亡。指对敌作战畏缩不前。,tān shēng pà sǐ,贪生怕死,tsps,tan sheng pa si,tan,si
无,自私自利，消极怠工，～，风头主义等等，是最可鄙的。（毛泽东《中国共产党在民族战争中的地位》）,利用职权，非法取得财物，过着奢侈糜烂的生活。,tān wū fǔ huà,贪污腐化,twfh,tan wu fu hua,tan,hua
元·无名氏《陈州粜米》第二折谁想那两个到的陈州，贪赃坏法饮酒非为。”,陈绛在福建，据说～，声名狼籍。★马南邨《陈绛和五耿的案件》,赃赃物；枉歪曲，破坏。贪污受贿，违犯法纪。,tān zāng wǎng fǎ,贪赃枉法,tzwf,tan zang wang fa,tan,fa
《妙法莲华经·方便品》佛告舍利佛，如是妙法，诸佛如来，时乃说之，如优昙钵花，时一现耳。”,这种盛况，只是～。,昙花即优昙钵花，开放时间很短。比喻美好的事物或景象出现了一下，很快就消失。,tán huā yī xiàn,昙花一现,thyx,tan hua yi xian,tan,xian
元·张可久《端正好·渔乐》人间开口笑樵渔，会谈今论古。”,连知识也说不上，哪里还有资格～。★巴金《谈我的散文》,从古到今无所不谈，无不评论。,tán gǔ lùn jīn,谈古论今,tglj,tan gu lun jin,tan,jin
汉·东方朔《非有先生论》於戏！可乎哉？可乎哉？谈何容易。”《汉书·东方朔传》於戏！可乎哉？可乎哉？谈何容易。”,说的，～，他肯由你要回，方才不带他们去了。★清·李宝嘉《文明小史》第十回,原指臣下向君主进言很不容易◇指事情做起来并不象说的那样简单。,tán hé róng yì,谈何容易,thry,tan he rong yi,tan,yi
《二程全书·遗书二上》真知与常知异。尝见一田夫曾被虎伤，有人说虎伤人，众莫不惊，独田夫色动异于众。”,有光生长穷乡，～，安能默然而已。★明·归有光《论三区赋役水利书》,色脸色。原指被老虎咬过的人才真正知道虎的厉害◇比喻一提到自己害怕的事就情绪紧张起来。,tán hǔ sè biàn,谈虎色变,thsb,tan hu se bian,tan,bian
元·郑德辉《王粲登楼》第二折说地谈天口若开，伏虎降龙志不改。”,钱青见那先生学问平常，故意～，讲古论今，惊得先生一字俱无。★明·冯梦龙《醒世恒言》卷七,指随便谈论，漫无边际。,tán tiān shuō dì,谈天说地,ttsd,tan tian shuo di,tan,di
宋·辛弃疾《念奴娇·赠夏成玉》词遐想后日蛾眉，两山横黛，谈笑风生颊。”,他嘻嘻笑着，让酒让菜，～，又谈起他的山林生活。★梁斌《播火记》十七,有说有笑，兴致高。形容谈话谈得高兴而有风趣。,tán xiào fēng shēng,谈笑风生,txfs,tan xiao feng sheng,tan,sheng
清·吴趼人《糊涂世界》卷九两道听了这话，心里忐忑不定。”,母亲谨慎地窥视着一切动静，心里～，她怕有人出卖星海。★冯德英《苦菜花》第十章,忐忑心神不定。心神极为不安。,tǎn tè bù ān,忐忑不安,ttba,tan te bu an,tan,an
《左传·襄公二十九年》德至矣哉，大矣！如天之无不帱也，如地之无不载也。虽甚盛德，其蔑以加於同感于此矣，观止矣。若有他乐，吾不敢请已。”,无,叹赞赏；观止看到这里就够了。指赞美所见到的事物好到了极点。,tàn wéi guān zhǐ,叹为观止,twgz,tan wei guan zhi,tan,zhi
《新五代史·南唐世家》中国用吾为相，取江南如探囊中物尔。”,点小事，如～。★梁斌《播火记》十二,囊口袋；探囊向袋里摸取。伸手到口袋里拿东西。比喻能够轻而易举地办成某件事情。,tàn náng qǔ wù,探囊取物,tnqw,tan nang qu wu,tan,wu
明·施耐庵《水浒全传》第四十五回却好交五更时候，只见那个头陀挟着木鱼，来巷口探头探脑。”,无,探头或上体向前伸出。伸着头向左右张望。形容鬼鬼祟祟的探望。,tàn tóu tàn nǎo,探头探脑,tttn,tan tou tan nao,tan,nao
无,坐在一排一排的矮椅上，和跪下的样子也差不多，大家便实行马虎主义，还是～地坐着。（邹韬奋《经历·踏进了约翰》）,堂皇官署的大堂，引申为气势盛大的样子。形容端正庄严或雄伟有气派。也指表面上庄严正大，堂堂正正，实际却不然。,táng ér huáng zhī,堂而皇之,tehz,tang er huang zhi,tang,zhi
《孙子·军争》无要正正之旗，勿击堂堂之陈，此治变者也。”,就如那妒妇破坏人家，他却也有一番～的道理说出来，可知道家也却被他破了。★清·刘鹗《老残游记》第十一回,堂堂盛大的样子；正正整齐的样子。原形容强大整齐的样子，现也形容光明正大。也形容身材威武，仪表出众。,táng táng zhèng zhèng,堂堂正正,ttzz,tang tang zheng zheng,tang,zheng
陈登科《风雷》第一部第49章不要中了敌人的糖衣炮弹，被人家拉过去。”,一些意志薄弱的人容易被～所击倒。,用糖衣裹着的炮弹；比喻用腐蚀、拉拢、诱惑等手段去牟取自己的利益。,táng yī pào dàn,糖衣炮弹,typd,tang yi pao dan,tang,dan
《庄子·人间世》汝不知夫螳螂乎，怒其臂以当车辙，不知其不胜任也。”,谁知腹中虽离渊博尚远，那目空一切，旁若无人光景，却处处摆在脸上。可谓～，自不量力。”★清·李汝珍《镜花缘》第十八回,当阻挡。螳螂举起前肢企图阻挡车子前进。比喻做力量做不到的事情，必然失败。,táng bì dāng chē,螳臂当车,tbdc,tang bi dang che,tang,che
五代后周·王仁裕《开元天宝遗事·走丸之辩》张九龄善谈论，每与宾客议论经旨，滔滔不竭，如下阪走丸也。”,斡离不得汪豹献了李刘隘口，无人阻当，～，把十万大兵尽数渡了黄河。★清·陈忱《水浒后传》第二十回,滔滔形容流水不断。象流水那样毫不间断。指话很多，说起来没个完。,tāo tāo bù jué,滔滔不绝,ttbj,tao tao bu jue,tao,jue
无,你犯下了如此～，将难逃法律的严厉制裁。,形容罪恶极大。,tāo tiān dà zuì,滔天大罪,ttdz,tao tian da zui,tao,zui
无,九·一八”事变后，日本侵略军对中国人民犯下了滔天罪行。,滔天漫天。比喻罪恶极大。,tāo tiān zuì xíng,滔天罪行,ttzx,tao tian zui xing,tao,xing
《旧唐书·宣宗记》历太和会昌朝，愈事韬晦，群居游处，未尝有言。”,无,指隐藏才能，不使外露。,tāo guāng yǎng huì,韬光养晦,tgyh,tao guang yang hui,tao,hui
《诗经·周南·桃夭》桃之夭夭，灼灼其华。”,撞人者～，众人向他投去愤怒的眼光。,本意是形容桃花茂盛艳丽◇借用逃之夭夭”表示逃跑，是诙谐的说法。,táo zhī yāo yāo,逃之夭夭,tzyy,tao zhi yao yao,tao,yao
唐·王维《田园》诗桃红复含宿雨，柳绿更带春烟。”,背着香袋来到西湖朝拜的善男信女，心中并无多少教义的踪影，眼角却时时关注着～、莼菜醋鱼。★余秋雨《文化苦旅·西湖梦》,桃花嫣红，柳枝碧绿。形容花木繁盛、色彩鲜艳的春景。,táo hóng liǔ lǜ,桃红柳绿,thll,tao hong liu lv,tao,lv
明·冯梦龙《古今小说》卷一三巧儿问了他讨价还价，便道‘真个亏你些儿。’”,我们的方针是不拒绝谈判，要求对方完全承认八条，不许～。★毛泽东《在中国共产党第七届中央委员会第二次全体会议上的报告》,讨索取。买卖东西，卖主要价高，买主给价低，双方要反复争议。也比喻在进行谈判时反复争议，或接受任务时讲条件。,tǎo jià huán jià,讨价还价,tjhj,tao jia huan jia,tao,jia
《礼记·儒行》其特立独行，有如此者。”,士之～，适于义而已。★唐·韩愈《伯夷颂》,特独特；立立身。形容人的志行高洁，不同流俗。,tè lì dú xíng,特立独行,tldx,te li du xing,te,xing
清·褚人获《隋唐演义》第三回李靖正欲挽留，只见那女子拨转马头，那马即腾空而起，倏忽不见。”,无,腾空向天空飞升。向高空升起。,téng kōng ér qǐ,腾空而起,tkeq,teng kong er qi,teng,qi
元·郑德辉《老君堂》第二折恨不的驾雾腾云，臂生两翅，飞出狱院。”明·吴承恩《西游记》第三回他放下心，日逐腾云驾雾，遨游四海，行乐千山。”,这简直不是马，是一条～的白龙！一条白龙。★姚雪垠《李自成》第一卷第三章,乘着云，驾着雾。原是传说中指会法术的人乘云雾飞行，后形容奔驰迅速或头脑发昏。,téng yún jià wù,腾云驾雾,tyjw,teng yun jia wu,teng,wu
沙汀《烦恼》刘久发啼笑皆非地站起来了。”,无,啼哭；皆非都不是。哭也不是，笑也不是，不知如何才好。形容处境尴尬或既令人难受又令人发笑的行为。,tí xiào jiē fēi,啼笑皆非,txjf,ti xiao jie fei,ti,fei
《韩非子·外储说右下》善张网者引其纲，不一一摄万目而后得。”《荀子·劝学》若挈裘领，诎五指而而顿之，顺者不可胜数也。”《宋史·职官志八》提纲而众目张，振领而群毛理。”,因此便想到一个～的法子。（清·李宝嘉《官场现形记》第六十回）,纲鱼网的总绳；挈提起。抓住网的总绳，提住衣的领子。比喻抓住要领，简明扼要。,tí gāng qiè lǐng,提纲挈领,tgql,ti gang qie ling,ti,ling
明·吴承恩《西游记》第十七回众僧闻得此言，一个个提心吊胆，告天许愿。”,但他们往往遭农会严厉拒绝，所以他们总是悬心吊胆地过日子。★毛泽东《湖南农民运动考察报告》,形容十分担心或害怕。,tí xīn diào dǎn,提心吊胆,txdd,ti xin diao dan,ti,dan
唐·顾况《行路难》诗岂知灌顶有醍醐，能使清凉头不热。”,王生闻得，满心欢喜，却似～，甘露洒心，病体已减去六七分了。★明·凌濛初《初刻拍案惊奇》卷十一,醍醐酥酪上凝聚的油。用纯酥油浇到头上。佛教指灌输智慧，使人彻底觉悟。比喻听了高明的意见使人受到很大启发。也形容清凉舒适。,tí hú guàn dǐng,醍醐灌顶,thgd,ti hu guan ding,ti,ding
清·赵翼《瓯北诗话·杜少陵诗·四》至于寻常写景，不必有意惊人，而体贴入微，亦复人不能到。”,这却全在美人心意上着想，倒也～。（清·吴趼人《二十年目睹之怪现状》第三十九回）,体贴细心体谅别人的心情和处境，给予关心和照顾；入微达到细微的程度。形容对人照顾或关怀非常细心、周到。,tǐ tiē rù wēi,体贴入微,ttrw,ti tie ru wei,ti,wei
《三国志·魏书·邓艾传》子忠与艾俱死”裴松之注引《世语》师纂亦与艾俱死……死之日体无完皮。”,他就静悄悄地看下去，看到把各种责难都驳斥得～之后，他又低声念起来。,全身的皮肤没有一块好的。形容遍体都是伤。也比喻理由全部被驳倒，或被批评、责骂得很厉害。,tǐ wú wán fū,体无完肤,twwf,ti wu wan fu,ti,fu
元·康进之《李逵负荆》第一折你山上头领，都是替天行道的好汉。”,无,代上天主持公道。封建社会里农民起义多以此作为动员、组织群众的口号。,tì tiān xíng dào,替天行道,ttxd,ti tian xing dao,ti,dao
《战国策·赵策三》天崩地坼，天子下席。”,无,象天塌下、地裂开那样。比喻重大的事变。,tiān bēng dì liè,天崩地裂,tbdl,tian beng di lie,tian,lie
《老子》第七章天长地久，天地所以能长且久者，以其不自生，故能长生。”唐·白居易《长恨歌》天长地久有时尽，此恨绵绵无绝期。”,无,跟天和地存在的时间那样长。形容时间悠久。也形容永远不变（多指爱情）。,tiān cháng dì jiǔ,天长地久,tcdj,tian chang di jiu,tian,jiu
清·曹雪芹《红楼梦》第二十回但只是天长日久，尽着这么闹，可叫人怎么过呢。”,无,时间长，日子久。,tiān cháng rì jiǔ,天长日久,tcrj,tian chang ri jiu,tian,jiu
唐·刘商《胡笳十八拍》六天翻地覆谁得知？如今正南看北斗。”,改革开放以来，我国农村发生了～的变化。,覆翻过来。形容变化巨大。也形容闹得很凶。,tiān fān dì fù,天翻地覆,tfdf,tian fan di fu,tian,fu
即阿拉伯民间故事《一千零一夜》。,无,比喻虚诞、离奇的议论。,tiān fāng yè tán,天方夜谭,tfyt,tian fang ye tan,tian,tan
《战国策·秦策一》田肥美，民殷富，战车万乘，奋击百万，沃野千里，蓄积饶多，地势形便，此所谓天府，天下之雄国也。”,益州险塞，沃野千里，～，高祖因之以成帝业。★明·罗贯中《三国演义》第三十八回,天府天生的仓库；国地区。原指土地肥沃、物产丰富的地区◇专指四川。,tiān fǔ zhī guó,天府之国,tfzg,tian fu zhi guo,tian,guo
汉·苏武《古诗四首》良友远离别，各在天一方。”,先生此去，～，未知相会却在何日。★明·罗贯中《三国演义》第三十六回,指各在天底下的一个地方。形容相隔极远，见面困难。,tiān gè yī fāng,天各一方,tgyf,tian ge yi fang,tian,fang
明·施耐庵《水浒全传》第六十五回目今天寒地冻，军马难以久住，权且回山。”,无,形容天气极为寒冷。,tiān hán dì dòng,天寒地冻,thdd,tian han di dong,tian,dong
《心地观经·序品》六欲诸天来供养，天华（花）乱坠遍虚空。”,傅二棒锤索性张大其词，说得～。★清·李宝嘉《官场现形记》第五十六回,传说梁武帝时有个和尚讲经，感动了上天，天上纷纷落下花来。形容说话有声有色，极其动听（多指夸张而不符合实际）。,tiān huā luàn zhuì,天花乱坠,thlz,tian hua luan zhui,tian,zhui
唐·韩愈《龙移》诗天昏地黑蛟龙移，雷惊电激雄雌随。”,只见狂风四起，飞沙走石，～，日月无光。★明·施耐庵《水浒全传》第六十回,昏天黑。天地昏黑无光。形容刮大风时漫天沙土的景象。也比喻政治腐败，社会黑暗。,tiān hūn dì àn,天昏地暗,thda,tian hun di an,tian,an
《左传·昭公二十五年》夫礼，天之经也，地之义也，民之行也。”,学好科学文化知识是每个学生～的事。,经规范，原则；义正理。天地间历久不变的常道。指绝对正确，不能改变的道理。也指理所当然的事。,tiān jīng dì yì,天经地义,tjdy,tian jing di yi,tian,yi
晋·王羲之《兰亭集序》是日也，天朗气清，惠风和畅，仰观宇宙之大，俯察品类之盛。”,其日～，惠风庆云，真是昌期应运，太平景象，自然迥别。★明·许仲琳《封神演义》第九十八回,朗明朗。形容天空晴朗，空气清新。,tiān lǎng qì qīng,天朗气清,tlqq,tian lang qi qing,tian,qing
元·无名氏《朱砂担》第四折才见得冤冤相报，方信道天理难容。”,如此冤情，若不诛卫郑，～，人心不服。★明·冯梦龙《东周列国志》第四十二回,天理天道；容容忍、宽容。旧指做事残忍，灭绝人性，为天理所不容。,tiān lǐ bù róng,天理不容,tlbr,tian li bu rong,tian,rong
元·无名氏《朱砂担》第四折才见得冤冤相报，方信道天理难容。”,无,旧指做事残忍，灭绝人性，为天理所不容。,tiān lǐ nán róng,天理难容,tlnr,tian li nan rong,tian,rong
唐·李白《春夜宴从弟桃花园序》会桃花之芳园，序天伦之乐事。”,这时父亲如果能够保持着相当丰裕的收入，家中当然充满一片～。★闻一多《关于儒、道、土匪》,天伦旧指父子、兄弟等亲属关系。泛指家庭的乐趣。,tiān lún zhī lè,天伦之乐,tlzl,tian lun zhi le,tian,le
《大宋宣和遣事》亨集才离阴府恓惶难，又值天罗地风灾。”元·无名氏《锁魔镜》第三折天兵下了天罗地网者，休要走了两洞妖魔。”,形成一个使法西斯孙悟空无处逃跑的～，那就是敌人死亡之时了。★毛泽东《论持久战》,天罗张在空中捕鸟的网。天空地面，遍张罗网。指上下四方设置的包围圈。比喻对敌人、逃犯等的严密包围。,tiān luó dì wǎng,天罗地网,tldw,tian luo di wang,tian,wang
元·刘廷振《萨天锡诗集序》其所以神化而超出于众表者，殆犹天马行空而步骤不凡。”,无,天马神马。天马奔腾神速，象是腾起在空中飞行一样。比喻诗文气势豪放。也比喻人浮躁，不踏实。,tiān mǎ xíng kōng,天马行空,tmxk,tian ma xing kong,tian,kong
金·元好问《迈陂塘》词天南地北双飞客，老翅几回寒暑。”,咫尺的～，霎时间月缺花飞。★元·关汉卿《沉醉东风》,一在天之南，一在地之北。形容地区各不相同。也形容距离极远。,tiān nán dì běi,天南地北,tndb,tian nan di bei,tian,bei
杨朔《熔炉》他素来最能关心战士，天南海北，不管怎样调皮捣蛋的人，一经他教育改造，都能脱胎换骨。”,和他在一起，觉得很自在，很安详，可以～，无拘无束的聊天。★秦牧《漫记端木蕻良》,形容距离遥远的不同地区。亦形容（谈话）漫无边际。,tiān nán hǎi běi,天南海北,tnhb,tian nan hai bei,tian,bei
《维摩经·观众生品》时维摩诘室有一天女，见诸大人闻所说说法，便现其身，即以天华散诸菩萨、大弟子上，华至诸菩萨即皆堕落，至大弟子便著不堕。一切弟子神力去华，不能令去。”,～，缀山林之草树。★唐·宋之问《设斋叹佛文》,原为佛教故事天女散花以试菩萨和声闻弟子的道行，花至菩萨身上即落去，至弟子身上便不落◇多形容抛洒东西或大雪纷飞的样子。,tiān nǚ sàn huā,天女散花,tnsh,tian nv san hua,tian,hua
《抱朴子·内篇·论仙》趋舍所尚，耳目之欲，其为不同，已有天壤之觉（较），冰炭之乖矣。”,按照一般人的生理机能来说，聪明与不聪明虽有差别，但并不存在～。,壤地。天和地，一极在上，一级在下，比喻差别极大。,tiān rǎng zhī bié,天壤之别,trzb,tian rang zhi bie,tian,bie
南唐·李煜《浪淘沙》词流水落花春去也，天上人间。”,无,一个在天上，一个在人间。多比喻境遇完全不同。,tiān shàng rén jiān,天上人间,tsrj,tian shang ren jian,tian,jian
唐·白居易《长恨歌》天生丽质难自弃，一朝选在君王侧。”,蝉鬓拢云，蛾眉扫月，～难描。★明·洪榝《清平山堂话本·风月相思》,天生天然生成。丽质美丽的姿容。形容女子妩媚艳丽。,tiān shēng lì zhì,天生丽质,tslz,tian sheng li zhi,tian,zhi
《敦煌曲·何满子四首》其四金河一去路千千，欲到天边更有天。”,无,指某一境界之外更有无穷无尽的境界。多用来表示人的眼界受客观条件的限制，认识的领域需要不断扩大。也表示美好的境界阅历不尽。亦作山外有山”、峰外有峰”,tiān wài yǒu tiān,天外有天,twyt,tian wai you tian,tian,tian
《老子》天网恢恢，疏而不失。”,～万象疏，一身亲到华山区。★唐·吕岩《哭陈先生》诗,天网天道之网；恢恢宽广的样子。指天道如大网，坏人是逃不过这个网的，作恶必受到惩罚。,tiān wǎng huī huī,天网恢恢,twhh,tian wang hui hui,tian,hui
《后汉书·曹节传》天下大乱，曹节、王甫幽杀太后，常侍侯览多杀党人，公卿皆尸禄，无有忠方者。”,如今朝廷不明，～，天子昏昧，奸臣弄权，我等归顺宋公明，且居水泊。★明·施耐庵《水浒全传》第六十七回,天下指中国或世界。全国或全世界的局势动荡不安。,tiān xià dà luàn,天下大乱,txdl,tian xia da luan,tian,luan
《后汉书·胡广传》试以章奏，安帝以广为天下第一。”,无,形容没有人能比得上。,tiān xià dì yī,天下第一,txdy,tian xia di yi,tian,yi
无,无,形容天下老百姓心悦诚服。,tiān xià guī xīn,天下归心,txgx,tian xia gui xin,tian,xin
《吕氏春秋·大乐》天下太平，万物安宁。”,人人好公，则～；人人营私，则天下大乱。★清·刘鹗《老残游记》第九回,处处平安无事。指大治之世。,tiān xià tài píng,天下太平,txtp,tian xia tai ping,tian,ping
《礼记·礼运》大道之行也，天下为公。”,万古千秋业，～器。★陈毅《湖海诗社开征引》诗,原意是天下是公众的，天子之位，传贤而不传子，后成为一种美好社会的政治理想。,tiān xià wéi gōng,天下为公,txwg,tian xia wei gong,tian,gong
《孟子·离娄上》夫国君好仁，天下无敌。”,某闻许都曹操，扫荡中原，吕布、二袁皆为所灭，近又破马超，～矣。★明·罗贯中《三国演义》第六十回,普天之下，没有敌手。形容战无不胜，没有对手。,tiān xià wú dí,天下无敌,txwd,tian xia wu di,tian,di
《史记·信陵君列传》始吾闻夫人弟公子天下无双。”,夜半，有女子可年十五六，姿颜服饰，～。★鲁迅《古小说钩沉·列异传》,天下找不出第二个。形容出类拔萃，独一无二。,tiān xià wú shuāng,天下无双,txws,tian xia wu shuang,tian,shuang
《礼记·礼运》故圣人耐以天下为一家，以中国为一人者，非意之也。”,～，共享太平，几何乖漓浇薄之世，其不一旦变而为公平正直之世也。★太平天国·洪秀全《原道醒世训》,视天下人为一家，和睦相处。也指全国统一。,tiān xià yī jiā,天下一家,txyj,tian xia yi jia,tian,jia
唐·白居易《长恨歌》天旋地转回龙驭，到此踌躇不能去。”,低下头歇了一会，觉得～，忽忽悠悠，再也站不起来。★梁斌《红旗谱》四五,天地转动。比喻重大的变化。也形容眩晕时的感觉或闹得极凶。,tiān xuán dì zhuàn,天旋地转,txdz,tian xuan di zhuan,tian,zhuan
南朝陈·徐陵《武皇帝作相时与岭南酋豪书》天涯藐藐，地角悠悠了，阴谋诡计 面无由，但以情企。”宋·张世南《游宦记闻》卷六今之远宦及远服贾者，皆曰天涯海角。”,我们俱系～之人，今幸得贤主人相邀一聚，也是三生之缘。★清·吴敬梓《儒林外史》第四十六回,形容极远的地方，或相隔极远。,tiān yá hǎi jiǎo,天涯海角,tyhj,tian ya hai jiao,tian,jiao
前蜀·牛峤《灵怪录·郭翰》徐视其衣并无缝，翰问之，曰‘天衣本非针线为也。’”,这篇文章立意明确，论述周到、深刻，真可谓～。,神话传说，仙女的衣服没有衣缝。比喻事物周密完善，找不出什么毛病。,tiān yī wú fèng,天衣无缝,tywf,tian yi wu feng,tian,feng
宋·赵佶（徽宗）《艮岳记》真天造地设，神谋化力，非人力所能为者。”,～，待人而发。★宋·楼钥《扬州平山堂记》,造制作；设安排。指事物自然形成，合乎理想，不必再加人工。,tiān zào dì shè,天造地设,tzds,tian zao di she,tian,she
宋·龚开《高马小儿图》此儿此马俱可怜，马方三齿儿未冠。天真烂漫好容仪，楚楚衣裳无不宜。”,他的性情又是那样～，笃实敦厚。★邹韬奋《经历·难兄难弟”的又一个》,天真指心地单纯，没有做作和虚伪；烂漫坦率自然的样子。形容儿童思想单纯、活泼可爱，没有做作和虚伪。,tiān zhēn làn màn,天真烂漫,tzlm,tian zhen lan man,tian,man
《汉书·匈奴传上》南有大汉，北有强胡→者，天之骄子也。”,有人能增加些美到世上去，这人便是～。★冰心《寄小读者·通讯九》,骄子父母溺爱骄纵的儿子。老天爷的宠儿。原指强盛的北方民族胡人，后也指为父母溺爱、放肆不受管束的儿子。,tiān zhī jiāo zǐ,天之骄子,tzjz,tian zhi jiao zi,tian,zi
无,无,天知道，地知道。指人人都知道。亦指只有天知道，地知道，没有别人知道。,tiān zhī dì zhī,天知地知,tzdz,tian zhi di zhi,tian,zhi
《诗经·大雅·大明》天监在下，有命既集，文王初载，天作之合。”,年长兄，我同你是～”，不比寻常同年弟兄。★清·吴敬梓《儒林外史》第七回,合配合∶象是上天给予安排，很完美地配合到一起。祝人婚姻美满的话。,tiān zuò zhī hé,天作之合,tzzh,tian zuo zhi he,tian,he
无,你说话要实事求是，不要添油加醋。,比喻叙述事情或转述别人的话，为了夸大，添上原来没有的内容。,tiān yóu jiā cù,添油加醋,tyjc,tian you jia cu,tian,cu
无,我们要学好本领，将来为祖国建设添砖加瓦。,比喻做一些工作，尽一点力量。,tiān zhuān jiē wǎ,添砖加瓦,tzjw,tian zhuan jie wa,tian,wa
唐·冯贽《云仙杂记》卷八倪芳饮后，必有狂怪，恬然不耻。”宋·吕祖谦《左氏博议·卫礼至为铭》卫礼至行险，侥幸而取其国，恬不知耻，反勒其功于铭，以章示后。”,打这个～的走狗！”台下一片激怒的喊声，还是震动了台上的胡博士。★杨沫《青春之歌》第四十三章,做了坏事满不再乎，一点儿也不感到羞耻。,tián bù zhī chǐ,恬不知耻,tbzc,tian bu zhi chi,tian,chi
元·马致远《岳阳楼》第二折化一盏茶吃，你可是甜言蜜语的，出家人那里不是积福处。”,卞福坐在旁边，～，劝了一回。★明·冯梦龙《醒世恒言》卷三十六,象蜜糖一样甜的话。比喻为了骗人而说得动听的话。,tián yán mì yǔ,甜言蜜语,tymy,tian yan mi yu,tian,yu
无,～的人，有着不可告人的目的。,搬弄是非，使别人不团结。,tiǎo bō lí jiàn,挑拨离间,tblj,tiao bo li jian,tiao,jian
无,他是个极端自私的人，干什么事都爱挑肥拣瘦。,挑、拣选择；肥肥肉；瘦瘦肉。比喻挑挑拣拣，光要对自己有利的。,tiāo féi jiǎn shòu,挑肥拣瘦,tfjs,tiao fei jian shou,tiao,shou
徐特立《让革命的红旗世代相传》他们一旦了解了过去的痛苦，就会懂得今天我们对工作挑三拣四是多幺不对！”,无,指挑挑拣拣，嫌这嫌那。,tiāo sān jiǎn sì,挑三拣四,tsjs,tiao san jian si,tiao,si
清·平步青《霞外捃屑》卷五说经之书甚多，以及文集说部，皆有可采。窃欲析缕分条，加以翦截。”,凡译此类书，宜悉仿内典分析之例，～，庶易晓畅，省读者心力。★清·梁启超《变法通议》,缕线；析剖析。有条有理地细细分析。,tiáo fēn lǚ xī,条分缕析,tflx,tiao fen lv xi,tiao,xi
无,无,被视为固定的、不能变通的条例规定。,tiáo tiáo kuàng kuàng,条条框框,ttkk,tiao tiao kuang kuang,tiao,kuang
《庄子·逍遥游》子独不见狸牲乎，卑身而伏，以候敖者，东西跳梁，不辟高下。”《国语·周语上》王犹不堪，况尔小丑乎？”,这些～，真正是何足道哉！★陈白尘、贾霁《宋景诗》第三章,跳梁腾跃跳动；小丑对人的卑称。比喻猖狂捣乱而成不了大气候的坏人。,tiào liáng xiǎo chǒu,跳梁小丑,tlxc,tiao liang xiao chou,tiao,chou
范乃成《小技术员战胜神仙手》［老汉］右手的烟袋朝着支书手中的计划点了几点，铁板钉钉似的崩出来三个字‘我反对！’”,大红门里的叶处长就是二妞儿，已经～，不容怀疑了。★《花城》1981年第6期,①犹言硬碰硬。比喻说话办事坚决、干脆。②比喻已成定论。,tiě bǎn dìng dīng,铁板钉钉,tbdd,tie ban ding ding,tie,ding
清·曹雪芹《红楼梦》第四十五回我想必得你去做个‘监社御史’，铁面无私才好。”,无,形容公正严明，不怕权势，不讲情面。,tiě miàn wú sī,铁面无私,tmws,tie mian wu si,tie,si
唐·皮日休《宋瓃集序》宋广平刚态毅状，疑其铁石心肠。”宋·苏轼《与李公择书》虽兄之受我厚，然仆本以铁石心肠待公。”,如果再不给你回信，那简直是～了。★闻一多《给臧克家先生》,心肠硬得象铁和石头一样。形容心肠很硬，不为感情所动。,tiě shí xīn cháng,铁石心肠,tsxc,tie shi xin chang,tie,chang
无,这个坏分子，罪行累累，铁证如山，不容抵赖。,形容证据确凿，象山一样不能动摇。,tiě zhèng rú shān,铁证如山,tzrs,tie zheng ru shan,tie,shan
《老子》第十四章听之不闻名曰希。”《礼记·大学》心不在焉，视而不见，听而不闻，食而不知其味。”,就只再芳芳姐姐一心只想学课，只怕是～。★清·李汝珍《镜花缘》第九十回,闻听。听了跟没听到一样。形容不关心，不在意。,tīng ér bú wén,听而不闻,tebw,ting er bu wen,ting,wen
清·刘鹗《老残游记续集》第二回死活存亡，听天由命去罢。”,我们应当与命运抗争，而不应～地生活。,由听从，随顺。听任事态自然发展变化，不做主观努力。也比喻碰机会，该怎么样就怎么样。,tīng tiān yóu mìng,听天由命,ttym,ting tian you ming,ting,ming
毛泽东《反对自由主义》见损害群众利益的行为不愤恨，不劝告，不制止，不解释，听之任之。”,无,听、任随，任凭；之代词，代人或事物。任凭事物存在发展而不去过问。,tīng zhī rèn zhī,听之任之,tzrz,ting zhi ren zhi,ting,zhi
清·文康《儿女英雄传》第一回虽然算不得大园庭，那亭台楼阁，树林山水，却也点缀结构得幽雅不俗。”,无,泛指多种供游赏、休息的建筑物。,tíng tái lóu gé,亭台楼阁,ttlg,ting tai lou ge,ting,ge
明·张岱《公祭祁夫人文》一女英迈出群，亭亭玉立。”,花型小，比起～的荷花远逊。★郭沫若《百花齐放·睡莲》,亭亭高耸直立的样子。形容女子身材细长。也形容花木等形体挺拔。,tíng tíng yù lì,亭亭玉立,ttyl,ting ting yu li,ting,li
《旧五代史·周·唐景思传》后数日城陷，景思挺身而出。”,有的～，被关在拘押所里。★叶圣陶《多收了三五斗》,挺身撑直身体。挺直身体站出来。形容面对着艰难或危险的事情，勇敢地站出来。,tǐng shēn ér chū,挺身而出,tsec,ting shen er chu,ting,chu
《左传·文公十七年》小国之事大国也，德则其人也，不德则其鹿也，铤而走险，急何能择？”,碰了荒年，也少不了这班人，不然，闹出那～的，更是不得了了。★清·吴趼人《二十年目睹之怪现状》第十五回,铤急走的样子；走险奔赴险处。指在无路可走的时候采取冒险行动。,tǐng ér zǒu xiǎn,铤而走险,tezx,ting er zou xian,ting,xian
《论语·颜渊》盍彻乎”朱熹注一夫受田百亩，而与同沟共井之人通力合作，计亩均收。”,都在向我们说明～，进向平和的建设的道路。★鲁迅《且介亭杂文末编·记苏联版画展览会》,通力一起出力。不分彼此，一齐出力。,tōng lì hé zuò,通力合作,tlhz,tong li he zuo,tong,zuo
无,他是个通情达理的人，从来不胡搅蛮缠。,指说话、做事很讲道理。,tōng qíng dá lǐ,通情达理,tqdl,tong qing da li,tong,li
鲁迅《华盖集续编·无花的蔷薇之三》乙校昨夜通宵达旦，将赤化书籍完全焚烧矣。”,无,通宵通夜，整夜；达到；旦天亮。整整一夜，从天黑到天亮。,tōng xiāo dá dàn,通宵达旦,txdd,tong xiao da dan,tong,dan
汉·赵晔《吴越春秋·阖闾内传》子不闻河上之歌乎？同病相怜，同忧相救。”,～，缀河上之悲曲。（南朝梁·刘璠《广绝交论》）,怜怜悯，同情。比喻因有同样的遭遇或痛苦而互相同情。,tóng bìng xiāng lián,同病相怜,tbxl,tong bing xiang lian,tong,lian
《诗经·秦风·无衣》修我戈矛，与子同仇。”《左传·文公四年》诸侯敌王所忾，而献其功。”,因为读者大众的对于某一作者，是未必和批评”或批判”者～的。★鲁迅《且介亭杂文二集·五论文人相轻”—明术》,同仇共同对敌；敌对抗，抵拒；忾愤怒。指全体一致痛恨敌人。,tóng chóu dí kài,同仇敌忾,tcdk,tong chou di kai,tong,kai
《明成化说唱词话丛刊·石郎附马传》我王若依小臣奏，休信同床共枕人。”,以下就是本人，说女性蓄发挽髻，从男性方面而言，视觉嗅觉都有妙美的趣味，尤其是～的时侯。★叶圣陶《李太太的头发》,指同床并头而眠。多指夫妻生活。,tóng chuáng gòng zhěn,同床共枕,tcgz,tong chuang gong zhen,tong,zhen
宋·陈亮《与朱元晦秘书书》同床各做梦，周公且不能学得，何必一一说到孔明哉！”,但彼等乌合之众，～，一战即溃。★姚雪垠《李自成》第一卷第一章,异不同。原指夫妇生活在一起，但感情不和。比喻同做一件事而心里各有各的打算。,tóng chuáng yì mèng,同床异梦,tcym,tong chuang yi meng,tong,meng
《战国策·燕策一》燕王吊死问生，与百姓同其甘苦。”,夫耕于前，妻耘于后，～，相敬如宾。★明·李昌祺《剪灯余话·鸾鸾传》,甘甜。共同享受幸福，共同担当艰苦。,tóng gān gòng kǔ,同甘共苦,tggk,tong gan gong ku,tong,ku
《列子·天瑞》天地终乎？与我偕终”卢重玄解大小虽殊，同归于尽耳。”,只图自己安逸，那管世事艰难，弄到后来，不是～吗？★清·姬文《市声》第十四回,尽完。一起死亡或一同毁灭。,tóng guī yú jìn,同归于尽,tgyj,tong gui yu jin,tong,jin
《孟子·尽心下》同乎流俗，合乎污世。”,此数贼者，～，败坏国政。★清·陈忱《水浒后传》第二十二回,流流俗；污肮脏。指跟坏人一起干坏事。,tóng liú hé wū,同流合污,tlhw,tong liu he wu,tong,wu
《周易·乾》同声相应，同气相求。水流湿，火就燥，云从龙，风从虎。圣人作而万物睹。”,要视作家如友朋，～，体会其甘苦。★孙犁《澹定集·金梅序》,比喻志趣相同的人自然结合在一起。,tóng qì xiāng qiú,同气相求,tqxq,tong qi xiang qiu,tong,qiu
《战国策·赵策二》夫破人之与破于人也，臣人之与臣于人也，岂可同日而言之哉？”,无,指相提并论。,tóng rì ér yǔ,同日而语,trey,tong ri er yu,tong,yu
清·黄小配《廿载繁华梦》第四回故小弟要进京里寻个知己，代他干营，好来任这海关监督，这时同声同气，才好做事。”,无,比喻亲密无间，志趣相合。同同声共气”。,tóng shēng tóng qì,同声同气,tstq,tong sheng tong qi,tong,qi
《周易·乾》同声相应，同气相求。水流湿，火就燥，云从龙，风从虎。圣人作而万物睹。”,～，同气相求，心心相印，脉脉相通。★续范亭《号召山西人民推翻万恶无耻军阀阎锡山》,同类的事物相互感应。指志趣、意见相同的人互相响应，自然地结合在一起。,tóng shēng xiāng yìng,同声相应,tsxy,tong sheng xiang ying,tong,ying
《左传·昭公元年》,为宋学者，不第攻汉儒而已也，仰且～矣。★清·江藩《宋学渊源记序》卷上,同室一家，指自己人；操拿起；戈古代的兵器。自家人动刀枪。指兄弟争吵。泛指内部斗争。,tóng shì sāo gē,同室操戈,tssg,tong shi sao ge,tong,ge
《书·泰誓中》予有乱臣十人，同心同德。”,无,团结一致，共同努力。,tóng xīn hé lì,同心合力,txhl,tong xin he li,tong,li
《尚书·泰誓中》予有乱臣十人，同心同德。”,无,同德为同一目的而努力。指思想统一，信念一致。,tóng xīn tóng dé,同心同德,txtd,tong xin tong de,tong,de
汉·贾谊《过秦论》且天下尝同心并力攻秦矣，然困于险阻而不能进者，岂勇力智慧不足哉？”《周书·崔谦传》然后与宇文行台，同心协力，电讨不庭，则桓文之勋，复兴于兹日矣。”,只要我们大家～，就没有克服不了的困难。,心思想；协合。团结一致，共同努力。,tóng xīn xié lì,同心协力,txxl,tong xin xie li,tong,li
《孙子·九地》夫吴人与越人相恶也，当其同舟而济，遇风，其相救也如左右手。”,通常在林海里人与人相遇，和在远洋航海中～一样，为什么他竟这样势不两立。★曲波《林海雪原》二十七,舟船；济渡，过洒。坐一条船，共同渡河。比喻团结互助，同心协力，战胜困难。也比喻利害相同。,tóng zhōu gòng jì,同舟共济,tzgj,tong zhou gong ji,tong,ji
元·无名氏《谢金梧》楔子随他铜墙铁壁，也不怕不拆倒了他的。”,宋江自引了前部人马，转过独龙岗后面来看祝家庄时，后面都是～，把得严整。★明·施耐庵《水浒全传》第四十八回,原比喻防御十分坚固，不可摧毁。也比喻团结一致。,tóng qiáng tiě bì,铜墙铁壁,tqtb,tong qiang tie bi,tong,bi
清·吴趼人《二十年目睹之怪现状》第五回但不知可有‘货真价实，童叟无欺’的字样没有？”,无,童未成年的孩子；叟年老的男人；欺蒙骗。既不欺骗小孩也不欺骗老人。指买卖公平。,tóng sǒu wú qī,童叟无欺,tswq,tong sou wu qi,tong,qi
无,无,泯泯灭。年岁虽大但仍有天真之心。形容成年人还有着孩子的天真。,tóng xīn wèi mǐn,童心未泯,txwm,tong xin wei min,tong,min
无,国家利益、集体利益、个人利益要三者统筹兼顾才行。,统筹通盘筹划；兼本义为一手执两禾，引伸为同时进行几桩事情或占有几样东西；顾照顾。统一筹划，全面照顾。,tǒng chóu jiān gù,统筹兼顾,tcjg,tong chou jian gu,tong,gu
宋·吕大钧《吊说》其恻怛之心、痛疾之意不欲生。”,先兄晴湖言有王震升者，暮年丧爱子，～。★清·纪昀《阅微草堂笔记》卷十一,悲痛得不想活下去。形容悲痛到极点。,tòng bù yù shēng,痛不欲生,tbys,tong bu yu sheng,tong,sheng
唐·韩愈《与李翱书》今而思之，如痛定之人，思当痛之时，不知何能自处也。”,境界危恶，层见错出，非人世所堪。～，痛何如哉！★宋·文天祥《指南录后序》,指悲痛的心情平静以后，再追想当时所受的痛苦。超有警惕未来之意。,tòng dìng sī tòng,痛定思痛,tdst,tong ding si tong,tong,tong
明·凌濛初《二刻拍案惊奇· 痴公子很使噪脾钱》你痛改前非，我把这所房子与你夫妻两个住下。”,在政策的感召下，他决心～，重新做人。,痛彻底；非错误。彻底改正以前所犯的错误。,tòng gǎi qián fēi,痛改前非,tgqf,tong gai qian fei,tong,fei
《汉书·贾谊传》臣窃惟事势，可为痛哭者一，可为流涕者二，可为长太息者六。”《宋史·胡铨传》而此膝一屈不可复伸，国势陵夷不可复振，可为痛哭流涕长太息矣。”,我怎能忍心告诉他，使这个老人～呢？★冯德英《迎春花》第六章,涕眼泪。形容伤心到极点。,tòng kū liú tì,痛哭流涕,tklt,tong ku liu ti,tong,ti
清·吴趼人《二十年目睹之怪现状》第63回买了一票砖，害得人家一个痛快淋漓。”,我们像乘快船下三峡似的，有～之感。★秦牧《艺海拾贝·上味”》,淋漓心情舒畅。形容非常痛快。,tòng kuài lín lí,痛快淋漓,tkll,tong kuai lin li,tong,li
《左传·成公十三年》诸侯备闻此言，斯是用痛心疾首，匿就寡人。”,瞿耐庵自从到任至今也有半年了。治下的百姓因他听断糊涂，一个个～。★清·李宝嘉《官场现形记》第四十二回,疾首头痛。形容痛恨到了极点。,tòng xīn jí shǒu,痛心疾首,txjs,tong xin ji shou,tong,shou
无,做工作要认真负责，决不能偷工减料，马马虎虎。,原指商人为了牟取暴利而暗中降低产品质量，削减工料。现也指做事图省事，马虎敷衍。,tōu gōng jiǎn liào,偷工减料,tgjl,tou gong jian liao,tou,liao
明·施耐庵《水浒全传》第四十六回小人如今在此，只做得些偷鸡盗狗的勾当，几时是了；跟随的二位哥哥上山去，却不好？”,成日家～，腥的臭的，都拉了你屋里去！★清·曹雪芹《红楼梦》第四十四回,指偷窃的行为。也指不正经的勾当。,tōu jī mō gǒu,偷鸡摸狗,tjmg,tou ji mo gou,tou,gou
清·曹雪芹《红楼梦》第九十七回偏偏凤姐想出一条偷梁换柱之计，自己也不好过潇湘馆来，竟未能少尽姊妹之情，真真可怜可叹。”,他采取～的手法，将别人的科研成果据为己有。,比喻暗中玩弄手法，以假代真，以劣代优。,tōu liáng huàn zhù,偷梁换柱,tlhz,tou liang huan zhu,tou,zhu
清·李宝嘉《官场现形记》第五十三回且说尹子崇自从做了这一番偷天换日的大事业，等到银子到手，便把原有的股东一齐写信去招呼。”,他所玩弄的～的鬼把戏，早被大家识破了。,比喻暗中改变事物的真相，以达到蒙混欺骗的目的。,tōu tiān huàn rì,偷天换日,tthr,tou tian huan ri,tou,ri
清·曹雪芹《红楼梦》第八十回要做什么和我说，别偷偷摸摸的，不中用。”,无,形容瞒着别人做事，不敢让别人知道。,tōu tōu mō mō,偷偷摸摸,ttmm,tou tou mo mo,tou,mo
清·李宝嘉《官场现形记》第四十一回瞿耐庵到任不多几日，不要说别的，但是本衙门的开销，什么差役工食、犯人口粮，他胸中毫无主宰，早弄得头昏眼花，七颠八倒。”,无,头脑昏晕，眼睛发花。,tóu hūn yǎn huā,头昏眼花,thyh,tou hun yan hua,tou,hua
明·吴承恩《西游记》第四十四回照道士脸上一刮，可怜就打得头破血流身倒地，皮开颈折脑浆倾。”,你若在继续顽抗下去，必定会碰得～！。,头打破了，血流满面。多用来形容惨败。,tóu pò xuè liú,头破血流,tpxl,tou po xue liu,tou,liu
元·孙仲章《勘头巾》第一折一百日以里，但有头疼脑热，都是你。”,北平的灾难恰似一个人免不了有些～，过几天自然会好了的。★老舍《四世同堂》,泛指一般的小病或小灾小难。,tóu téng nǎo rè,头疼脑热,ttnr,tou teng nao re,tou,re
无,无,泛指一般的小病或小灾小难。同头疼脑热”。,tóu tòng nǎo rè,头痛脑热,ttnr,tou tong nao re,tou,re
《续传灯录·慧力洞源禅师》方知头头皆是道，法法本圆成。”,再看他后面讲那汽机的做法用法，～，语语内行。★清·姬文《市声》第十三回,本为佛家语，指道无所不在◇多形容说话做事很有条理。,tóu tóu shì dào,头头是道,ttsd,tou tou shi dao,tou,dao
清·曹雪芹《红楼梦》第六回满屋里的东西都是耀眼争光，使人头晕目眩。”,无,头发昏，眼发花，感到一切都在旋转。,tóu yūn mù xuàn,头晕目眩,tymx,tou yun mu xuan,tou,xuan
清·夏敬渠《野叟曝言》第八十七回方才外边的人，也都有些头晕眼花，闻了这香气，就清爽了许多。”,无,头发昏，眼发花。,tóu yūn yǎn huā,头晕眼花,tyyh,tou yun yan hua,tou,hua
明·天然痴叟《石点头·侯官县烈女歼仇》他的酒量原不济，三瓯落肚，渐觉头重脚轻。”,墙上芦苇，～要底浅；山间竹笋，嘴尖皮厚腹中空。★毛泽东《改造我们的学习》,头脑发胀，脚下无力。形容身体不适。也比喻基础不牢固。,tóu zhòng jiǎo qīng,头重脚轻,tzjq,tou zhong jiao qing,tou,qing
《后汉书·班超传》大丈夫无他志略，犹当效傅介子，张骞立功异域，以取封侯，安能久事笔砚间乎？”,他象同世交子弟闲话一样，问了问贺人龙的家庭情形，～”的经过。★姚雪垠《李自成》第二卷第二十二章,从戎从军，参军。扔掉笔去参军。指文人从军。,tóu bǐ cóng róng,投笔从戎,tbcr,tou bi cong rong,tou,rong
浩然《艳阳天》第47章投机倒把是不符合政策条文的事情，弯弯绕那家伙能干这样傻事？”,无,投机利用时机钻空子。利用时机，以囤积居奇、买空卖空、掺杂作假、操纵物价等手段牟取暴利。,tóu jī dǎo bǎ,投机倒把,tjdb,tou ji dao ba,tou,ba
无,学习要勤奋刻苦，踏踏实实，不能靠投机取巧取得成功。,指用不正当的手段谋取私利。也指靠小聪明占便宜。,tóu jī qǔ qiǎo,投机取巧,tjqq,tou ji qu qiao,tou,qiao
《庄子·庚桑楚》是故非以其所好笼之而可得者，无有也。”,今王志在报吴，必先～，然后得制其命。★明·冯梦龙《东周列国志》第八十回,投迎合；其代词，他，他的；好爱好。迎合别人的喜好。,tóu qí suǒ hào,投其所好,tqsh,tou qi suo hao,tou,hao
无,无,原指夜间潜入某处前，先投以石子，看看有无反应，借以探测情况◇用以比喻进行试探。,tóu shí wèn lù,投石问路,tswl,tou shi wen lu,tou,lu
《汉书·贾谊传》里谚曰‘欲投鼠而忌器’，此善谕也。”,～宝玉瞒赃，判冤决狱平儿行权。★清·曹雪芹《红楼梦》第六十一回,投用东西去掷；忌怕，有所顾虑。想用东西打老鼠，又怕打坏了近旁的器物。比喻做事有顾忌，不敢放手干。,tóu shǔ jì qì,投鼠忌器,tsjq,tou shu ji qi,tou,qi
《诗经·大雅·抑》投我以桃，报之以李。”,既戒以修德之事，而又言为德而人法之，犹～之必然也。★宋·朱熹《诗集传》卷十八,意思是他送给我桃儿，我以李子回赠他。比喻友好往来或互相赠送东西。,tóu táo bào lǐ,投桃报李,ttbl,tou tao bao li,tou,li
元·曾瑞卿《留鞋记》第二折你如今将俺主人摆布死了，故意将这绣鞋揣在怀里，正是你图财致命，便待干罢。”,他的身上是带着有我们的盘费的，那两名轿夫不会～吗？（郭沫若《革命春秋·北伐途次》）,图谋取。为了劫夺财物，害人性命。,tú cái hài mìng,图财害命,tchm,tu cai hai ming,tu,ming
《晋书·王彬传》兄抗旌犯顺，杀戮忠良，谋图不轨，祸及门户。”,你们给我们来的公函，说我们～……我们此行纯为爱国而来，绝无越轨行为。★杨沫《青春之歌》第七章,不轨越出常轨，不守法度。谋划越出常规、法度之事。,tú móu bù guǐ,图谋不轨,tmbg,tu mou bu gui,tu,gui
《庄子·天运》推舟于陆也，劳而无功。”《管子·形势》与不可，强不能，告不知，谓之劳而无功。”,博洛兴师动众，旷费时日，～。★华而实《汉衣冠》七,白白付出劳动而没有成效。,tú láo wú gōng,徒劳无功,tlwg,tu lao wu gong,tu,gong
清·林则徐《查勘矿厂情形试行开采折》倘实系硐产全枯，徒劳无益，则名是实非之厂。”,做事要讲效益，～的事不要去做。,白费劲，没有一点用处。,tú láo wú yì,徒劳无益,tlwy,tu lao wu yi,tu,yi
宋·李焘《续资治通鉴长编》铨选之门，徒有其名，莫责其实。”,所谓名家，大抵～，实则空洞，其作品且不及无名小卒。★鲁迅《书信集·致杨霁云》,指有名无实。,tú yǒu qí míng,徒有其名,tyqm,tu you qi ming,tu,ming
明·罗贯中《三国演义》第九十五回却说司马懿回到寨中，使人打听是何将引兵守街亭。回报曰‘乃马良之弟马谡也。’懿笑曰‘徒有虚名，乃庸才耳！’”,无,空有名望。指有名无实。,tú yǒu xū míng,徒有虚名,tyxm,tu you xu ming,tu,ming
明·罗贯中《平妖传》第八回只怕这野种子，做不成你徒子徒孙哩。”,心印领着～，就在秋华堂念起度人经。（清·魏秀仁《花月痕》第四十三回）,徒弟和再传的徒弟。比喻一脉相传的人（含贬意）。,tú zǐ tú sūn,徒子徒孙,tzts,tu zi tu sun,tu,sun
明·凌濛初《二刻拍案惊奇·赵县君乔送黄柑》其涂脂抹粉，惯卖风情，挑逗那富家郎君。”,我照作品的年月看下去，这些不肯～的青年们的魂灵便依次屹立在我眼前。★鲁迅《野草·一觉》,脂胭脂。搽胭脂抹粉。指妇女打扮。也比喻为遮掩丑恶的本质而粉饰打扮。,tú zhī mǒ fěn,涂脂抹粉,tzmf,tu zhi mo fen,tu,fen
《鬼谷子·抵山戏》君臣相惑，土崩瓦解而相伐射。”《史记·秦始皇本纪》秦之积衰，天下土崩瓦解。”,逊督促诸军四面蹙之，～，死者万数。★清·平步青《霞外捃屑》卷七,瓦解制瓦时先把陶土制成圆筒形，分解为四，即成瓦，比喻事物的分裂。象土崩塌，瓦破碎一样，不可收拾。比喻彻底垮台。,tǔ bēng wǎ jiě,土崩瓦解,tbwj,tu beng wa jie,tu,jie
毛泽东《湖南农民运动考察报告》宗法封建性的土豪劣绅，不法地主阶级，是几千年专制政治的基础，帝国主义、军阀、贪官污吏的墙脚。”,无,土豪乡里的豪强，即仗势欺人的地主。劣绅地方上的恶霸或退职官僚中的恶劣者。旧社会有钱有势、横行乡里的人。,tǔ háo liè shēn,土豪劣绅,thls,tu hao lie shen,tu,shen
无,他是当地土生土长干部，对这里的情况了如指掌。,当地生长的。,tǔ shēng tǔ zhǎng,土生土长,tstz,tu sheng tu zhang,tu,zhang
无,他采取土洋结合的办法解决了这个难题。,把简单的设备或技术同现代化的设备或技术结合起来。,tǔ yáng jié hé,土洋结合,tyjh,tu yang jie he,tu,he
《庄子·刻意》吹呴呼吸，吐故纳新。”,最人涅伏，～，败果既落，新葩欲吐。★鲁迅《集外集·说鈤》,原指人呼吸时，吐出浊气，吸进新鲜空气。现多用来比喻扬弃旧的、不好的，吸收新的，好的。,tǔ gù nà xīn,吐故纳新,tgnx,tu gu na xin,tu,xin
隋·王通《文中子·问易篇》真君建德之事，足推波助澜，纵风止燎尔。”,即或漏吞舟之鱼，而已暴鳃断鳍，颓然老矣，尚何能为～之事哉！★严复《论世变之亟》,澜大波浪。比喻从旁鼓动、助长事物（多指坏的事物）的声势和发展，扩大影响。,tuī bō zhù lán,推波助澜,tbzl,tui bo zhu lan,tui,lan
清·戴延年《秋灯丛话·忠勇祠联》不特推陈出新，饶有别致。”,研究棋艺，～。★陈毅《题〈围棋名谱精选〉》诗,指对旧的文化进行批判地继承，剔除其糟粕，吸取其精华，创造出新的文化。,tuī chén chū xīn,推陈出新,tccx,tui chen chu xin,tui,xin
清·曾朴《孽海花》第八回所谈西国政治、艺术，石破天惊，推崇备至，私心窃以为过当。”,无,推崇推重，敬佩。极其推重和敬佩。,tuī chóng bèi zhì,推崇备至,tcbz,tui chong bei zhi,tui,zhi
南朝·梁·萧统《文选·序》若其纪一事，咏一物，风云草木之兴，鱼虫禽兽之流，推而广之，不可胜载矣。”,～，弥纶万有而非有；统而会之，究竟寂灭而非灭。★宋·释惟白《续传灯录》卷十,广宽，大。推展开来而且把它扩大。也指从一件事情推及其它。,tuī ér guǎng zhī,推而广之,tegz,tui er guang zhi,tui,zhi
《论语·卫灵公》己所不欲，勿施于人”朱熹集注推己及物。”,同学之间要做到将心比心，～，就能够搞好团结。,用自己的心意去推想别人的心意。指设身处地替别人着想。,tuī jǐ jí rén,推己及人,tjjr,tui ji ji ren,tui,ren
元·无名氏《隔江斗智》第一折我如今并不推三阻四，任哥哥自主之。”,无,找各种借口推托。,tuī sān zǔ sì,推三阻四,tszs,tui san zu si,tui,si
《后汉书·光武帝本纪》萧王推赤心置人腹中，安得不投死！”,由于他平素对朝廷不满，又感于尚炯的～，就把他平日不轻对人谈的话都谈了出来。★姚雪垠《李自成》第一卷第二十六章,把赤诚的心交给人家。比喻真心待人。,tuī xīn zhì fù,推心置腹,txzf,tui xin zhi fu,tui,fu
《左传·僖公二十三年》晋楚治兵，遇于中原，其辟君三舍。”,我说姊姊不过，只得～了。★清·吴趼人《二十年目睹之怪现状》第四十二回,舍古时行军计程以三十里为一舍。主动退让九十里。比喻退让和回避，避免冲突。,tuì bì sān shè,退避三舍,tbss,tui bi san she,tui,she
无,我们要坚决同那些蜕化变质分子展开斗争，决不留情。,蜕化虫类脱皮变化。比喻人堕落变坏。,tuì huà biàn zhì,蜕化变质,thbz,tui hua bian zhi,tui,zhi
清·文康《儿女英雄传》第五回你一味的吞吞吐吐，支支吾吾，你把我作何等人看待。”,至于新作，现在可是难了，较好的简直无处发表，但若做得～，自己又觉无聊。（鲁迅《书信集·致曹靖华》）,想说，但又不痛痛快快地说。形容说话有顾虑。,tūn tūn tǔ tǔ,吞吞吐吐,tttt,tun tun tu tu,tun,tu
南朝梁·沈约《郊居赋》始餐霞而吐雾，终凌虚而倒影。”,但我们现在只听说许多人躺着～，却很少见有人象外国水兵似的满街发酒疯。★鲁迅《南腔北调集·家庭为中国之基本》,原形容道士修炼养气，不吃五谷，后形容人吸烟。,tūn yún tǔ wù,吞云吐雾,tytw,tun yun tu wu,tun,wu
宋《碧岩录》卷一道个佛字，拖泥带水；道个禅字，满面惭惶。”宋·释道元《五灯会元》狮子翻身，拖泥带水。”,这篇文章～，读起来索然无味。,比喻说话做事不干脆利落。,tuō ní dài shuǐ,拖泥带水,tnds,tuo ni dai shui,tuo,shui
清·李宝嘉《文明小史》第八回虽然不至于通部滚瓜烂熟，大约一部之中，至少亦有一半看熟在肚里，不然怎么能够脱口而出呢？”,无,不经考虑，随口说出。,tuō kǒu ér chū,脱口而出,tkec,tuo kou er chu,tuo,chu
宋·释惠洪《冷斋夜话》卷一然不易其意而造其语，谓之换骨法；窥入其意而形容之，谓之夺胎法。”,那长老自服了草还丹，真是～，神爽体健。★明·吴承恩《西游记》第二十七回,原为道教用语。指修道者得道以后，就转凡胎为圣胎，换凡骨为仙骨。现比喻通过教育，思想得到彻底改造。,tuō tāi huàn gǔ,脱胎换骨,tthg,tuo tai huan gu,tuo,gu
《史记·平原君虞卿列传》使遂早得处囊中，乃脱颖而出，非特其末见而已。”,经过艰苦努力，他的学习成绩终于在全班～。,颖尖子。锥尖透过布囊显露出来。比喻本领全部显露出来。,tuō yǐng ér chū,脱颖而出,tyec,tuo ying er chu,tuo,chu
《后汉书·公孙瓒传》李贤注引《九州春秋》曰始天下兵起，我谓唾掌而决。”,无,唾手往手上吐唾沫。动手就可以取得。比喻极容易得到。,tuò shǒu kě dé,唾手可得,tskd,tuo shou ke de,tuo,de
鲁迅《花边文学·考场三丑》例如问《十三经》是什么，文天祥是那朝人，全用不着自己来挖空心思做，一做，倒糟糕。”,无,比喻想尽一切办法。,wā kōng xīn sī,挖空心思,wkxs,wa kong xin si,wa,si
清·西周生《醒世姻缘传》第二回将药煎中，打发晁大舍吃将下去。想歪打正着，又是杨太医运好的时节，吃了药就安稳睡了一觉。”,他有种非智慧的智慧，最善于～。（老舍《牛天赐传》）,比喻方法本来不恰当，却侥幸得到满意的结果。也比喻原意本不在此，却凑巧和别人的想法符合。,wāi dǎ zhèng zháo,歪打正着,wdzz,wai da zheng zhao,wai,zhao
无,早应当整整社员里头的～了。（柳青《狠透铁》）,歪、邪不正当，不正派。指不良的作风和风气。,wāi fēng xié qì,歪风邪气,wfxq,wai feng xie qi,wai,qi
无,我们要想办法，让大家都富起来，但是决不能搞歪门邪道。,指不正当的门径。也比喻坏主意。,wāi mén xié dào,歪门邪道,wmxd,wai men xie dao,wai,dao
《左传·僖公十五年》今乘异产以从戎事，及惧而变，……外强中干，进退不可，周旋不能，君必悔之。”,一切反动派都是～的纸老虎。,干枯竭。形容外表强壮，内里空虚。,wài qiáng zhōng gān,外强中干,wqzg,wai qiang zhong gan,wai,gan
《晋书·甘卓传》卓外柔内刚，为政简惠。”,无,柔柔弱；内内心。外表柔和而内心刚正。,wài róu nèi gāng,外柔内刚,wrng,wai rou nei gang,wai,gang
《汉书·叙传上》出与王、许子弟为群，在于绮襦纨裤之间，非其好也。”《宋史·鲁宗道传》馆阁育天下英才，岂纨绔子弟得以恩泽处耶？”,钱正兴在他眼底中，不过是一个～，同世界上一切～一样的。★柔石《二月》六,纨裤细绢裤。衣着华美的年轻人。旧时指官僚、地主等有钱有势人家成天吃喝玩乐、不务正业的子弟。,wán kù zǐ dì,纨绔子弟,wkzd,wan ku zi di,wan,di
《史记·廉颇蔺相如列传》城入赵而璧留秦；城不入，臣请完璧归赵。”,请放心，不要多久，这两件东西定会～。此事放在弟身上好啦。★姚雪垠《李自成》第一卷第二十六章,本指蔺相如将和氏璧完好地自秦送回赵国◇比喻把原物完好地归还本人。,wán bì guī zhào,完璧归赵,wbgz,wan bi gui zhao,wan,zhao
无,无,完完整。完完整整，没有欠缺。,wán hǎo wú quē,完好无缺,whwq,wan hao wu que,wan,que
无,世界上根本不存在完美无缺的东西。,完善美好，没有缺点。,wán měi wú quē,完美无缺,wmwq,wan mei wu que,wan,que
无,由于他玩忽职守，结果给单位造成巨大的经济损失。,不认真、不负责地对待本职工作。,wán hū zhí shǒu,玩忽职守,whzs,wan hu zhi shou,wan,shou
《左传·隐公四年》夫兵，犹火也，弗戢，将自焚也。”,无,玩玩弄；焚烧。玩火的必定会烧了自己。比喻干冒险或害人的勾当，最后受害的还是自己。,wán huǒ zì fén,玩火自焚,whzf,wan huo zi fen,wan,fen
《汉书·东方朔传赞》依隐玩世，诡时不逢。”,余乡殷生文屏，毕司农之妹夫也，为人～。★清·蒲松龄《聊斋志异·颠道人》,玩世以消极、玩弄的态度对待生活；不恭不严肃。因对现实不满而采取的一种不严肃、不认真的生活态度。,wán shì bù gōng,玩世不恭,wsbg,wan shi bu gong,wan,gong
《书·旅獒》玩人丧德，玩物丧志。”,道学家教人少作诗文，说是～”，说是害道”，那么诗文成了废话，这所谓诗文指表情的作品而言。★朱自清《论废话》,玩玩赏；丧丧失；志志气。指迷恋于所玩赏的事物而消磨了积极进取的志气。,wán wù sàng zhì,玩物丧志,wwsz,wan wu sang zhi,wan,zhi
梁信《从奴隶到将军》上集第六章说我顽固不化，为游击主义翻案；蔑视中央，搅乱军心等待。”,无,化改变。坚持错误，不肯改悔。,wán gù bù huà,顽固不化,wgbh,wan gu bu hua,wan,hua
宋·杨万里《清虚子此君轩赋》愿坚晚节于岁寒。”,有些节操高尚的人，晚年时倒未能经受住考验，～，弄得身败名裂。,晚节指晚年的节操。已经到了晚年却未能保住自己的节操。也指事情快成功的时候却失败了。,wǎn jíe bù bǎo,晚节不保,wjbb,wan jie bu bao,wan,bao
明·冯梦龙《喻世明言》第十八卷娘子不须挂怀，三载夫妻，恩情不浅，此去也是万不得已，一年半载，便得相逢也。”,今门之事，出于～，并非有意为之。★清·李渔《比目鱼》第十五回,表示无可奈何，不得不如此。,wàn bù dé yǐ,万不得已,wbdy,wan bu de yi,wan,yi
元·无名氏《谢金梧》第四折也论功增封食邑，共皇家万古长春。”,不信请看看我们～的祖国吧，那一天不在开着各色各样的奇花？★杨朔《迎春词》,万古千秋万代。千秋万代都象松柏一样永远苍翠。比喻崇高的精神或深厚的友谊永远不会消失。,wàn gǔ cháng qīng,万古长青,wgcq,wan gu chang qing,wan,qing
清·曾朴《孽海花》第八回万家灯火吹箫路，五夜星辰赌酒天。”,签后当日送出，我回家时已经～了。★邹韬奋《抗战以来·临行的一封信》,家家点上了灯。指天黑上灯的时候。也形容城市夜晚的景象。,wàn jiā dēng huǒ,万家灯火,wjdh,wan jia deng huo,wan,huo
《野叟曝言》第七回[璇姑]再听到哥子末后一段说话，真如万箭穿心，竟放声大哭起来。”,无,犹万箭攒心。形容万分伤痛。,wàn jiàn chuān xīn,万箭穿心,wjcx,wan jian chuan xin,wan,xin
宋·释道原《景德传灯录》卷十九莫将等闲空过时光，一失人身，万劫不复，不是小事。”,倘使连这一点反抗心都没有，岂不就成为～的奴才了？★鲁迅这《华盖集续编·学界的三魂》,佛教称世界从生成到毁灭的一个过程为一劫，万劫就是万世的意思。指永远不能恢复。,wàn jié bù fù,万劫不复,wjbf,wan jie bu fu,wan,fu
唐·常建《题破山寺后禅院》诗万赖此俱寂，唯闻钟磬音。”,这时～，只听到滴搭的钟声和可以微闻得到的母亲的呼吸。★邹韬奋《我的母亲》,籁从孔穴中发出的声音；万籁自然界中万物发出的各种声响；寂静。形容周围环境非常安静，一点儿声响都没有。,wàn lài jù jì,万籁俱寂,wljj,wan lai ju ji,wan,ji
《南史·檀道济传》道济见收，愤怒气盛，目光如炬，俄尔间引饮一斛，乃脱帻投地，曰‘乃坏汝万里长城！’”,吞珪既丧，坏了～，国中精锐已尽，如何是好？★清·陈忱《水浒后传》第十二回,指我国长城。也比喻国家所依赖的大将。现也比喻人民的军队。,wàn lǐ cháng chéng,万里长城,wlcc,wan li chang cheng,wan,cheng
元·王实甫《西厢记》第三本第二折碧天万里无云，空劳倦客身心。”,～贺六龙，千林不放鸟飞空。地燃石裂江湖沸，不见南来一点风。★明·冯梦龙《喻世明言》第三十三卷,湛湛蓝天，没有一丝云彩。形容天气晴朗。,wàn lǐ wú yún,万里无云,wlwy,wan li wu yun,wan,yun
明·凌濛初《初刻拍案惊奇·钱多处白丁横带》空中如万马奔腾，树杪似千军拥沓。”,外面的～似的爆竹声送进他的耳朵里来。他在房里坐不住，便信步走出来。★巴金《家》十三,成千上万匹刀在奔跑腾跃。形容群众性的活动声势浩大或场面热烈。,wàn mǎ bēn téng,万马奔腾,wmbt,wan ma ben teng,wan,teng
宋·苏轼《三马图赞》序时西域贡马……振鬣长鸣，万马皆瘖。”清·龚自珍《己亥杂诗》九州风气恃风雷，万马齐喑究可哀。”,他的发言把会场上～的沉闷空气打破了。,喑哑。所有的马都沉寂无声。旧时形容人民不敢讲话。现也比喻沉闷的政治局面。,wàn mǎ qí yīn,万马齐喑,wmqy,wan ma qi yin,wan,yin
清·南亭亭长《中国现在记》三回官场上的人情，最是势利不过的。大家见抚台不理，谁还来理我呢，想到这里，万念俱灰。”,无,所有的想法和打算都破灭了。形容极端灰心失望的心情。,wàn niàn jù huī,万念俱灰,wnjh,wan nian ju hui,wan,hui
《韩非子·饰邪》而道法万全，智能多失。夫悬衡而知平，设规而知圆，万全之道也。”,必思一～，方可无虞。★明·冯梦龙《东周列国志》第七十二回,策计策、办法。极其周到的计谋、办法。,wàn quán zhī cè,万全之策,wqzc,wan quan zhi ce,wan,ce
宋·苏轼《八月十七复登望海楼》诗赖有明朝看潮在，万人空巷斗新妆。”,此时路旁看的，几于～，大马路虽宽，却也几乎有人满之患。★清·吴趼人《二十年目睹之怪现状》第七十八回,空巷街道里弄里的人全部走空。指家家户户的人都从巷里出来了。多形容庆祝、欢迎等盛况。,wàn rén kōng xiàng,万人空巷,wrkx,wan ren kong xiang,wan,xiang
宋·周密《癸辛杂志》盐官教谕黄谦之题桃符板，句云‘宜人新年怎生呵？百事大吉那般者。’”,乡村里没有警察，没有宪兵，没有被捕的危险。即便有，在高粱地里一藏，～。★梁斌《红旗谱》五三,吉吉利，顺利。什么事都很圆满顺利。也指一切事情都已办好。,wàn shì dà jí,万事大吉,wsdj,wan shi da ji,wan,ji
唐·张乔《寄维阳故人》诗离别河边绾柳条，千山万水玉人遥。”,～路，孤舟几月程。★唐·贾岛《送耿处士》诗,万道河，千重山。形容路途艰难遥远。,wàn shuǐ qiān shān,万水千山,wsqs,wan shui qian shan,wan,shan
《史记·淮队侯列传》以此参之，万不失一。”汉·枚乘《七发》孔老览观，孟子持筹而算之，万不失一。”,郑成功安慰她，只要仙霞岭守得住，延平～！★华而实《汉衣冠》二,失差错。指非常有把握，绝对不会出差错。,wàn wú yī shī,万无一失,wwys,wan wu yi shi,wan,shi
清·曹雪芹《红楼梦》第七十回如今正是初春时节，万物更新，正该鼓舞另立起来才好。”,春回大地，～，农民又开始耕种了。,万象宇宙间一切景象；更变更。事物或景象改换了样子，出现了一番新气象。,wàn xiàng gēng xīn,万象更新,wxgx,wan xiang geng xin,wan,xin
《后汉书·朱擕传》万人一心，犹不可当，况十万乎！”,～，同声呼吁，力抗汉奸，唤醒政府。★蔡东藩、许廑父《民国通俗演义》第一０八回,千万人一条心。形容团结一致。,wàn zhòng yī xīn,万众一心,wzyx,wan zhong yi xin,wan,xin
宋·朱熹《春日》诗等闲识得东风面，万紫千红总是春。”,整个文坛出现了前所未有的百花齐放、～的大好局面。,形容百花齐放，色彩艳丽。也比喻事物丰富多彩。,wàn zǐ qiān hóng,万紫千红,wzqh,wan zi qian hong,wan,hong
明·许仲琳《封神演义》第二回轰天炮响，汪洋大海起春雷。”,动员了全国的老百姓，就造成了陷敌于灭顶之灾的～。★毛泽东《论持久战》,汪洋形容大水宽广无边。水势极其浩大。也比喻声势极其浩大。,wāng yáng dà hǎi,汪洋大海,wydh,wang yang da hai,wang,hai
无,无,国家灭亡，种族灭绝。指一个国家被彻底毁灭。,wáng guó miè zhǒng,亡国灭种,wgmz,wang guo mie zhong,wang,zhong
《战国策·楚策》见兔而顾犬，未为晚也；亡羊而补牢，未为迟也。”,张学良始则失地，今幸固守锦州，～，可称晚悟。★章炳麟《与孙思昿论时事书》二,亡逃亡，丢失；牢关牲口的圈。羊逃跑了再去修补羊圈，还不算晚。比喻出了问题以后想办法补救，可以防止继续受损失。,wáng yáng bǔ láo,亡羊补牢,wybl,wang yang bu lao,wang,lao
《史记·陈涉世家》且壮士不死即已，死即举大名耳，王侯将相宁有种乎！”,～，岂有种乎。★清·郑燮《雍正十年杭州韬光庵中寄舍弟墨》,泛指封建社会中位尊、禄厚、权重、势大的贵族。,wáng hóu jiàng xiàng,王侯将相,whjx,wang hou jiang xiang,wang,xiang
《史记·殷本纪》汤出，见野张网四面，祝曰‘自天下四方，皆入吾网。’汤曰‘嘻，尽之矣！’乃去其三面。”,插翅难飞，体上天好生之德，～，谕令尔等速速投降，免遭杀戮。（姚雪垠《李自成》第一卷第十二章）,把捕禽的网撤去三面，只留一面。比喻采取宽大态度，给人一条出路。,wǎng kāi yī miàn,网开一面,wkym,wang kai yi mian,wang,mian
三国蜀·诸葛亮《前出师表》不宜妄自菲薄，引喻失义，以塞忠谏之路也。”,单靠这几个人办不出什么大事。但对于自己，荪甫从来不肯～”。★茅盾《子夜》三,妄胡乱的；菲薄小看，轻视。过分看轻自己。形容自卑。,wàng zì fěi bó,妄自菲薄,wzfb,wang zi fei bo,wang,bo
《后汉书·马援传》子阳井底蛙耳，而妄自尊大，不如专意东方。”,王冕接过来看，才晓得危素归降之后，～，在太祖面前自称老臣。★清·吴敬梓《儒林外史》第一回,过高地看待自己。形容狂妄自大，不把别人放眼里。,wàng zì zūn dà,妄自尊大,wzzd,wang zi zun da,wang,da
《魏书·萧宝夤传》背恩忘义，枭獍其心。”,此人好夸大，且～，你要仔细识他才好。★清·黄小配《大马扁》第十六回,恩恩惠；负违背；义情谊，恩谊。忘记别人对自己的好处，反而做出对不起别人的事。,wàng ēn fù yì,忘恩负义,wefy,wang en fu yi,wang,yi
明·冯梦龙《醒世恒言·勘皮靴单证二郎神》夫人倾身配奉，忘其所以。”,他刚取得一点成绩就～，目中无人了。,指因过分兴奋或得意而忘了应有的举止。,wàng hū suǒ yǐ,忘乎所以,whsy,wang hu suo yi,wang,yi
无,无,战战备。危危险，危机。国虽大，好战必亡，天下虽平，忘记了战备就一定会产生危机。,wàng zhàn bì wēi,忘战必危,wzbw,wang zhan bi wei,wang,wei
《庄子·田子方》夫子奔逸绝尘，而回瞠若乎后矣。”《后汉书·赵咨传》令敦煌曹暠，咨之故孝廉也，迎路谒候，咨不为留。暠送至亭次，望尘不及。”,闯王确实有许多非凡之处，为当今群雄所～。★姚雪垠《李自成》第二卷第五十五章,莫不；及赶上。望见前面骑马的人走过扬起的尘土而不能赶上。比喻远远落在后面。,wàng chén mò jí,望尘莫及,wcmj,wang chen mo ji,wang,ji
元·王实甫《西厢记》第三本第二折望穿他盈盈秋水，蹙损他淡淡春山。”,听蕉声一阵一阵细雨下，何处与人闲嗑牙？～，不见还家，潸潸泪似麻。★清·蒲松龄这《聊斋志异·凤阳士人》,秋水比喻人的眼睛。眼睛都望穿了。形容对远地亲友的殷切盼望。,wàng chuān qiū shuǐ,望穿秋水,wcqs,wang chuan qiu shui,wang,shui
秦牧《象和蚁的童话》凡这一切，都很可能使某一部分有条件从事这种工作的人望而却步。”,无,却步不敢前进，向后退。形容事物可怕或讨厌，使人一看就往后退缩。,wàng ér què bù,望而却步,weqb,wang er que bu,wang,bu
《论语·尧曰》君子正其衣冠，尊其瞻视，俨然人望而畏之，斯不亦威而不猛乎？”,加上他那黑而峻厉的面孔，颇使我～。★孙犁《远的怀念》,畏恐惧，害怕。看见了就害怕。,wàng ér shēng wèi,望而生畏,wesw,wang er sheng wei,wang,wei
《资治通鉴·梁记·武帝天监四年》渊藻是萧衍骨肉至亲，必死无理，若克涪城，渊藻安肯城中坐而受困，必将望风而去。”,汝、颖、光、黄等处，有土寇王善作乱，聚兵五十万，抢掠子女玉帛，杀人放火，甚是猖獗，官兵～。★清·陈忱《水浒后传》第十九回,远远望见对方的气势很盛，就吓得逃跑了。形容十分怯敌。,wàng fēng ér táo,望风而逃,wfet,wang feng er tao,wang,tao
南朝宋·刘义庆《世说新语·假谲》魏武行役失汲道，军皆渴，乃令曰‘前有大梅林，饶子，甘酸可以解渴。’士卒闻之，口皆出水，乘此得及前源。”,鸾拆书看了，虽然不曾定个来期，也当画饼充饥，～。★明·冯梦龙《警世通言》卷三十四,原意是梅子酸，人想吃梅子就会流涎，因而止渴◇比喻愿望无法实现，用空想安慰自己。,wàng méi zhǐ kě,望梅止渴,wmzk,wang mei zhi ke,wang,ke
清·汪琬《与周处士书》言论之超卓雄伟，真有与诗书六艺相表里者，非后世能文章家所得望其肩项也。”,他已窥破喜奎和小雀儿的深情密爱，万万不是本人所能～。★蔡东藩、许厪父《民国通俗演义》第一百二十七回,项颈的后部。望见他的颈项和后背。比喻赶得上。,wàng qí xiàng bèi,望其项背,wqxb,wang qi xiang bei,wang,bei
清·张之洞《輶轩语·语学》空谈臆说，望文生意。”,无,文文字，指字面；义意义。不了解某一词句的确切涵义，光从字面上去牵强附会，做出不确切的解释。,wàng wén shēng yì,望文生义,wwsy,wang wen sheng yi,wang,yi
无,无,中医用语。望，指观气色；闻，指听声息；问；指询问症状；切；指摸脉象∠称四诊。,wàng wén wèn qiē,望闻问切,wwwq,wang wen wen qie,wang,qie
唐·白居易《寄微之》诗白头吟处变，青眼望中穿。”宋·杨万里《晨炊横塘桥酒家小窗》诗饥望炊烟眼欲穿，可人最是一青帘。”,但他架上眼镜，仍旧接受了她的央告。正如他对付其他一批批～的抗属一样。★沙汀《呼嚎》,眼睛都要望穿了。形容盼望殷切。,wàng yǎn yù chuān,望眼欲穿,wyyc,wang yan yu chuan,wang,chuan
《庄子·秋水》于是焉，河伯始旋其面目，望洋向若而叹。”,佘念祖未到的时候，满心高兴，颇有跃跃欲试的意思，到过之后，大概情形看了一看，亦觉得～了。★清·吴趼人《糊涂世界》卷六,望洋仰视的样子。仰望海神而兴叹。原指在伟大事物面前感叹自己的渺小。现多比喻做事时因力不胜任或没有条件而感到无可奈何。,wàng yáng xīng tàn,望洋兴叹,wyxt,wang yang xing tan,wang,tan
无,家长要有望子成龙的愿望，更要有培养和教育孩子成材的行动。,希望自己的子女能在学业和事业上有成就。,wàng zǐ chéng lóng,望子成龙,wzcl,wang zi cheng long,wang,long
茅盾《子夜》九不要太乐观。上海此时也是危机四伏。”,他没有一点私心，甚至在红卫兵上了街，～，杀气腾腾的时候。★巴金《探索集·怀念老舍同志》,到处隐藏着危险的祸根。,wēi jī sì fú,危机四伏,wjsf,wei ji si fu,wei,fu
《韩非子·十过》其君之危，犹累卵也。”《史记·范睢蔡泽列传》秦王之国，危于累卵，得臣则安。”,大名～，破在旦夕。★明·施耐庵《水浒全传》第六十三回,比喻形势非常危险，如同堆起来的蛋，随时都有塌下打碎的可能。,wēi rú lěi luǎn,危如累卵,wrll,wei ru lei luan,wei,luan
郭小川《论听话”》这不是什么‘危言耸听’的道理，稍稍注意这个问题的人，是不难发现若干真凭实据的。”,无,危言使人吃惊的话；耸惊动；耸听使听话的人吃惊。指故意说些夸大的吓人的话，使人惊疑震动。,wēi yán sǒng tīng,危言耸听,wyst,wei yan song ting,wei,ting
《三国志·吴书·太史慈传》今管亥暴乱，北海被围，孤穷无援，危在旦夕。”,现在桂林又～，柳州也将不保。★闻一多《组织民众与保卫大西南》,旦夕早晨和晚上，形容时间短。形容危险就在眼前。,wēi zài dàn xī,危在旦夕,wzdx,wei zai dan xi,wei,xi
无,无,形容神气十足，声势慑人。,wēi fēng bā miàn,威风八面,wfbm,wei feng ba mian,wei,mian
明·罗贯中《三国演义》第七回看那少年，生得身长八尺，浓眉大眼，阔面重颐，威风凛凛。”,无,威风威严的气概；凛凛严肃，可敬畏的样子。形容声势或气派使人敬畏。,wēi fēng lǐn lǐn,威风凛凛,wfll,wei feng lin lin,wei,lin
《孟子·滕文公下》富贵不能淫，贫贱不能移，威武不能屈。此之大丈夫。”,无,威武权势，武力；屈屈服。强暴的压力不能使之屈服。表示坚贞顽强。,wēi wǔ bù qū,威武不屈,wwbq,wei wu bu qu,wei,qu
郭沫若《百花齐放·单色蓳》诗在草花中我们虽然是微不足道。但我们的花色却算是紫色代表。”,无,微细，小；足值得；道谈起。微小得很，不值得一提。指意义、价值等小得不值得一提。,wēi bù zú dào,微不足道,wbzd,wei bu zu dao,wei,dao
《尔雅·释训》式微式微者，微微微者也。”,富庶的河套，是黄河所给的一点点它口里所吐出的，和被它所吞没的比较起来，真是～了。★臧克家《毛主席向着黄河笑》,形容非常小或非常少。,wēi hū qí wēi,微乎其微,whqw,wei hu qi wei,wei,wei
汉·刘歆《移书让太常博士书》及夫子殁而微言绝，七十子卒而大义乖。”《汉书·艺文志》昔仲尼没而微言绝，七十子丧而大义乖。”,他们解经，只重～；而所谓～，其实只是他们自己的历史哲学和政治哲学。★朱自清《经典常谈·尚书第三》,微言精当而含义深远的话；大义本指经书的要义，后指大道理。包含在精微语言里的深刻的道理。,wēi yán dà yì,微言大义,wydy,wei yan da yi,wei,yi
孙世恺《雄伟的人民大会堂》在天安门右前方，巍然耸立着一坐雄伟壮丽的大厦，这就是人民大会堂。”,无,巍然极高的样子；屹立山势直立高耸。比喻象高山一样直立地上，不可动摇。,wēi rán yì lì,巍然屹立,wryl,wei ran yi li,wei,li
元·尚仲贤《柳毅传书》我且拿起来，只一口将他吞于腹中，看道可还有本事为非作歹。”,我说的是好话，不过叫你心里留神，并没叫你去～。★清·曹雪芹《红楼梦》第五十七回,做种种坏事。,wéi fēi zuò dǎi,为非作歹,wfzd,wei fei zuo dai,wei,dai
无,无,做种种坏事。同为非作歹”。,wéi fēi zuò è,为非作恶,wfze,wei fei zuo e,wei,e
《孟子·滕文公上》为富不仁矣，为仁不富矣。。”,自古道～”。★清·陈忱《水浒后传》第二回,为做，引伸为谋求。剥削者为了发财致富，心狠手毒，没有一点儿仁慈的心肠。,wéi fù bù rén,为富不仁,wfbr,wei fu bu ren,wei,ren
明·许仲琳《封神演义》第五十二回可怜成汤首相，为国捐躯。”,无,捐献；躯身体，指生命。为国家牺牲生命。,wèi guó juān qū,为国捐躯,wgjq,wei guo juan qu,wei,qu
无,无,指不谋私利，为国家和人民效力。,wéi guó wéi mín,为国为民,wgwm,wei guo wei min,wei,min
《太平广记》卷四百三十伥鬼，被虎所食之人也，为虎前呵道耳。”宋·孙光宪《北梦琐言逸文》卷四凡死于虎，溺于水之鬼号为伥，须得一人代之。”,为着要得虎子而身入虎穴，决不是身入虎穴去～。★郭沫若《〈闻一多全集〉序》,伥伥鬼，古时传说被老虎吃掉的人，死后变成伥鬼，专门引诱人来给老虎吃。替老虎做伥鬼。比喻充当恶人的帮凶。,wèi hǔ zuò chāng,为虎作伥,whzc,wei hu zuo chang,wei,chang
汉·陈琳《檄吴将校部曲文》丞相衔奉国威，为民除害，元恶大憝，心当枭夷。”,自然以～为主。★清·刘鹗《老残游记》第七回,替百姓除祸害。,wèi mín chú hài,为民除害,wmch,wei min chu hai,wei,hai
《史记·淮阴侯列传》因民之欲，西乡为百姓请命，则天下风走而响应矣，孰敢不听！”《汉书·蒯通传》西乡为百姓请命。”,只是这种居高临下，～的怜愍态度，在现在已无多少价值可言罢了。★朱自清《熬波图”》,请命请示保全生命。泛指有相当地位的人代表百姓向当权者陈述困难，提出要求。,wèi mín qǐng mìng,为民请命,wmqm,wei min qing ming,wei,ming
毛泽东《在新政治协商会议筹备会上的讲话》肃清这一部分残余敌军，还需要一些时间，但已为期不远了。”,无,为作为；期日期，期限。指快到规定或算定的日子。,wéi qī bù yuǎn,为期不远,wqby,wei qi bu yuan,wei,yuan
《北齐书·王昕书》杨愔重其德业，以为人之师表。”,敬宗忝～，而求谒中贵，他日无以见诸生。★明·焦竑《玉堂丛语·方正》,师表榜样，表率。在人品学问方面作别人学习的榜样。,wéi rén shī biǎo,为人师表,wrsb,wei ren shi biao,wei,biao
《资治通鉴·周纪威烈王二十三年》子乃为所欲为，顾不易耶？何乃自苦如此？求以报仇，不亦难乎？”《隋书·天文志上》所以准验辰历，分考次度，其于揆测，唯所欲为之者也。”,他们满以为有了如此强大精良的武器，就可以在别人的国土上横行霸道、～。★峻青《不尽巨涛滚滚来》,为做。本指做自己想做的事◇指想干什么就干什么。,wéi suǒ yù wéi,为所欲为,wsyw,wei suo yu wei,wei,wei
《史记·孙子吴起列传》,倘用～之计，且不来解此处之危，反去取我梁山大寨，如之奈何！★明·施耐庵《水浒全传》第六十四回,原指战国时齐军用围攻魏国的方法，迫使魏国撤回攻赵部队而使赵国得救◇指袭击敌人后方的据点以迫使进攻之敌撤退的战术。,wéi wèi jiù zhào,围魏救赵,wwjz,wei wei jiu zhao,wei,zhao
《后汉书·袁绍刘表列传上》而便放志专行，威劫省禁，卑侮王僚，败法乱纪，坐召三台，专制朝政。”,无,违犯法令，破坏纲纪。,wéi fǎ luàn jì,违法乱纪,wflj,wei fa luan ji,wei,ji
《左传·成公十三年》余虽与晋出入，余唯利是视。”,原来这黄祸居乡，～，无恶不作。（清·颐琐《黄绣球》第五回）,唯只有；图图谋，追求。只要有利可图，什么事都干。,wéi lì shì tú,唯利是图,wlst,wei li shi tu,wei,tu
《左传·昭公十二年》今周与四国服事君王，将唯命是从，岂其爱鼎？”,尔本贵人，故重其值，但输券之后，当～，不得韦许。★明·邵景詹《觅灯因话·姚公子传》,是命令就服从，不敢有半点违抗。,wéi mìng shì cóng,唯命是从,wmsc,wei ming shi cong,wei,cong
《韩非子·八奸》此人主未命而唯唯，未使而诺诺，先意承旨，观貌察色，以先主心者也。”,他思念父母面上，一体同气，听其教诲，～，并不违拗。★明·冯梦龙《醒世恒言》卷二,诺诺答应的声音。形容自己没有主意，一味附和，恭顺听从的样子。,wěi wěi nuò nuò,唯唯诺诺,wwnn,wei wei nuo nuo,wei,nuo
宋·释普济《五灯会元》卷一天上天下，唯吾独尊。”,孤家看来，朝里朝外，～。★元·无名氏《连环计》第一折,原为佛家语，称颂释迦牟尼最高贵、最伟大。现指认为只有自己最了不起。形容极端自高自大。,wéi wǒ dú zūn,唯我独尊,wwdz,wei wo du zun,wei,zun
晋·葛洪《抱朴子·勤求》由于夸诳，内抱贪浊，惟利是图。”,富自何来？每见贪酷小人，～，不过使这几家治下百姓卖儿贴妇，充其囊橐，此真狼心狗行之徒！★明·凌濛初《初刻拍案惊奇》卷二十,一心为利，别的什么都不顾。,wéi lì shì tú,惟利是图,wlst,wei li shi tu,wei,tu
无,她扮演一位英雄的母亲，言谈举止，无不惟妙惟肖。,描写或模仿的非常逼真。,wéi miào wéi xiào,惟妙惟肖,wmwx,wei miao wei xiao,wei,xiao
《左传·昭公十一年》末大必折，尾大不掉，君所知也。”,无,掉摇动。尾巴太大，掉转不灵。旧时比喻部下的势力很大，无法指挥调度。现比喻机构庞大，指挥不灵。,wěi dà bù diào,尾大不掉,wdbd,wei da bu diao,wei,diao
《汉书·严彭祖传》何可委曲从俗，苟求富贵乎！”,～的苟活决不是真正的生。★郭沫若《战声》诗,委曲曲意迁就。勉强迁就，以求保全。也指为了顾全大局而让步。,wěi qǔ qiú quán,委曲求全,wqqq,wei qu qiu quan,wei,quan
唐·韩愈《送高闲上人序》颓堕委靡，溃败不可收失。”,我们应该扫除这里的～之风，好好地大干一场。,萎靡颓丧。形容精神不振，意志消沉。,wěi mǐ bù zhèn,萎靡不振,wmbz,wei mi bu zhen,wei,zhen
元·无名氏《桃花女》第三折卖弄杀《周易》阴阳谁似你，还有个未卜先知意。”,有这等事，真个～！★明·许恒《二奇缘传奇》二,卜占卜，打卦，古人用火灼龟甲，看灼开的裂纹推测未来的吉凶祸富。没有占卜便能事先知道。形容有预见。,wèi bǔ xiān zhī,未卜先知,wbxz,wei bu xian zhi,wei,zhi
清·汪琬《与参议施先生书》琬殷忧（车感）轲，未老先衰。”,北京老将军们的歌声，是应该使一切精神上～的假老头儿”惭愧的吧！★秦牧《不老》,年纪还不大就衰老了。多指由于精神或体力负担过重而导致过早衰老。,wèi lǎo xiān shuāi,未老先衰,wlxs,wei lao xian shuai,wei,shuai
《诗经·豳风·鸱号》迨天之未阴雨，彻彼桑土，绸缪牖户。”,那是不关我教习的事，在乎你们自己～的。★清·无名氏《官场维新记》第四回,绸缪紧密缠缚。天还没有下雨，先把门窗绑牢。比喻事先做好准备工作。,wèi yǔ chóu móu,未雨绸缪,wycm,wei yu chou mou,wei,mou
《楞严经》卷八当横陈时，味同嚼醋。”,但世人一见了功名，便舍着性命去求他，及至到手之后，～。★清·吴敬梓《儒林外史》第一回,象吃蜡一样，没有一点儿味。形容语言或文章枯燥无味。,wèi tóng jiáo cù,味同嚼蜡,wtjc,wei tong jiao cu,wei,cu
《左传·文公十七年》畏首畏尾，身其余几？”,妹子平日但凡遇见吃酒行令，最是高兴，从不～。★清·李汝珍《镜花缘》第八十四回,畏怕，惧。前也怕，后也怕。比喻做事胆子小，顾虑多。,wèi shǒ wèi wěi,畏首畏尾,wsww,wei sho wei wei,wei,wei
宋·魏泰《东轩笔录》唐介始弹张尧佐，谏官皆上疏，及弹文彦博，则吴奎畏缩不前，当时谓拽动阵脚。”,尤其是她自己，起先虽然颇有～的心情，此时却已鼓起勇士临阵似的气慨了。★叶圣陶《平常的故事》,畏惧退缩，不敢前进。,wèi suō bù qián,畏缩不前,wsbq,wei suo bu qian,wei,qian
无,无,指一件事情逐渐发展盛行，形成一种良好风气。,wèi chéng fēng qì,蔚成风气,wcfq,wei cheng feng qi,wei,qi
范文澜《中国通史》第三编第七章第八节日本国内，自望族以至一般文士，摹仿唐诗蔚然成风。”,”五讲四美在我们周围～。,蔚然草木茂盛的样子。指一件事情逐渐发展盛行，形成一种良好风气。,wèi rán chéng fēng,蔚然成风,wrcf,wei ran cheng feng,wei,feng
鲁迅《两地书》五一乡村风景，甚觉宜人，野外花园，殊有清趣，树木蔚为大观。”,无,蔚茂盛；大观盛大的景象。发展成为盛大壮观的景象。形容事物美好繁多，给人一种盛大的印象。,wèi wéi dà guān,蔚为大观,wwdg,wei wei da guan,wei,guan
《论语·为政》温故而知新，可以为师矣。”汉·班固《东都赋》温故知新已难，而知德者鲜矣。”,～是学习上的重要方法。,温温习；故旧的。温习旧的知识，得到新的理解和体会。也指回忆过去，能更好地认识现在。,wēn gù zhī xīn,温故知新,wgzx,wen gu zhi xin,wen,xin
宋·辛弃疾《摸鱼儿》词千金曾买相如赋，脉脉此情谁诉。”,总之，资本主义制度把无数家庭的～的气氛都给败坏了。★秦牧《衰老》,脉脉默默地用眼神或行动表达情意。形容饱含温和的感情，很想表露出来的样子。,wēn qíng mò mò,温情脉脉,wqmm,wen qing mo mo,wen,mo
清·蒲松龄《聊斋志异·陈锡九》此名士之子，温文尔雅，乌能作贼？”,～，正是学者的态度。★叶圣陶《演讲》,温文态度温和，有礼貌；尔雅文雅。形容人态度温和，举动斯文。现有时也指缺乏斗争性，做事不大胆泼辣，没有闯劲。,wēn wén ěr yǎ,温文尔雅,wwey,wen wen er ya,wen,ya
清·文康《儿女英雄传》缘起首回为首的是个半老的儒者气象……次后便是一个温文儒雅的白面书生。”,从他的相貌、神气和言谈、举止看，也很～，不带一点儿草莽英雄模样。★姚雪垠《李自成》第一卷第二十四章,态度温和，举止文雅。,wēn wén rú yǎ,温文儒雅,wwry,wen wen ru ya,wen,ya
《论语·子张》小人之过也必文。”《庄子·盗跖》辩足以饰非。”唐·刘知几《史通·惑经》岂与夫庸儒末学，文过饰非，使夫问者缄辞社口，怀疑不展，若斯而已哉？”,其实错了就老实自己承认，倒是精神安泰的事情；～是最苦痛的勾当。★邹韬奋《论文、杂感、随笔·硬吞香蕉皮》,文、饰掩饰；过、非错误。用漂亮的言词掩饰自己的过失和错误。,wén guò shì fēi,文过饰非,wgsf,wen guo shi fei,wen,fei
清·韩邦庆《海上花列传》而那些封建旧文化培养出来的文人墨客、风流雅士，置国事于不问，整天吃花酒，作艳诗。”,～大概是感性太锐敏了之故罢，向来就很娇气，什么也给他说不得，见不得，听不得，想不得。★《鲁迅全集·坟》,泛指文人、文士。,wén rén mò kè,文人墨客,wrmk,wen ren mo ke,wen,ke
宋·苏轼《答张文潜书》子由之文实胜仆，而世俗不知，乃以为不如；其为人深不愿人知之，其文如其为人。”,古人每爱说～”，然如像光慈的为人与其文章之相似，在我的经验上，却是很少见的。★郭沫若《革命春秋·创造十年续篇》,指文章的风格同作者的性格特点相似。,wén rú qí rén,文如其人,wrqr,wen ru qi ren,wen,ren
南朝·宋·刘义庆《世说新语·赏誉下》士龙为人，文弱可爱。”,无,文弱文雅而体弱。举目文雅，身体柔弱的读书人。,wén ruò shū shēng,文弱书生,wrss,wen ruo shu sheng,wen,sheng
无,无,形容文件会议多得泛滥成灾。,wén shān huì hǎi,文山会海,wshh,wen shan hui hai,wen,hai
无,无,同时具有文才和武才，文武双全。亦作文武兼济”、文武兼全”。,wén wǔ jiān bèi,文武兼备,wwjb,wen wu jian bei,wen,bei
《旧唐书·李光弼传》蕴孙、吴之略、有文武之才。”,此人姓姜，名维，字伯约，天水冀人也；事母至孝，～，智勇足备，真当世之英杰也。★明·罗贯中《三国演义》第九十三回,文文才；武武艺。能文能武，文才和武艺都很出众。,wén wǔ shuāng quán,文武双全,wwsq,wen wu shuang quan,wen,quan
宋·周敦颐《通书·文辞》文所以载道也。轮辕饰而人弗庸，徒饰也，况虚车乎。”,古人说～”，用现在的话说，写文章就是表达思想。★郭沫若《关于文风问题答〈新观察〉记者问》,载装载，引伸为阐明；道道理，泛指思想。指文章是为了说明道理的。,wén yǐ zài dào,文以载道,wyzd,wen yi zai dao,wen,dao
《论语·雍也》质胜文则野，文胜质则史，文质彬彬，然后君子。”,无,文文采；质实质；彬彬形容配合适当。原形容人既文雅又朴实，后形容人文雅有礼貌。,wén zhì bīn bīn,文质彬彬,wzbb,wen zhi bin bin,wen,bin
明·兰陵笑笑生《金瓶梅词话》第38回金莲坐在床上，纹丝儿不动，把脸儿沉着。”,但是由于调皮骡子长久没有摊上任务，求战心切，仍然～地聚精会神地伏在草丛里。★魏巍《东方》第五部第六章,一点儿也不动。形容没有丝毫改变。,wén sī bù dòng,纹丝不动,wsbd,wen si bu dong,wen,dong
宋·陈亮《祭赵尉母夫人文》登堂莫及，闻风而起。”,这时，石一歌”也～了。★王西彦《骗子和打手》,风风声，消息。一听到风声，就立刻起来响应。,wén fēng ér dòng,闻风而动,wfed,wen feng er dong,wen,dong
清·李宝嘉《官场现形记》第十二回只要望见土匪的影子，早已闻风而逃。”,无,风风声。听到风声，立即逃跑。,wén fēng ér táo,闻风而逃,wfet,wen feng er tao,wen,tao
无,无,一听到消息就来。形容行动迅速。,wén fēng ér zhì,闻风而至,wfez,wen feng er zhi,wen,zhi
无,我军如下山猛虎，敌人闻风丧胆，溃不成军。,丧胆吓破了胆。听到风声，就吓得丧失的勇气。形容对某种力量非常恐惧。,wén fēng sàng dǎn,闻风丧胆,wfsd,wen feng sang dan,wen,dan
《孟子·公孙丑上》子路人告之以有过则喜。”,无,过过失；则就。听到别人批评自己的缺点或错误，表示欢迎和高兴。指虚心接受意见。,wén guò zé xǐ,闻过则喜,wgzx,wen guo ze xi,wen,xi
《晋书·祖逖传》中夜闻荒鸡鸣，蹴琨觉，曰‘此非恶声也。’因起舞。”,无,听到鸡叫就起来舞剑◇比喻有志报国的人及时奋起。,wén jī qǐ wǔ,闻鸡起舞,wjqw,wen ji qi wu,wen,wu
《南齐书·高帝纪上》上流声议，遐迩所闻。”,无,遐远；迩近。形容名声很大，远近都知道。,wén míng xiá ěr,闻名遐迩,wmxe,wen ming xia er,wen,er
《史记·郦生陆贾列传》越中无足与语，至生来，令我日闻所未闻。”,今日见了紫菱姐姐飞来飞去，业已奇极；谁知还有海外这些异事，真是～。★清·李汝珍《镜花缘》第六十回,闻听到。听到了从来没有听到过的事。形容事物新奇罕见。,wén suǒ wèi wén,闻所未闻,wsww,wen suo wei wen,wen,wen
《管子·明法解》故明操必胜之数，以治必用之民。”,无,稳有把握；操掌握；胜券能够制胜的计谋。指有把握取得胜利。,wén cāo shèng quàn,稳操胜券,wcsq,wen cao sheng quan,wen,quan
汉·枚乘《上书谏吴王》变所欲为，易于反掌，安于泰山。”,武后恃有高关，又仗武氏弟兄骁勇，自谓～，十分得意。★清·李汝珍《镜花缘》第三回,形容象泰山一样稳固，不可动摇。,wěn rú tài shān,稳如泰山,wrts,wen ru tai shan,wen,shan
毛泽东《关于情况的通报》我们的方针是稳扎稳打，不求速效。”,无,扎安营。稳当而有把握地打击敌人。比喻有把握、有步骤地工作。,wěn zhā wěn dǎ,稳扎稳打,wzwd,wen zha wen da,wen,da
清·曹雪芹《红楼梦》第一百二十五回王夫人更不用说拉着甄宝玉问长问短，觉得比自己家的宝玉老成些。”,另外有许多人却挤着庄寿香，～，寿香手舞足蹈的讲给他们听。（清·曾朴《孽海花》第五回）,问询问。仔细地问，表示关心。,wèn cháng wèn duǎn,问长问短,wcwd,wen chang wen duan,wen,duan
康濯《我在乡下》他短不了上我屋里来拉扯个时事，还常常问寒问暖问吃问住，亲热的不行。”,无,形容关怀体贴备至。,wèn hán wèn nuǎn,问寒问暖,whwn,wen han wen nuan,wen,nuan
清·李宝嘉《官场现形记》第二十二回就是将来外面有点风声，好在这钱不是老爷自己得的，自可以问心无愧。”,无,问心问问自己。扪心自问，毫无愧色。,wèn xīn wú kuì,问心无愧,wxwk,wen xin wu kui,wen,kui
明·冯梦龙《喻世明言》卷十八杨八老和一群百姓们，都被倭奴擒了，好似瓮中之鳖，釜中之鱼，没处躲闪，只得随顺以图苟活。”,这几个小南蛮，只算得个～，不消费得僧家大刀，管教他一个个束手就缚。（清·钱彩《说岳全传》第七十六回）,困在瓮中的甲鱼。比喻已在掌握之中，逃跑不了的东西。,wèng zhōng zhī biē,瓮中之鳖,wzzb,weng zhong zhi bie,weng,bie
元·康进之《李逵负荆》第四折这是揉着我山儿的痒处，管教他瓮中捉鳖，手到拿来。”,无,从大坛子里捉王八。比喻想要捕捉的对象已在掌握之中。形容手到擒来，轻易而有把握。,wèng zhōng zhuō biē,瓮中捉鳖,wzzb,weng zhong zhuo bie,weng,bie
《礼记·中庸》君子素其位而行，不愿乎其外。素富贵行乎富贵，素贫贱行乎贫贱，素夷狄行乎夷狄，素患难行乎患难，君子无入而不自得焉。”,笑骂由人笑骂，～而已。★柔石《二月》十,素平素，向来。不管人家怎样说，仍旧按照自己平素的一套去做。,wǒ xíng wǒ sù,我行我素,wxws,wo xing wo su,wo,su
《汉书·张良传》夫关中左殽函，右陇蜀，沃野千里。”,天府之国，～。,形容肥沃的土地极为宽广。,wò yě qiān lǐ,沃野千里,wyql,wo ye qian li,wo,li
北周·庾信《同会河阳公新造山地聊得寓目》诗暗石疑藏虎，盘根似卧龙。”,这所大学～，人才济济。,指隐藏着未被发现的人才，也指隐藏不露的人才。,wò hǔ cáng lóng,卧虎藏龙,whcl,wo hu cang long,wo,long
《史记·越王勾践世家》越王勾路反国，乃苦身焦思，置胆于坐，坐卧即仰胆，饮食亦尝胆也。”,中国足球要想冲出亚洲，必须～，刻苦训练。,薪柴草。睡觉睡在柴草上，吃饭睡觉都尝一尝苦胆。形容人刻苦自励，发奋图强。,wò xīn cháng dǎn,卧薪尝胆,wxcd,wo xin chang dan,wo,dan
《后汉书·李通传》及相见，共语移日，握手极欢。”,文于去年北上，与公～，闻公谆谆以国家与人民为念，以一日在职为苦。★蔡东藩、许廑父《民国通俗演义》第二八回,握手谈笑。多形容发生不和，以后又和好。,wò shǒu yán huān,握手言欢,wsyh,wo shou yan huan,wo,huan
《后汉书·耿弇传》归发突骑以辚乌合之众，如摧枯折腐耳。”,外边虽有些人，也是～，不相统摄。★清·东鲁古狂生《醉醒石》第十二回,象暂时聚合的一群乌鸦。比喻临时杂凑的、毫无组织纪律的一群人。,wū hé zhī zhòng,乌合之众,whzz,wu he zhi zhong,wu,zhong
无,在这种乌七八糟的地方，好人也会变坏。,形容十分杂乱。,wū qī bā zāo,乌七八糟,wqbz,wu qi ba zao,wu,zao
无,这样，汪精卫派和国民党的反共顽固派两家里应外合，把时局闹得～了。（毛泽东《团结一切抗日力量，反对反共顽固派》）,乌烟黑烟；瘴气热带山林中的一种湿热空气，旧时认为是瘴疠的病原。比喻环境嘈杂、秩序混乱或社会黑暗。,wū yān zhàng qì,乌烟瘴气,wyzq,wu yan zhang qi,wu,qi
清·钱采《说岳全传》第66回白茫茫一片无边无际，原来是太湖边上。”,山路通过涧上一座毛竹小桥，重又隐没到～的大竹林里了。★《霹雳》,际边缘处。形容范围极为广阔。,wú biān wú jì,无边无际,wbwj,wu bian wu ji,wu,ji
宋·辛弃疾《临江仙》词百年光景百年心，更欢须叹息，无病也呻吟。”,后来的叹老嗟卑也正是～。★朱自清《论书生的酸气》,呻吟病痛时的低哼。没病瞎哼哼。比喻没有值得忧伤的事情而叹息感慨。也比喻文艺作品没有真实感情，装腔作势。,wú bìng shēn yīn,无病呻吟,wbsy,wu bing shen yin,wu,yin
《史记·田叔列传》上尽召见，与语，汉廷臣毋能出其右者。”《汉书·高帝纪下》贤赵臣田叔、孟舒等十人，如见与语，汉庭臣无能出其右者。”,此二方专治一切肿毒，初起者速服速消，已溃者亦能败毒收口，大约古人痈疽各方，～了。★清·李汝珍《镜花缘》第三十回,出超出；右上，古代以右为尊。没有能超过他的。,wú chū qí yòu,无出其右,wcqy,wu chu qi you,wu,you
无,不是有的放矢，而是～。（毛泽东《改造我们的学习》）,的靶心；矢箭。没有目标乱射箭。比喻说话做事没有明确目的，或不切合实际。,wú dì fàng shǐ,无的放矢,wdfs,wu di fang shi,wu,shi
《三国志·魏志·管宁传》夙宵战怖，无地自厝。”,大娘搜捉以出。女乃指福唾骂，福渐汗～。★清·蒲松龄《聊斋志异·仇大娘》,没有地方可以让自己容身。形容非常羞愧。,wú dì zì róng,无地自容,wdzr,wu di zi rong,wu,rong
清·李宝嘉《官场现形记》第三十三回以至顶到如今，偏偏碰着这位制军是不轻容易见客的，他见也好，不见也好，便也漠然无动于中了。”,面对集体财产遭到大火的威胁，我们怎么能～呢？,衷内心。心里一点儿也没有触动。指对应该关心、注意的事情毫不关心，置之不理。,wú dòng yú zhōng,无动于衷,wdyz,wu dong yu zhong,wu,zhong
刘半农《奉答王敬轩先生》先生与这位老夫子，可称无独有偶。”,无,独一个；偶一双。不只一个，竟然还有配对的。表示两事或两人十分相似。,wú dú yǒu ǒu,无独有偶,wdyo,wu du you ou,wu,ou
清·郑燮《范县署中寄舍弟墨书》五宋自绍兴以来，主和议，增岁币，送尊号，处卑朝，括民膏，戮大将，无恶不作，无陋不为。”,八国联军侵略中国时，在北京杀人放火，～。,没有哪件坏事不干的。指干尽了坏事。,wú è bù zuò,无恶不作,webz,wu e bu zuo,wu,zuo
清·曹雪芹《红楼梦》第三十三回你在家不读书也罢了，怎么又做出这无法无天的事来。”,无,旧指不顾国法和天理，任意干坏事。现多形容违法乱纪，不受管束。,wú fǎ wú tiān,无法无天,wfwt,wu fa wu tian,wu,tian
清·李汝珍《镜花缘》第十七回可见字音一道，乃读书人不可忽略的。大贤学问渊博，故视为无关紧要；我们后学，却是不可少的。”,无,紧要急切的，重要的。不重要，不会影响大局。,wú guān jǐn yào,无关紧要,wgjy,wu guan jin yao,wu,yao
《朱子语类》卷一０一那不关痛痒底是不仁。”,政府当初虽只不理那些招人头痛的教员，后来竟不理到～的官吏。★鲁迅《呐喊·端午节》,痛痒比喻疾苦或紧要的事。指与自身利害没有关系或无足轻重。,wú guān tòng yǎng,无关痛痒,wgty,wu guan tong yang,wu,yang
无,无,没有空子可钻。,wú jī kě chéng,无机可乘,wjkc,wu ji ke cheng,wu,cheng
无,无,没有踪迹可以寻求。多指处事为文不着痕迹。,wú jì kě xún,无迹可寻,wjkx,wu ji ke xun,wu,xun
《尚书·大禹漠》无稽之言勿听。”,既无其说，是为～。★清·李汝珍《镜花缘》第十七回,无稽无法考查。没有根据的说法。,wú jī zhī tán,无稽之谈,wjzt,wu ji zhi tan,wu,tan
明·罗贯中《三国演义》第八回王允日‘贼臣董卓，将欲篡位，朝中文武，无计可施。’”,每个干部如果都能做到清正廉洁，行贿者也就～了。,计策略、办法；施施展。没有办法可用。,wú jì kě shī,无计可施,wjks,wu ji ke shi,wu,shi
清·李宝嘉《官场现形记》第五十二回如今远水救不得近火，就是我们再帮点忙，至多再凑了几百银子，也无济于事。”,遇事需当机立断，任何犹豫和怯懦都是～的。,济补益，帮助。对事情没有什么帮助或益处。比喻不解决问题。,wú jì yú shì,无济于事,wjys,wu ji yu shi,wu,shi
明·凌濛初《初刻拍案惊奇》卷二十二寺僧见了他无了根蒂，渐渐怠慢，不肯相留。要回故乡，已此无家可归。”,无,没有家可回。指流离失所。,wú jiā kě guī,无家可归,wjkg,wu jia ke gui,wu,gui
唐·鱼玄机《赠邻女》诗易求无价宝，难得有心郎。”,我这珠衣是～哩。★元·王实甫《丽春堂》第二折,无法估价的宝物。指极珍贵的东西。,wú jià zhī bǎo,无价之宝,wjzb,wu jia zhi bao,wu,bao
《旧唐书·孔巢文传》（田）悦酒酣，自其骑之艺，拳勇之略，因曰‘若蒙见用，无坚不摧。’”,其神勇艰苦的精神，充分显示了共产主义运动顽强的生命力，表现了共产党领导的军队～的战斗力量。★刘伯承《回顾长征》,形容力量非常强大，没有什么坚固的东西不能摧毁。,wú jiān bù cuī,无坚不摧,wjbc,wu jian bu cui,wu,cui
清·曹雪芹《红楼梦》第二十五回小红待要过去，又不敢过去，只得悄悄向潇湘馆，取了喷壶而回，无精打采，自向房内躺着。”,这时候贾大少爷见人家的条子都已到齐，瞧着眼热，自己一个人坐在那里，甚觉～。★清·李宝嘉《官场现形记》第二十四回,采兴致。形容精神不振，提不起劲头。,wú jīng dǎ cǎi,无精打采,wjdc,wu jing da cai,wu,cai
明·吴承恩《西游记》第二回逐日家无拘无束，自在逍遥此一长生之美。”,他放开缰绳，任由枣红马～和驰骋。,拘、束限制、约束。形容自由自在，没有牵挂。,wú jū wú shù,无拘无束,wjws,wu ju wu shu,wu,shu
毛泽东《新民主主义论》这是一个绝大的变化，这是自有世界历史和中国历史以来无可比拟的大变化。”,无,比拟比较。没有可以相比的。,wú kě bǐ nì,无可比拟,wkbn,wu ke bi ni,wu,ni
欧阳山《三家巷》三一你们的盛情是可感的，动机是无可非议的。”,无,非议责备，批评。没有什么可以指责的。表示做得妥当。,wú kě fēi yì,无可非议,wkfy,wu ke fei yi,wu,yi
无,事关公司的财务机密，因此～。,没有什么可以告诉对方的。,wú kě fèng gào,无可奉告,wkfg,wu ke feng gao,wu,gao
《汉书·王莽传中》莽怒，免英官◇颇觉悟，曰‘英亦未可厚非。’”,作者的动机～，但客观效果则不尽符合作者的动机。★茅盾《一九六０年短篇小说漫评》,厚深重；非非议，否定。不能过分责备。指说话做事虽有缺点，但还有可取之处，应予谅解。,wú kě hòu fēi,无可厚非,wkhf,wu ke hou fei,wu,fei
《诗经·大雅·板》匪我言耄，尔用忧谑。多将熇熇，不可救药。”,但彼此内溃已久，～，只能听之而已。★鲁迅《书信集·致许寿裳》,药治疗。病已重到无法用药医治的程度。比喻已经到了无法挽救的地步。,wú kě jiù yào,无可救药,wkjy,wu ke jiu yao,wu,yao
《战国策·燕策三》太子闻之，弛往，伏尸而哭极哀。既已无可奈何，乃遂收盛樊於期之首，函封之。”《史记·周本纪》祸成矣，载可奈何。”,大哥同杨太守来拿我，实是一毫不知，既被他连累，也～了。★清·陈忱《水浒后传》第三回,奈何如何，怎么办。指感到没有办法，只有这样了。,wú kě nài hé,无可奈何,wknh,wu ke nai he,wu,he
清·陈澧《东塾读书记》卷十六太社不立于京都，当安所立。尤无可置辩矣。”,我们应该用～的道理说服人，而不是装腔作势，借以吓人。,没有什么可争辨的。表示确实无疑。,wú kě zhēng biàn,无可争辩,wkzb,wu ke zheng bian,wu,bian
范文澜《中国通史》第一编第五章第二节战国时某些地区已能制钢，无可置疑。”,无,事实明显或理由充足，没有什么可以怀疑的。,wú kě zhì yí,无可置疑,wkzy,wu ke zhi yi,wu,yi
清·李宝嘉《官场现形记》第三十五回况且上海办捐的人，钻头觅缝，无孔不入。”,帝国主义对其殖民地的经济掠夺是～的。,孔小洞。比喻有空子就钻。,wú kǒng bù rù,无孔不入,wkbr,wu kong bu ru,wu,ru
唐·韩愈《答柳州食虾蟆》诗鸣声相呼和，无理只取闹。周公所不堪，洒灰垂典教。”,对那些～的人，我们决不应该迁就。,毫无理由地跟人吵闹。指故意捣乱。,wú lǐ qǔ nào,无理取闹,wlqn,wu li qu nao,wu,nao
宋·陆游《老学庵笔记》卷三晏景初尚书，请僧住院，僧辞以穷陋不可为。景初曰‘高才固易耳。’僧曰‘巧妇安能作无面汤饼乎？’”,～，是人力所做不到的。★鲁迅《两地书》八三,炊做饭。比喻缺少必要条件无法办成的事。,wú mǐ zhī chuī,无米之炊,wmzc,wu mi zhi chui,wu,chui
清·纪昀《阅微草堂笔记》卷十四此罪至重，微我难解脱，即释迦牟尼亦无能为力也。”,使兵饷顿竭，忠臣流涕顿足而叹，～，惟有一死以报国，不亦大可哀乎？★清·梁绍壬《两般秋雨庵随笔·卷八·史阁部书》,不能施展力量。指使不上劲或没有能力去做好某件事情、解决某个问题。,wú néng wéi lì,无能为力,wnwl,wu neng wei li,wu,li
清·吴趼人《二十年目睹之怪现状》第九回上海地方，无奇不有，倘能在那里多盘桓些日子，新闻还多着呢。”,海底世界～，光是已知的动物就有三万多种。,什么奇怪的事物都有。,wú qí bù yǒu,无奇不有,wqby,wu qi bu you,wu,you
清·石玉昆《三侠五义》第61回北侠原是无牵无挂之人，不能推辞，同上茉花村去了。”,他只想往前走，仿佛走到什么地方他必能找回原来的自己，那个～，纯洁，要强，处处努力的祥子。★老舍《骆驼祥子》,形容没有拖累，非常放心。,wú qiān wú guà,无牵无挂,wqwg,wu qian wu gua,wu,gua
无,无,没有亲属和故旧。形容孤单。,wú qīn wú gù,无亲无故,wqwg,wu qin wu gu,wu,gu
宋·晏殊《踏莎行》无穷无尽是离愁，天涯地角寻思遍。”,那西天路～，几时能到得！★明·吴承恩《西游记》第四十回,穷完。没有止境，没有限度。,wú qióng wú jìn,无穷无尽,wqwj,wu qiong wu jin,wu,jin
晋·陶潜《桃花源记》南阳刘子骥，高尚士也，闻之，欣然规往，未果，寻病终◇遂无问津者。”,这部传记小说，虽然摆在书架上，却根本～。,问津询问渡口。比喻没有人来探问、尝试或购买。,wú rén wèn jīn,无人问津,wrwj,wu ren wen jin,wu,jin
秦牧《果王”的美号》就是甜味，也各具特色，有些是蜜糖般甜，有些是在甜中略带一点轻微的，无伤大雅”和酸味。”,无,大雅《诗经》的组成部分之一，这里指雅正、文雅大方。指虽有影响但对主要方面没有妨害。,wú shāng dà yǎ,无伤大雅,wsdy,wu shang da ya,wu,ya
《诗经·大雅·文王》上天之载，无声无臭。”,无,没有声音，没有气味。比喻没有名声，不被人知道。,wú shēng wú xī,无声无息,wswx,wu sheng wu xi,wu,xi
唐·贾岛《送贺兰上人》诗无师禅自解，有格句堪說。”,无,没有老师的传授就能通晓。,wú shī zì tōng,无师自通,wszt,wu shi zi tong,wu,tong
明·凌濛初《初刻拍案惊奇》卷六自是行忘止，食忘餐，却象掉下了一件什么东西的，无时无刻不在心上。”,半个月来，她老是偷偷地看着剑波，她的心～不在恋着剑波，就好象是生活中不可缺少的空气一样。★曲波《林海雪原》九,时时刻刻。表示毫不间断。,wú shí wú kè,无时无刻,wswk,wu shi wu ke,wu,ke
清·李汝珍《镜花缘》第五十八回有不安本分的强盗，有无事生非的强盗。”,无,无缘无故找岔子，存心制造麻烦。,wú shì shēng fēi,无事生非,wssf,wu shi sheng fei,wu,fei
清·无名氏《杜诗言志》卷一‘荡胸’句，言其量之无所不包。”,写总结要突出重点，不要面面俱到，～。,没有什么不被包括。形容包含的东西非常多。,wú suǒ bù bāo,无所不包,wsbb,wu suo bu bao,wu,bao
宋·沈括《梦溪笔谈》卷二十一近岁迎紫姑者极多，大率多能文章歌诗，有极工者，予屡见之，多自称蓬莱谪仙，医卜无所不能，棋与国手为敌。”,从小风流俊雅，～。★明·冯梦龙《醒世恒言》卷十三,没有什么不能做的。指样样能做。,wú suǒ bù néng,无所不能,wsbn,wu suo bu neng,wu,neng
《三国志·吴书·张温传》揆其奸心，无所不为。”,今专务游荡，～，老夫所以忧耳。★明·罗贯中《三国演义》第二十八回,没有不干的事情。指什么坏事都干。,wú suǒ bù wéi,无所不为,wsbw,wu suo bu wei,wu,wei
唐·李朝威《柳毅传》始见台阁相向，门户千万，奇草珍木，无所不有。”,此录二十卷，天上天下，方内方外，～。★明·毛晋《酉阳杂俎后识》,什么都有（多指不好的事物）。,wú suǒ bù yǒu,无所不有,wsby,wu suo bu you,wu,you
无,真理是无所不在的。,到处都存在，到处都有。,wú suǒ bù zài,无所不在,wsbz,wu suo bu zai,wu,zai
《列子·黄帝》圣人无所不知，无所不通，故得引而使之焉。”,知之者为主，是故虽～，而有所不能行。★宋·苏轼《中庸论上》,什么事情都知道，没有不懂得的。,wú suǒ bù zhī,无所不知,wsbz,wu suo bu zhi,wu,zhi
清·李宝嘉《官场现形记》第五十一回当初原为遮人耳目起见，不得不如此；等到后来张太太把抵押的凭据禀了上头存了案，他却无所顾忌了。”,无,顾顾虑；忌忌惮。没有什么顾虑、畏惧。,wú suǒ gù jì,无所顾忌,wsgj,wu suo gu ji,wu,ji
无,上承总统指挥，下受委员成议，镇（整）日间～，反象似赘瘤一般。（蔡东藩、许廑父《民国通俗演义》第一五回）,事事前一事”为动词，做；后一事”为名词，事情。闲着什么事都不干。,wú suǒ shì shì,无所事事,wsss,wu suo shi shi,wu,shi
《左传·僖公五年》一国三公，吾谁适从。”宋·姚宽《西溪从语》卷上源殊派异，无所适从。”,某书应读某音，敝处未得高明指教，往往读错，以致后学～。★清·李汝珍《镜花缘》第十六回,适归向；从跟从。不知听从哪一个好。指不知怎么办才好。,wú suǒ shì cóng,无所适从,wssc,wu suo shi cong,wu,cong
毛泽东《在中国共产党全国宣传工作会议上的讲话》为了达到建设新中国的目的，对于什么困难我们共产党人也是无所畏惧。”,无,畏惧害怕。什么也不怕。形容非常勇敢。,wú suǒ wèi jù,无所畏惧,wswj,wu suo wei ju,wu,ju
无,停止的论点，悲观的论点，无所作为和骄傲自满的论点，都是错误的。,作为作出成绩。没有做出任何成绩。指工作中安于现状，缺乏创造性。,wú suǒ zuò wéi,无所作为,wszw,wu suo zuo wei,wu,wei
清·李汝珍《镜花缘》第九十回贫道今日幸把些尘垢全都拭净，此后是皓月当空，一无渣滓，诸位才女定是无往不利。”,无,所到之处，没有不顺利的。指处处行得通，办得好。,wú wǎng bù lì,无往不利,wwbl,wu wang bu li,wu,li
京剧《红色娘子军》第二场连长，我们军民一心，就无往不胜！”,无,无论到哪儿没有不胜利的。,wú wǎng bù shèng,无往不胜,wwbs,wu wang bu sheng,wu,sheng
《周易·无妄》六三，无妄之灾。或系之牛，行人之得。邑人之灾。”,能解百冤之结，能消～。★明·吴承恩《西游记》第十二回,无妄意想不到的。指平白无故受到的灾祸或损害。,wú wàng zhī zāi,无妄之灾,wwzz,wu wang zhi zai,wu,zai
宋·魏了翁《辞免督视军马乞以参赞军事从丞相行奏札》臣窃念主忧臣辱，义不得辞，踨蹐受命，退而差辟官吏、条列事目、调遣将士，凡所以为速发之计者，靡微不周。”,还是在剑波十八岁的时候，要到战斗部队去，姐姐对这将要离开自己的弟弟，照顾得～。★曲波《林海雪原》一,微微细；至到。没有一处细微的地方不照顾到。形容关怀、照顾得非常细心周到。,wú wēi bù zhì,无微不至,wwbz,wu wei bu zhi,wu,zhi
《论语·卫灵公》无为而治者，其舜也与？”,无,无为无所作为；治治理。自己无所作为而使天下得到治理。原指舜当政的时候，沿袭尧的主张，不做丝毫改变◇泛指以德化民。,wú wéi ér zhì,无为而治,wwez,wu wei er zhi,wu,zhi
《孙子·计》攻其无备，出其不意。”曹操注击其懈怠，出其空虚。”,前后不过四五个钟头。却也办得细密周到，～。★蔡东藩、许廑父《民国通俗演义》第一二二回,懈松懈，引伸为漏洞、破绽。没有一点弱点可以让人攻击。形容十分严密，找不到一点漏洞。,wú xiè kě jī,无懈可击,wxkj,wu xie ke ji,wu,ji
明·冯梦龙《醒世恒言》卷三十五天啊！只道与你一竹竿到底，白头相守，那里说起半路上就抛撇了，遗下许多儿女，无依无靠。”,无,形容孤苦无依。,wú yī wú kào,无依无靠,wywk,wu yi wu kao,wu,kao
《左传·文公十七年》今大国曰‘尔未逞吾志。’敝邑有亡，无以加焉。”《汉书·王莽传下》且令万世之后无以复加也。”,其便捷之法，殆～。★清·王韬《瀛壖杂志》,不可能再增加。指程度达到了极点。,wú yǐ fù jiā,无以复加,wyfj,wu yi fu jia,wu,jia
元·吴昌龄《东坡梦》第三折你那里挨挨桚桚，闪闪藏藏，无影无踪。”,那贾芸早说了几个不用费事”，去的～了。★清·曹雪芹《红楼梦》第二十四回,踪踪迹。没有一点踪影。形容完全消失，不知去向。,wú yǐng wú zōng,无影无踪,wywz,wu ying wu zong,wu,zong
元·郑廷玉《忍字记》第二折我做了个草庵中无忧无虑的僧家。”,无,没有一点忧愁和顾虑。,wú yōu wú lǜ,无忧无虑,wywl,wu you wu lv,wu,lv
唐·韩愈《论佛骨表》数千百年以来，未有伦比。”,在这段时间里，他受到祖国人民～的最热情的接待。★魏巍《东方·归来》,伦比类比，匹敌。指事物非常完美，没有能跟它相比的。,wú yǔ lún bǐ,无与伦比,wylb,wu yu lun bi,wu,bi
清·曹雪芹《红楼梦》第四十四回好好儿的，从那里说起！无缘无故白受了一场气！”,他的力量，力气，一向使他自尊自傲，可是在过去的这些日子，～的他受尽了委曲与困苦。★老舍《骆驼祥子》三,没有一点原因。,wú yuán wú gù,无缘无故,wywg,wu yuan wu gu,wu,gu
无,无,不管多远之处，没有不到的。,wú yuǎn fú jiè,无远弗届,wyfj,wu yuan fu jie,wu,jie
《老子》天下万物生于有，有生于无。”,子息从来天数，原非人力能为。最是～，堪令耳目新奇。★明·凌濛初《初刻拍案惊奇》卷三十八,道家认为，天下万物生于有，有生于无。把没有的说成有。比喻毫无事实，凭空捏造。,wú zhōng shēng yǒu,无中生有,wzsy,wu zhong sheng you,wu,you
冯德英《迎春花》第四章这次清算对蒋殿人来说真可谓牛身失毛，无足轻重。”,无,没有它并不轻些，有它也并不重些。指无关紧要。,wú zú qīng zhòng,无足轻重,wzqz,wu zu qing zhong,wu,zhong
峻青《地下水晶宫》墙壁上有着许多霜花似的花纹，在灯光的照耀下，满墙都放射着五彩缤纷的光芒，就好象是彩虹织成似的。”,无,五彩各种颜色；缤纷繁多交错的样子。指颜色繁多，非趁看。,wǔ cǎi bīn fēn,五彩缤纷,wcbf,wu cai bin fen,wu,fen
梁斌《播火记》猛回头，身后站着一个五大三粗的人，仔细一看是大贵。”,无,形容人高大粗壮，身材魁梧。,wǔ dà sān cū,五大三粗,wdsc,wu da san cu,wu,cu
无,无,五毒多指蛇、蝎、蜈蚣、壁虎、蟾蜍五种动物。指违法乱纪，各种坏事都做。,wǔ dú jù quán,五毒俱全,wdjq,wu du ju quan,wu,quan
《六韬·龙韬·立将》是故风雨时节，五谷丰登，社稷安宁。”,自后国泰民安，风调雨顺，～，人物康阜，真是升平世界。★清·陈忱《水浒后传》第四十回,登成熟。指年成好，粮食丰收。,wǔ gǔ fēng dēng,五谷丰登,wgfd,wu gu feng deng,wu,deng
南朝梁·江淹《丽色赋》五光徘徊，十色陆离。”,故宫珍宝馆的玻璃柜里，摆着～的稀世奇珍。,形容色彩鲜艳，花样繁多。,wǔ guāng shí sè,五光十色,wgss,wu guang shi se,wu,se
《周礼·夏官·职方氏》其浸五湖。”《论语·颜渊》四海之内，皆兄弟也。”唐·吕岩《绝句》斗笠为帆扇作舟，五湖四海任遨游。”,我们都是来自～，为了一个共同的革命目标，走到一起来了。★毛泽东《为人民服务》,指全国各地，有时也指世界各地。现有时也比喻广泛的团结。,wǔ hú sì hǎi,五湖四海,whsh,wu hu si hai,wu,hai
《虞初新志·孙嘉淦》伏龙以西，群峰乱峙，四布罗列，如平沙万幕，八门五花。”,湖北的省政府在当时真正是一种鱼龙漫衍的模范政府”，那个委员会～地是什么人品都有。★郭沫若《革命春秋·北伐途次》,原指五行阵和八门阵。这是古代两种战术变化很多的阵势。比喻变化多端或花样繁多。,wǔ huā bā mén,五花八门,whbm,wu hua ba men,wu,men
李季《王贵与李香香》第二部二顺着捆来横着绑，五花大绑吊在二梁上。”,一瞬之间，他已被～起来。粗大的杠子立即压折了他的双腿。★柯岩《奇异的书简·美的追求者》,先用绳索套住脖子，又绕到背后反剪两臂的绑入方式。,wǔ huā dà bǎng,五花大绑,whdb,wu hua da bang,wu,bang
唐·玄奘《大唐西域记·三国》致敬之式，其仪九等一、发言慰问，二、俯首示敬，三、举手高揖，四、合掌平拱，五、屈膝，六、长跪，七、手膝踞地，八、五轮俱屈，九、五体投地。”,屡闻至论，本极佩服，今日之说，则更～。★清·刘鹗《老残游记》第六回,两手、两膝和头一起着地。是佛教一种最恭敬的行礼仪式。比喻佩服到了极点。,wǔ tǐ tóu dì,五体投地,wttd,wu ti tou di,wu,di
清·李汝珍《镜花缘》第十四回惟各人所登之云，五颜六色，其形不一。”,这在四川的拉夫史上是一桩奇迹，于是那些乡下人，哦了一声，立刻发出～的推测来了。★沙汀《凶手》,形容色彩复杂或花样繁多。引伸为各色各样。,wǔ yán liù sè,五颜六色,wyls,wu yan liu se,wu,se
《吕氏春秋·达郁》凡人三百六十节、九窍、五脏六腑。”,牛先生乍到这里，实际情况还不清楚。住久了，～里的毛病你就看清啦。★姚雪垠《李自成》第个卷第二十八章,五脏脾、肺、肾、肝、心；六腑胃、大肠、小肠、三焦、膀胱、胆。人体内脏器官的统称。也比喻事物的内部情况。,wǔ zàng liù fǔ,五脏六腑,wzlf,wu zang liu fu,wu,fu
无,无,泛指世界各地。,wǔ zhōu sì hǎi,五洲四海,wzsh,wu zhou si hai,wu,hai
《宋史·窦仪传》记载宋代窦禹钧的五个儿子仪、俨、侃、偁、僖相继及第，故称五子登科”。,无,用作结婚的祝福词或吉祥语。,wǔ zǐ dēng kē,五子登科,wzdk,wu zi deng ke,wu,ke
《隋书·王充传》明习法令，而舞弄文墨，高下其心。”,而写碑的人偏要～，所以反面越舞越糊涂。★鲁迅《华盖集续编的续编·厦门通信》,舞、弄故意玩弄；文、墨文笔。故意玩弄文笔。原指曲引法律条文作弊◇常指玩弄文字技巧。,wǔ wén nòng mò,舞文弄墨,wwnm,wu wen nong mo,wu,mo
明·凌濛初《初刻拍案惊奇》卷三十五他不生儿女，就过继着你家儿子，承领了这家私，物归旧主，岂非天意。”,不是没收吧？又～啦？这可是喜事！★老舍《茶馆》第三幕,归还给。把物品还给原来的主人。,wù guī yuán zhǔ,物归原主,wgyz,wu gui yuan zhu,wu,zhu
唐·王勃《秋日登洪府滕王阁饯别序》物华天宝，龙光射牛斗之墟。”,～动和风，一派箫韶仙苑同。★清·陈忱《水浒后传》第四十回,物华万物的精华；天宝天然的宝物。指各种珍美的宝物。,wù huá tiān bǎo,物华天宝,whtb,wu hua tian bao,wu,bao
《吕氏春秋·博志》全则必缺，极则必反。”《鹖冠子·环流》物极则反，命曰环流。”,～”，错误成了堆，光明就会到来。★毛泽东《我们党的一些历史经验》,极顶点；反向反面转化。事物发展到极点，会向相反方向转化。,wù jí bì fǎn,物极必反,wjbf,wu ji bi fan,wu,fan
无,这家化工厂大搞综合利用，做到了变废为宝，物尽其用。,各种东西凡有可用之处，都要尽量利用。指充分利用资源，一点不浪费。,wù jìn qí yòng,物尽其用,wjqy,wu jin qi yong,wu,yong
清·梁启超《新中国未来记》第三回因为物竞天择的公理，必要顺应著那时势的，才能够生存。”,无,物竞生物的生存竞争；天择自然选择。生物相互竞争，能适应者生存下来。原指生物进货的一般规律，后也用于人类社会的发展。,wù jìn tiān zé,物竞天择,wjtz,wu jin tian ze,wu,ze
清·吴趼人《近十年之怪现状》第十回苏州有个朋友写信来，要印一部书。久仰贵局的价廉物美，所以特来求教。”,提倡～，老少无欺，反对粗制滥造，偷工减料。（朱德《要把手工业生产合作社搞好》）,廉便宜。东西价钱便宜，质量又好。,jià lián wù měi,物美价廉,jlwm,jia lian wu mei,jia,mei
宋·李清照《武陵春》词物是人非事事休，欲语泪先流。”,无,东西还是原来的东西，可是人已不是原来的人了。多用于表达事过境迁。因而怀念故人。,wù shì rén fēi,物是人非,wsrf,wu shi ren fei,wu,fei
《易·系辞上》方以类聚，物以群分。”,自古道～。过迁性喜游荡，就有一班浮浪子弟引诱打合。★明·冯梦龙《醒世恒言》卷十七,同类的东西聚在一起。指坏人彼此臭味相投，勾结在一起。,wù yǐ lèi jù,物以类聚,wylj,wu yi lei ju,wu,ju
元·关汉卿《双赴梦》第二折［牧羊关］板筑的商傅说，钓鱼儿姜吕望，这两个梦善感动历代君王，这梦先应先知，臣则是误打误撞。”,袭人笑道不过是～的遇见了，说约下了可是没有的事。”★清·曹雪芹《红楼梦》第六十二回,指事先未经周密考虑。,wù dǎ wù zhuàng,误打误撞,wdwz,wu da wu zhuang,wu,zhuang
唐·杜甫《小寒食舟中作》诗春水船如天上坐，老年花似雾中看。”,白石写景之作，虽格韵高绝，然如～，终隔一层。★清·王国维《人间词话》,原形容年老视力差，看东西凝，后也比喻看事情不真切。,wù lǐ kàn huā,雾里看花,wlkh,wu li kan hua,wu,hua
元·马致远《天净沙·秋思》夕阳西下，断肠人在天涯。”,～路途行，越岭经峰十里余。★柳亚子《琵琶湖·杂诗》,指傍晚日落时的景象。也比喻迟暮之年或事物走向衰落。,xī yáng xī xià,夕阳西下,xyxx,xi yang xi xia,xi,xia
孙犁《澹定集摘抄》这位‘管乐’西服革履，趾高气扬◇来忽然低头丧气起来。”,～、华裙艳服，只有在演出的时候演员的身上才出现。★吴伯箫《记一辆纺车》,身穿西装，脚穿皮鞋。形容衣着入时。,xī zhuāng gé lǚ,西装革履,xzgl,xi zhuang ge lv,xi,lv
《后汉书·章帝纪》其令有司，罪非殊死，且勿案验；及吏人条书相告，不得听受，冀以息事宁人。”,我承认我是抱着～”的苦衷来接受它的。（闻一多《四杰》）,息平息；宁使安定。原指不生事，不骚扰百姓，后指调解纠纷，使事情平息下来，使人们平安相处。,xī shì níng rén,息事宁人,xsnr,xi shi ning ren,xi,ren
无,水是生命的源泉，水与生命的起源息息相关。,息呼吸时进出的气◆吸也相互关联。形容彼此的关系非常密切。,xī xī xiāng guān,息息相关,xxxg,xi xi xiang guan,xi,guan
无,水是生命的源泉，水与生命的起源息息相通。,呼吸也相互关联。形容彼此的关系非常密切。,xī xī xiāng tōng,息息相通,xxxt,xi xi xiang tong,xi,tong
明·陶宗仪《辍耕录》卷八李成惜墨如金，是也。”,写文章要力求做到～，删繁就简。,惜爱惜。爱惜墨就象金子一样。指不轻易动笔。,xī mò rú jīn,惜墨如金,xmrj,xi mo ru jin,xi,jin
清·李渔《闲情偶寄·词曲·格局》文章所忌者，开口骂题。便说几句闲文，才归正传，亦未尝不可，胡遽惜字如金，而作此卤莽灭裂之状也！”,无,指极其节省文字，不多费笔墨。,xī zì rú jīn,惜字如金,xzrj,xi zi ru jin,xi,jin
清邵梅臣《画耕偶录》稀奇古怪，我法我派。一钱不值，万钱不卖。”,老残道这也罢了，只是你赶紧说你那～的案情罢。”★《老残游记》第十三回,指很少见，很奇异，不同一般。,xī qí gǔ guài,稀奇古怪,xqgg,xi qi gu guai,xi,guai
《史记·货殖列传》天下熙熙，皆为利来；天下攘攘，皆为利往。”,人们～地汇集在广场上。,形容人来人往，非常热闹拥挤。,xī lái rǎng wǎng,熙来攘往,xlrw,xi lai rang wang,xi,wang
《史记·货殖列传》天下熙熙，皆为利来；天下攘攘，皆为利往。”,共青团员都打扮成去远足的样子，每人提了个提包，有的是挂包，～的会集在厂里的球场上。★茹志娟《新当选的团支书》,熙熙和乐的样子；攘攘纷乱的样子。形容人来人往，非常热闹拥挤。,xī xī rǎng rǎng,熙熙攘攘,xxrr,xi xi rang rang,xi,rang
清·曹雪芹《红楼梦》第三十回你见我和谁玩过！有和你素日嬉皮笑脸的那些姑娘们，你该问他们去！”,班长随又～岔了一句。（沙汀《一个秋天晚上》）,形容嬉笑不严肃的样子。,xī pí xiào liǎn,嬉皮笑脸,xpxl,xi pi xiao lian,xi,lian
宋·黄庭坚《东坡先生真赞》东坡之酒，赤壁之笛，嬉笑怒骂，皆成文章。”,设科之～。如白描人物，须眉毕观，引人入胜者，全借乎此。★清·孔尚任《桃花扇·凡例》,嬉游戏。比喻不论什么题材和形式，都能任意发挥，写出好文章来。,xī xiào nù mà,嬉笑怒骂,xxnm,xi xiao nu ma,xi,ma
《魏书·太武五王传》将相多尚公主，王侯亦娶后族，故无妾媵，习以为常。”《逸周书·常训》民生而有习有常，以习为常。”,余大先生在虞府坐馆，早去晚归，～。（清·吴敬梓《儒林外史》第四十八回）,习习惯。指某种事情经常去做，或某种现象经常看到，也就觉得很平常了。,xí yǐ wéi cháng,习以为常,xywc,xi yi wei chang,xi,chang
《旧五代史·李茂贞传》但御军整众，都无纪律，当食造庖厨，往往席地而坐。”,无,泛指在地上坐。,xí dì ér zuò,席地而坐,xdez,xi di er zuo,xi,zuo
元·郑廷玉《楚昭公》第四折请大王试说一遍，容小官洗耳恭听。”,如此甚妙，我们～。（清·李汝珍《镜花缘》第七十八回）,洗干净耳朵恭恭敬敬听别人讲话。请人讲话时的客气话。指专心地听。,xǐ ěr gōng tīng,洗耳恭听,xegt,xi er gong ting,xi,ting
清·文康《儿女英雄传》小人从前原也作些小道儿上的买卖，后来洗手不干，就在河工上充了一个夫头。”,无,把手洗干净休息了。,xǐ shǒu bù gàn,洗手不干,xsbg,xi shou bu gan,xi,gan
《周易·系辞上》圣人以此洗心，退藏于密。”《周易·革》君子豹变，小人革面。”《抱朴子·用刑》洗心而革面者，必若清波之涤轻尘。”,除非它真能放弃传统意识，完全～，重新做起。★闻一多《神话与诗·文学的历史动向》,清除旧思想，改变旧面貌。比喻彻底悔改。,xǐ xīn gé miàn,洗心革面,xxgm,xi xin ge mian,xi,mian
元·王实甫《西厢记》第五本第四折小生去时，承夫人亲自饯行，喜不自胜。”,国太只道孙权好意，～。★明·罗贯中《三国演义》第五十五回,胜能承受。喜欢得控制不了自己。形容非常高兴。,xǐ bù zì shèng,喜不自胜,xbzs,xi bu zi sheng,xi,sheng
宋·苏轼《与李之仪书》契阔八年，岂谓复有见日？渐近中原，辱书尤数，喜出望外。”,这可真叫他～。（沙汀《催粮》）,望希望，意料。由于没有想到的好事而非常高兴。,xǐ chū wàng wài,喜出望外,xcww,xi chu wang wai,xi,wai
元·马致远《青衫泪》第三折贵脚踏践地，使下官喜从天降。”,张顺见了宋江，～。★明·施耐庵《水浒全传》第四十回,喜事从天上掉下来。比喻突然遇到意想不到的喜事。,xǐ cóng tiān jiàng,喜从天降,xctj,xi cong tian jiang,xi,jiang
《礼记·中庸》喜怒哀乐之未发谓之中，发而皆中节谓之和。”,虽是海外之邦，不过言语不同，衣服有异，那～的人情，原是一样的。★清·陈忱《水浒后传》第三十一回,喜欢、恼怒、悲哀、快乐。泛指人的各种不同的感情。,xǐ nù āi lè,喜怒哀乐,xnal,xi nu ai le,xi,le
《吕氏春秋· 诬徒》喜怒无处，言谈日易。”,宝玉和黛玉是从小儿一处长大的，他兄妹间多有不避嫌疑之处，嘲笑不忌，～。★清·曹雪芹《红楼梦》第二十七回,一会儿高兴，一会儿生气。形容态度多变。,xǐ nù wú cháng,喜怒无常,xnwc,xi nu wu chang,xi,chang
宋·范仲淹《岳阳楼记》登斯楼也，则有心旷神怡，宠辱皆忘，把酒临风，其喜洋洋者矣。”,马上的将士们都 是精神抖擞，～，丝毫不象是吃过败仗。★姚雪垠《李自成》第二卷第三十五章,洋洋得意的样子。充满了欢喜的神色或气氛。,xǐ qì yáng yáng,喜气洋洋,xqyy,xi qi yang yang,xi,yang
清·文康《儿女英雄传》第23回思索良久，得了主意，不觉喜上眉梢。”,人们一见船影，都～。★郭澄清《大刀记》第14章,喜悦的心情从眉眼上表现出来。,xǐ shàng méi shāo,喜上眉梢,xsms,xi shang mei shao,xi,shao
无,这是一部很有教育意义、人民群众～的好小说。,喜欢听，乐意看。指很受欢迎。,xǐ wén lè jiàn,喜闻乐见,xwlj,xi wen le jian,xi,jian
清·李汝珍《镜花缘》第九十九回穿过牌楼，人来人往，莫不喜笑颜开。”,无,颜开脸面舒开，指笑容。形容心里高兴，满面笑容。,xǐ xiào yán kāi,喜笑颜开,xxyk,xi xiao yan kai,xi,kai
无,这种见异思迁、喜新厌旧的不道德行为，应当受到全社会的遣责。,喜欢新的，厌弃旧的。多指爱情不专一。,xǐ xīn yàn jiù,喜新厌旧,xxyj,xi xin yan jiu,xi,jiu
唐·吴兢《贞观政要·纳谏》太宗闻其言，喜形于色，谓群臣曰‘……及见魏征所论，始觉大非道理。’”,章奇先生～了。★蒋光慈《短裤党》二,形表现；色脸色。内心的喜悦表现在脸上。形容抑制不住内心的喜悦。,xǐ xíng yú sè,喜形于色,xxys,xi xing yu se,xi,se
清·翟灏《通俗编·地理》引《教经》汝等常勤精进，譬如小水常流，则能穿石。”,告诉老王说，要多吃野菜树皮，少吃米面，～呀！★梁斌《红旗谱》四十六,比喻节约使用财物，使经常不缺用。也比喻一点一滴不间断地做某件事。,xì shuǐ cháng liú,细水长流,xscl,xi shui chang liu,xi,liu
《礼记·乐记》铺筵席，陈遵俎，列笾豆，以升降为礼者，礼之末节也。”,无,末节小事情，小节。细小的树枝，策末的环节。比喻事情或问题的细小而无关紧要的部分。,xì zhī mò jié,细枝末节,xzmj,xi zhi mo jie,xi,jie
明·冯梦龙《警世通言》卷四十乃率领鼋帅虾兵蟹将，统帅党类，一齐奔出潮头。”,汪精卫和他的～已在公开讨论和平”。★邹韬奋《抗战以来·来宾”放炮》,古代神怪小说里海龙王手下的兵将。比喻敌人的爪牙或不中用的大小娄罗。,xiā bīng xiè jiàng,虾兵蟹将,xbxj,xia bing xie jiang,xia,jiang
《蒲柳人家·后记》一家听着，先是生气，担惊，继而又被赵录明的侠肝义胆和一片热心所感动了。”,无,侠客的肝，义士的胆。形容见义勇为、锄强扶弱、打抱不平的心肠和行动。,xiá gān yì dǎn,侠肝义胆,xgyd,xia gan yi dan,xia,dan
汉·乐府诗《相逢行》相逢狭路间，道隘不容车。”,～这恶人，如何是好。★明·许仲琳《封神演义》第七十二回,在很窄的路上相遇，没有地方可让◇多用来指仇人相见，彼此都不肯轻易放过。,xiá lù xiāng féng,狭路相逢,xlxf,xia lu xiang feng,xia,feng
《礼记·聘义》瑕不掩瑜，瑜不掩瑕，忠也。”,柳之文长于记，特惜～，恶敢与泰山北斗并驾齐驱。★清·陶曾佑《中国文学之概观》,瑕玉上面的斑点，比喻缺点；掩遮盖；瑜美玉的光泽，比喻优点。比喻缺点掩盖不了优点，缺点是次要的，优点是主要的。,xiá bù yǎn yú,瑕不掩瑜,xbyy,xia bu yan yu,xia,yu
清·张春帆《宦海》第十八回既然如此，只此一次，下不为例如何？”,无,下次不可以再这样做。表示只通融这一次。,xià bù wéi lì,下不为例,xbwl,xia bu wei li,xia,li
无,无,章回小说于每回之末所用的套语。现多用以喻事件发展的结果。,xià huí fēn jiě,下回分解,xhfj,xia hui fen jie,xia,jie
战国楚·宋玉《对楚王问》客有歌于郢中者，其始曰‘下里巴人’，国中属而和者数千人。”,无,原指战国时代楚国民间流行的一种歌曲。比喻通俗的文学艺术。,xià lǐ bā rén,下里巴人,xlbr,xia li ba ren,xia,ren
无,无,下落着落，去处。指不知道要寻找的人或物在什么地方。,xià luò bù míng,下落不明,xlbm,xia luo bu ming,xia,ming
语出《管子·明法》下情不上通，谓之塞。”,可是唐代中叶以后，这个尺度似乎已经暗地里独立运用，这已经不是上德化下的尺度，而是～的尺度了。★朱自清《文学的标准与尺度》,谓下面的情况或意见能够通达于上。,xià qíng shàng dá,下情上达,xqsd,xia qing shang da,xia,da
唐·李白《大鹏赋序》余昔于江陵见天台司马子微，谓余有仙风道骨，可与神游八极之表，因著《大鹏遇希有鸟赋》以自广。”,此二人素有～。★元·王子一《误入桃源》第一折,骨气概。仙人的风度，道长的气概。形容人的风骨神采与众不同。,xiān fēng dào gǔ,仙风道骨,xfdg,xian feng dao gu,xian,gu
唐·韩愈《与少室李拾遗书》朝廷之士，引颈东望，若景星凤皇之始见也，争先睹之为快。”,现在我们特地和西滢先生商量，把闲话”选集起来，印成专书，留心文艺界掌故的人，想必都以～。★鲁迅《而已集·革首领”》,睹看见。以能尽先看到为快乐。形容盼望殷切。,xiān dǔ wéi kuài,先睹为快,xdwk,xian du wei kuai,xian,kuai
《汉书·项籍传》先发制人，后发制于人。”,剑波没等这位警长开口，便理直气壮地来个～。★曲波《林海雪原》三,发开始行动；制控制，制服。原指丢动手的牌主动地位，可以控制对方◇也泛指争取主动，先动手来制服对方。,xiān fā zhì rén,先发制人,xfzr,xian fa zhi ren,xian,ren
《三国志·魏志·杜恕传》忧公忘私者必不然，但先公后私即自办也。”,卿～，可谓大忠矣。★明·冯梦龙《东周列国志》第九十七回,先以公事为重，然后考虑私事。,xiān gōng hòu sī,先公后私,xghs,xian gong hou si,xian,si
《后汉书·杨彪传》愧无日磾先见之明，犹怀老牛舐犊之爱。”,他觉得胆小的杜竹斋有时候实在颇具～，因而也省了多少烦恼。★茅盾《子夜》十七,明·指眼力。事先看清问题的能力。指对事物发展的预见性。,xiān jiàn zhī míng,先见之明,xjzm,xian jian zhi ming,xian,ming
明·罗贯中《三国演义》第十一回刘备远来救援，先礼后兵，主公当用好言答之，以慢备心，然后进兵攻城，城可破也。”,你这～方法实在高明。,礼礼貌；兵武力。先按通常的礼节同对方交涉，如果行不能，再用武力或其他强硬手段解决。,xiān lǐ hòu bīng,先礼后兵,xlhb,xian li hou bing,xian,bing
《礼记·坊记》子云‘君子贵人而贱己，先人而后己。’”,这也表现了他～、艰苦朴素的崇高品质。★朱敏《深情怀念周伯伯》,首先考虑别人，然后想到自己。,xiān rén hòu jǐ,先人后己,xrhj,xian ren hou ji,xian,ji
《汉书·息夫躬传》唯陛下观览古今，反复参考，无以先入之语为主。”,见长幼尊卑之节有一定不易之理，～，故后起之私心，终有所顾忌而不敢逞。★清·阮葵生《茶余客话》卷七,指先听进去的话或先获得的印象往往在头脑中占有主导地位，以后再遇到不同的意见时，就不容易接受。,xiān rù wéi zhǔ,先入为主,xrwz,xian ru wei zhu,xian,zhu
《左传·宣公十二年》军志曰‘先人有夺人之心，’薄之也。”,他深深懂得～的道理，就预先做了广告，因此货销售得很快。,先张扬自己的声势以压倒对方。也比喻做事抢先一步。,xiān shēng duó rén,先声夺人,xsdr,xian sheng duo ren,xian,ren
清·李汝珍《镜花缘》第二十六回小弟闻得仙人与虚合体，日中无影；又老人之子，先天不足，亦或日中无影。寿麻之人无影，不知何故？”,无,先天人或动物的胚胎时期。原指人或动物生下来体质就不好◇也指事物的根基差。,xiān tiān bù zú,先天不足,xtbz,xian tian bu zu,xian,zu
《汉书·申屠嘉传》吾悔不先斩错乃请之。”颜师古注言先斩而后奏。”《新五代史·梁臣传·朱珍》珍偏将张仁遇珍曰‘ 军中有犯令者，请先斩而后白。’”,圣人命俺巡抚江南，敕赐势剑金牌，体察奸蠹，理枉分冤，～。★元·无名氏《冯玉兰》第三折,原指臣子先把人处决了，然后再报告帝王。现比喻未经请示就先做了某事，造成既成事实，然后再向上级报告。,xiān zhǎn hòu zòu,先斩后奏,xzhz,xian zhan hou zou,xian,zou
《孟子·万章下》使先知觉后知，使先觉觉后觉也。”,文艺家先时讲的话，渐渐大家都记起来了，大家都赞成他，恭维他是～。★鲁迅《集外集·文艺与政治的歧途》,知认识；觉觉悟。指认识事理较一般人为早的人。,xiān zhī xiān jué,先知先觉,xzxj,xian zhi xian jue,xian,jue
唐·释道世《法苑珠林》若菩萨在乾土山中经行，土不著足，随岚风来，吹破土山，令散为尘，乃至一尘不著佛身。”宋·张耒《腊月小雪后圃梅开》一尘不染香到骨，姑射仙人风露身。”,无,原指佛教徒修行时，排除物欲，保持心地洁净。现泛指丝毫不受坏习惯，坏风气的影响。也用来形容非常清洁、干净。,xiān chén bù rǎn,纤尘不染,xcbr,xian chen bu ran,xian,ran
清·曹雪芹《红楼梦》第六十五回底下绿裤红鞋，鲜艳夺目。”,顾八奶由右门出，她穿戴仍然～，气势汹汹地走进来。★曹禺《日出》第四幕,色彩鲜美艳丽，十分引人注目。,xiān yàn duó mù,鲜艳夺目,xydm,xian yan duo mu,xian,mu
清·李汝珍《镜花缘》第一百回此时四处兵荒马乱，朝秦暮楚，我勉强做了一部《旧唐书》，那里还有闲情逸致弄这笔墨。”,古人所谓穷愁著书”的话，是不大可靠的。穷到透顶，愁得要死的人，那里还有这许多～来著书？★鲁迅《华盖集·碰壁”之后》,逸安闲；致情趣。指悠闲的心情和安逸的兴致。,xián qíng yì zhì,闲情逸致,xqyz,xian qing yi zhi,xian,zhi
明·冯惟敏《正宫端正好·徐我亭归田》一个道紧急军情奉火牌，闲言碎语须耽待。”,无,闲与正事无关；碎指说话唠叨。唠叨些与正事无关的话。,xián yán suì yǔ,闲言碎语,xysy,xian yan sui yu,xian,yu
宋·尤袤《全唐诗话》卷六州亦难添，诗亦难改，然闲云孤鹤，何天而不可飞。”,独有妙玉如～，无拘无束。★清·曹雪芹《红楼梦》第一百二十回,闲无拘束。飘浮的云，野生的鹤。旧指生活闲散、脱离世事的人。,xián yún yě hè,闲云野鹤,xyyh,xian yun ye he,xian,he
明·罗贯中《三国演义》第一百三回若七日内主灯不灭，吾寿可增一纪；如灯灭，吾必死矣。闲杂人等，休教放入。”,外来的如吹鼓手、厨茶房，以至抬夫、轿夫这些～过多。★清·文康《儿女英雄传》第三十二回,指与工作无关的人员。,xián zá rén děng,闲杂人等,xzrd,xian za ren deng,xian,deng
南朝宋·范晔《狱中与诸甥侄书》弦外之意，虚响之音，不知所从而来。”,自以为这一句是一唱三叹，那一句是～。（刘半农《奉答王敬轩先生》）,原指音乐的余音。比喻言外之意，即在话里间接透露，而不是明说出来的意思。,xián wài zhī yīn,弦外之音,xwzy,xian wai zhi yin,xian,yin
鲁迅《坟·寡妇主义》在女子教育，则那里候最时行，常常听到嚷着的，是贤母良妻主义。”,无,丈夫的好妻子，孩子的好母亲。,xián qī liáng mǔ,贤妻良母,xqlm,xian qi liang mu,xian,mu
元·关汉卿《裴度还带》第二折有那等嫌贫爱富的儿曹辈，将俺这贫傲慢、把他那富追陪，那个肯恤孤念寡存仁义。”,有负义忘恩的强盗，有～的强盗。★清·李汝珍《镜花缘》第五十八回,嫌弃贫穷，喜爱富有。指对人的好恶以其贫富为准。,xián pín ài fù,嫌贫爱富,xpaf,xian pin ai fu,xian,fu
清·李渔《闲情偶寄·结构第一》此显而易见之事，从无一人辩之。”,日本帝国主义和中国讨伐派的失望，已～。★毛泽东《关于蒋介石声明的声明》,形容事情或道理很明显，极容易看清楚。,xiǎn ér yì jiàn,显而易见,xeyj,xian er yi jian,xian,jian
无,无,比喻出名，显露才能。,xiǎn shān lù shuǐ,显山露水,xsls,xian shan lu shui,xian,shui
无,这次旅行真是险象环生、惊心动魄。,危险的局面不断产生。,xiǎn xiàng huán shēng,险象环生,xxhs,xian xiang huan sheng,xian,sheng
《愣严经》卷六我与彼前，皆现其身，而为说法，令其成就。”宋·释道原《景德传灯录》卷一亦于十方界中现身说法。”,袁伯珍这一席话，可谓～。（清·无名氏《官场维新记》第十六回）,佛教用语。指佛力广大，能现出种种人相，向人说法。现指以亲身经历和体验为例来说明某种道理。,xiàn shēn shuō fǎ,现身说法,xssf,xian shen shuo fa,xian,fa
无,由于对方毫无诚意，使贸易谈判～。,指僵持的局面。,xiàn rù jiāng jú,陷入僵局,xrjj,xian ru jiang ju,xian,ju
宋·邓牧《伯牙琴·吏道》古者君民间相安无事者，固不得无吏，而为员不多。”,难民母子～地在史太太家里住了两天两夜。★郭沫若《金刚坡下》,相互相；安安稳。指彼此相处没有什么争执或冲突，还过得去。,xiāng ān wú shì,相安无事,xaws,xiang an wu shi,xiang,shi
先秦·李耳《老子》唯之与阿，相去几何？美之与恶，相去何若？”,无,彼此没有多大差别。,xiāng chā wú jǐ,相差无几,xcwj,xiang cha wu ji,xiang,ji
《史记·项羽本纪》楚汉久相持未决，丁壮苦军旅，老弱罢（疲）转漕。”,无,双方对立，彼此相持，不肯让步。,xiāng chí bù xià,相持不下,xcbx,xiang chi bu xia,xiang,xia
《史记·伯夷列传》伯夷、叔齐虽贤，得夫子而名益彰。”汉·王褒《圣主得贤臣颂》聚精会神，相得益章（彰）。”,由于它的内容太卓越了，朴拙的形式并不造成不良影响；相反的，却使它们～。★秦牧《茅台·花雕瓶子》,相行互相配合、映衬；益更加；彰显著。指两个人或两件事物互相配合，双方的能力和作用更能显示出来。,xiāng dé yì zhāng,相得益彰,xdyz,xiang de yi zhang,xiang,zhang
无,学习和复习，是用以掌握知识和巩固知识的两个方面，相辅相成，缺一不可。,辅辅助。指两件事物互相配合，互相辅助，缺一不可。,xiāng fǔ xiāng chéng,相辅相成,xfxc,xiang fu xiang cheng,xiang,cheng
《史记·平津侯主父列传》天子召见三人，谓曰‘公等皆安在？何相见之晚也。’”,无,只恨相见得太晚。形容一见如故，意气极其相投。,xiāng jiàn hèn wǎn,相见恨晚,xjhw,xiang jian hen wan,xiang,wan
《左传·僖公三十三年》臼季使过冀，见冀缺耨，其妻饁之，敬，相待如宾。”,夫耕于前，妻耘于后，同甘共苦，～。★明·李昌祺《剪灯余话·鸾鸾传》,形容夫妻互相尊敬，象对待宾客一样。,xiāng jìng rú bīn,相敬如宾,xjrb,xiang jing ru bin,xiang,bin
明·吴承恩《西游记》第五十四回御弟相貌堂堂，丰姿英俊，诚是天朝上国之男儿，南赡中华之人物。”,无,形容人的仪表端正魁梧。,xiàng mào táng táng,相貌堂堂,xmtt,xiang mao tang tang,xiang,tang
明·王世贞《鸣凤记·拜谒忠灵》与严家大相自幼往往来来，嘻嘻哈哈，同眠同坐，相亲相爱，就是一个人相交，不放下怀。”,想起昨天晚上，还是有说有笑，～的何等有趣，今天晚上变了这个情形。★清·吴趼人《情变》第五回,形容关系密切，感情深厚。,xiāng qīn xiāng ài,相亲相爱,xqxa,xiang qin xiang ai,xiang,ai
《庄子·大宗师》泉涸，鱼相与处于陆，相呴以湿，相濡以沫，不如相忘于江湖。”,无,濡沾湿；沫唾沫。泉水干了，鱼吐沫互相润湿。比喻一同在困难的处境里，用微薄的力量互相帮助。,xiāng rú yǐ mò,相濡以沫,xrym,xiang ru yi mo,xiang,mo
宋·释普济《五灯会元》卷四十六便有五行金木，相生相克。”,五色旗按金、木、水、火、土，～。★清·钱彩《说岳全传》第七十九回,指金、木、水、火、土五种物质的互相生发以互相克制的关系◇引申为一般物质之间的辩证关系。,xiāng shēng xiāng kè,相生相克,xsxk,xiang sheng xiang ke,xiang,ke
无,无,双方互相看着，发出会心的微笑。形容二者情合意洽的情态。,xiāng shì ér xiào,相视而笑,xsex,xiang shi er xiao,xiang,xiao
《史记·魏其武安侯列传》相提并论，是自明扬主上之过。”,二者～，则陈张两公之捐躯殉难，均有所迫而然也。★清·淮阴百一居士《壶天录》,相提相对照；并齐。把不同的人或不同的事放在一起谈论或看待。,xiāng tí bìng lùn,相提并论,xtbl,xiang ti bing lun,xiang,lun
清·吴趼人《二十年目睹之怪现状》第九十回他一个部曹，戴了个水晶顶子去当会办，比着那红蓝色的顶子，未免相形见绌。”,无,形对照；绌不够，不足⊥同类的事物相比较，显出不足。,xiāng xíng jiàn chù,相形见绌,xxjc,xiang xing jian chu,xiang,chu
晋·李密《陈情表》臣无祖母，无以至今日；祖母无臣，无以终余年。母孙二人，更相依为命。”,死而复生的只有这些杂乱的败草。永逝不返的却是我们～的慈母。★郭沫若《棠棣之花》,互相依靠着过日子。泛指互相依靠，谁也离不开谁。,xiāng yī wéi mìng,相依为命,xywm,xiang yi wei ming,xiang,ming
秦牧《画蛋·练功》中外美术史上有些事情，可以说常常相映成趣。”,无,映对照，映衬。相互衬托着，显得很有趣味，很有意思。,xiāng yìng chéng qù,相映成趣,xycq,xiang ying cheng qu,xiang,qu
明·许仲琳《封神演义》第30回香消玉碎佳人绝，粉骨残躯血染衣！”,尸体已经在下游打捞到了，虽然～，依旧面目娇好云云。★徐迟《牡丹》,比喻美丽的女子死亡。,xiāng xiāo yù yǔn,香消玉殒,xxyy,xiang xiao yu yun,xiang,yun
无,教室里学生们的情绪高涨，歌声～。,彻贯通；云霄高空。形容声音响亮，好象可以穿过云层，直达高空。,xiǎng chè yún xiāo,响彻云霄,xcyx,xiang che yun xiao,xiang,xiao
《楞严经》如存不存，若尽不尽，如是一类，名非想非非想处。”,当下～，一头说一头要弄计赚骗缪寄萍的书。★清·黄小配《大马扁》第二回,非非原为佛家语，表示虚幻的境界。想到非常玄妙虚幻的地方去了。形容完全脱离现实地胡思乱想。,xiǎng rù fēi fēi,想入非非,xrff,xiang ru fei fei,xiang,fei
清·刘坤一《致张香涛书》［定兴］乃于署督篆任内，奏参银元局及淮山盐务，牵涉敝署，不无激射之词，论者谓为项庄舞剑，而弟因未尝稍存芥蒂也。”,无,比喻说话和行动的真实意图别有所指。同项庄舞剑，意在沛公”,xiàng zhuāng wǔ jiàn,项庄舞剑,xzwj,xiang zhuang wu jian,xiang,jian
清·文康《儿女英雄传》第二回这番调动，老爷可必得像模像样答上头的情才使得呢。”,小镇到处都在盘算和议论着，怎样～地给将军送行。★陈世旭《小镇上的将军》,形容着重或隆重的样子。,xiàng mó xiàng yàng,像模像样,xmxy,xiang mo xiang yang,xiang,yang
《淮南子·说林训》夫所以养而害所养，譬犹削足而适履，杀头而便冠。”,是借用，就难免有～”和挂一漏万”的毛病了。★闻一多《四杰》,适适应；履鞋。因为鞋小脚大，就把脚削去一块来凑和鞋的大小。比喻不合理的牵就凑合或不顾具体条件，生搬硬套。,xuē zú shì lǚ,削足适履,xzsl,xue zu shi lv,xue,lv
《南齐书·戴僧静传》其党辅国将军孙昙瓘骁勇善战，每荡一合，辄大杀伤，官军死者百于人。”,无,勇猛，善于战斗。,xiāo yǒng shàn zhàn,骁勇善战,xysz,xiao yong shan zhan,xiao,zhan
无,陈老板对于员工们的～毫无办法，只得同意增加工资。,指用消极的方法不认真工作。,xiāo jí dài gōng,消极怠工,xjdg,xiao ji dai gong,xiao,gong
巴金《探索集·再说小骗子》那些造神召鬼、制造冤案、虚报产量、逼死人命等等、等等的大骗子是不会长期逍遥法外的。”,这些该死的反动派，当然也抓到一些，可是总还有～的。★丁玲《粮秣主任》,逍遥优游自得的样子。指犯法的人没有受到法律制裁，仍然自由自在。,xiāo yáo fǎ wài,逍遥法外,xyfw,xiao yao fa wai,xiao,wai
宋·释道原《景德传灯录》卷二十九丈夫运用堂堂，逍遥自在无妨。” 宋·释普济《五灯会元》二十四腊，逍遥自在，逢人则喜，见佛不拜。”,倒不如院长，放下名心，～。★清·陈忱《水浒后传》第十四回,无拘无束，安闲自得。,xiāo yáo zì zài,逍遥自在,xyzz,xiao yao zi zai,xiao,zai
宋·孙光宪《北梦琐言》卷十一家生避地，亦到锦江，然畏颖川知之，遂旅游资中郡，销声敛迹，惟恐人知。”,他生平最是趋炎附势的，如何肯～。★清·李宝嘉《官场现形记》第二十八回,销通消”，消失；匿隐藏；迹踪迹。指隐藏起来，不公开露面。,xiāo shēng nì jì,销声匿迹,xsnj,xiao sheng ni ji,xiao,ji
无,无,指非经正式途径传播的消息。往往传闻失实，并不可靠。,xiǎo dào xiāo xī,小道消息,xdxx,xiao dao xiao xi,xiao,xi
刘绍棠《鱼菱风景》二‘正大，不要小肚鸡肠……’吴钩轻声低语。”,你如此～，怎能成大事呢？,比喻器量狭小，只考虑小事，不照顾大局。,xiǎo dù jī cháng,小肚鸡肠,xdjc,xiao du ji chang,xiao,chang
清·岭南羽衣女士《东欧女豪杰》第三回偶有一个狡猾的民贼出来，略用些小恩小惠来抚弄他，他便欢天喜地感恩戴德。”,无,恩、惠给人的好处。为了笼络人而给人的一点好处。,xiǎo ēn xiǎo huì,小恩小惠,xexh,xiao en xiao hui,xiao,hui
《乐府诗集·碧玉歌》碧玉小家女，不敢攀贵德。感郎义气重，遂得结金兰。”,无论南部烟花，～，只要有宜男相，便算得如意珠。★清·彭养鸥《黑籍冤魂》第二十一回,旧时指小户人家美丽的年轻女子。,xiǎo jiā bì yù,小家碧玉,xjby,xiao jia bi yu,xiao,yu
《汉书·霍光传》使乐成小家子得幸将军同，至九卿封侯。”,若题目过于新巧，韵过于险，再不得好诗，倒～。（清·曹雪芹《红楼梦》第三十七回）,小家子旧指出身低微的人。形容人的言谈举止及做事不大方。,xiǎo jiā zi qì,小家子气,xjzq,xiao jia zi qi,xiao,qi
毛泽东《关于农业合作化问题》一我们的某些同志却象一个小脚女人，东摇西摆地在那里走路，老是埋怨旁人说走快了，走快了。”,［高金海］大肆吹嘘自己，并且暗暗讽刺刘秋果是～，老牛破车。★刘绍棠《田野落霞》一,因用以指思想保守的人。,xiǎo jiǎo nǚ rén,小脚女人,xjnr,xiao jiao nv ren,xiao,ren
《旧唐书·长孙无忌传》禇遂良学问稍长，性亦坚正，既写忠诚，甚亲附于朕，譬如飞鸟依人，自加怜爱。”,无,依依恋。象小鸟那样依傍着人。形容少女或小孩娇小可爱的样子。,xiǎo niǎo yī rén,小鸟依人,xnyr,xiao niao yi ren,xiao,ren
宋·辛弃疾《临江仙·戏为山园壁解嘲》词莫笑吾家巷壁小，稜层势欲摩空。相知唯有主人翁，有心雄泰华，无意巧玲珑。”,因为西湖的好处是在它的～，就象规模放大了的庭园；琵琶湖那样宏阔的大湖，是没有这种风味的。★郭沫若《革命春秋·创造十年》,小巧小而灵巧；玲珑精巧细致。形容东西小而精致。,xiǎo qiǎo líng lóng,小巧玲珑,xqll,xiao qiao ling long,xiao,long
清·方东树《昭昧詹言》卷二十［山谷诗《云涛石》］全是以实形虚，小题大做，极远大之势可谓奇想高妙。”,他用了多少本钱，费了多少手脚，只骗得七千银子，未免～了。★清·吴研人《二十年目睹之怪现状》第六十三回,指拿小题目作大文章。比喻不恰当地把小事当作大事来处理，有故意夸张的意思。,xiǎo tí dà zuò,小题大做,xtdz,xiao ti da zuo,xiao,zuo
《汉书·霍光传》出入禁闼二十余年，小心谨慎，未尝有过。”,杜兴到此多时，～。★清·陈忱《水浒后传》第四回,形容言行慎重，不敢疏忽。,xiǎo xīn jǐn shèn,小心谨慎,xxjs,xiao xin jin shen,xiao,shen
《诗经·大雅·大明》维此文王，小心翼翼。”,母亲～地起床做饭，心里欣喜地想，让儿子多睡一会，不要惊醒他。★冯德英《迎春花》第二章,翼翼严肃谨慎。本是严肃恭敬的意思。现形容谨慎小心，一点不敢疏忽。,xiǎo xīn yì yì,小心翼翼,xxyy,xiao xin yi yi,xiao,yi
《北齐书·薛修义传》遂轻诣垒下，晓以利害。”,无,晓使人知道。把事情的利害关系给人讲清楚。,xiǎo yǐ lì hài,晓以利害,xylh,xiao yi li hai,xiao,hai
明·周楫《西湖二集·祖统制显灵救驾》凡遇人，只劝人以‘孝悌忠信’四字。”,人以～是教，家惟礼义廉耻是尚。★清·西周生《醒世姻缘传》第二十三回,指孝顺父母，尊敬兄长，忠于君主，取信于朋友的封建社会的应具备的道德标准。,xiào tì zhōng xìn,孝悌忠信,xtzx,xiao ti zhong xin,xiao,xin
唐·李白《山中问答》诗问余何意栖碧山，笑而不答心自闲。”,无,只是微笑着，不作正面回答。,xiào ér bù dá,笑而不答,xebd,xiao er bu da,xiao,da
明·罗贯中《三国演义》第九十五回果见孔明坐于城楼之上，笑容可掬，焚香操琴。”,这些学生们一天总是那么活泼开朗，～。,掬双手捧取。形容笑容满面。,xiào róng kě jū,笑容可掬,xrkj,xiao rong ke ju,xiao,ju
明·施耐庵《水浒全传》第四十二回宋江见了，喜从天降，笑逐颜开。”,他们听到这个好消息，一个个～。,逐追随；颜脸面，面容；开舒展开来。笑得使面容舒展开来。形容满脸笑容，十分高兴的样子。,xiào zhú yán kāi,笑逐颜开,xzyk,xiao zhu yan kai,xiao,kai
无,无,不正当的、不正派的压不倒正当的、正派的事物。,xié bù yā zhèng,邪不压正,xbyz,xie bu ya zheng,xie,zheng
明·冯惟敏《正官端正好·徐我亭归田》祖孙空切陈情表，母子遥悬陟屺怀，到如今谢天谢地全恩爱。”,～，这件事总算办成了。,表示目的达到或困难解除后满意轻松的心情。,xiè tiān xiè dì,谢天谢地,xtxd,xie tian xie di,xie,di
无,"到后来忘却了真,相信了谎,也就～,天趣盎然了起来。（鲁迅《病后杂谈》）",得适合。自以为做的事情合乎道理，心里很坦然。,xīn ān lǐ dé,心安理得,xald,xin an li de,xin,de
《礼记·大学》心不在焉，视而不见，听而不闻，食而不知其味。”,讲话时做腔做势，而又带着～的样子，这似乎都是纨绔子弟的特征，普遍而一律的。★柔石《二月》六,心思不在这里。指思想不集中。,xīn bù zài yān,心不在焉,xbzy,xin bu zai yan,xin,yan
无,这特大喜讯怎能不让我们心潮澎湃，热血沸腾。,澎湃波涛冲击的声音。心里象浪潮翻腾。形容心情十分激动，不能平静。,xīn cháo péng pài,心潮澎湃,xcpp,xin chao peng pai,xin,pai
《隋书·史祥传》身在边隅，情驰魏阙。”,那美丽如画的山水真让我～。,驰奔驰。心神奔向所向往的事物。形容一心向往。,xīn chí shén wǎng,心驰神往,xcsw,xin chi shen wang,xin,wang
金近《他叫东郭先生”》他下定决心，往后不再心慈手软了。”,在这场斗争中，我们决不能～。★《人民日报》1976.11.4,心怀恻隐而不忍下手。,xīn cí shǒu ruǎn,心慈手软,xcsr,xin ci shou ruan,xin,ruan
汉·司马相如《子虚赋》吞若云梦者八九于其胸中，曾不芥蒂。”,若在平时，吴佩孚定要反对，此际却～，貌为客气。★蔡东藩、许厪父《民国通俗演义》第一百二十六回,芥蒂本指细小的梗塞物，后比喻心里的不满或不快。指心里对人对事有怨恨或不愉快的情绪。,xīn cún jiè dì,心存芥蒂,xcjd,xin cun jie di,xin,di
《楚辞·卜居》心烦意乱，不知所从。”,袁绍回冀州，～，不理政事。★明·罗贯中《三国演义》第三十一回,意心思。心思烦乱，不知怎样才好。,xīn fán yì luàn,心烦意乱,xfyl,xin fan yi luan,xin,luan
《庄子·寓言》利义陈乎前，而好恶是非直服人之口而已矣。使人乃以心服，而不敢蘤立，定天下之定。”,如今请出一个管得着的人来管一管，嫂子就～，也知道规矩了。★清·曹雪芹《红楼梦》第五十九回,服信服。心里嘴上都信服。指真心信服。,xīn fú kǒu fú,心服口服,xfkf,xin fu kou fu,xin,fu
无,无,形容人性情浮躁，做事不踏实。,xīn fú qì zào,心浮气躁,xfqz,xin fu qi zao,xin,zao
无,无,指严重隐患或要害部门的大患。同心腹重患”。,xīn fù dà huàn,心腹大患,xfdh,xin fu da huan,xin,huan
《左传·哀公十一年》越在我，心腹之疾也。”《后汉书·陈蕃传》寇贼在处，四肢之疾；内政不理，心腹之患。”,大家都这么想，这个～一天不除，就一天不得安宁。,心腹比喻要害。比喻隐藏在内部的严重祸害。也泛指最大的隐患。,xīn fù zhī huàn,心腹之患,xfzh,xin fu zhi huan,xin,huan
宋·王明清《摭青杂说·项四郎》此事儿甘心情愿也。”,温州不算十分穷苦的地方，也没碰着大荒年，干什么得了七个小毛钱，就～的将自己的小妹子捧给人家呢？★朱自清《温州的踪迹》,心里完全愿意，没有一点勉强。多指自愿做出某种牺牲。,xīn gān qíng yuàn,心甘情愿,xgqy,xin gan qing yuan,xin,yuan
元·无名氏《冻苏秦》第一折我可也心高气傲惹人憎。”,他到任之后，靠着自己内有奥援，总有点～。（清·李宝嘉《官场现形记》第四十二回）,心比天高，气性骄傲。态度傲慢，自以为高人一等。,xīn gāo qì ào,心高气傲,xgqa,xin gao qi ao,xin,ao
明·冯梦龙《醒世恒言》第三十三卷那小娘子听了，欲待不信，又见十五贯钱堆在面前；欲待信来，他平白与我没半句言语，大娘子又过得好，怎么便下得这等狠心辣手。”,他颐指气使人，～。★林平《从夏三虫说开去》,心肠凶狠，手段毒辣。,xīn hěn shǒu là,心狠手辣,xhsl,xin hen shou la,xin,la
清·李宝嘉《文明小史》第六十回平中丞此时喜得心花怒放，连说‘难为他了，难为他了。’”,想起这件高兴事，不觉～。,怒放盛开。心里高兴得象花儿盛开一样。形容极其高兴。,xīn huā nù fàng,心花怒放,xhnf,xin hua nu fang,xin,fang
明·凌濛初《二刻拍案惊奇》谁知素梅心怀鬼胎，只是长吁短叹，好生愁闷，默默归房去了。”,无,比喻藏着不可告人的心事。,xīn huái guǐ tāi,心怀鬼胎,xhgt,xin huai gui tai,xin,tai
明·罗贯中《三国演义》第五十七回曹操心怀叵测，叔父若往，恐遭其害。”,他的为人处世，表明他是一个～的人。,心怀民心，存心；叵不可。指存心险恶，不可推测。,xīn huái pǒ cè,心怀叵测,xhpc,xin huai po ce,xin,ce
清·蒲松龄《聊斋志异·巧娘》听松声谡谡，宵虫哀奏，中心忐忑，悔至如烧。”,十月怀胎，一朝分娩，新生命就要诞生了，他～，默默地祝愿母子平安。★霍达《穆斯林的葬礼》第八章,心神不宁的样子。指因心虛或忧虑而不能安心。,xīn huái tǎn tè,心怀忐忑,xhtt,xin huai tan te,xin,te
清·吴趼人《二十年目睹之怪现状》第十八回孩儿自从接了电报之后，心慌意乱。”,这件不该发生的事出现了，让他～。,心里着慌，乱了主意。,xīn huāng yì luàn,心慌意乱,xhyl,xin huang yi luan,xin,luan
明·吴承恩《西游记》第四十回因此上怪他每每不听我说，故我意懒心灰，说各人散了。”,l先生大为～，法西斯的气概顿然消失，披发入山去做和尚去了。★邹韬奋《患难余生记·流亡》,灰心失望，意志消沉。,xīn huī yì lěng,心灰意冷,xhyl,xin hui yi leng,xin,leng
清·吴璇《飞龙全传》那管院的太监，心燎意急，一筹莫展。”,铁头～，忽噜忽噜喝碗菜粥，摞下筷子。★管桦《上学》,心里急得像火烧一样。形容非常焦急。,xīn jí huǒ liǎo,心急火燎,xjhl,xin ji huo liao,xin,liao
元·王实甫《西厢记》第一本第四折要看个十分饱。”金圣叹批心急如火，更不能待。”,李自成～，只觉得树木伐得太慢。★姚雪垠《李自成》第二卷第二十六章,心里急得象着了火一样。形容非常着急。,xīn jí rú fén,心急如焚,xjrf,xin ji ru fen,xin,fen
元·无名氏《碧桃花》第三折不由我不心惊胆战，索陪着笑脸儿褪后趋前。”,无,战通颤”，发抖。形容十分害怕。,xīn jīng dǎn zhàn,心惊胆战,xjdz,xin jing dan zhan,xin,zhan
元·无名氏《争报恩》第三折不知怎么，这一会儿心惊肉战，这一双好小脚儿再走也走不动了。”,在那个闷热的夜晚，发生了那种淑娴现在想起还～的事情，使她的精神受到极大的创伤。★冯德英《迎春花》第十五章,形容担心灾祸临头，恐慌不安。,xīn jīng ròu tiào,心惊肉跳,xjrt,xin jing rou tiao,xin,tiao
宋·范仲淹《岳阳楼记》登斯楼也，则有心旷神怡，宠辱皆忘，把酒临风，其喜洋洋者也。”,又登海天阁，见万顷银涛，千山削翠，～。★清·陈忱《水浒后传》第四十回,旷开阔；怡愉快。心境开阔，精神愉快。,xīn kuàng shén yí,心旷神怡,xksy,xin kuang shen yi,xin,yi
冰心《南归—贡献给母亲在天之灵》我们心力交瘁，能报母亲的恩慈于万一么？”,无,交一齐，同时；瘁疲劳。精神和体力都极度劳累。,xīn lì jiāo cuì,心力交瘁,xljc,xin li jiao cui,xin,cui
霍达《穆斯林的葬礼》第八章‘啊？心力衰竭？’天星把妹妹抱上病床，他的胳膊在抖，嘴唇也在抖，妹妹的惭他吓傻了，她还不满十八岁，怎么会……衰竭？”,无,也称充血性心力衰竭或心功能不全。心脏因疾病、过劳、排血功能减弱，以至排血量不能满足器官及组织代谢的需要。主要症状是呼吸困难、喘息、水肿等。,xīn lì shuāi jié,心力衰竭,xlsj,xin li shuai jie,xin,jie
清·孔尚任《桃花扇·栖真》香姐心灵手巧，一捻针线，就是不同的。”,无,心思灵敏，手艺巧妙（多用在女子）。,xīn líng shǒu qiǎo,心灵手巧,xlsq,xin ling shou qiao,xin,qiao
明·吴海《送傅德谦还临川序》读书有得，冥然感于中，心领神会，端坐若失。”,闻语法要，辄～。★明·赵弼《觉寿居士传》,领、会领悟，理解。指对方没有明说，心里已经领会。,xīn lǐng shén huì,心领神会,xlsh,xin ling shen hui,xin,hui
元·五实甫《西厢记》第一本第二折金圣叹批此其心乱如麻可知也。”,想到这一点，他～，一夜都没有合过眼儿。★欧阳山《苦斗》五四,心里乱得象一团乱麻。形容心里非常烦乱。,xīn luàn rú má,心乱如麻,xlrm,xin luan ru ma,xin,ma
宋·吕祖谦《晋论》中君臣上下，自以为江东之业为万世之安，心满意足。”,两个小的，亦被武松搠死……武松道我方才～，走了罢休！”★明·施耐庵《水浒传》第三十一回,形容心中非常满意。,xīn mǎn yì zú,心满意足,xmyz,xin man yi zu,xin,zu
宋·苏轼《菜羹赋》先生心平而气和，故虽老而体胖。”,一想到事情的前因后果，他也就～了。,心情平静，态度温和。指不急躁，不生气。,xīn píng qì hé,心平气和,xpqh,xin ping qi he,xin,he
元·秦简夫《赵礼让肥》第一折待着些粗粝，眼睁睁俺子母各天涯，想起来我心如刀割。”,无,内心痛苦得象刀割一样。,xīn rú dāo gē,心如刀割,xrdg,xin ru dao ge,xin,ge
元·秦简夫《赵礼让肥》第一折待着些粗粝，眼睁睁俺子母各天涯，想起来我心如刀割。”,殷郊又见殷洪，～，意似油煎。★明·许仲琳《封神演义》第九回,内心痛苦得象刀割一样。,xīn rú dāo jiǎo,心如刀绞,xrdj,xin ru dao jiao,xin,jiao
唐·白居易《祭李侍郎文》浩浩世途，是非同轨；齿牙相轧，波澜四起。公独何人，心如止水；风雨如晦，鸡鸣不已。”,屡遭情变之后，她已然～，古井无波。,形容心境平静，毫无杂念。,xīn rú zhǐ shuǐ,心如止水,xrzs,xin ru zhi shui,xin,shui
清·曹雪芹《红楼梦》第一百十三回便把丰儿等支开，叫刘老老坐在床前，告诉他心神不宁，如见鬼的样子。”,无,定安定。心里烦躁，精神不安。,xīn shén bù dìng,心神不定,xsbd,xin shen bu ding,xin,ding
明·吴承恩《西游记》第33回（三藏）心神不宁道‘徒弟啊，我怎么打寒噤呢？’”,她自己也惊讶为什么如此～，最后她自慰地想到‘是因为等待慧来。’★茅盾《幻灭》,定安定。形容心情不平静。,xīn shén bù níng,心神不宁,xsbn,xin shen bu ning,xin,ning
罗广斌、杨益言《红岩》第二七章毛人凤正心事重重地在地毯上来回走着。”,她近日来愁眉不展，像是～的样子。,心里挂着很多沉重的顾虑。,xīn shì chóng chóng,心事重重,xscc,xin shi chong chong,xin,chong
明·罗贯中《三国演义》第十九回宫日‘汝心术不正，我故弃汝！’”,无,指人用心不忠厚，不正派。,xīn shù bù zhèng,心术不正,xsbz,xin shu bu zheng,xin,zheng
冰心《谈信纸信封》有不少人像我一样，在写信的时候，喜欢在一张白纸，或者只带着道道的纸上，不受拘束地，心无旁骛地抒写下去的。”,无,旁；另外的；骛追求。心思没有另外的追求，形容心思集中，专心致志。,xīn wú páng wù,心无旁骛,xwpw,xin wu pang wu,xin,wu
吴梅《题天香石砚室棋谱》诗颇闻棋诀在善守，心细如发才如斗。”,八、九年的部队生活和她的特殊地位，养成她举止老练、大方，明辨是非，遇事果断，而又～。★姚雪垠《李自成》第一卷第四章,极言小心谨慎，考虑周密。亦作心细于发”。,xīn xì rú fā,心细如发,xxrf,xin xi ru fa,xin,fa
《史记·孔子世家》虽不能至，然心向往之。”,无,对某个人或事物心里很向往。,xīn xiàng wǎng zhī,心向往之,xxwz,xin xiang wang zhi,xin,zhi
宋·释普济《五灯会元》卷十五心心不停，念念不住。”,有人遇一事，则～不肯舍，毕竟何益？★宋《二程全书·遗书二上》,心心指所有的心思；念念指所有的念头。心里老是想着。指想做某件事或得到某种东西。,xīn xīn niàn niàn,心心念念,xxnn,xin xin nian nian,xin,nian
《六祖大师法宝坛经》吾传佛心印，安敢违于佛经。”《黄蘖传心法要》迦叶以来，以心印心，心心不异。”,抚台看了，彼此～，断无驳回之理。★清·李宝嘉《官场现形记》第五十九回,心心意，思想感情；印符合。彼此的心意不用说出，就可以互相了解。形容彼此思想感情完全一致。,xīn xīn xiāng yìn,心心相印,xxxy,xin xin xiang yin,xin,yin
明·许仲琳《封神演义》第三十四回但凡神仙，烦恼、嗔痴、爱欲三事永忘……心血来潮者，心中忽动耳。”,想着，一时～，跟在冯老兰背后走进家去。★梁斌《红旗谱》十二,来潮潮水上涨。指心里突然或偶然起了一个念头。,xīn xuè lái cháo,心血来潮,xxlc,xin xue lai chao,xin,chao
孙犁《奋勇地前进、战斗—在一次座谈会上的发言》如果他第一次在路上遇到的只是井绳，他就不会心有余悸了。”,无,悸因害怕而心跳得厉害。危险的事情虽然过去了，回想起来心里还害怕。,xīn yǒu yú jì,心有余悸,xyyj,xin you yu ji,xin,ji
汉·魏伯阳《参同契》注心猿不定，意马四驰。”唐·许浑《题杜居士》诗机尽心猿伏，神闲意马行。”,俺从今把～紧牢拴，将繁华不挂眼。★元·关汉卿《望江亭》第一折,心意好象猴子跳、马奔跑一样控制不住。形容心里东想西想，安静不下来。,xīn yuán yì mǎ,心猿意马,xyym,xin yuan yi ma,xin,ma
《孟子·公孙丑上》以力服人者，非心服也，力不赡也；以德服人者，中心悦而诚服也，如七十子之服孔子也。”,小弟若在两位才女跟前称了晚生，不但毫不委曲，并且～。★清·李汝珍《镜花缘》第二十三回,悦愉快，高兴；诚硬实。由衷地高兴，真心地服气。指真心地服气或服从。,xīn yuè chéng fú,心悦诚服,xycf,xin yue cheng fu,xin,fu
晋·潘岳《夏侯常侍诔》心照神交，唯我与子。”后作心照不宣”。,哦，哦，那算是我多说了，你是老门槛，我们～，是不是！★茅盾《子夜》十一,照知道；宣公开说出。彼此心里明白，而不公开说出来。,xīn zhào bù xuān,心照不宣,xzbx,xin zhao bu xuan,xin,xuan
元·张国宾《罗李郎》第四折哥哥是心直口快射粮军，哥哥是好人。”,这是一个～，喜欢吵吵闹闹的人。★沙汀《磁力》,性情直爽，有话就说。,xīn zhí kǒu kuài,心直口快,xzkk,xin zhi kou kuai,xin,kuai
姚雪垠《李自成》第二卷第三十一章周后心中无数，说‘象这样小事，你自己斟酌去办，用不着向我请旨。’”,无,指对情况了解不清楚，心里没有底。,xīn zhōng wú shù,心中无数,xzws,xin zhong wu shu,xin,shu
冯德英《迎春花》第八章春玲要先同儒春谈一次，摸摸他的底，心中有数，为她去和老东山交锋做准备。”,无,对情况和问题有基本的了解，处理事情有一定把握。,xīn zhōng yǒu shù,心中有数,xzys,xin zhong you shu,xin,shu
清·霁园主人《夜谭随录·护军女》少年得其应答，惊喜若狂。”,全班同学～，向取得第一名的同学庆祝。,欣喜快乐；若好象；狂失去控制。形容高兴到了极点。,xīn xǐ ruò kuáng,欣喜若狂,xxrk,xin xi ruo kuang,xin,kuang
晋·陶潜《归去来辞》木欣欣以向荣，泉涓涓而始流。”,在其间～的，只有鲜花和绿草，这是比喻对于将来的希望。★叶圣陶《搭班子》,欣欣形容草木生长旺盛；荣茂盛。形容草木长得茂盛。比喻事业蓬勃发展，兴旺昌盛。,xīn xīn xiàng róng,欣欣向荣,xxxr,xin xin xiang rong,xin,rong
毛泽东《矛盾论》世界上总是这样以新的代替旧的，总是这样新陈代谢、除旧布新或推陈出新的。”,无,陈陈旧的；代替换；谢凋谢，衰亡。指生物体不断用新物质代替旧物质的过程。也指新事物不断产生发展，代替旧的事物。,xīn chén dài xiè,新陈代谢,xcdx,xin chen dai xie,xin,xie
《诗经·邶风·谷风》燕尔新婚，如兄如弟。”,俺两个相见时，则他那旧性全无，共妾身～。★元·戴善夫《风光好》第四折,原为弃妇诉说原夫再娶与新欢作乐，后反其意，用作庆贺新婚之辞。形容新婚时的欢乐。,xīn hūn yàn ěr,新婚燕尔,xhye,xin hun yan er,xin,er
晋·孙盛《晋阳秋》王衍，字夷甫，能言，于意有不安者，辄更易之，时号口中雌黄。”,如果孙俊英按事实讲也没有什么，但是她加油添醋，～，凭空捏造，极尽诬蔑挑拨之能事。★冯德英《迎春花》第二十一章,信任凭，听任；雌黄即鸡冠石，黄色矿物，用作颜料。古人用黄纸写字，写错了，用雌黄涂抹后改写。比喻不顾事实，随口乱说。,xìn kǒu cí huáng,信口雌黄,xkch,xin kou ci huang,xin,huang
元·王实甫《西厢记》第二本第三折你那里休聒，不当一个信口开合知。”,村老老是～，情哥哥偏寻根究底。★清·曹雪芹《红楼梦》第三十九回,比喻随口乱说一气。,xìn kǒu kāi hé,信口开河,xkkh,xin kou kai he,xin,he
清·李绿园《歧路灯》第八十六回却说王氏是一个昏天黑地的母亲，绍闻是一个信马由缰的儿子。”,他～地走到中央公园，糊里糊涂地买了一张门券进去。（老舍《老张的哲学》第三十二章）,信、由听任。骑着马无目的地闲逛。比喻随便走走。也比喻无主见，随外力而转移。,xìn mǎ yóu jiāng,信马由缰,xmyj,xin ma you jiang,xin,jiang
《诗经·卫风·氓》言笑晏晏，信誓旦旦。”,臣乃脉定于内，心正于怀，～，秉志不回，翻然高举，与彼长辞。★鲁迅《汉文学史纲要》第十篇,信誓表示诚意的誓言；旦旦诚恳的样子。誓言说得真实可信。,xìn shì dàn dàn,信誓旦旦,xsdd,xin shi dan dan,xin,dan
宋·苏轼《次韵孔毅甫集古人句见赠》诗前身子美只君是，信手拈来俱天成。”,惹一番～斧痕。★元·无名氏《度柳翠》第一折,信手随手；拈用手指捏取东西。随手拿来。多指写文章时能自由纯熟的选用词语或应用典故，用不着怎么思考。,xìn shǒu niān lái,信手拈来,xsnl,xin shou nian lai,xin,lai
明·冯梦龙《醒世恒言·李沠公穷邸遇侠客》只因他平日冒称是宰相房玄龄之后，在人前夸炫家世，同僚中不知他的来历，信以为真，把他十分敬重。”,宝玉又问他地名庄名，来往远近，坐落何方，刘老老便顺口诌了出来。宝玉～。★清·曹雪琴《红楼梦》第三十九回,相信他是真的。指把假的当作真的。,xìn yǐ wéi zhēn,信以为真,xywz,xin yi wei zhen,xin,zhen
元·无名氏《锁魔镜》第一折嘉州有冷，源二河，河内有一健蛟，兴风作浪，损害人民。”,头两天见姊夫同前任不对，他便于中～，挑剔前任的帐房。★清·李宝嘉《官场现形记》第四十一回,兴、作引起。原指神话小说中妖魔鬼怪施展法术掀起风浪◇多比喻煽动情绪，挑起事端。,xīng fēng zuò làng,兴风作浪,xfzl,xing feng zuo lang,xing,lang
南朝梁·刘勰《文心雕龙·体性》步夜俊侠，故兴高而采烈。”,阿二忽然对于曾沧海的威吓全没怕惧，反而～的说起来了。（茅盾《子夜》四）,兴原指志趣，后指兴致；采原指神采，后指精神；烈旺盛。原指文章志趣高尚，言词犀利◇多形容兴致高，精神饱满。,xìng gāo cǎi liè,兴高采烈,xgcl,xing gao cai lie,xing,lie
《管子·君臣下》为民兴利除害，正民之德。”宋·王安石《答司马谏议书》举先王之政，以兴利除弊，不为生事。”,无,弊害处，坏处。兴办对国家人民有益利的事业，除去各种弊端。,xīng lì chú bì,兴利除弊,xlcb,xing li chu bi,xing,bi
无,无,形容兴趣浓厚。,xìng qù àng rán,兴趣盎然,xqar,xing qu ang ran,xing,ran
《吴子·励士》夫发号布令，而人乐闻；兴师动众，而人乐战；交兵接刃，而人乐死。”,既然怕～，不如不养活这些闲人了！★清·吴敬梓《儒林外史》第四十三回,兴发动；众大队人马。旧指大规模出兵。现多指动用很多人力做某件事。,xīng shī dòng zhòng,兴师动众,xsdz,xing shi dong zhong,xing,zhong
宋·沈括《梦溪笔谈》卷二十五元昊乃改元，制衣冠礼乐，下令国中，悉用蕃书、胡礼，自称大夏。朝廷兴师问罪。”,他们哪里是来拜望我的呵，他们是来～的。★蒋光慈《田野的风》,发动军队，声讨对方罪过。也指大闹意见，集合一伙人去上门责问。,xīng shī wèn zuì,兴师问罪,xswz,xing shi wen zui,xing,zui
清·李汝珍《镜花缘》第五十六回到了郡考，众人以为缁氏必不肯去，谁知他还是兴致勃勃道‘以天朝之大，岂无看文巨眼。’”,全班同学早就集合好，～地向野游地进发了。,兴致兴趣；勃勃旺盛的样子。形容兴头很足。,xìng zhì bó bó,兴致勃勃,xzbb,xing zhi bo bo,xing,bo
《书·盘庚上》若火之燎于原，不可向迩。”,无,一点儿小火星可以把整个原野烧起来。常比喻新生事物开始时力量虽然很小，但有旺盛的生命力，前途无限。,xīng huǒ liáo yuán,星火燎原,xhly,xing huo liao yuan,xing,yuan
汉·班固《西都赋》列卒周匝，星罗云布。”,到了晚上，那电气灯，自来火，～，照耀得彻夜通明，光辉如同白昼。★清·彭养鸥《黑籍冤魂》第十五回,罗罗列；布分布。象天空的星星和棋盘上的棋子那样分布着。形容数量很多，分布很广。,xīng luó qí bù,星罗棋布,xlqb,xing luo qi bu,xing,bu
元·王实甫《西厢记》他若是共小生，厮觑定，隔墙儿酬和到天明，方信道惺惺的自古惜惺惺。”,这是双方的互相倾慕，～，但是，又何尝不是一种缘分呢！★柳残阳《断肠花》第34章,性格、志趣、境遇相同的人互相爱护、同情、支持。,xīng xīng xiāng xī,惺惺相惜,xxxx,xing xing xiang xi,xing,xi
明·施耐庵《水浒传》第二十三回腥风血雨满松林，散乱毛发坠山奄。”,无,风里夹着腥味，雨点带着鲜血。形容疯狂杀戮的凶险气氛或环境。,xīng fēng xuè yǔ,腥风血雨,xfxy,xing feng xue yu,xing,yu
清·吴趼人《二十年目睹之怪现状》批评东西的毛病，说那东西的出处，着实是个行家。”,无,里手内行人。指精通这种业务的人。,háng jiā lǐ shǒu,行家里手,hjls,hang jia li shou,hang,shou
唐·牟融《送客之杭》西风吹冷透貂裘，行色匆匆不暂留。”,又是在～里，一两天要到新汉寿。★冰心《寄小读者》,行色出发前后的神态。行走或出发前后的神态举止急急忙忙的样子。,xíng sè cōng cōng,行色匆匆,xscc,xing se cong cong,xing,cong
晋·王嘉《拾遗记》卷六夫人好学，虽死若存；不学者，虽存，谓之行尸走肉耳。”,在他们的心目中，任何貌似强大的侵略者，都只不过是一群徒有虚表的～而已。★峻青《不尽巨涛滚滚来》,行尸可以走动的尸体；走肉会走动而没有灵魂的躯壳。比喻不动脑筋，不起作用，糊里糊涂过日子的人。,xíng shī zǒu ròu,行尸走肉,xszr,xing shi zou rou,xing,rou
宋·苏轼《答谢民师书》所示书教及诗赋杂文，观之熟矣；大略如行云流水，初无定质，但常行于所当行，止于不可不止。”,结构如～，层次分明，先后呼应。★茅盾《〈力原〉读后感》,形容文章自然不受约束，就象漂浮着的云和流动着的水一样。,xíng yún liú shuǐ,行云流水,xyls,xing yun liu shui,xing,shui
毛泽东《中中国共产党第八届中央委员会第二次全体会议上的讲话》整风是在我们历史上行之有效的办法。”,无,之代词，它，指办法、措施等；效成效，效果。实行起来有成效。指某种方法或措施已经实行过，证明很有效用。,xíng zhī yǒu xiào,行之有效,xzyx,xing zhi you xiao,xing,xiao
唐·韩愈《祭十二郎文》承先人后者，在孙惟汝，在子惟吾，两世一身，形单影只。”,因得常哭于芸娘之墓，影单形只，备极凄凉。★清·沈复《浮生六记·坎坷记愁》,形身体；只单独。只有自己的身体和自己的影子。形容孤独，没有同伴。,xíng dān yǐng zhī,形单影只,xdyz,xing dan ying zhi,xing,zhi
清·蒲松龄《聊斋志异·房文淑》邓以形迹可疑，故亦不敢告人，托之归宁而已。”,贴在教务处骂他的纸条，确有点过火，但也是他～所致。★鲁迅《两地书》一一,举动和神色值得怀疑。,xíng jì kě yí,形迹可疑,xjky,xing ji ke yi,xing,yi
无,可以逼得喜冷的人也热起来，～，不热不可。（谢觉哉《冷和热》）,指形势发展很快，迫使人不得不更加努力。,xíng shì bī rén,形势逼人,xsbr,xing shi bi ren,xing,ren
《列子·天瑞》有形者，有形形者，有色者，有色色者。”,人上一百，～，难免良莠不一，何况是上千上万。★姚雪垠《李自成》第一卷第六章,形形原指生出这种形体；色色原指生出这种颜色。指各式各样，种类很多。,xíng xíng sè sè,形形色色,xxss,xing xing se se,xing,se
清·纪昀《阅微草堂笔记》卷二青县农家少妇，性轻佻，随其夫操作，形影不离。”,他们俩是一对～的好朋友。,象形体和它的影子那样分不开。形容彼此关系亲密，经常在一起。,xíng yǐng bù lí,形影不离,xybl,xing ying bu li,xing,li
三国·魏·曹植《上责躬应诏诗表》窃感《相鼠》之篇，无礼遄死之义，形影相吊，五情愧郝。”唐·崔峒《江上书怀》胡越书难到，存亡梦岂知。登高回首罢，形影自相随。”,无,象形体和它的影子那样分不开。形容彼此关系亲密，经常在一起。,xíng yǐng xiāng suí,形影相随,xyxs,xing ying xiang sui,xing,sui
元·关汉卿《窦娥冤》第一折［孛老云］兀那婆婆，你是那里人氏？姓甚名谁？因甚着这个人将你勒死？ ”,无,询问打听人的姓名。,xìng shèn míng shuí,姓甚名谁,xsms,xing shen ming shui,xing,shui
《左传·僖公十四年》背施无亲，幸灾不仁。”又《庄公二十年》今王子颓歌舞不倦，乐祸也。”,对于同学的缺点和错误，我们不应采取～的态度。,幸高兴。指人缺乏善意，在别人遇到灾祸时感到高兴。,xìng zāi lè huò,幸灾乐祸,xzlh,xing zai le huo,xing,huo
元·无名氏《赚蒯通》第二折你去后多凶少吉，干这般尽忠竭力。”,主公抱搽月，被奸臣隔绝内外，声息不通。世子此梦，～。★明·冯梦龙《东周列国志》第三十二回,凶不幸；吉吉利。指估计事态的发展趋势不妙，凶害多，吉利少。,xiōng duō jí shǎo,凶多吉少,xdjs,xiong duo ji shao,xiong,shao
元·无名氏《桃花女》第三折又犯着金神七煞上路，又犯着太岁，遭这般凶神恶煞，必然板僵身死了也。”,大家一看见金四和那些～的家丁，就知道是怎么一回事了。★马忆湘《朝阳花》第一章,原指凶恶的神◇用来形容非常凶恶的人。,xiōng shén è shà,凶神恶煞,xses,xiong shen e sha,xiong,sha
柯岩《追赶太阳的人》吴丙治向他征收税款时，他～地威胁'谁有钱给你，小心你的脑袋吧！'”,无,毕完全。凶恶的面目完全暴露了出来。,xiōng xiàng bì lù,凶相毕露,xxbl,xiong xiang bi lu,xiong,lu
汉·司马相如《上林赋》沸乎暴怒，汹涌澎湃。”,两洋的潮水交织一起，形成一派～的大浪，这就是横扫亚非两洲的反殖民主义的浪潮。★杨朔《两洋潮水》,汹涌洪水猛烈上涌的样子；澎湃波浪互相撞击。形容声势浩大，不可阻挡。,xiōng yǒng péng pài,汹涌澎湃,xypp,xiong yong peng pai,xiong,pai
明·罗贯中《三国演义》第二十一回夫英雄者，胸怀大志，腹有良谋，有包藏宇宙之机，吞吐天地之志者也。”,无,怀怀藏。胸有远大志向。,xiōng huái dà zhì,胸怀大志,xhdz,xiong huai da zhi,xiong,zhi
宋·苏轼《文与可画筼箉谷偃竹记》故画竹，必先得成竹于胸中。”,毛委员～，决定马上向南去追赶部队。★陈伯钧《毛主席率领我们上井岗山》,原指画竹子要在心里有一幅竹子的形象◇比喻在做事之前已经拿定主意。,xiōng yǒu chéng zhú,胸有成竹,xycz,xiong you cheng zhu,xiong,zhu
毛泽东《党委会的工作方法》胸中有‘数’。这是说，对情况和问题一定要注意到它们的数量方面，要有基本的数量分析。”,无,指对情况有清楚的了解，心里有底。,xiōng zhōng yǒu shù,胸中有数,xzys,xiong zhong you shu,xiong,shu
《汉书·武帝纪赞》如武帝之雄才大略，不改文、景之恭俭以济斯民，虽《诗》、《书》所称，何有加焉？”,汉武帝～，命卫青、霍去病两员大将分路出兵，直扫匈奴巢穴，千古第一快事。★清·陈天华《狮子吼》第二回,非常杰出的才智和谋略。,xióng cái dà lüè,雄才大略,xcdl,xiong cai da lve,xiong,lve
无,我们来到～的金门桥时，顿时感到心胸开朗。,气势伟大美丽。,xióng wěi zhuàng guān,雄伟壮观,xwzg,xiong wei zhuang guan,xiong,guan
茅盾《新版后记》最初构思的时候，原也雄心勃勃，打算在我力所能及的广阔画面上把一些最典型的人物事态组织进去。”,无,勃勃旺盛的样子。形容雄心很大，很有理想。,xióng xīn bó bó,雄心勃勃,xxbb,xiong xin bo bo,xiong,bo
无,雄心壮志是促使一个人永远奋斗的发动机。,伟大的理想，宏伟的志愿。,xióng xīn zhuàng zhì,雄心壮志,xxzz,xiong xin zhuang zhi,xiong,zhi
《国语·周语下》晋国有忧，未尝不戚，有庆，未尝不怡。……为晋休戚，不背本也。”,岂可委之荒野，任凭暴露，全无一点～之意。★元·石君宝《曲江池》第四折,休欢乐，吉庆；戚悲哀，忧愁。忧喜、福祸彼此相关联。形容关系密切，利害相关。,xiū qī xiāng guān,休戚相关,xqxg,xiu qi xiang guan,xiu,guan
《晋书·王导传》吾与元规休戚是同，悠悠之谈，宜绝智者之口。”,我们是～的好同学。,忧喜、福祸彼此共同承担。形容关系密切，利害相同。,xiū qī yǔ gòng,休戚与共,xqyg,xiu qi yu gong,xiu,gong
唐·韩愈《平淮西碑》高宗中睿，休养生息。”,许其修睦，因以罢兵，庶几～，各正性命，仰合于天心。★清·毕沅《续资治通鉴·宋纪高宗绍兴十年》,休养何处保养；生息人口繁殖。指在战争或社会大动荡之后，减轻人民负担，安定生活，恢复元气。,xiū yǎng shēng xī,休养生息,xysx,xiu yang sheng xi,xiu,xi
《礼记·大学》古之欲明明德于天下者，先治其国；欲治其国者，先齐其家，欲齐其家者，先修其身。”,无,泛指伦理哲学和政治理论。,xiū qí zhì píng,修齐治平,xqzp,xiu qi zhi ping,xiu,ping
晋·陆机《日出东南隅行》鲜肤一何润，秀色若可餐。”,无,秀色美女姿容或自然美景；餐吃。原形容妇女美貌◇也形容景物秀丽。,xiù sè kě cān,秀色可餐,xskc,xiu se ke can,xiu,can
唐·韩愈《送李愿归盘谷序》曲眉丰颊，清声而便体，秀外而慧中。”,卿～，令人爱而忘死。★清·蒲松龄《聊斋志异·香玉》,秀秀丽；慧联盟。外表秀丽，内心聪明。,xiù wài huì zhōng,秀外慧中,xwhz,xiu wai hui zhong,xiu,zhong
唐·韩愈《祭柳子厚文》不善为斫，血指汗颜，巧匠旁观，缩手袖间。”宋·苏轼《朝辞赴定州论事状》奕棋者胜负之形，虽国工有所不尽，而袖手旁观者常尽之。”,荪老三的事就和我自己的事一样，我不能～。★茅盾《子夜》四,把手笼在袖子里，在一旁观看。比喻置身事外，既不过问，也不协助别人。,xiù shǒu páng guān,袖手旁观,xspg,xiu shou pang guan,xiu,guan
《忆邓拓·邓拓与人民日报》他认为古今一切有成就的人，都很严肃地对待自己的生命，不虚度年华。”,无,虚没有收获、成就。白白地度过年岁。,xū dù nián huá,虚度年华,xdnh,xu du nian hua,xu,hua
《老子》敦兮其若朴，旷兮其若谷。”,每个人都应有～的态度，遇事不固执己见。,虚谦虚；谷山谷。胸怀象山谷一样深广。形容十分谦虚，能容纳别人的意见。,xū huái ruò gǔ,虚怀若谷,xhrg,xu huai ruo gu,xu,gu
清·陈忱《水浒后传》第三回栾廷玉抵当不住，虚晃一枪，败阵而走。”,无,形容佯作进攻，以便退却。,xiù huàng yī qiāng,虚晃一枪,xhyq,xiu huang yi qiang,xiu,qiang
明·吴承恩《西游记》第三十回那妖精巧语花言，虚情假意的答道‘主公，微臣自幼儿好习弓马，采猎为生。’”,在我是～，你听了一样的难过。★清·曾朴《孽海花》第三十一回,虚假。装着对人热情，不是真心实意。,xū qíng jiǎ yì,虚情假意,xqjy,xu qing jia yi,xu,yi
明·冯梦龙《东周列国志》宁可虚位以待人，不可以人而滥位。”,无,留着位置等待。,xū wèi yǐ dài,虚位以待,xwyd,xu wei yi dai,xu,dai
唐·白居易《长恨歌》忽闻海上有仙山，山在虚无缥缈间。”,这都是～的事，那里有甚么神仙鬼怪！我却向来不信这个。★清·吴趼人《二十年目睹之怪现状》第二十五回,虚无空虚；缥缈隐隐约约，若有若无的样子。形容空虚渺茫。,xū wú piāo miǎo,虚无缥缈,xwpm,xu wu piao miao,xu,miao
明·罗贯中《三国演义》第四十九回岂不闻兵法‘虚虚实实’之论？操虽能用兵，只此可以瞒过他也。”,此诗～，何能逆料就是才女。★清·李汝珍《镜花缘》第九十回,假假真真，以假乱真。指军事上讲究策略，善于迷惑对方。也指文艺作品中虚写、实写并用，表现方法耐人思索回味。,xū xū shí shí,虚虚实实,xxss,xu xu shi shi,xu,shi
《庄子·应帝王》乡吾示之以未始出吾宗，吾与之虚而委蛇。”,他也要同你～了。★闻一多《诗与批评·戏剧的歧途》,虚假；委蛇随便应顺。指对人虚情假意，敷衍应酬。,xū yǔ wēi yí,虚与委蛇,xywy,xu yu wei yi,xu,yi
唐·韩愈《论淮西事宜状》淄青、恒冀两道，与蔡州气类略同，今闻讨伐元济，人情必有救助之意，然皆暗弱，自保无暇，虚张声势，则必有之。”,都只是～，止不过故意穷忙。★明·冯惟敏《不伏老》第一折,张铺张，夸大。假装出强大的气势。指假造声势，借以吓人。,xū zhāng shēng shì,虚张声势,xzss,xu zhang sheng shi,xu,shi
冰心《关于女人·我最尊敬体贴她们》孩子们安静听话，太太笑脸相迎，嘘寒问暖。”,无,嘘缓缓吹气。形容对人的生活十分关切，问冷问热。,xū hán wèn nuǎn,嘘寒问暖,xhwn,xu han wen nuan,xu,nuan
《庄子·齐物论》昔者庄周梦为胡蝶，栩栩然胡蝶也，自喻适志与！不知周也。俄然觉，则茫茫然周也。”,这些画里的虾所以～，是由于他深刻观察过真正的虾的生活，笔墨变化、写照已经达到了极高境界的缘故。★秦牧《虾趣》,栩栩活泼生动的样子。指艺术形象非常逼真，如同活的一样。,xǔ xǔ rú shēng,栩栩如生,xxrs,xu xu ru sheng,xu,sheng
《诗经·邶风·匏有苦叶》旭日始旦。”,我描写了她们怎么在黑暗中挣扎和怎样看到了～，破涕为笑。（老舍《最值得歌颂的事》）,旭日初升的太阳。早上太阳从东方升起。形容朝气蓬勃的气象。也比喻艰苦的岁月已过去，美好的日子刚刚来到。,xù rì dōng shēng,旭日东升,xrds,xu ri dong sheng,xu,sheng
无,公布栏上贴出公告，凡有～者，一概停职。,喝醉酒寻衅生事者。,xù jiǔ zī shì,酗酒滋事,xjzs,xu jiu zi shi,xu,shi
明·汤显祖《紫箫记·胜游》自成了人后，夜里和李郎絮叨叨到四五更鼓，番来覆去，那里睡来？”,那呆子～，只管念诵着陪礼，爬起来与沙僧又进。★明·吴承恩《西游记》第四十九回,形容说话罗嗦，唠叨。,xù xù dāo dāo,絮絮叨叨,xxdd,xu xu dao dao,xu,dao
唐·韩愈《岳阳楼别窦司直》诗轩然大波起，宇宙隘而妨。”,没想到这么点小事竟然引起这样一场～。,轩然波涛高高涌起的样子。高高涌起的波涛。比喻大的纠纷或乱子。,xuān rán dà bō,轩然大波,xrdb,xuan ran da bo,xuan,bo
清·杨宜治《俄程日记》近有喧宾夺主之势。”,无,喧声音大。客人的声音压倒了主人的声音。比喻外来的或次要的事物占据了原有的或主要的事物的位置。,xuān bīn duó zhǔ,喧宾夺主,xbdz,xuan bin duo zhu,xuan,zhu
无,无,一直拖在那里，没有得到解决。,xuán ér wèi jué,悬而未决,xewj,xuan er wei jue,xuan,jue
方纪《三峡之秋》爬上悬崖绝壁，听见虎豹的叫声。”,但是把人的心灵带到一种崇高的境界的，却是那些吸翠霞而夭矫”的松树，它们不怕山高，把根扎在～的隙缝，身子扭的像盘龙柱子。★李健吾《雨中登泰山》,形容山势险峻。同悬崖峭壁”。,xuán yá jué bì,悬崖绝壁,x,xuan ya jue bi,xuan,bi
清·纪昀《阅微草堂笔记》此书生悬崖勒马，可谓大智矣。”,您铸成大错在前，已经对不起天地祖宗，赶快～吧！★华而实《汉衣冠》三,悬崖高而陡的山崖；勒马收住缰绳，使马停步。在高高的山崖边上勒住马。比喻到了危险的边缘及时清醒回头。,xuán yá lè mǎ,悬崖勒马,xylm,xuan ya le ma,xuan,ma
明·施耐庵《水浒全传》第八十六回四面尽是高山，左右是悬崖峭壁，只见高山峻岭，无路可登。”,无,峭壁陡直的石壁。形容山势险峻。,xuán yá qiào bì,悬崖峭壁,xyqb,xuan ya qiao bi,xuan,bi
《旧唐书·食货志上》设官分职，选贤任能，得其人则有益于国家，非其才则贻患于黎庶，此以不可不知也。”,以道言之，～以匡社稷者，天下之公也。★清王夫之《读通鉴论·汉成帝》,盐任用贤能的人。亦作选贤与能”、选贤举能”。,xuǎn xián rèn néng,选贤任能,xxrn,xuan xian ren neng,xuan,neng
无,春节的文化庙会，各色传统手工艺品摆满店铺的柜台，～，令人眼花缭乱。,形容色彩华丽。,xuàn lì duō cǎi,绚丽多彩,xldc,xuan li duo cai,xuan,cai
《后汉书·张衡传》必也学非所用，术有所仰，故临川将济，而舟楫不存焉。”,更有一种专门技术家，归国后无所用其长，亦卒至～，不能施展。★冯玉祥《我的生活》第三十三章,所学的不是将来用得着的东西。比喻学习与实践相脱节。,xué fēi suǒ yòng,学非所用,xfsy,xue fei suo yong,xue,yong
《庄子·天下》惠施多方，其书五车。”,大贤世居大邦，见多识广，而且荣列胶庠，自然才贯二酉，～了。★清·李汝珍《镜花缘》第十六回,五车指五车书。形容读书多，学识丰富。,xué fù wǔ chē,学富五车,xfwc,xue fu wu che,xue,che
清·吴趼人《二十年目睹之怪现状》第八十一回本领事久闻这位某观察，是曾经某制军保举过他留心时务、学贯中西的。”,曹汝霖、章宗祥都是～的人物，但结果却都做卖国害民的事。（冯玉祥《我的生活》第二十八章）,形容学问贯通了中国和西方的种种知识。,xué guàn zhōng xī,学贯中西,xgzx,xue guan zhong xi,xue,xi
清·刘开《问说》理无专在，而学无止境也，然则问可少耶？”,无,指学业上是没有尽头的，应奋进不息。,xué wú zhǐ jìng,学无止境,xwzj,xue wu zhi jing,xue,jing
无,学习科学文化知识要符合实际，学以致用。,为了实际应用而学习。,xué yǐ zhì yòng,学以致用,xyzy,xue yi zhi yong,xue,yong
宋·释道原《景德传灯录》卷十九饶你道有什么事，犹是头上着头，雪上加霜。”,正在惊慌，偏又转了迎面大风，真是～。★清·李汝珍《镜花缘》第五十一回,比喻接连遭受灾难，损害愈加严重。,xuě shàng jiā shuāng,雪上加霜,xsjs,xue shang jia shuang,xue,shuang
宋·范成大《大雪送炭与芥隐》诗不是雪中须送炭，聊装风景要诗来。”,对于他们，第一步需要还不是锦上添花”，而是～”。★毛泽东《在延安文艺座谈会上的讲话》,在下雪天给人送炭取暖。比喻在别人急需时给以物质上或精神上的帮助。,xuě zhōng sòng tàn,雪中送炭,xzst,xue zhong song tan,xue,tan
元·无名氏《盆儿鬼》楔子此卦洽谈室一百日内，有血光之灾，只怕躲不过去。”,无,迷信指有被杀的灾祸，,xuè guāng zhī zāi,血光之灾,xgzz,xue guang zhi zai,xue,zai
无,无,形容留下的血架多。,xuè jì bān bān,血迹斑斑,xjbb,xue ji ban ban,xue,ban
《旧唐书·李密传》尸骸蔽野，血流成河，积怨满于山川，号哭动于天地。”,须臾～，顷刻尸如山积。★明·施耐庵《水浒全传》第一百九回,形容被杀的人极多。,xuè liú chéng hé,血流成河,xlch,xue liu cheng he,xue,he
唐·段成式《酉阳杂俎续集》其物匣刃而走，血流如注。”,朝奉头上被差官打了一个大窟窿，～。（清·李宝嘉《文明小史》第十二回）,注灌注。血流得象射出来的那样。形容血流得又多又急。,xuè liú rú zhù,血流如注,xlrz,xue liu ru zhu,xue,zhu
《论语·季氏》及其壮也，血气方刚，戒之在斗。”,公子杨干，乃悼公之同母弟，年方一十九岁，新拜中军戎御之职，～，未经战阵。★明·冯梦龙《东周列国志》第六十回,血气精力；方正；刚强劲。形容年青人精力正旺盛。,xuè qì fāng gāng,血气方刚,xqfg,xue qi fang gang,xue,gang
清·陈天华《狮子吼》第八回即有几个如狼似虎的狱吏，各执竹条，纵横乱打，打得血肉横飞，足足打了四个小时，方才丧命。”,无,形容发生爆炸等灾祸时，死伤者血肉四溅的惨状。,xuè ròu héng fēi,血肉横飞,xrhf,xue rou heng fei,xue,fei
宋·洪迈《雷击王四》趋视之，二百钱乃在其胁下皮内，与血肉相连。”,你和党的关系，不能不是这样息息相关，～呵。★闻捷《布沙热，我要为你唱一支歌》,象血和肉一样相互联系着。比喻关系十分密切，不可分离。,xuè ròu xiāng lián,血肉相连,xrxl,xue rou xiang lian,xue,lian
明·施耐庵《水浒传》第二十三回腥风血雨满松林，散乱毛发坠山奄。”,投身革命即为家，～应有涯。取义成仁今日事，人间遍种自由花。★陈毅《梅岭三章》诗,风里夹着腥味，雨点带着鲜血。形容疯狂杀戮的凶险气氛或环境。,xuè yǔ xīng fēng,血雨腥风,xyxf,xue yu xing feng,xue,feng
唐·杜甫《送灵州李判官》诗血战乾坤赤，氛迷日月黄。”,无,血战非常激烈地拼死地战斗。指激烈战斗到最后时刻。,xuè zhàn dào dǐ,血战到底,xzdd,xue zhan dao di,xue,di
清·吴梅《风洞山》附《先导》风尘倾洞，天地丘墟，这班人儿还要演起戏来寻欢作乐。”,也是地主恶霸～的场所。★陈登科《赤龙与丹凤》,寻求欢快，设法取乐。形容追求享乐。,xún huān zuò lè,寻欢作乐,xhzl,xun huan zuo le,xun,le
元·关汉卿《金钱池》第二折只为杜蕊娘他把俺赤心相待，时常与这虔婆合气，寻死觅活，无非是为俺家的缘故。”,直至日晚，身边无银子还酒钱，便放无赖，～，自割自吊。★明·冯梦龙《警世通言》卷六,寻求，找。闹着要死要活。多指用自杀来吓唬人。,xún sǐ mì huó,寻死觅活,xsmh,xun si mi huo,xun,huo
宋·朱熹《答方宾王书》循涂守辙，犹言循规蹈矩云尔。”,这唐僧～，同悟空、悟能、悟净，牵马挑担，径入山门。★明·吴承恩《西游记》第九十八回,循、蹈遵循，依照。规、矩是定方圆的标准工具，借指行为的准则。原指遵守规矩，不敢违反。现也指拘守旧准则，不敢稍做变动。,xún guī dǎo jǔ,循规蹈矩,xgdj,xun gui dao ju,xun,ju
《论语·宪问》不怨天，不尤人，下学而上达，知我者其天乎？”朱熹注此但自言其反己自修，循序渐进耳。”,她通常是从一个角度写，而不是从几个角度写；还只是～地写，而不是错综交叉地写。★茅盾《怎样评价〈青春之歌〉？》,指学习工作等按照一定的步骤逐渐深入或提高。,xún xù jiàn jìn,循序渐进,xxjj,xun xu jian jin,xun,jin
《论语·子罕》夫子循循然善诱人。”,先生～，余今日之尚能握管，先生力也。★清·沈复《浮生六记·闺房记乐》,循循有次序的样子；善善于；诱引导。指善于引导别人进行学习。,xún xún shàn yòu,循循善诱,xxsy,xun xun shan you,xun,you
无,他因～而致身败名裂。,迁就私情而违反法纪。,xùn sī wǎng fǎ,徇私枉法,xswf,xun si wang fa,xun,fa
明·施耐庵《水浒全传》第八十三回谁想这伙官员，贪滥无厌，徇私作弊，克减酒肉。”,这种～的事情，他绝不会干。,徇曲从；舞舞弄，耍花样。为了私人关系而用欺骗的方法做违法乱纪的事。,xùn sī wǔ bì,徇私舞弊,xswb,xun si wu bi,xun,bi
宋·释道原《景德传灯录》卷四公曰‘鸦去无声，又何言闻？’”宋·苏轼《绝句三首》天风吹雨入阑干，乌鹊无声夜向阑。”,直等到大众去净之后，静悄悄的～。★清·李宝嘉《官场现形记》第三十三回,连乌鸦麻雀的声音都没有。形容非常静。,yā què wú shēng,鸦雀无声,yqws,ya que wu sheng,ya,sheng
唐·司空图《障车文》二女则牙牙学语，五男则雁雁成行。”,无,形容婴儿咿咿呀呀地学大人说话的神情。,yá yá xué yǔ,牙牙学语,yyxy,ya ya xue yu,ya,yu
明·冯梦龙《醒世恒言》卷八‘他也有儿子，少不也要娶媳妇。看三朝可肯放回家去？闻得亲母是个知礼之人，亏他怎样说了出来？’一番言语，说得张六嫂哑口无言。”,他的一席话，使在场的人个个～。,哑口象哑巴一样。象哑巴一样说不出话来。形容理屈词穷的样子。,yǎ kǒu wú yán,哑口无言,ykwy,ya kou wu yan,ya,yan
汉·赵晔《吴越春秋·越王无余外传》禹乃哑然而笑。”,王子安方寸之中，顷刻万绪，想鬼狐窃笑已久，故乘其醉而玩弄之，床头人醒，宁不～哉。★清·蒲松龄《聊斋志异·王子安》,失笑忍不住地笑起来。禁不住笑出声来。,yǎ rán shī xiào,哑然失笑,yrsx,ya ran shi xiao,ya,xiao
明·孙人儒《东郭记·绵驹》闻得有绵驹善歌，雅俗共赏。”,这些虽好，不合老太太的意；不如做些浅近的物儿，大家～才好。★清·曹雪芹《红楼梦》第五十回,形容某些文艺作品既优美，又通俗，各种文化程度的人都能够欣赏。,yǎ sú gòng shǎng,雅俗共赏,ysgs,ya su gong shang,ya,shang
《孟子·公孙丑上》宋人有闵其苗之不长而揠之者，茫茫然归，谓其人曰‘今日病矣，予助苗长矣。’其子趋而往视之，苗则槁矣。”,对学生的教育既不能～，也不能放任自流。,揠拔。把苗拔起，以助其生长。比喻违反事物发展的客观规律，急于求成，反而把事情弄糟。,yà miáo zhù zhǎng,揠苗助长,ymzz,ya miao zhu zhang,ya,zhang
唐·崔致远《将归海东巉山春望》目极烟波浩渺间，晓乌飞处认乡关。”,无,烟波雾霭苍茫的水面；浩渺水面辽阔。形容烟雾笼罩的江湖水面广阔无边。,yān bō hào miǎo,烟波浩渺,ybhm,yan bo hao miao,yan,miao
《朱子全书·治道二·祯异》使一日之间，云消雾散，尧天舜日，廓然清明。”,他的兴致被突然传来的坏消息吹得～。,象烟云消散一样。比喻事物消失得干干净净。,yān xiāo yún sàn,烟消云散,yxys,yan xiao yun san,yan,san
《晋书·羊祜传》由来贤达胜士，登此远望，如我与卿者多矣！皆湮灭无闻，使人悲伤。”,高才博识，俱有可录，岁月弥久，～，遂传其本末，吊以乐章。★元·钟嗣成《录鬼簿序》,湮埋没；无闻没有知道。名声被埋没，没人知道。,yān mò wú wén,湮没无闻,ymww,yan mo wu wen,yan,wen
战国楚·宋玉《高唐赋》九窍通郁，精神察滞，延年益寿千万岁。”,服肉芝～。★清·李汝珍《镜花缘》第九回,增加岁数，延长寿命。,yán nián yì shòu,延年益寿,ynys,yan nian yi shou,yan,shou
无,对于那些屡教不改的不法分子，一定要严惩不贷。,惩处罚；贷宽容。严厉惩罚，绝不宽恕。,yán chéng bù dài,严惩不贷,ycbd,yan cheng bu dai,yan,dai
清·文康《儿女英雄传》第七回外省的地平，多是用木板铺的，上面严丝合缝盖上，轻易看不出来。”,无,指缝隙严密闭合。,yán sī hé fèng,严丝合缝,yshf,yan si he feng,yan,feng
《后汉书·崔髎传》故严刑峻法，破奸轨之胆。”,若仍～，使直言者常获重谴；日日讲聚敛，使百姓生机愈困，则天下事不堪问矣。★姚雪垠《李自成》第二卷第三十二章,峻严酷。严厉的刑吠严峻的法令。,yán xíng jùn fǎ,严刑峻法,yxjf,yan xing jun fa,yan,fa
宋·陈亮《谢曾察院君》严于律己，出而见之事功；心乎爱民，动必关天治道。”,无,律约束。严格地约束自己。,yán yú lǜ jǐ,严于律己,yylj,yan yu lv ji,yan,ji
《资治通鉴·汉纪·光武帝建武三年》甲辰，帝亲勒六军，严阵以待之。”,鲍叔牙闻鲁侯引兵而来，乃～。★明·冯梦龙《东周列国志》第十六回,指做好充分战斗准备，等待着敌人。,yán zhèn yǐ dài,严阵以待,yzyd,yan zhen yi dai,yan,dai
《左传·隐公三年》 信不由中，质无益也。”杨伯峻注人言为信，中同衷。”,旋复下一通令，洋洋洒洒，约一二千言，小子因他～，不愿详录。★蔡东藩、许廑父《民国通俗演义》第二十八回,由从；衷内心。话不是打心眼里说出来的，即说的不是真心话。指心口不一致。,yán bù yóu zhōng,言不由衷,ybyz,yan bu you zhong,yan,zhong
《庄子·天道》语之所贵者意也，意有所随。意之所随者，不可以言传也。”,无,言传用言语讲解、传授；身教以行动示范。既用言语来教导，又用行动来示范。指行动起模范作用。,yán chuán shēn jiào,言传身教,ycsj,yan chuan shen jiao,yan,jiao
《鬼谷子·本经符》言多必有数短之处。”,无,话说多了一定有失误。,yán duō bì shī,言多必失,ydbs,yan duo bi shi,yan,shi
《谷梁传·僖公二十二年》言之所以为言者，信也。言而不信，何以为言？”,老孙若不与你，恐人说我～。★明·吴承恩《西游记》第六十一回,说话不算数，没有信用。,yán ér wú xìn,言而无信,yewx,yan er wu xin,yan,xin
《论语·学而》与朋友交，言而有信。”,则要你～，休担阁了少年人。★元·戴善夫《风光好》第三折,说话靠得住，有信用。,yán ér yǒu xìn,言而有信,yeyx,yan er you xin,yan,xin
清·文康《儿女英雄传》第二十三回如今说书的‘从旁指点桃源路，引得渔郎来问津’，算通前彻后交待明白了，然后这再言归正传。”,现在我们～，集中讨论这件事，发言要围绕中心。,正传正题或本题。指话头转回到正题上来。旧小说中常用的套语。,yán guī zhèng zhuàn,言归正传,ygzz,yan gui zheng zhuan,yan,zhuan
《三国志·蜀书·马良传》马谡言过其实，不可大用。”,我不能不将他们那旗人的历史对你讲明，你好知道我不是～。★清·吴趼人《二十年目睹之怪现状》第七回,实实际。原指言语浮夸，超过实际才能◇也指话说得过分，超过了实际情况。,yán guò qí shí,言过其实,ygqs,yan guo qi shi,yan,shi
无,我们作文应该言简意赅，不要拖泥带水。,赅完备。话不多，但意思都有了。形容说话写文章简明扼要。,yán jiǎn yì gāi,言简意赅,yjyg,yan jian yi gai,yan,gai
清·黄宗羲《陈母沈孺人墓志铭》其言谈举止，不问可知胡先生弟子也。”,她又长得好看，身子单薄，～非常斯文。★刘绍棠《蒲柳人家》,人的言语、举动、行为。,yán tán jǔ zhǐ,言谈举止,ytjz,yan tan ju zhi,yan,zhi
《史记·淮阴侯列传》汉王授我上将军印，予我数万众，解衣衣我，推食食我，言听计用，故吾得以至于此。”,邓对于他也就和刘玄德之于诸葛孔明，几几乎是～的。★郭沫若《革命春秋·北伐途次》二十六,听听从。什么话都听从，什么主意都采纳。形容对某人十分信任。,yán tīng jì cóng,言听计从,ytjc,yan ting ji cong,yan,cong
宋·欧阳修《六一诗话》必能状难写之景，如在目前，含不尽之意，见于言外，然后为至矣。”宋·叶梦得《石林诗话》七言难于气象雄浑，句中有力而纡余，不失言外之意。”,间有一二不尽之言，～，以少少许胜多多许者，是他一枝一节好处。★清·郑燮《潍县署中与舍弟第五书》,指有这个意思，但没有在话里明说出来。,yán wài zhī yì,言外之意,ywzy,yan wai zhi yi,yan,yi
汉·扬雄《法言·问神》故言，心声也；书，心画也。声画形，君子小人见矣。”,～，从一个人平时的言谈之中，就可以了解他的思想状况。,言语是思想的反映，从一个人的话里可以知道他的思想感情。,yán wéi xīn shēng,言为心声,ywxs,yan wei xin sheng,yan,sheng
《北齐书·高德政传》德政与帝旧相昵爱，言无不尽。”,故情无不通，～。★宋·司马光《乞改求谏诏书札子》,把内心的话说尽，毫不保留。,yán wú bù jìn,言无不尽,ywbj,yan wu bu jin,yan,jin
无,为人处世要言行一致，不可言行不一。,说的是一套，做的又是另外一套。,yán xíng bù yī,言行不一,yxby,yan xing bu yi,yan,yi
郭沫若《屈原》第四幕我言行一致，表里如一，事实具在，我虽死不移。”,无,说的和做的完全一个样。,yán xíng yī zhì,言行一致,yxyz,yan xing yi zhi,yan,zhi
《左传·文公七年》今君虽终，言犹在耳。”,～，忠岂忘心。★唐·骆宾王《代李敬业传檄天下文》,犹还。说的话还在耳边。比喻说的话还清楚地记得。,yán yóu zài ěr,言犹在耳,yyze,yan you zai er,yan,er
《荀子·非十二子》然而其持之有故，其言之成理，足以欺惑愚众。”,虽然仁人们未必肯用，但我还可以～。★鲁迅《论费厄泼赖”应该缓行》,之代词，指所说的话。话说得有一定道理。,yán zhī chéng lǐ,言之成理,yzcl,yan zhi cheng li,yan,li
明·吴承恩《西游记》第四十八回陈老道‘言之有理。’”,无,说的话有道理。,yán zhī yǒu lǐ,言之有理,yzyl,yan zhi you li,yan,li
《周易·家人》君子以言有物而行有恒。”,惟首两句笼罩全篇，末句总结大意，不必～。★清·曾朴《孽海花》第二十回,物内容。文章或讲话有具体内容。,yán zhī yǒu wù,言之有物,yzyw,yan zhi you wu,yan,wu
清·蒲松龄《聊斋志异·段氏》言之凿凿，确可信据。”,无,凿凿确实。形容说得非常确实。,yán zhī záo záo,言之凿凿,yzzz,yan zhi zao zao,yan,zao
无,无,炎黄炎帝神农氏和黄帝有熊氏，代表中华民族的祖先。炎帝和黄帝的后代。指中华民族的后代。亦作黄炎子孙”。,yán huáng zǐ sūn,炎黄子孙,yhzs,yan huang zi sun,yan,sun
无,无,比喻面子丧失干净。,yán miàn sǎo dì,颜面扫地,ymsd,yan mian sao di,yan,di
明·冯梦龙《东周列国志》第八十七回惠王亲往问疾，见痤病势已重，奄奄一息。”,他已被打得体无完肤，～了。,奄奄呼吸微弱的样子。只剩下一口气。形容临近死亡。,yǎn yǎn yī xī,奄奄一息,yyyx,yan yan yi xi,yan,xi
《三国志·蜀书·赵云传》裴松之注引《赵云别传》云入营，更大开门，偃旗息鼓，公军疑云有伏兵，引去。”,秦显家的听了，轰去了魂魄，垂头丧气，登时～，卷包而去。★清·曹雪芹《红楼梦》第六十二回,偃仰卧，引伸为倒下。放倒旗子，停止敲鼓。原指行军时隐蔽行踪，不让敌人觉察。现比喻事情终止或声势减弱。,yǎn qí xī gǔ,偃旗息鼓,yqxg,yan qi xi gu,yan,gu
《孟子·离娄下》西子蒙不洁，则人皆掩鼻而过之。”,无,捂着鼻子走过去。形容对腥臭肮脏的东西的嫌恶。,yǎn bí ér guò,掩鼻而过,ybeg,yan bi er guo,yan,guo
《吕氏春秋·自知》百姓有得钟者，欲负而走，则钟大不可负。以椎毁之，钟况然有声。恐人闻之而夺己也，遽掩其耳。”,硬把汉奸合法化了，只是～的笨拙的把戏。★闻一多《谨防汉奸合法化》,掩遮蔽，遮盖；盗偷。偷铃铛怕别人听见而捂住自己的耳朵。比喻自己欺骗自己，明明掩盖不住的事情偏要想法子掩盖。,yǎn ěr dào líng,掩耳盗铃,yedl,yan er dao ling,yan,ling
《大宋宣和遗事》亨集虽欲掩人之耳目，不可得也。”,必须假手他人，死于道路，方可～。★明·冯梦龙《东周列国志》第十二回,遮掩别人的耳朵和眼睛。比喻用假象迷惑人，欺骗人。,yǎn rén ěr mù,掩人耳目,yrem,yan ren er mu,yan,mu
无,不然，仍旧脱离不了教条主义和党八股，这叫做～，志大才疏，没有结果的。（毛泽东《反对党八股》）,眼力过高，手法过低。指要求的标准很高（甚至不切实际），但实际上自己也做不到。,yǎn gāo shǒu dī,眼高手低,ygsd,yan gao shou di,yan,di
明·许仲琳《封神演义》第53回为将之道，身临战场，务要眼观四处，耳听八方。”,要是没有一种～，耳听八方到处显出精明强干的能力，任凭你有天好的本事，满肚子的学问。★老舍《赵子曰》,眼睛看到四面八方。形容机智灵活，遇事能多方观察，全面了解。,yǎn guān liù lù,眼观六路,ygll,yan guan liu lu,yan,lu
元·王实甫《西厢记》第一本第一折似这般可喜娘的庞儿罕曾见，只教人眼花缭乱口难言，魂灵儿飞在半天。”,匡大被他这一番话说得～，浑身都酥了，一总都依他说。★清·吴敬梓《儒林外史》第二十回,缭乱纷乱。看着复杂纷繁的东西而感到迷乱。也比喻事物复杂，无法辨清。,yǎn huā liáo luàn,眼花缭乱,yhll,yan hua liao luan,yan,luan
明·施耐庵《水浒传》第四十三回倘或被眼疾手快的拿了送官，如之奈何？”,走在他旁边的郭根泉～，一把将它抱住。★袁静《伏虎记》第十四回,形容做事机警敏捷。,yǎn jí shǒu kuài,眼疾手快,yjsk,yan ji shou kuai,yan,kuai
元·无名氏《盆儿鬼》第三折想起俺少时节，眼明手捷，体快身轻。”,到了此时，我方才佩服那广东人的～，机警非常。★清·吴趼人《二十年目睹之怪现状》第二回,看得准，动作敏捷。,yǎn míng shǒu kuài,眼明手快,ymsk,yan ming shou kuai,yan,kuai
清·文康《儿女英雄传》第三十一回他既没有那雁过拔毛的本事，就该悄悄儿走，怎么好好儿的把人家拆弄个稀烂。”,无,大雁飞过时也能拔下毛来。原形容武艺高超◇比喻人爱占便宜，见有好处就要乘机捞一把。,yàn guò bá máo,雁过拔毛,ygbm,yan guo ba mao,yan,mao
《吕氏春秋·必己》宋桓司马有宝珠，抵罪出亡，王使人问珠之所在，曰‘投之池中。’于是竭池而求之，无得，鱼死焉。此言祸福之相及也。”,无,比喻无缘无故地遭受祸害。,yāng jí chí yú,殃及池鱼,yjcy,yang ji chi yu,yang,yu
无,我们对待一切工作，都要从实际出发，～，讲求实效。,发挥或发扬优点或有利条件，克服或回避缺点或不利条件。,yáng cháng bì duǎn,扬长避短,ycbd,yang chang bi duan,yang,duan
清·曹雪芹《红楼梦》第十二回（道士）道‘……千万不可照正面，只照背面，要紧，要紧！三日后我来收取，管叫你病好。’说毕，徉长而去。”,说罢，深深一揖，～。★清·吴趼人《二十年目睹之怪现状》第一回,大模大样地径自走了。,yáng cháng ér qù,扬长而去,yceq,yang chang er qu,yang,qu
唐·李白《与韩荆州书》何惜阶前盈尺之地，不使白扬眉吐气，激昂青云耶？”,只要将来做了八府巡按，妈也就可以～了。★巴金《家》十二,扬起眉头，吐出怨气。形容摆脱了长期受压状态后高兴痛快的样子。,yáng méi tǔ qì,扬眉吐气,ymtq,yang mei tu qi,yang,qi
汉·枚乘《上书谏吴王》欲汤之沧，一人炊之，百人扬之，无益也；不如绝薪止火而已。”《三国志·魏书·刘弇传》扬汤止沸，使不焦烂。”,无,把锅里开着的水舀起来再倒回去，使它凉下来不沸腾。比喻办法不彻底，不能从根本上解决问题。,yáng tāng zhǐ fèi,扬汤止沸,ytzf,yang tang zhi fei,yang,fei
唐玄宗《早登太行山中言志》诗火龙明鸟道，铁骑绕羊肠。”,前面弯弯曲曲，尽是～，岔路甚多，甚难分辨。★清·李汝珍《镜花缘》第四十九回,曲折而极窄的路（多指山路）。,yáng cháng xiǎo dào,羊肠小道,ycxd,yang chang xiao dao,yang,dao
战国·楚·宋玉《对楚王问》其为《阳阿》、《薤露》，国中属而和者数百人，其为《阳春》、《白雪》，国中属而和者不过数十人而已。”,长老听了，赞叹不已道真是～，浩气冲霄。”（明·吴承恩《西游记》第六十四回）,原指战国时代楚国的一种较高级的歌曲。比喻高深的不通俗的文学艺术。,yáng chūn bái xuě,阳春白雪,ycbx,yang chun bai xue,yang,xue
清·李宝嘉《官场现形记》第四十七回亦曾当面劝过他，无如卜知府阳奉阴违，也就奈何他不得。”,我们说话、做事都应老老实实，不要～。,阳表面上；奉遵守，听从；阴暗地里。指玩弄两面派手法，表面上遵从，暗地里违背。,yáng fèng yīn wéi,阳奉阴违,yfyw,yang feng yin wei,yang,wei
无,无,杨柳古诗文中杨柳通用，泛指柳树。依依轻柔的样子。古人送行，折柳相赠，表示依依惜别。比喻依依不舍的惜别之情。,yáng liǔ yī yī,杨柳依依,ylyy,yang liu yi yi,yang,yi
无,～和古为今用要有机地结合。,批判地吸收外国文化中一切有益的东西，为我所用。,yáng wéi zhōng yòng,洋为中用,ywzy,yang wei zhong yong,yang,yong
《史记·管晏列传》意气扬扬，甚自得也。”,一席话说得夏作人～。★清·吴趼人《二十年目睹之怪现状》第五十六回,形容得意时神气十足的姿态。,yáng yáng dé yì,洋洋得意,yydy,yang yang de yi,yang,yi
邹韬奋《抗战以来·来宾”的建议》局面询问也用不着洋洋洒洒的大文章。”,无,洋洋盛大、众多的样子；洒洒明白、流畅的样子。形容文章或谈话丰富明快，连续不断。,yáng yáng sǎ sǎ,洋洋洒洒,yyss,yang yang sa sa,yang,sa
无,无,犹言洋洋得意。形容得意时神气十足的姿态。,yáng yáng zì dé,洋洋自得,yyzd,yang yang zi de,yang,de
清·石玉昆《三侠五义》第四十九回江樊往后退了几步，身不由己的也就仰面朝天的躺下了。”,无,脸朝上平卧或身向后摔倒的样子。,yǎng miàn cháo tiān,仰面朝天,ymct,yang mian chao tian,yang,tian
宋·陈元靓《事林广记》养儿防老，积谷防饥。”,～的观念应该改变了。,养育儿子是为了防备年老。亦泛指养育子女以防老年无依靠。,yǎng ér fáng lǎo,养儿防老,yefl,yang er fang lao,yang,lao
无,这个人很不可靠，你却给与高位，怕会～哩。,比喻纵容敌人，留下后患，自己反手其害。,yǎng hǔ wéi huàn,养虎为患,yhwh,yang hu wei huan,yang,huan
无,无,指勉强养活家人，使不饿肚。,yǎng jiā hú kǒu,养家糊口,yjhk,yang jia hu kou,yang,kou
明·罗贯中《三国演义》第34回且待半年，养精蓄锐，刘表，孙权可一鼓而下也。”,他们个个像跑道上的选手，～，伸足擦腿，准备显身手。★叶圣陶《四三集·得失》,养保养；精精神；蓄积蓄；锐锐气。保养精神，蓄集力量。,yǎng jīng xù ruì,养精蓄锐,yjxr,yang jing xu rui,yang,rui
明·吴承恩《西游记》第二十七回生了奴奴，欲扳门第，配嫁他人，又恐老来无倚，只得将奴招了一个女婿，养老送终。”,凤娇道‘我母年老，要你～。’马迪道‘你嫁了我，那养老送终之事，何须说得。’★清·如莲居士《薛刚反唐》第四十四回,指子女对父母身前的赡养和死后的殡葬。,yǎng lǎo sòng zhōng,养老送终,ylsz,yang lao song zhong,yang,zhong
《庄子·养生主》吾闻庖丁之言，得养生焉。”唐·成玄英疏遂悟养生之道也。”,无,指修养身心，以期保健延年的方法。,yǎng shēng zhī dào,养生之道,yszd,yang sheng zhi dao,yang,dao
《后汉书·冯衍传》李贤注引冯衍《与妇弟任武达书》养痈长疽，自生祸殃。”,博善化之虚名，溃败决裂乃至此，～，我之谓也夫。★清·纪昀《阅微草堂笔记·槐西杂志一》,留着毒疮不去医治，就会成为后患。比喻纵容包庇坏人坏事，结果会遭受祸害。,yǎng yōng yí huàn,养痈遗患,yyyh,yang yong yi huan,yang,huan
宋·苏洵《上韩枢密书》天子者，养尊而处优，树恩而收名，与天下为喜乐者也。”,父亲孤身在外，无人侍奉，甥女却在家中～，一经想起，更是坐立不宁。★清·李汝珍《镜花缘》第五十四回,养指生活。指生活在有人伺候、条件优裕的环境中。,yǎng zūn chǔ yōu,养尊处优,yzcy,yang zun chu you,yang,you
元·李好古《张生煮海》第一折我家东人好傻也，安知他不是个妖魔鬼怪，便信着他跟将去了。”,师父，我不是～，亦不是魍魉鬼怪了？★明·吴承恩《西游记》第三十七回,妖怪和魔鬼。比喻各种桅人民利益的邪恶势力。,yāo mó guǐ guài,妖魔鬼怪,ymgg,yao mo gui guai,yao,guai
南朝梁·殷芸《小说》有客相从，各言所志，或原为扬州刺史，或原多赀财，或原骑鹤上升。其一人曰‘腰缠十万贯，骑鹤上扬州。’欲兼三者。”,无,腰缠指随身携带的财物；贯旧时用绳索穿钱，每一千文为一贯。比喻钱财极多。,yāo chán wàn guàn,腰缠万贯,ycwg,yao chan wan guan,yao,guan
元·乔孟符《两世姻缘》第三折你这般摇旗呐喊，簸土扬沙。”,球场上球迷们～，为各自的球队助威。,原指古代作战时摇着旗子，大声喊杀助威。现比喻给别人助长声势。,yáo qí nà hǎn,摇旗呐喊,yqnh,yao qi na han,yao,han
明·吴承恩《西游记》第二回悟空捻着诀，念动咒语，摇身一变，就变做一稞（棵）松树。”,就这样铁路总公司的第七次的股东大会～变成了川汉铁路的保路同志会”。★郭沫若《反正前后》,旧时神怪小说中描写有神通的人能用法术一晃身子就改变自己本来的模样。现用来形容人不讲道义原则，一下子来个大改变。,yáo shēn yī biàn,摇身一变,ysyb,yao shen yi bian,yao,bian
宋·释普济《五灯会元》临济门下有个赤梢鲤鱼，摇头摆尾向南方去，不知向谁家齑瓮里淹杀？”,无,原形容鱼悠然自在的样子。现用来形容人摇头晃脑、轻浮得意的样子。,yáo tóu bǎi wěi,摇头摆尾,ytbw,yao tou bai wei,yao,wei
鲁迅《二心集·善于翻译的通信》摇头晃脑的读起来，真是音调铿锵，使人不自觉其头晕。”,无,晃摇动。脑袋摇来摇去。形容自己感觉很有乐趣或自己认为很不差的样子。,yáo tóu huàng nǎo,摇头晃脑,ythn,yao tou huang nao,yao,nao
无,看着河水受污染的面积日益扩大，大家不禁～。,形容感慨或难过的表情。,yáo tóu tàn xī,摇头叹息,yttx,yao tou tan xi,yao,xi
明·罗贯中《三国演义》第一百零四回众视之，见其色昏暗，摇摇欲坠。”,战士们靠近边缘向下一看，头晕目眩，觉得眼前的大岩来回晃动，自己的身体～。★曲波《林海雪原》二七,摇摇摇动，摇晃；坠落下。形容十分危险，很快就要掉下来，或不稳固，很快就要垮台。,yáo yáo yù zhuì,摇摇欲坠,yyyz,yao yao yu zhui,yao,zhui
罗来勇《世界在他们眼前展开》我们的声誉就是实力--遥遥领先的技术和工艺。”,无,遥遥远远。远远地走在最前面。,yáo yáo lǐng xiān,遥遥领先,yylx,yao yao ling xian,yao,xian
无,这件事我不能～地等下去，希望能尽快给以解决。,形容时间还远得很，不知道哪一天。,yáo yáo wú qī,遥遥无期,yywq,yao yao wu qi,yao,qi
宋·黄孝迈《咏水仙》词惊鸿去后，轻抛素袜，杳无音信。”,孔明一去东吴，～。★明·罗贯中《三国演义》第四十五回,音信消息，回信。没有一点消息。,yǎo wú yīn xìn,杳无音信,ywyx,yao wu yin xin,yao,xin
无,无,没有一点消息。见杳无音信”。,yǎo wú yīn xùn,杳无音讯,ywyx,yao wu yin xun,yao,xun
清·韩邦庆《海上花列传》第十三回一面问个着落，一面咬紧牙关把朴斋腿膀狠命的摔一把。朴斋忍不住叫声‘阿呀’。”,他～，忍受剐心似的痛楚。★周而复《上海的早晨》第一部四,尽最大努力忍受痛苦或克服困难。,yǎo jīn yá guān,咬紧牙关,yjyg,yao jin ya guan,yao,guan
元·无名氏《杀狗劝夫》第四折哎，使不的你咬文嚼字。”,学习文件不能只～，关键是领会文件的精神实质。,形容过分地斟酌字句。多指死扣字眼而不注意精神实质。,yǎo wén jiáo zì,咬文嚼字,ywjz,yao wen jiao zi,yao,zi
元·孙仲章《勘头巾》第二折为甚事咬牙切齿，諕的犯罪人面色如金纸。”,只见水军头领早把张清解来。众多兄弟都被他打伤，～，尽要来杀张清。★明·施耐庵《水浒传》第七十回,切齿咬紧牙齿，表示痛恨。形容极端仇视或痛恨。也形容把某种情绪或感觉竭力抑制住。,yǎo yá qiè chǐ,咬牙切齿,yyqc,yao ya qie chi,yao,chi
《诗经·周南·关睢》窈窕淑女，君子好逑。”,因为在前边领路的那位～明明很从容地就走过去了。★萧乾《海外行踪》,窈窕美好的样子。美好的女子。,yǎo tiǎo shū nǚ,窈窕淑女,ytsn,yao tiao shu nv,yao,nv
张锡纯《医学衷中参西录》药到病除，效如桴鼓。”,无,药一服下病就好了。形容用药效果非趁。,yào dào bìng chú,药到病除,ydbc,yao dao bing chu,yao,chu
明·冯梦龙《醒世恒言》第二十七卷那婆娘索性抓破脸皮，反要死要活，分毫不让。”,虔婆也慌了，叫了老乌龟上来，再三劝解，总是不肯依，闹的～。★清·吴敬梓《儒林外史》第五十四回,形容闹得很凶。,yào sǐ yào huó,要死要活,ysyh,yao si yao huo,yao,huo
元·乔孟符《两世姻缘》第三折你这般耀武扬威待怎么！”,共涛、吞珪船到岛边，～，统兵上岸。童威、童猛谨守寨栅，不与交战。★清·陈忱《水浒后传》第十二回,耀显扬。炫耀武力，显示威风。,yào wǔ yáng wēi,耀武扬威,ywyw,yao wu yang wei,yao,wei
清·陈天华《狮子吼》第一回这一位大帝野心勃勃，就想把世界各国尽归他的宇下。”,济度～地说大话我要斩草除根，拿下厦门，踏平他的巢穴！”★华而实《汉衣冠》七,勃勃旺盛的样子。形容野心非常大。,yě xīn bó bó,野心勃勃,yxbb,ye xin bo bo,ye,bo
汉·刘向《新序·杂事》记载叶公子高非常喜欢龙，器物上刻着龙，房屋上也画着龙。真龙知道了，来到叶公家里，把头探进窗子。叶公一见，吓得拔腿就跑。,无,叶公春秋时楚国贵族，名子高，封于叶（古邑名，今河南叶县）。比喻口头上说爱好某事物，实际上并不真爱好。,yè gōng hào lóng,叶公好龙,yghl,ye gong hao long,ye,long
宋·释道原《景德传灯录》卷五叶落归根，来时无口。”,树高千丈，～，将来总得有个着落，不能不说说明白。★清·李宝嘉《官场现形记》第二十二回,树叶从树根生发出来，凋落后最终还是回到树根。比喻事物总有一定的归宿。多指作客他乡的人最终要回到本乡。,yè luò huī gēn,叶落归根,ylhg,ye luo hui gen,ye,gen
《礼记·礼运》是故谋闭而不兴，盗窃乱贼而不作，故外户而不闭，是谓大同。”,两川之民，忻乐太平，～，路不拾遗。★明·罗贯中《三国演义》第八十七回,户门。夜里睡觉不用闩上门。形容社会治安情况良好。,yè bù bì hù,夜不闭户,ybbh,ye bu bi hu,ye,hu
清·吕留良《家训真迹》荐举事近复纷纭，夜长梦多，巩将来有意外，奈何？”,这件事要赶紧解决，免得～，再出问题。,比喻时间一拖长，情况可能发生不利的变化。,yè cháng mèng duō,夜长梦多,ycmd,ye chang meng duo,ye,duo
《史记·西南夷列传》滇王与汉使者言曰‘汉孰与我大？’及夜郎侯亦然。以道不通，故各以为一州主，不知汉广大。”,驾炮车之狂云，遂以～。恃贪之逆气，漫以河伯为尊。★清·蒲松龄《聊斋志异·绛妃》,夜郎汉代西南地区的一个小国。比喻人无知而又狂妄自大。,yè láng zì dà,夜郎自大,ylzd,ye lang zi da,ye,da
汉·蔡琰《胡茄十八折》更深夜阑兮，梦汝来期。”,听到月高初更后，果然弦索齐鸣。恰喜禁垣，～，琤璁齐应。（清·洪昻《长生殿·偷曲》）,深夜没有人声，非常寂静。,yè shēn rén jìng,夜深人静,ysrj,ye shen ren jing,ye,jing
《庄子·至乐》夫贵者，夜以继日，思虑善否。”《孟子·离娄下》仰而思之，夜以继日。”,殷之季君，亦奏斯乐。酒池肉林，～。★三国魏·阮籍《乐论》,晚上连着白天。形容加紧工作或学习。,yè yǐ jì rì,夜以继日,yyjr,ye yi ji ri,ye,ri
《史记·高祖本纪》天下方扰，诸侯并起，今置将不善，壹败涂地。”,无,形容失败到了不可收拾的地步。,yī bài tú dì,一败涂地,ybtd,yi bai tu di,yi,di
无,他办事因循守旧，一板一眼，从不敢越雷池一步。,比喻言语、行动有条理或合规矩。有时也比喻做事死板，不懂得灵活掌握。,yī bǎn yīn yǎn,一板一眼,ybyy,yi ban yin yan,yi,yan
清·姬文《市声》第二十六回这回破釜沉舟，远行一趟，却指望收它个一本万利哩。”,旧时代的商人有一句生意经～”。就是说，出最小的资本，追求最大的利润。★郭小川《一本万利》,本钱小，利润大。,yī běn wàn lì,一本万利,ybwl,yi ben wan li,yi,li
晋·葛洪《抱朴子·百家》正经为道义之渊海，子书为增深之川流。”,他说话从来都是～，不苟言笑。,原指一部合乎道德规范的经典◇用以形容态度庄重严肃，郑重其事。有时含讽刺意味。,yī běn zhèng jīng,一本正经,ybzj,yi ben zheng jing,yi,jing
《红楼梦》五五回幸而平姐姐在这里，没得臊一鼻子灰，趁早知会他们去。”,无,比喻碰壁或受斥责。,yī bí zǐ huī,一鼻子灰,ybzh,yi bi zi hui,yi,hui
宋·朱熹《五朝名臣言行录》卷七公揉簿，视不才监司，每见一人姓名，一笔勾之。”,如有班部监司，不才官吏，～，永不叙用。★元·无名氏《延安府》第二折,把账一笔抹掉。比喻把一切全部取消。,yī bǐ gōu xiāo,一笔勾销,ybgx,yi bi gou xiao,yi,xiao
元·李寿卿《伍员吹箫》第三折若得此人助我一臂之力，愁甚冤仇不报。”,望孔明助～，同破曹贼。★明·罗贯中《三国演义》第四十四回,臂胳膊。指一部分力量或不大的力量。表示从旁帮一点忙。,yī bì zhī lì,一臂之力,ybzl,yi bi zhi li,yi,li
元·关汉卿《望江亭》第一折夫人，放着你这一表人物，怕没有中意的丈夫？”,太子波前妃生子名夫差，年已二十六岁矣，生得昂藏英伟，～。★明·冯梦龙《东周列国志》第七十九回,表指外貌。形容人容貌俊秀端正。,yī biǎo rén cái,一表人才,ybrc,yi biao ren cai,yi,cai
宋·洪迈《夷坚乙志·光禄寺》蒋安礼为光禄丞，斋宿寺舍，因喷嚏，鼻涕堕桌上，皆成小木人，雕刻之工极精，揽取之则已失矣，顷之复尔。凡堕木人千百，蒋一病不起。”,大崽又得个伤寒，～。（周立波《山乡巨变》）,得病后就再也起不了床。比喻得病后病情一天天恶化，终至死亡。,yī bìng bù qǐ,一病不起,ybbq,yi bing bu qi,yi,qi
晋·王羲之《题卫夫人笔阵图》每作一波，常三过折笔。”《宣和书谱·太上内景神经》卷五然其一波三折笔之势，亦自不苟。”,无,原指写字的笔法曲折多变。现比喻文章的结构起伏曲折。也比喻事情进行中意外的变化很多。,yī bō sān zhé,一波三折,ybsz,yi bo san zhe,yi,zhe
清·徐珂《清稗类钞·三十四》巡检作巡抚，一步登天，监生当监临，斯文扫地。”,知识要通过学习逐渐积累，想～是不可能的。,登上。一步跨上青天。比喻一下子就达到很高的境界或程度。有时也用来比喻人突然得志，爬上高位。,yī bù dēng tiān,一步登天,ybdt,yi bu deng tian,yi,tian
《后汉书·应劭传》春一草枯则为灾，秋一木华亦为异。”,不许惊动，如有犯僖氏～者斩首！★明·冯梦龙《东周列国志》第三十九回,比喻极微小的东西。,yī cǎo yī mù,一草一木,ycym,yi cao yi mu,yi,mu
清·曹雪芹《红楼梦》第25回王夫人便一长一短问他今日是那几位堂客，戏文好歹，酒席如何。”,无,形容说话絮叨，琐谈不休。,yī cháng yī duǎn,一长一短,ycyd,yi chang yi duan,yi,duan
《诗经·郑风·萚兮》叔兮伯兮，倡予和女。”,自此～，渐渐情熟，往来不绝。★明·冯梦龙《警世通言》卷三十四,一个先唱，一个随声应和。原形容两人感情相通。现也比喻二人互相配合，互相呼应。,yī chàng yī hè,一唱一和,ycyh,yi chang yi he,yi,he
《周易·坤》臣弑其君，子弑其父，非一朝一夕之故，其所由来者渐矣。”,即如今日中倭之构难，究所由来，夫岂～之故也哉！★清·严复《论世变之亟》,朝早晨；夕晚上。一个早晨或一个晚上。形容很短的时间。,yī zhāo yī xī,一朝一夕,yzyx,yi zhao yi xi,yi,xi
唐·释道世《法苑珠林》若菩萨在乾土山中经行，土不著足，随岚风来，吹破土山，令散为尘，乃至一尘不著佛身。”宋·张耒《腊月小雪后圃梅开》一尘不染香到骨，姑射仙人风露身。”,特别是夏季，绿树红楼，～。★臧克家《老舍永在》,原指佛教徒修行时，排除物欲，保持心地洁净。现泛指丝毫不受坏习惯，坏风气的影响。也用来形容非常清洁、干净。,yī chén bù rǎn,一尘不染,ycbr,yi chen bu ran,yi,ran
《礼记·王制》一成而不可变，故君子尽心焉。”,事物都是在发展的，世界上没有～的东西。,成制定，形成。一经形成，不再改变。,yī chéng bù biàn,一成不变,ycbb,yi cheng bu bian,yi,bian
《宋史·蔡幼学传》其极至于九重深拱而群臣尽废，多士盈庭而一筹不吐。”,平时学习不认真，不求甚解，到用时就会感到知识贫乏，～。,筹筹划、计谋；展施展。一点计策也施展不出，一点办法也想不出来。,yī chóu mò zhǎn,一筹莫展,ycmz,yi chou mo zhan,yi,zhan
毛泽东《评蒋介石发言人的谈话》共产党主张成立联合政府，就为罅内战。现在蒋介石拒绝了这个主张，致使内战有一触即发之势。”,无,触碰；即就。原指把箭扣在弦上，拉开弓等着射出去。比喻事态发展到了十分紧张的阶段，稍一触动就立即会爆发。,yī chù jí fā,一触即发,ycjf,yi chu ji fa,yi,fa
刘绍棠《小荷才露尖尖角》他不声不响，却是一家之主；女儿中意，老伴点头，也还得听他一锤定音。”,无,制造铜锣时最后一锤决定锣的音色。借指凭一句话作出最后决定。,yī chuí dìng yīn,一锤定音,ycdy,yi chui ding yin,yi,yin
宋·苏洵《上田枢密书》天下之学者，孰不欲一蹴而造圣人之域。”,从前所受，皆为大略，～于繁赜，毋乃不可！★清·吴趼人《痛史·原叙》,蹴踏；就成功。踏一步就成功。比喻事情轻而易举，一下子就成功。,yī cù ér jiù,一蹴而就,ycej,yi cu er jiu,yi,jiu
宋·释普济《五灯会元》卷十二一刀两段，未称宗师。”《朱子语类》卷四十四观此可见克己者是从根源上一刀两断，便斩绝了，更不复萌。”,无,一刀斩为两段。比喻坚决断绝关系。,yī dāo liǎng duàn,一刀两断,ydld,yi dao liang duan,yi,duan
方志敏《可爱的中国·清贫》为革命而筹集的金钱，是一点一滴的用之于革命事业。”,我们要从～的小事做起。,形容微小零星。,yī diǎn yī dī,一点一滴,ydyd,yi dian yi di,yi,di
郭小川《新路歌》历史的发展，有它新陈代谢的一定之规。”,无,一定的规律或规则。比喻已打定的主意。,yī dìng zhī guī,一定之规,ydzg,yi ding zhi gui,yi,gui
唐·孟郊《送崔爽之湖南》定知一日帆，使得千里风。”,栉霜沐露多劳顿，喜借得～。★清·李渔《怜香伴·蹴居》,船挂着满帆顺风行驶。比喻非常顺利，没有任何阻碍。,yī fán fēng shùn,一帆风顺,yffs,yi fan feng shun,yi,shun
郭澄清《大刀记》第十六章可是而今，他却一反常态，神采飞扬地高谈阔论起来。”,他平时总是有说有笑，今天却～，默不作声。,完全改变了平时的态度。,yī fǎn cháng tài,一反常态,yfct,yi fan chang tai,yi,tai
《韩非子·喻老》虽无飞，飞必冲天；虽无鸣，鸣必惊人。”《史记·滑稽列传》此鸟不飞则已，一飞冲天；不鸣则已，一鸣惊人。”,无,鸟儿展翅一飞，直冲云霄。比喻平时没有特殊表现，一下做出了惊人的成绩。,yī fēi chōng tiān,一飞冲天,yfct,yi fei chong tian,yi,tian
无,无,哲学用语，指事物作为矛盾的统一体，都包含着相互矛盾对立的两个方面。通常指全面看待人或事物，看到积极方面，也看到消极方面。,yī fēn wéi èr,一分为二,yfwe,yi fen wei er,yi,er
朱自清《给亡妇》那里有一分一毫想着你自己。”,我们不能拿群众的～。,形容很少的数量。,yī fēn yī háo,一分一毫,yfyh,yi fen yi hao,yi,hao
《明史·外国传一·朝鲜》忠州左右乌、竹两岭，羊肠绕曲，有‘一夫当关’之险。”,无,形容地势十分险要，易守难攻。,yī fū dāng guān,一夫当关,yfdg,yi fu dang guan,yi,guan
《楚辞·九章·怀沙》同糅玉石兮，一而相量。”唐·刘知几《史通·叙事》而作者安可以方古，一概而论得失？”,我们对具体问题要做具体分析，决不能～。,一概同一标准，一律。指处理事情或问题不分性质，不加区别，用同一标准来对待或处理。,yī gài ér lùn,一概而论,ygel,yi gai er lun,yi,lun
清·李汝珍《镜花缘》第十回他是‘一毛不拔’，我们是‘无毛不拔’，把他拔的一干二净，看他如何。”,从前学过的一点天文学知识，长期不用，早忘得～。,形容十分彻底，一点儿也不剩。,yī gān èr jìng,一干二净,ygej,yi gan er jing,yi,jing
清·李宝嘉《官场现形记》第四十五回也有四块的资本主义社会存在的异化现象，认为在这样的社会里，统治，也有两块的，顶多的不过六块，一古脑儿也有三十多块钱。”,无,通通。,yī gǔ nǎo er,一股脑儿,ygne,yi gu nao er,yi,er
《左传·庄公十年》夫战，勇气也。一鼓作气，再而衰，三而竭。”,初听这话，还是～的。★清·李宝嘉《官场现形记》第四十八回,一鼓第一次击鼓；作振作；气勇气。第一次击鼓时士气振奋。比喻趁劲头大的时候鼓起干劲，一口气把工作做完。,yī gǔ zuò qì,一鼓作气,ygzq,yi gu zuo qi,yi,qi
元·王实甫《西厢记》第四本第四折都则为一官半职，阻隔千山万水。”,无,泛指官职。,yī guān bàn zhí,一官半职,ygbz,yi guan ban zhi,yi,zhi
清·李宝嘉《官场现形记》地方上百姓动了公愤，一哄而起。”,然而也有并不～的人，当时好像落后，但因为也不一哄而散，后来成为中坚。★鲁迅《且介亭杂文末编》,没有经过认真准备和严密组织，一下子行动起来。,yī hōng ér qǐ,一哄而起,yheq,yi hong er qi,yi,qi
明·沈德符《万历野获编·壬戌科罢选吉士》第十卷御笔硃书四大字，曰‘今年且罢。’于是一哄而散。”,白凤、阿男早收拾好钱文，向众人道谢，看的就～了。★清·吴趼人《情变》第六回,哄吵闹。形容聚在一起的人一下子吵吵嚷嚷地走散了。,yī hōng ér sàn,一哄而散,yhes,yi hong er san,yi,san
《人民日报》1983.10.31在发展新‘三大件’和其他有前途的轻工行业时，决不能再像发展老‘三大件’那样，一见有利可图，便一哄而上。”,无,没有经过认真准备和严密组织，一下子行动起来。同一哄而起”。,yī hǒng ér shàng,一哄而上,yhes,yi hong er shang,yi,shang
汉·韩婴《韩诗外传》第五卷当前快意，一呼再诺者，人隶也。”,农会会员漫山遍野，梭镖短棍～，土匪无处藏踪。★毛泽东《湖南农民运动考察报告》,一个人呼喊，马上有很多人响应。,yī hū bǎi yìng,一呼百应,yhby,yi hu bai ying,yi,ying
姚荣铨《无边秋色入画图》人民的审美要求多种多样，只有一个画种，那么就没有万紫千红，只有一花独放了。”,～红一点，百花盛开春满园。★京剧《龙江颂》,一种花独自开放。与百花齐放”相对，常比喻缺少各种不同形式、风格的艺术作品。,yī huā dú fàng,一花独放,yhdf,yi hua du fang,yi,fang
宋·孙觌《鸿庆居士文集·翰林莫公内外制序》第三十卷一昔召公独草六制，宰相吴敏因是以危公，公解衣据案，一挥而就。”,度尚令邯郸淳作文镌碑以记其事。时邯郸淳年方十三岁，文不加点，～，立石墓侧，时人奇之。★明·罗贯中《三国演义》第七十一回,挥挥笔；就成功。一动笔就写成了。形容写字、写文章、画画快。,yī huī ér jiù,一挥而就,yhej,yi hui er jiu,yi,jiu
宋·李格非《书洛阳名园记后》放乎一己之私，自为之而忘天下之治，忽欲退享此得乎？”,上则扰乱政治，下则摇惑民心，皆由腐败官僚有意编造，以快～。★章炳麟《致报界俱进会书》,指个人的私心、私利。,yī jǐ zhī sī,一己之私,yjzs,yi ji zhi si,yi,si
清·郑燮《郑板桥集·家书·淮安舟中寄舍弟墨》愚兄平生漫骂无礼，然人有一才一技之长，一行一言之美，未尝不啧啧称道。”,风琴棋书画，医卜星相，如有～者，前来进谒，莫不优礼以待。★清·李汝珍《镜花缘》第六十四回,技技能，本领；长擅长、长处。指有某种技能或特长。,yī jì zhī cháng,一技之长,yjzc,yi ji zhi chang,yi,chang
明·罗贯中《三国演义》第十回当日接了书信，便与弟曹德及一家老小四十余人，带从者百余人，车百余辆，径望兖州而来。”明·冯梦龙《警世通言》第七卷你若无事退回，我自养你一家老小，如要原钱还府，也是我出。”,你问我借盘缠，我一天杀一个猪，还赚不到钱把银子，都给你去丢在水里，叫我～喝西北风？★清·吴敬梓《儒林外史》第三回,指全家人。,yī jiā lǎo xiǎo,一家老小,yjlx,yi jia lao xiao,yi,xiao
汉·司马迁《报任少卿书》亦欲以究天人之际，通古今之变，成一家之言。”汉·班固《典引》司马迁著书成一家之言。”,无,指有独特见解自成体系的论著。,yī jiā zhī yán,一家之言,yjzy,yi jia zhi yan,yi,yan
《资治通鉴·晋孝武帝太元九年》主上与将军风殊类别，一见倾心，亲如宗戚。”,袁小姐对于我们的太太是～，说我们的太太浑身都是曲线，是他眼中的第一美人。（冰心《我们太太的客厅》）,倾心爱慕。初次见面就十分爱幕。,yī jiàn qīng xīn,一见倾心,yjqx,yi jian qing xin,yi,xin
《左传·襄公二十九年》见子产，如旧相识。”宋·张洎《贾氏谭录》李邺侯（泌）为相日，吴人顾况西游长安，邺侯一见如故。”,他们俩～，谈得很投机。,故老朋友。初次见面就象老朋友一样合得来。,yī jiàn rú gù,一见如故,yjrg,yi jian ru gu,yi,gu
清·古吴墨浪子《西湖佳话·西泠韵迹》乃蒙郎君一见钟情，故贱妾有感于心。”,祁连山俘虏了我的心，青湖我～。（徐迟《三峡记·远游》）,钟集中；钟情爱情专注。旧指男女之间一见面就产生爱情。也指对事物一见就产生了感情。,yī jiàn zhōng qíng,一见钟情,yjzq,yi jian zhong qing,yi,qing
《北史·长孙晟传》尝有二雕飞而争肉，因以箭两只与晟，请射取之。晟驰往，遇雕相攫，遂一发双贯焉。”,因为凤珠也是十六岁的人了，胡统领早存了个得陇望蜀的心思，想慢慢施展他～的手段。★清·李宝嘉《官场现形记》第十二回,原指射箭技术高超，一箭射中两只雕◇比喻做一件事达到两个目的。,yī jiàn shuāng diāo,一箭双雕,yjsd,yi jian shuang diao,yi,diao
唐·王勃《秋日登洪州滕王阁饯别序》勃三尺微命，一介书生。”,读书人又称书生。这固然是个可以骄傲的名字，如说～”、书生本色”，都含有清高的意思。★朱自清《论书生的酸气》,一介一个。旧时读书人的自称或对普通读书人的雅称。,yī jiè shū shēng,一介书生,yjss,yi jie shu sheng,yi,sheng
《战国策·秦策》然则是一举而伯王之名可成也。” 唐·韩愈《唐故国子司业窦公墓志铭》公一举成名而东，遇其党必曰‘非我之才，维吾舅之私。’”。”,十年窗下无人问，～天下知。★金·刘祁《归潜志》卷七,原指一旦中了科举就扬名天下◇指一下子就出了名。,yī jǔ chéng míng,一举成名,yjcm,yi ju cheng ming,yi,ming
《晋书·束皙传》赐其十年炎复，以慰重迁之情，一举两得，外实内宽。”,一则免楚之患，二则激晋之来，岂非～？★明·冯梦龙《东周列国志》第六十一回,做一件事得到两方面的好处。,yī jǔ liǎng dé,一举两得,yjld,yi ju liang de,yi,de
清·李汝珍《镜花缘》第七十四回可见古人一举一动，莫不令人归于正道，就是游戏之中，也都寓著劝世之意。”,她的～都象个多年的媳妇，麻利，老到，还带着点自得的劲儿。★老舍《骆驼祥子》十五,指人的每一个动作。,yī jǔ yī dòng,一举一动,yjyd,yi ju yi dong,yi,dong
《史记·项羽本纪》愿与汉王挑战，决雌雄。”,吾自历战数十场，不意今日狼狈至此！此天丧吾也！汝等各回本州，誓与曹贼～。（明·罗贯中《三国演义》第三十一回）,雌雄比喻胜负、高下。决一胜负，比个高下。,yī jué cí xióng,一决雌雄,yjcx,yi jue ci xiong,yi,xiong
宋·司马光《与王介甫书》介甫之意，必欲力战天下之人，与之一决胜负，不复顾义理之是非，生民之忧乐，国家之安危。”,无,进行最后的较量以决定高下。,yī jué shèng fù,一决胜负,yjsf,yi jue sheng fu,yi,fu
汉·刘向《说苑·说丛》一噎之故，绝谷不食，一蹶之故，却足不行。”,可惜，到了这二十世纪的中叶，说什么也～了。★梁斌《红旗谱》四十二,蹶栽跟头；振振作。一跌倒就再也爬不起来。比喻遭受一次挫折以后就再也振作不起来。,yī jué bù zhèn,一蹶不振,yjbz,yi jue bu zhen,yi,zhen
清·无名氏《官场维新记》第十回先把住持僧慧修，严行审讯，问他将李国斌藏在何处，慧修一口咬定不认得李国斌。”,老山东摇摇头，～不用看，我心里有数！我家的秤老辈用的，十四两顶新秤一斤，错不了。”★冯德英《迎春花》第十一章,一口咬住不放。比喻坚持一个廉洁，再不改口。,yī kǒu yǎo dìng,一口咬定,ykyd,yi kou yao ding,yi,ding
清·曹雪芹《红楼梦》第五十八回一来二去，两个人就装糊涂了，倒象真的一样儿。”,后来～，渐渐的熟识。（清·石玉昆《三侠五义》第二十一回）,指一回又一回，经过一段时间。表示逐渐的意思。,yī lái èr qù,一来二去,yleq,yi lai er qu,yi,qu
明·吴承恩《西游记》第六十七回行者暗笑道‘好是耳聋口哑！不要走！看棍！’那怪更不怕，乱舞枪遮拦。在那半空中，一来一往，一上一下，斗到三更时分，未见胜败。”,到天色晚了，每船两盏明角灯，～，映著河里，上下明亮。★清·吴敬梓《儒林外史》第四十一回,形容动作的反复或交替。,yī lái yī wǎng,一来一往,ylyw,yi lai yi wang,yi,wang
南朝·宋·刘义庆《世说新语·言语》江左地促，不如中国，若使阡陌条畅，则一览而尽，故纡余委曲，若不可测。”,又况此地平漫高亢，贼若据此俯视本关城内虚实强弱，～，为兵家所忌。★明·丛兰《预防边患事》,览看；遗遗留。一眼看去，所有的景物全看见了。形容建筑物的结构没有曲折变化，或诗文内容平淡，没有回味。,yī lǎi wú yí,一览无遗,ylwy,yi lai wu yi,yi,yi
南朝宋·刘义庆《世说新语·言语》江左地促，不如中国，若使阡陌条畅，则一览而尽，故纡余委曲，若不可测。”,水中岸上都光光的；亏得湖里有五个洲子点缀着，不然便～了。★朱自清《南京》,览看；余剩余。一眼看去，所有的景物全看见了。形容建筑物的结构没有曲折变化，或诗文内容平淡，没有回味。,yī lǎi wú yú,一览无余,ylwy,yi lai wu yu,yi,yu
汉·班固《封燕然山铭》兹可谓一劳而久逸，暂费而永无宁者也。”,～”的话，有是有的，而～”的事却极少。★鲁迅《花边文学·再论重译》,逸安逸。辛苦一次，把事情办好，以后就可以不再费力了。,yī láo yǒng yì,一劳永逸,ylyy,yi lao yong yi,yi,yi
《朱子语类》卷八有资质甚高者，一了一切了，即不须节节用工也。”,非但扣押，依我之见，立刻把他杀了，～。★曹禺《王昭君》第三幕,了了结，解决。把一件主要的事情了结以后，其余有关的事情也跟着了结。,yī liǎo bǎi liǎo,一了百了,ylbl,yi liao bai liao,yi,liao
清·曹雪芹《红楼梦》第十六回国舅老爷大喜！国舅老爷一路风尘辛苦。小的听见昨日的头起报马来报，说今日大驾归府，略预备了一杯水酒掸尘，不知赐光谬领否？”,［安老爷］见舅太太在廊下候着，便忙着上前彼此问过好，谈了两句～的话。★清·文康《儿女英雄传》第四十回,形容旅途辛苦。,yī lù fēng chén,一路风尘,ylfc,yi lu feng chen,yi,chen
明·冯梦龙《古今小说》卷十九一路平安，行了一月有余，来到旧日泊船之处。”,无,指旅途中没出任何事故。也用作对出门人的祝福语。,yī lù píng ān,一路平安,ylpa,yi lu ping an,yi,an
清·文康《儿女英雄传》第十九回忽然，一路顺风里说到想要告休归里。”清·俞万春《荡寇志》第一二二回且喜连冬过春，徐槐一边久无消息，更喜云陈两处亦无动静，一路顺风无些毫打叉之事，以是吴用渐渐向愈。”,我们这次出门旅行真是～，沿途一点儿也没有耽误。,旅途平安（多用于祝人）。,yī lù shùn fēng,一路顺风,ylsf,yi lu shun feng,yi,feng
唐·韩愈《听颖师弹琴》诗跻攀分寸不可上，失势一落千丈强。”,所以喜奎一嫁，转瞬坤伶声势，～，伶界牛耳，又让男伶夺去。★蔡东藩、许廑父《民国通俗演义》第一二六回,原指琴声陡然降落◇用来形容声誉、地位或经济状况急剧下降。,yī luò qiān zhàng,一落千丈,ylqz,yi luo qian zhang,yi,zhang
明·施耐庵《水浒传》第九十六回即便勒兵列阵，一马当先，驰下山来，犹如天崩地塌之势。”,李自成看见敌人增加了援军，士气复振，就赶快把人马整顿一下，由他～，继续猛冲猛攻。★姚雪垠《李自成》,原指作战时策马冲锋在前。形容领先。也比喻工作走在群众前面，积极带头。,yī mǎ dāng xiān,一马当先,ymdx,yi ma dang xian,yi,xian
冯德英《苦菜花》第十章敌人围得甚紧，村外又是一马平川，敌人展开重火力，我们几次冲锋都被敌人压回来了。”,这里～，连座小山也没有。,平川地势平坦的地方。能够纵马疾驰的一片广阔平地。指广阔的平原。,yī mǎ píng chuān,一马平川,ympc,yi ma ping chuan,yi,chuan
闻一多《四杰》如果我们再知道他们是好到如之问《祭杨盈川文》所说的那程度，我们便更能了然于王、杨与沈、宋所以是一脉相承之故。”,无,从同一血统、派别世代相承流传下来。批某种思想、行为或学说之间有继承关系。,yī mài xiāng chéng,一脉相承,ymxc,yi mai xiang cheng,yi,cheng
鲁迅《华盖集续编·无花的蔷薇之三》北京的流言报，是从袁世凯称帝，张勋复辟，章士钊‘整顿学风’以还，一脉相传，历来如此的。”,无,一脉一个血统。从同一血统、派别世代相承流传下来。批某种思想、行为或学说之间有继承关系。,yī mài xiāng chuán,一脉相传,ymxc,yi mai xiang chuan,yi,chuan
《孟子·尽心上》杨子取为我，拔一毛而利天下，不为也。”,沈姑娘，你也太拿老了！叫我们管山吃山，管水吃水，都象你这～，我们喝西北风。★清·吴敬梓《儒林外史》第四十一回,一根汗毛也不肯拔。原指杨朱的极端为我主义◇形容为人非常吝啬自私。,yī máo bù bá,一毛不拔,ymbb,yi mao bu ba,yi,ba
孙华炳《重赏之下》他自己又到图书馆借来关于数控的书，什么也不顾了，一门心思钻研起来。”,无,指一心一意。,yī mén xīn sī,一门心思,ymxs,yi men xin si,yi,si
明·罗贯中《三国演义》第一百五回今日若听此一面之词，杨仪等必投魏矣。”,在这件事情上，我们不能只听～，必须全面了解情况，然后再做处理。,争执的双方中一方所说的话。,yī miàn zhī cí,一面之词,ymzc,yi mian zhi ci,yi,ci
汉·崔寔《本论》且观世人之相论也，徒以一面之交，定臧否之决。”,咱们总算有～，在兵营里你伺候过我；再说咱们又都是街面上的人，所以我担着好大的处分来给你送个信。★老舍《骆驼祥子》十一,只见过一面的交情。比喻交情很浅。,yī miàn zhī jiāo,一面之交,ymzj,yi mian zhi jiao,yi,jiao
清·曹雪芹《红楼梦》第一回若问此物，倒有一面之缘。”,尽管他与那位郭小姐只～，然而她的形象却像用刀刻下来似的。★叶永烈《并蒂莲》,见一面的缘分。,yī miàn zhī yuán,一面之缘,ymzy,yi mian zhi yuan,yi,yuan
《韩非子·喻老》虽无飞，飞必冲天；虽无鸣，鸣必惊人。”《史记·滑稽列传》此鸟不飞则已，一飞冲天；不鸣则已，一鸣惊人。”,～，实在是出乎意外。（郭沫若《革命春秋·创造十年续篇》）,鸣鸟叫。一叫就使人震惊。比喻平时没有突出的表现，一下子做出惊人的成绩。,yī míng jīng rén,一鸣惊人,ymjr,yi ming jing ren,yi,ren
毛泽东《湖南农民运动考察报告》汤峻岩说‘杀两个叫花子开张！这两个叫花子就是这样一命呜呼了。’”,无,呜呼叹词，古代祭文末多有此词，后即以此为死亡的代称。指人死亡。,yī mìng wū hū,一命呜呼,ymwh,yi ming wu hu,yi,hu
清·吴敬梓《儒林外史》第五十四回今日抬头一看，却见他黄着脸、秃着头，就和前日梦里揪他的师姑一模一样，不觉就懊恼起来。”,这两件衣服从颜色到款式虽然～，但质量却有很大差别。,样子完全相同。,yī mó yī yàng,一模一样,ymyy,yi mo yi yang,yi,yang
明·张岱《皇华考序》可见按图索籍，三溪道路，一目了然。”,却说这中堂正对着那个围场，四扇大窗洞开，场上的事，～。★清·曾朴《孽海花》第十九回,目看；了然清楚，明白。一眼就看得很清楚。,yī mù liǎo rán,一目了然,ymlr,yi mu liao ran,yi,ran
《梁书·简文帝纪》读书十行俱下。”宋·刘克庄《杂记六言五首》诗五更三点待漏，一目十行读书。”,那三官双名景隆，字顺卿，年方一十七岁，生得眉目清新，丰姿俊雅，读书～，举笔即便成文。★明·冯梦龙《警世通言》卷二十四,看书时同时可以看十行。形容看书非常快。,yī mù shí háng,一目十行,ymsh,yi mu shi hang,yi,hang
元·杨梓《敬德不服老》将军你且耐心到那里，不过一年半载，俺众将每必然保奏将军回来。”,若小弟侥幸，这回去就得个肥美地方，到任一年半载，那时带几百银子来帮衬他，倒不值甚么。★清·吴敬梓《儒林外史》第二十回,一年半年。泛指一段时间。,yī nián bàn zǎi,一年半载,ynbz,yi nian ban zai,yi,zai
宋·王安石《送吴显道》诗之五惟有春风应最惜，一年一度一归来。”,～秋风劲，不似春光。胜似春光，廖廓江天万里霜。★毛泽东《采桑子·重阳》词,指每年一次。,yī nián yī dù,一年一度,ynyd,yi nian yi du,yi,du
宋·曾憊《类说》卷四十七引《遁斋闲览》一念之误，乃至于此。”,世间孽子、孤臣、义夫、节妇，其贤不肖往往只在～。★清·李汝珍《镜花缘》第九十回,念念头、主意；差错误。一个念头的差错（造成严重后果）。,yī niàn zhī chā,一念之差,ynzc,yi nian zhi cha,yi,cha
《史记·季布栾布列传》得黄金百斤，不如得季布一诺。”,夫人而诚～，更无食言也者。★元·王实甫《西厢记》第二本第二折金圣叹批,诺许诺。许下的一个诺言有千金的价值。比喻说话算数，极有信用。,yī nuò qiān jīn,一诺千金,ynqj,yi nuo qian jin,yi,jin
清·李绿园《歧路灯》第十八回古人云‘君子之交，定而后求；小人之交，一拍即合。’”,既然我们～，所见略同，我也不瞒你。★陈登科《赤龙与丹凤》第一部十八,拍乐曲的段落，也称打拍子。一打拍子就合于乐曲的节奏。比喻困情意相投或有利害关系，一下子就说到一起或结合在一起。,yī pāi jí hé,一拍即合,ypjh,yi pai ji he,yi,he
清·梁启超《十种德性相反相成论》然终不免一盘散沙之诮者，则以无合群之德故也。”,因为我们说着古代的话，说着大家不明白，不听见的话，已经弄得像～，痛痒不相关了。★鲁迅《无声的中国》,比喻力量分散，没有组织起来。,yī pán sǎn shā,一盘散沙,ypss,yi pan san sha,yi,sha
宋·苏轼《过岭寄子由》一片丹心天日下，数行清泪岭云南。”,无,一片红心。指忠诚之心。,yī piàn dān xīn,一片丹心,ypdx,yi pian dan xin,yi,xin
无,大雨落幽燕，白浪滔天，秦皇岛外打鱼船。～都不见，知向论谁边？（毛泽东《浪淘沙·北戴河》词）,形容水面辽阔，水势浩大。,yī piàn wāng yáng,一片汪洋,ypwy,yi pian wang yang,yi,yang
元·关汉卿《窦娥冤》楔子小生一贫如洗，流落在这楚州居住。”,当时父亲赤手空拳出来做官，家里～。★邹韬奋《我的母亲》,穷得象用水洗过似的，什么都没有。形容十分贫穷。,yī pín rú xǐ,一贫如洗,yprx,yi pin ru xi,yi,xi
《韩非子·内储说左上》吾闻明主之爱，一颦一笑，颦有为颦，而笑有为笑。”,金门玉堂临水居，～千万余。★南朝梁·萧统《龙笛曲》,颦皱眉。指忧和喜的表情。,yī pín yī xiào,一颦一笑,ypyx,yi pin yi xiao,yi,xiao
明·胡应麟《诗薮·近体中》若‘风急天高’，则一篇之中句句皆律，一句之中字字皆律，而实一意贯串，一气呵成。”,北曲之介白者每折不过数言，即抹去宾白而止阅填词，亦皆～，无有断续。★清·李渔《闲情偶寄·宾白第四》,一口气做成。形容文章结构紧凑，文气连贯。也比喻做一件事安排紧凑，迅速不间断地完成。,yī qì hē chéng,一气呵成,yqhc,yi qi he cheng,yi,cheng
《史记·魏其武安侯列传》夫无所发怒，乃骂临汝侯曰‘生平毁程不识不直一钱，今日长者为寿，乃效女儿咕嗫耳语。”,其中更生出无数谣言，添了无数假话，竟把个瞿耐庵说得～，恨不得早叫这个瘟官离任才好。★清·李宝嘉《官场现形记》第四十回,一个铜钱都不值。比喻毫无价值。,yī qián bù zhí,一钱不值,yqbz,yi qian bu zhi,yi,zhi
《吕氏春秋·过理》杀比干而视其心，不适也。孔子闻之曰‘其窍通，则比干不死矣。’”高诱注纣性不仁，心不通，安于为恶，杀比干，故孔子言其一窍通则比干不见杀也。”,虽然他是～的浑虫，可是双桥镇上并无镇长”之流的官儿，他也还明白。★茅盾《子夜》六,窍洞，指心窍。没有一窍是贯通的。比喻一点儿也不懂。,yī qiào bù tōng,一窍不通,yqbt,yi qiao bu tong,yi,tong
老舍《四世同堂》小顺儿样样事情都要闹个一清二楚，不然怎么能当好妈妈的保镖呢。”,无,十分清楚、明白。,yī qīng èr chǔ,一清二楚,yqec,yi qing er chu,yi,chu
毛泽东《论十大关系》十我曾经说过，我们一为‘穷’，二为‘白’。‘穷’就是没有多少工业，农业也不发达。‘白’就是一张白纸，文化水平、科学水平都不高。”,在他们的意念中，一切都是为了迅速改变‘～’的面貌。★陶铸《松树的风格》,穷指物质基础差；白指文化和科学落后。比喻基础差，底子薄。,yī qióng èr bái,一穷二白,yqeb,yi qiong er bai,yi,bai
《庄子·秋水》骐、骥、骅、骝，一日而驰千里。”《史记·刺客列传》臣闻骐骥盛壮之时，—日而驰千里；至其衰老；驾马先之。”,由于负责干部的艰苦奋斗，业务更～，异常发达，不到一年，全国分店已达五十余处。★邹韬奋《患难余生记·进步文化的遭难》,原形容马跑得很快◇比喻进展极快。,yī rì qiān lǐ,一日千里,yrql,yi ri qian li,yi,li
无,可是，中国又穷又弱的现状～，丝毫无所改变。（张扬《第二次握手》六）,一完全；既往从前，已往。指态度没有变化，完全象从前一样。,yī rú jì wǎng,一如既往,yrjw,yi ru ji wang,yi,wang
宋·苏轼《题王逸少帖》诗出林飞鸟一扫空。”,吴荪甫微笑地回答，脸上的阴沉气色又～了。★茅盾《子夜》,一下子就扫除干净。,yī sǎo ér guāng,一扫而光,yseg,yi sao er guang,yi,guang
毛泽东《别了，司徒雷登》你们所设想的美国的仁义首选，已被艾奇逊一扫而空。”,无,一下子便扫除干净。比喻彻底清除。,yī sǎo ér kōng,一扫而空,ysek,yi sao er kong,yi,kong
清·曹雪芹《红楼梦》第九十三回他倒拿定一个主意说是人生婚配，关系一生一世的事，不是混闹得的。”,无,一辈子。,yī shēng yī shì,一生一世,ysys,yi sheng yi shi,yi,shi
无,无,扔一颗石子打到两只鸟。比喻做一件事情得到两样好处。,yī shí èr niǎo,一石二鸟,ysen,yi shi er niao,yi,niao
唐·白居易《除夜寄微之》诗鬓毛不觉白毵毵，一事无成百不堪。”,员乃投镜于地，痛哭曰～，双鬓已斑，天乎，天乎！”（明·冯梦龙《东周列国志》第七十二回）,连一样事情也没有做成。指什么事情都做不成。形容毫无成就。,yī shì wú chéng,一事无成,yswc,yi shi wu cheng,yi,cheng
唐·韩愈《原人》是故圣人一视同仁，笃近而举远。”,警察却不怕自行车，更不怕洋车和三轮儿。他们对洋车和三轮儿倒是～，一个不顺眼就拳脚一齐来。★朱自清《回来杂记》,原指圣人对百姓一样看待，同施仁爱◇多表示对人同样看待，不分厚薄。,yī shì tóng rén,一视同仁,ystr,yi shi tong ren,yi,ren
清·李绿园《歧路灯》第四十三回你一手包揽，我只崝我的头钱。”,无,一手指一个人；包办总揽一切，独自办理。指一人独揽，不让别人插手。,yī shǒu bāo bàn,一手包办,ysbb,yi shou bao ban,yi,ban
唐·曹邺《读李斯传》诗难将一人手，掩得天下目。”,无,一只手把天遮住。形容依仗权势，玩弄手段，蒙蔽群众。,yī shǒu zhē tiān,一手遮天,yszt,yi shou zhe tian,yi,tian
清·吴敬梓《儒林外史》第四回上司访知，见世叔一丝不苟，升迁就在指日。”,我们在学习上，应有～的精神。,苟苟且，马虎。指做事认真细致，一点儿不马虎。,yī sī bù gǒu,一丝不苟,ysbg,yi si bu gou,yi,gou
《楞严经》一丝不挂，竿木随身。”,放闸老兵殊耐冷，～下冰滩。★宋·杨万里《清晓洪泽放闸》诗,原是佛教用来比喻人没有一丝牵挂◇指人裸体。,yī sī bù guà,一丝不挂,ysbg,yi si bu gua,yi,gua
明·凌濛初《二刻拍案惊奇》卷二十四任凭尊意应济多少，一丝一毫尽算是尊赐罢了。”,对于精密零件的加工，不允许有～的误差。,丝、毫十丝为一毫，十毫为一厘。一点点儿，极小或极少。,yī sī yī háo,一丝一毫,ysyh,yi si yi hao,yi,hao
郭沫若《革命春秋·学生时代》新开设的中学，更是一塌糊涂，笑话百出。”,无,形容混乱或败坏到了不可收拾的程度。,yī tā hú tú,一塌糊涂,ytht,yi ta hu tu,yi,tu
无,假如把中国封建社会比喻做～的话，那么异族的侵入就象突然投入一块大石头。（蒲韧《二千年间》八）,潭深水坑。一池子死水。比喻停滞不前的沉闷局面。,yī tán sǐ shuǐ,一潭死水,ytss,yi tan si shui,yi,shui
明·吴承恩《西游记》这猴王也是他一窍通时百窍通，当时习了口诀，自习自练，将七十二般变化，都学成了。”,无,通通晓。一个主要的弄通了，其他的自然也都会弄通。,yī tōng bǎi tōng,一通百通,ytbt,yi tong bai tong,yi,tong
《公羊传·成公十五年》王者欲一乎天下。”又，《隐公元年》何言乎王正月，大一统也。”,汉朝自高祖斩白蛇而起义，～。★明·罗贯中《三国演义》第一回,天下指全国。原指统一的国家，现多指某一地区或某一机构不贯彻上级意图而形成的独立王国。也泛指为少数人所霸占的某一领域。,yī tǒng tiān xià,一统天下,yttx,yi tong tian xia,yi,xia
谌容《真真假假》仿佛全是他积郁在胸中多时的由衷之言，今日终于得以一吐为快。”,无,指尽情说出要说的话而感到畅快。,yī tǔ wéi kuài,一吐为快,ytwk,yi tu wei kuai,yi,kuai
宋·朱熹《伊洛渊源录》卷三引《上蔡语录》明道终日坐，如泥塑人，然接人浑是一团和气。”,王头领待人接物，～，如何心地倒恁窄狭？★明·施耐庵《水浒全传》第十九回,本指态度和霭可亲。现也指互相之间只讲和气，不讲原则。,yī tuán hé qì,一团和气,ythq,yi tuan he qi,yi,qi
无,窗外一团漆黑，什么也看不清。,形容一片黑暗，没有一点光明。也形容对事情一无所知。,yī tuán qī hēi,一团漆黑,ytqh,yi tuan qi hei,yi,hei
宋·魏泰《东轩笔录》卷四聊为相公一网打尽。”,人民也会想到使汉奸合法化的，自己就是汉奸，人民的决心是要～的。（闻一多《谨防汉奸合法化》）,比喻一个不漏地全部抓住或彻底肃清。,yī wǎng dǎ jìn,一网打尽,ywdj,yi wang da jin,yi,jin
南朝宋·刘义庆《世说新语·任诞》桓子野每闻清歌。辄唤奈何！谢公闻之曰‘子野可谓一往有深情。’”,～深几许？深山夕照深秋雨。★清·纳兰性德《蝶恋花·出塞》词,指对人或对事物顷注了很深的感情，向往而不能克制。,yī wǎng qíng shēn,一往情深,ywqs,yi wang qing shen,yi,shen
毛泽东《论联合政府》这个军队具有一往无前的精神，它要压倒一切敌人，而决不被敌人所屈服。”,无,一直往前，无所阻挡。形容勇猛无畏地前进。,yī wǎng wú qián,一往无前,ywwq,yi wang wu qian,yi,qian
明·吴承恩《西游记》第六十四回一望无际，似有千里之遥。”,无,际边。一眼望不到边。形容非常辽阔。,yī wàng wú jì,一望无际,ywwj,yi wang wu ji,yi,ji
无,～的蓝色大海，令人心旷神怡。,辽远广阔，看不到边际。,yī wàng wú yín,一望无垠,ywwy,yi wang wu yin,yi,yin
西汉·司马迁《史记·佞幸列传》竟不得名一钱，寄死人家。”,如果他有钱给那些人行点贿送包'烟钱'，也就过去了；可是他身上～。★杨沫《青春之歌》第二部第21章,名占有。一个钱都没有。形容非常贫困。,yī wén bù míng,一文不名,ywbm,yi wen bu ming,yi,ming
明·毕魏《三报恩·骂佞》最可悲年少科名，弄得一文不值。”,有时说自己的作文的根柢全是同情，有时将校对者骂得～。★鲁迅《而已集·读书杂谈》,指毫无价值。,yī wén bù zhí,一文不值,ywbz,yi wen bu zhi,yi,zhi
明·张岱《与胡季望》是犹三家村子，使之治山珍海错，烹饪燔炙，一无是处。明眼观之，只发一粲。”,我们看问题要全面、要一分为二，不要因为人家有缺点，就认为人家～。,是对，正确。没有一点儿对的或好的地方。,yī wú shì chù,一无是处,ywsc,yi wu shi chu,yi,chu
五代·王定保《唐摭言》然日势既暮，寿儿且寄院中止宿，颢亦怀疑，因命搜寿儿怀袖，一无所得，颢不得已遂躬自操觚。”,无,一无全无。什么东西都没有获得。,yī wú suǒ huò,一无所获,ywsh,yi wu suo huo,yi,huo
《敦煌变文集·庐山远公话》如水中之月，空里之风，万法皆无，一无所有。”,如今凤姐儿～，贾琏外头债务满身。★清·曹雪芹《红楼梦》第一百六回,什么也没有。指钱财，也指成绩、知识。,yī wú suǒ yǒu,一无所有,ywsy,yi wu suo you,yi,you
明·冯梦龙《警世通言》卷十五小学生望后便倒，扶起，良久方醒。问之一无所知。”,对于世界历史，他～。,什么也不知道。,yī wú suǒ zhī,一无所知,ywsz,yi wu suo zhi,yi,zhi
明·施耐庵《水浒全传》第二十五回这妇人听了这话，也不回言，却踅过来，一五一十，都对王婆和西门庆说了。”,他把事情发生的经过～地向大家讲了一遍。,五、十计数单位。五个十个地将数目点清。比喻叙述从头到尾，源源本本，没有遗漏。也形容查点数目。,yī wú yī shí,一五一十,ywys,yi wu yi shi,yi,shi
《论语·泰伯》死而后已，不亦远乎！”朱熹注一息尚存，此志不容少懈，可谓远矣。”,我下定决心，象陈毅同志病中表现的那样，～，努力不懈！★张茜《陈毅诗词选集·序言》,息呼吸，气息；尚还。还有一口气。指生命的最后阶段。,yī xī shàng cún,一息尚存,yxsc,yi xi shang cun,yi,cun
《旧唐书·后妃传上》妇人智识不远，有忤盛情，然贵妃久承恩顾，何惜宫中一席之地，使其京戮，安忍取辱于外哉！”,那占着玻璃柜～的彩塑泥人，却比什么都吸引我。★邓炬云《漫步南京路》,放一个席位的地方。比喻应有的一个位置。,yī xí zhī dì,一席之地,yxzd,yi xi zhi di,yi,di
宋·罗大经《鹤林玉露》若借温太真之事，为小人开一线生路，借范尧夫之言，为君子忧后来之祸，则失之矣。”,无,线微小；生机生存的机会。还有一点儿生存的希望。,yī xiàn shēng jī,一线生机,yxsj,yi xian sheng ji,yi,ji
蒋子龙《乔厂长上任记》有人说‘你这一厢情愿，石敢同意去吗？’”,无,指单方面的愿望或不考虑客观实际情况的主观意愿。同一相情愿”。,yī xiāng qíng yuàn,一厢情愿,yxqy,yi xiang qing yuan,yi,yuan
沙汀《淘金记》那显然是幺长子对白酱丹的毒辣的讽刺；纵然他本人仅仅一笑了之。”,无,笑一笑就算了事，指不予重视。,yī xiào liǎo zhī,一笑了之,yxlz,yi xiao liao zhi,yi,zhi
宋·杨万里《观水叹》诗出处未可必，一笑姑置之。” 宋·陆游《书梦》诗一笑俱置之，浮生故多难。”,漕台见他如此说法，晓得他牛性发作，也只好～。★清·李宝嘉《官场现形记》第四十六回,笑一笑，就把它放在一边了。表示不当回事。,yī xiào zhì zhī,一笑置之,yxzz,yi xiao zhi zhi,yi,zhi
唐·李白《赠从弟宣州长史昭》诗长川豁中流，千里泻吴会。”宋·陈亮《与辛幼安殿撰书》大江在河，一泻千里。”,方希直如奔流滔滔，～，而潆洄滉瀥之状颇少。（明·王世贞《文评》）,泻水往下直注。形容江河奔流直下，流得又快又远。也比喻文笔或乐曲气势奔放。也形容价格猛跌不止。,yī xiè qiān lǐ,一泻千里,yxql,yi xie qian li,yi,li
《三国志·魏志·杜恕传》免为庶人，徙章武郡，是岁嘉平元年。”裴松之注引《杜氏新书》故推一心，任一意，直而行之耳。”,所以彭官保便～的料理防守事宜，庄制军便～料理军需器械。★清·张春帆《宦海》第四回,只有一个心眼儿，没有别的考虑。,yī xīn yī yì,一心一意,yxyy,yi xin yi yi,yi,yi
无,她是个干净利索的人，家里让她收拾得连一星半点的灰尘都没有。,形容极少。,yī xīng bàn diǎn,一星半点,yxbd,yi xing ban dian,yi,dian
明·冯梦龙《喻世明言》卷一三巧儿听说丈夫把她休了，一言不发，啼哭起来。”,只见她～，回手拔出那把刀来。★清·文康《儿女英雄传》第七回,一句话也不说。,yī yán bù fā,一言不发,yybf,yi yan bu fa,yi,fa
《史记·平原君列传》毛先生一至楚而使赵重于九鼎大吕。毛先生以三寸之舌，强于百万之师。胜不敢复相士。”,你若是专家或者要人，～，那自当别论。★朱自清《很好》,九鼎古代国家的宝器，相传为夏禹所铸。一句话抵得上九鼎重。比喻说话力量大，能起很大作用。,yī yán jiǔ dǐng,一言九鼎,yyjd,yi yan jiu ding,yi,ding
元·李直夫《虎头牌》第一折我一言难尽，来探望你这歹孩儿索是远路风尘。”,说起这件事，真是～，等有时间我们再详谈。,形容事情曲折复杂，不是一句话能说清楚的（用在不好的事）。,yī yán nán jìn,一言难尽,yynj,yi yan nan jin,yi,jin
清·冯景《今世说序》则夫一言一行，传其人之神，何以异是。”,无,每句话，每个行动。,yī yán yī xíng,一言一行,yyyx,yi yan yi xing,yi,xing
毛泽东《论持久战》一叶障目，不见泰山，而自以为是。”,无,眼睛被一片树叶挡住，指看不到事物的全貌。,yī yè zhàng mù,一叶障目,yyzm,yi ye zhang mu,yi,mu
《淮南子·说山训》见一叶落而知岁之将暮。”宋·唐庚《文录》引唐人诗山僧不解数甲子，一叶落知天下秋。”,无,从一片树叶的凋落，知道秋天的到来。比喻通过个别的细微的迹象，可以看到整个形势的发展趋向与结果。,yī yè zhī qiū,一叶知秋,yyzq,yi ye zhi qiu,yi,qiu
《南史·陈后主纪》我为百姓父母，岂可一衣带水不拯之乎？”,香港地方，同中国大陆相离，仅仅隔～。★鲁迅《而已集·略谈香港》,一条衣带那样狭窄的水。指虽有江河湖海相隔，但距离不远，不足以成为交往的阻碍。,yī yī dài shuǐ,一衣带水,yyds,yi yi dai shui,yi,shui
《论语·里仁》子曰‘参乎！吾道一以贯之’曾子曰‘唯。’子出，门人问曰‘何谓也？’曾子曰‘夫子之道，忠恕而已矣。’”,据谷超豪等人回忆，凡遇应当参加的讨论会，苏先生向来是风雨无阻，几十年间～。★刘征泰《苏步青》,贯贯穿。用一个根本性的事理贯通事情的始末或全部的道理。,yī yǐ guàn zhī,一以贯之,yygz,yi yi guan zhi,yi,zhi
《史记·酷吏列传》公卿相造请禹，禹终不报谢，务在绝知友宾客之请，孤立行一意而已。”,皇上和杨文弱、高起潜虽有意与虏议和，但迫于臣民清议，尚不敢公然～，与虏订城下之盟。★姚雪垠《李自成》第一卷第三章,指不接受别人的劝告，顽固地按照自己的主观想法去做。,yī yì gū xíng,一意孤行,yygx,yi yi gu xing,yi,xing
无,厨房里的各种调味作料，一应俱全。,一应一切；俱都。一切齐全，应有尽有。,yī yīng jù quán,一应俱全,yyjq,yi ying ju quan,yi,quan
明·冯梦龙《醒世恒言》卷十五众人一拥而入，迎头就把了缘拿住，押进里面搜捉，不曾走了一个。”,无,拥拥挤。一下子全都拥了进去，挤了进去。,yī yōng ér rù,一拥而入,yyer,yi yong er ru,yi,ru
明·罗贯中《三国演义》第六十七回吕蒙亲自擂鼓，士卒皆一拥而上，乱刀砍死朱光。”,无,一下子全都围上去。形容周围的人同时向一个目标猛挤过去。,yī yōng ér shàng,一拥而上,yyes,yi yong er shang,yi,shang
清·戏确《与张考夫书》自唐虞至战国二千余年，圣人相传心法，一语道破。”,而发之又必若隐若见，欲露不露，反复缠绵，终不许～。（清·陈廷棹《白寸斋词话》卷一）,道说；破揭穿。一句话就说穿了。,yī yǔ dào pò,一语道破,yydp,yi yu dao po,yi,po
浩然《艳阳天》第86章又转脸看看弯弯绕这伙子人，一语双关地说‘我再宣布一声，谁想浑水摸鱼，挑拨是非，那是办不到。’”,无,一句话包含两个意思。,yī yǔ shuāng guān,一语双关,yysg,yi yu shuang guan,yi,guan
马南邨《燕山夜话·交友待客之道》这是把虚心看做交友待客的根本态度，真可谓一语中的，抓住了要害。”,无,一句话就说中要害。同一语破的”。,yī yǔ zhōng dì,一语中的,yyzd,yi yu zhong di,yi,di
《公羊传·隐公元年》元者何？君之始年也。春者何？岁之始也。”,无,指新的一年的开始。并常以下句万象更新”合成春联。,yī yuán fù shǐ,一元复始,yyfs,yi yuan fu shi,yi,shi
《礼记·杂记下》张而不弛，文武弗能也；弛而不张，文武弗为也。一张一弛，文武之道也。”,学习和工作应该有节奏，～，有劳有逸，这样才能提高效率。,意思是宽严相结合，是文王武王治理国家的方法。现用来比喻生活的松紧和工作的劳逸要合理安排。,yī zhāng yī chí,一张一弛,yzyc,yi zhang yi chi,yi,chi
毛泽东《反对党八股》这不是把我们的毛病讲得一针见血么？不错，党八股中中国有，外国也有，可见是通病。”,无,比喻说话直截了当，切中要害。,yī zhēn jiàn xiě,一针见血,yzjx,yi zhen jian xie,yi,xie
清·曹雪芹《红楼梦》第七十四回要想搜我的丫头，这不可能！我原比众人歹毒，凡丫头所有的东西，我都知道，都在我这里间收着一针一线，他们也没得收藏。”,无,比喻极微小的东西。,yī zhēn yī xiàn,一针一线,yzyx,yi zhen yi xian,yi,xian
宋·严羽《沧浪诗话·诗辨》有透彻之悟，有但得一知半解之悟。”,我也只得～，不懂什么。★清·颐琐《黄绣球》第八回,知道得不全面，理解得也不透彻。,yī zhī bàn jiě,一知半解,yzbj,yi zhi ban jie,yi,jie
蔡东藩、许廑父《民国通俗演义》第十回活佛喇嘛毫无见识，一任外人播弄，徒凭袁总统一纸空文，岂即肯拱手听命，就此安静么？”,无,只是写在纸上没有兑现或不能兑现的东西。,yī zhǐ kōng wén,一纸空文,yzkw,yi zhi kong wen,yi,wen
唐·吴象之《少年行》一掷千金浑是胆，家无四壁不知贫。”,他仅用几句话，就把那种奢侈豪华，～的情景描绘出来了。,指用钱满不在乎，一花就是一大笔。,yī zhì qiān jīn,一掷千金,yzqj,yi zhi qian jin,yi,jin
唐·张固《独秀山》诗会得乾坤融结意，擎天一柱在南州。”《唐·大诏令集·赐陈敬瑄铁券文》卿五山镇地，一柱擎天；气压乾坤，量含宇宙。”,无,擎托起。一根柱托住天。比喻人能担当天下重任。,yī zhù qíng tiān,一柱擎天,yzqt,yi zhu qing tian,yi,tian
《史记·吕不韦列传》布咸阳市门，悬千金其上，延诸侯游士宾客有能增损一字者予千金。”,文温以丽，意悲而远，惊心动魄，可谓几乎～★南朝梁·钟嵘《诗品》卷上,增损一字，赏予千金。称赞文辞精妙，不可更改。,yī zì qiān jīn,一字千金,yzqj,yi zi qian jin,yi,jin
林兰《红棉袄》三婶子一点一点撕着那发了黑的棉花，一字一句地说‘老三那孩子言不出语不进的，写不上，算不上，工作团咋派上他这个老实疙瘩。’”,无,形容人说话清楚从容。,yī zì yī jù,一字一句,yzyj,yi zi yi ju,yi,ju
鲁迅《书信集·致郑振铎》我亦尚在看看人间世，不过总有一天，是终于要‘一走了之’的，现在是这样的世界。”,无,指不顾而去。,yī zǒu liǎo zhī,一走了之,yzlz,yi zou liao zhi,yi,zhi
秦牧《土地》衣不蔽体、家里正在愁吃愁穿的农民望了这群不知稼穑艰难的人们一眼，一句话也没说。”,无,蔽遮。衣服破烂，连身子都遮盖不住。形容生活贫苦。,yī bù bì tǐ,衣不蔽体,ybbt,yi bu bi ti,yi,ti
《诗经·曹风·蜉蝣》蜉蝣之羽，衣裳楚楚。”,他整天～，但对工作却漠然置之。,楚楚鲜明、整洁的样子。衣帽穿戴得很整齐，很漂亮。,yī guān chǔ chǔ,衣冠楚楚,ygcc,yi guan chu chu,yi,chu
《旧唐书·姜暮传》衣锦还乡，古人所尚。今以本州相授，用答元功。”,无,旧指富贵以后回到故乡‖有向乡里夸耀的意思。,yì jǐn huán xiāng,衣锦还乡,yjhx,yi jin huan xiang,yi,xiang
先秦·左丘明《左传·宣公十二年》训之以若敖，蚡冒，筚路蓝缕以启山林。”杜预注蓝缕敝衣。”,你看吧，～的饥民们冻得缩着肩膀，守候在庄稼院的街门口。★柳青《创业史》第一部,褴褛破烂。衣服破破烂烂。,yī shān lán lǚ,衣衫褴褛,ysll,yi shan lan lv,yi,lv
明·汤显祖《南柯记》着甚么南庄田，北庄地，有溜二便是衣食父母。”,农民是他们的～。他们盼望农民有钱就象他们盼望自己一样。（茅盾《故乡杂记》）,踏入社会都靠父母提供。指生活所依赖的人。,yī shí fù mǔ,衣食父母,ysfm,yi shi fu mu,yi,mu
无,他想起孙总理的全部遗教是解决～。（茅盾《喜剧》二）,泛指穿衣、吃饭、住房、行路等生活上的基本需要。,yī shí zhù xíng,衣食住行,yszx,yi shi zhu xing,yi,xing
唐·薛调《刘无双传》舅甥之分，依然如故。”,他吃、喝、玩、耍，～。★叶圣陶《一个朋友》,依然仍旧；故过去，从前。指人没有什么长进，还是从前的老样子。,yī rán rú gù,依然如故,yrrg,yi ran ru gu,yi,gu
宋·叶適《安集两淮申省状》奔迸渡江求活者几二十万家，而依山傍水相保聚以自固者亦几二十万家。”,维曰陈仓城池坚固，郝昭守御甚密，又得王双相助，实不可取。不若令一大将，～，下寨固守。★明·罗贯中《三国演义》第九十七回,指地理位置靠近山岭和水流。,yī shān bàng shuǐ,依山傍水,ysbs,yi shan bang shui,yi,shui
明·冯梦龙《醒世恒言·卢太学诗酒傲王候》那卢楠直送五百余里，两下依依不舍。”,晚会结束已经大半天了，同学们才～地离去。,依依依恋的样子；舍放弃。形容舍不得离开。,yī yī bù shě,依依不舍,yybs,yi yi bu she,yi,she
宋·陆游《舟中对月》百壶载酒游凌云，醉中挥袖别故人，依依向我不忍别，谁似峨嵋半轮月。”,无,依依留恋的样子；惜别舍不得分别。形容十分留恋，舍不得分开。,yī yī xī bié,依依惜别,yyxb,yi yi xi bie,yi,bie
郭沫若《蔡文姬》第二幕曹丞相魁梧奇伟，仪表堂堂。”,无,仪表人的外表，风度；堂堂仪容庄严大方的样子。形容人的容貌端正。,yí biǎo táng táng,仪表堂堂,ybtt,yi biao tang tang,yi,tang
《列子·黄帝》黄帝既寤，怡然自得。”,刘厚守听了，～，坐在椅子上，尽兴地把身子乱摆，一声也不响。★清·李宝嘉《官场现形记》,怡然安适愉快的样子。形容高兴而满足的样子。,yí rán zì dé,怡然自得,yrzd,yi ran zi de,yi,de
晋·陶潜《桃花源记》黄发垂髫，并怡然自乐。”,这简直是不伦不类的态度，但他却～，认为是义薄云天，忠贯日月，大有关云长降汉不降曹”的气慨。★丁中江《北洋军阀史话·复辟谬说》,怡然喜悦的样子。形容高兴而满足。,yí rán zì lè,怡然自乐,yrzl,yi ran zi le,yi,le
无,除恶务尽，否则贻害无穷。,留下无穷的祸患。,yí hài wú qióng,贻害无穷,yhwq,yi hai wu qiong,yi,qiong
《庄子·秋水》吾长见笑于大方之家。”,去岁路过贵邦，就要登堂求教；但愧知识短浅，诚恐～，所以不敢冒昧进谒。★清·李汝珍《镜花缘》第五十二回,贻笑让人笑话；大方原指懂得大道的人，后泛指见识广博或有专长的人。指让内行人笑话。,yí xiào dà fāng,贻笑大方,yxdf,yi xiao da fang,yi,fang
《荀子·乐论》乐者，圣人之所乐也，而可以善民心，其感人深，其移风易俗，故先王导之以礼乐而民和睦。”,我们要～，形成讲科学的好风气。,移改变；易变换。改变旧的风俗习惯。,yí fēng yì sú,移风易俗,yfys,yi feng yi su,yi,su
明·凌濛初《二刻拍案惊奇》卷十七同窗友认假作真，女秀才移花接木。”,无,把一种花木的枝条或嫩芽嫁接在另一种花木上。比喻暗中用手段更换人或事物来欺骗别人。,yí huā jiē mù,移花接木,yhjm,yi hua jie mu,yi,mu
《晋书·桓温传》既不能流芳百世，不足复遗臭万载耶？”,卖国投敌的小丑们，没有一个不是～的。,遗臭死后留下的恶名。死后恶名一直流传，永远被人唾骂。,yí chòu wàn nián,遗臭万年,ycwn,yi chou wan nian,yi,nian
宋·苏轼《前赤壁赋》飘飘乎如遗世独立，羽化而登仙。”,无,遗世遗弃世间之事。脱离社会独立生活，不跟任何人往来。,yí shì dú lì,遗世独立,ysdl,yi shi du li,yi,li
京剧《杨门女将》老太君年过百年，就该颐养天年，何必身履险地？”,他对佛教已经一往情深，肯定会抱守着这些陈旧的信条去～的。★《十月》1981年第1期,指保养年寿。,yí yǎng tiān nián,颐养天年,yytn,yi yang tian nian,yi,nian
《汉书·贡禹传》家富势足，目指气使。”《资治通鉴·唐纪·昭宣帝天佑二年》见朝士，皆颐指气使，旁若无人。”,他～，心狠手辣。★林平《从夏三虫说开去》,颐指动下巴示意，指挥别人；气使用神情气色支使人。不说话而用面部表示表情示意。形容有权势的人指挥别人的傲慢态度。,yí zhǐ qì shǐ,颐指气使,yzqs,yi zhi qi shi,yi,shi
鲁迅《二心集·风马牛》然而那下面的一个名词，却不写尚可，一写倒成了疑难杂症。”,无,难辨或难治的各种病症。比喻难以理解或解决的问题。,yí nán zá zhèng,疑难杂症,ynzz,yi nan za zheng,yi,zheng
鲁迅《准风月谈·前记》然而这么一来，却又使一些看文字不用视觉，专靠嗅觉的‘文学家’疑神疑鬼。”,无,这也怀疑，那也怀疑。形容非常多疑。,yí shén yí guǐ,疑神疑鬼,ysyg,yi shen yi gui,yi,gui
《史记·伯夷列传》登彼西山兮，采其薇矣，以暴易暴兮，不知其非矣。”,吏转念去一狐，得一狐，是～也，游移不敢即应。（清·蒲松龄《聊斋志异·周三》）,以用；易改变，更换；暴残暴。用残暴势力代替残暴势力。指统治者换了，暴虐的统治没有改变。,yǐ bào yì bào,以暴易暴,ybyb,yi bao yi bao,yi,bao
《论语·宪问》或曰‘以德报怨何如？’子曰‘何以报德？以直报怨，以德报德。’”,无,德恩惠。怨仇恨。不记别人的仇，反而给他好处。,yǐ dé bào yuàn,以德报怨,ydby,yi de bao yuan,yi,yuan
无,无,以良好的德行使百姓归顺、服从统治者。,yǐ dé fú rén,以德服人,ydfr,yi de fu ren,yi,ren
无,无,用一个单位或地方的成功经验来带动许多单位或成片地区的工作。,yǐ diǎn dài miàn,以点带面,yddm,yi dian dai mian,yi,mian
明·陶宗仪《辍耕录》卷二十九骨咄犀，蛇角也，其性至毒，而能解毒，盖以毒攻毒也。”,～，反而证明了反对白话者自己的不识字，不通文。★鲁迅《且介亭杂文二集·从别字”说开去》,攻治。中医用语，指用含有毒性的药物治疗毒疮等恶性病。比喻利用不良事物本身的矛盾来反对不良事物，或利用恶人来对付恶人。,yǐ dú gōng dú,以毒攻毒,ydgd,yi du gong du,yi,du
宋·俞琰《席上腐谈》世上相传女娲补天炼五色石于此，故名采石，以讹传讹。”,这两件事虽无考，古往今来，～，好事者竟故意的弄出这些古迹来以惑愚人。★清·曹雪芹《红楼梦》第五十一回,以拿，把；讹谬误。指把本来就不正确的话又错误地传出去，越传越错。,yǐ é chuán é,以讹传讹,yece,yi e chuan e,yi,e
张中明《人生劫》我们必须全力以赴，做好抢险的一切准备，以防不测，绝不能有一丝一毫的侥幸心理。”,无,防防备；测预测。用来防备不曾料想到的事。,yǐ fáng bù cè,以防不测,yfbc,yi fang bu ce,yi,ce
无,我们要提高警惕，以防万一敌人来偷袭。,万一意外变化。用以防备难以预料的事情。,yǐ fáng wàn yī,以防万一,yfwy,yi fang wan yi,yi,yi
宋·陈亮《酌古论一·先主》以攻为守，以守为攻，此兵之变也。”,在这次足球比赛中，主队采取了～的战术。,以进攻作为防御的手段。,yǐ gōng wéi shǒu,以攻为守,ygws,yi gong wei shou,yi,shou
《后汉书·安帝纪》秋节既立，鸷鸟将用，且复重申，以观后效。”,蒋中丞人尚忠厚，因见两司代为求情，亦就答应暂时留差，～。★清·李宝嘉《官场现形记》第四十八回,后效以后的效果。指将罪犯从轻处分，再看他以后的表现。,yǐ guān hòu xiào,以观后效,yghx,yi guan hou xiao,yi,xiao
北齐·颜之推《颜氏家训》馀分闰位，谓以伪乱真耳。”,如此办法，势必～，以少报多。★清·李百川《绿野仙踪》第四卷,以用；乱混乱。用假的东西去冒充或混杂真的东西。,yǐ jiǎ luàn zhēn,以假乱真,yjlz,yi jia luan zhen,yi,zhen
《左传·庄公二十一年》郑伯效尤，其亦将有咎！”,我以为各人均应先打屁股百下，～。★鲁迅《准风月谈·文床秋梦》,儆使人警醒，不犯错误；效仿效，效法；尤过失。指处理一个坏人或一件坏事，用来警告那些学着做坏事的人。,yǐ jǐng xiào yóu,以儆效尤,yjxy,yi jing xiao you,yi,you
明·施耐庵《水浒全传》第八十九回赵枢密留住禇坚，以礼相待。”,无,用应有的礼节接待。,yǐ lǐ xiāng dài,以礼相待,ylxd,yi li xiang dai,yi,dai
赖传珠《古田会议前后》毛党代表完全采用说服教育，以理服人的态度，而且还要我参加会议一起讨论。”,无,用道理来说服人。,yǐ lǐ fú rén,以理服人,ylfr,yi li fu ren,yi,ren
《孟子·告子下》是故禹以四海为壑。今吾子以邻国为壑。”,有些自私自利的人，做事从来不为别人着想，甚至～。,拿邻国当做大水坑，把本国的洪水排泄到那里去。比喻只图自己一方的利益，把困难或祸害转嫁给别人。,yǐ lín wéi hè,以邻为壑,ylwh,yi lin wei he,yi,he
《荀子·议兵》经桀作尧，譬之若以卵投石，以指绕沸。”,刘豫州不识天时，强欲与争，正如～，安得不败乎？★明·罗贯中《三国演义》第四十三回,拿蛋去碰石头。比喻不估计自己的力量，自取灭亡。,yǐ luǎn jī shí,以卵击石,yljs,yi luan ji shi,yi,shi
《史记·仲尼弟子列传》吾以言取人，失之宰之；以貌取人，失之子羽。”,真是糟糕，他早又不说，但也只怪我们～，在事前没有经过一道甄别了。★郭沫若《涂家埠》,根据外貌来判别一个的的品质才能。,yǐ mào qǔ rén,以貌取人,ymqr,yi mao qu ren,yi,ren
吴家国《普通逻辑》只有分析地阅读，才能学得深透，不致囫囵吞枣，一知半解；只有综合地阅读，才能学得完整系统，不致断章取义，以偏概全。”,无,以用；偏片面；概概括；全全部。用片面的观点看待整体问题。,yǐ piān gài quán,以偏概全,ypgq,yi pian gai quan,yi,quan
无,要坚决打击以权谋私的犯罪分子。,以凭借；权权力；谋谋求；私私利。用手中的权力牟取私利。,yǐ quán móu sī,以权谋私,yqms,yi quan mou si,yi,si
《墨子·非攻中》君子不镜于水而镜於人。镜于水，见面之容；镜于人，则知吉与凶。”,无,把别人的成败得失作为自己的借鉴。,yǐ rén wéi jìng,以人为镜,yrwj,yi ren wei jing,yi,jing
三国·蜀·诸葛亮《将苑》善将者，其刚不可折，其柔不可卷，故以弱制强，以柔制刚。”,他要拼老命，孤注一掷，我们则要忍耐，力避同敌人正面交锋，～，在敌人的后方狠狠地打。★李连庆《风云急》,用柔软的去克制刚强的。,yǐ róu kè gāng,以柔克刚,yrkg,yi rou ke gang,yi,gang
无,以弱胜强的例子举不胜举。,凭弱小的力量战胜力量强大的。,yǐ ruò shèng qiáng,以弱胜强,yrsq,yi ruo sheng qiang,yi,qiang
《汉书·王尊传》明慎所职，毋以身试法。”,我们每个公民都要奉公守法，不要～。,身亲身，亲自；试尝试。试着亲身去做触犯法律的事。指明知故犯。,yǐ shēn shì fǎ,以身试法,yssf,yi shen shi fa,yi,fa
南朝·梁·沈约《宋书·沈文秀传》伯宗曰‘丈夫当死战场，以身殉国，安能归死儿女手中乎？’”,或是表现在不做新朝的官甚至～上。★朱自清《论气节》,忠于自己的国家而献出生命。,yǐ shēng xùn guó,以身殉国,ysxg,yi sheng xun guo,yi,guo
《孟子·尽心上》孟子曰‘天下有道，以道殉身；天下无道，以身殉道；未闻以道殉乎人者也。’”,（白求恩）去年春上到延安，后来到五台山工作，不幸～。★毛泽东《纪念白求恩》,殉为实现某一目标而献出生命。为忠于本职工作而献出生命。,yǐ shēn xùn zhí,以身殉职,ysxz,yi shen xun zhi,yi,zhi
巴金《家》二十五这其间不顾一切阻碍以身作则做一个开路先锋的便是许倩如。”,无,则准则，榜样。以自己的行动做出榜样。,yǐ shēn zuò zé,以身作则,yszz,yi shen zuo ze,yi,ze
汉·扬雄《法言·君子》昔乎颜渊以退为进，天下鲜俪焉。”,无,本指以谦让取得德行的进步，后指以退让的姿态作为进取的手段。,yǐ tuì wéi jìn,以退为进,ytwj,yi tui wei jin,yi,jin
《论语·颜渊》君子以文会友，以友辅人。”,无,指通过文字来结交朋友。,yǐ wén huì yǒu,以文会友,ywhy,yi wen hui you,yi,you
无,以小见大，我们可以看出他的为人。,从小的可以看出大的，指通过小事可以看出大节，或通过一小部分看出整体。,yǐ xiǎo jiàn dà,以小见大,yxjd,yi xiao jian da,yi,da
《旧约全书·申命记》以眼还眼，以牙还牙，以手还手，以脚还脚。”,‘犯而不校’是恕道，‘以眼还眼，～’是直道。★鲁迅《坟·论费厄泼赖”应该缓行》,用牙咬来对付牙咬。比喻针锋相对地进行回击。,yǐ yá huán yá,以牙还牙,yyhy,yi ya huan ya,yi,ya
《旧约全书·申命记》以眼还眼，以牙还牙，以手还手，以脚还脚。”,我们～，以牙还牙！敌人用大炮来轰我们，我们也用大炮去回答他们。★张天翼《新生》,用瞪眼回击瞪眼。比喻用对方使用的手段来回击对方。,yǐ yǎn huán yǎn,以眼还眼,yyhy,yi yan huan yan,yi,yan
《孙子·军争》以近待远，以佚待劳，以饱待饥，此治力者也。”,他踞了碉楼，～，我们倒难以刻期取胜。★清·吴敬梓《儒林外史》第四十三回,逸安闲；劳疲劳。指在战争中做好充分准备，养精蓄锐，等疲乏的敌人来犯时给以迎头痛击。,yǐ yì dài láo,以逸待劳,yydl,yi yi dai lao,yi,lao
《国语·周语》以怨报德，不仁。”,你自己想一想，你们做的事合理不合理？是不是～？★冰心《斯人独憔悴》,怨仇恨；德恩惠。用怨恨来回报别人的恩惠。,yǐ yuàn bào dé,以怨报德,yybd,yi yuan bao de,yi,de
元·无名氏《谢金梧》第一折我尽让你说几句便罢，则管里倚老卖老，口里唠唠叨叨说个不了。”,无,卖卖弄。仗着岁数大，摆老资格。,yǐ lǎo mài lǎo,倚老卖老,ylml,yi lao mai lao,yi,lao
清·李宝嘉《官场现形记》一霎时局已到齐，真正是翠绕珠围，金迷纸醉，说不尽温柔景象，旖旎风光。”,无,旖旎柔和美丽。柔和而美丽的韵致风采或自然风景。,yǐ nǐ fēng guāng,旖旎风光,ynfg,yi ni feng guang,yi,guang
无,无,正义之气直上高空。形容为正义而斗争的精神极其崇高。,yì bó yún tiān,义薄云天,ybyt,yi bo yun tian,yi,tian
明·冯梦龙《醒世恒言》卷十七承姑丈高谊，小婿义不容辞。”,我们应该～地担当起这个任务。,容允许；辞推托。道义上不允许推辞。,yì bù róng cí,义不容辞,ybrc,yi bu rong ci,yi,ci
清·曾朴《孽海花》第二十五回珏斋不禁义愤填膺，自己办了个长电奏，力请宣战。”,畿辅士民，屡遭虏骑蹂躏，莫不～，恨之切骨。★姚雪垠《李自成》第一卷第二章,义愤对违反正义的事情所产生的愤怒；膺胸。发于正义的愤懑充满胸中。,yì fèn tián yīng,义愤填膺,yfty,yi fen tian ying,yi,ying
汉·司马相如《喻巴蜀檄》触白刃，冒流矢，义不反顾，计不旋踵。”,朱成功身受大明的厚恩，只有一死图报，～。★华而实《汉衣冠》二,义道义；反顾向后看。从道义上只有勇往直前，不能犹豫回顾。,yì wú fǎn gù,义无反顾,ywfg,yi wu fan gu,yi,gu
明·胡应麟《少室山房笔丛·丹铅新录四》子玄之论，义正词严，圣人复起，弗能易矣。”,本大臣、本部堂声罪致讨，～，断断不能再缓矣。★清·林则徐《会谕同知再行谕饬义律缴土交凶稿》,义道理。词言辞。道理正当公允，严肃的措词。亦作义正辞严”、辞严义正”、辞严意正”、词严理正”、正义严辞”。,yì zhèng cí yán,义正词严,yzcy,yi zheng ci yan,yi,yan
宋·张孝祥《明守赵敷文》欧公书岂惟翰墨之妙，而辞严义正，千载之下，见者兴起，某何足以辱公此赐也哉。”,魏竹冈拆开看时，不料上面写的甚是～。★清·李宝嘉《官场现形记》第十七回,义道理；辞言辞。理由正当充足，措词严正有力。,yì zhèng cí yán,义正辞严,yzcy,yi zheng ci yan,yi,yan
无,他经常给年轻人讲忆苦思甜的故事。,回忆过去的苦难，回想今天的幸福生活。,yì kǔ sī tián,忆苦思甜,ykst,yi ku si tian,yi,tian
语出《后汉书·袁绍传》是以远近狐疑，议论纷错者也。”,他俩现在越发脱离群众，每天下午跑到宝塔下谈天，群众～。★刘绍棠《西苑草》,形容意见不一，议论很多。,yì lùn fēn fēn,议论纷纷,ylff,yi lun fen fen,yi,fen
宋王暐《道山清话》韩持国为人凝严方重，每兄弟聚话，玉汝、子华议论风生，持国未尝有一言。”,伊和女伴商量装饰，～，足以使大家心折。★叶圣陶《一个朋友》,形容谈论广泛、生动而又风趣。,yì lùn fēng shēng,议论风生,ylfs,yi lun feng sheng,yi,sheng
《庄子·田子方》夫子步亦步，夫子趋亦趋，夫子驰亦驰，夫子奔逸绝尘，而回瞠若乎后矣。”,尾巴主义是成功的仇敌。刊物内容如果只是人云亦云”，格式如果只是～”，那是刊物的尾巴主义。★邹韬奋《经历·几个原则》,原意是说，你慢走我也慢走，你快走我也快走，你跑我也跑。比喻由于缺乏主张，或为了讨好，事事模仿或追随别人。,yì bù yì qū,亦步亦趋,ybyq,yi bu yi qu,yi,qu
吴福辉《沙汀传》第八章你是否感到毛泽东的讲话是他身上最有魅力的地方？据说由于毛能运用古语、俗语、笑话，弄出满堂笑声……不过毛说话大而化之，亦庄亦谐的风格是独特的。”,无,形容既严肃又风趣。,yì zhuāng yì xié,亦庄亦谐,yzyx,yi zhuang yi xie,yi,xie
茹志娟《在社会主义的轨道上》我跨上列车，心情是异乎寻常的，仿佛这紧张生动的生活节奏，将我全身的‘螺丝’也拧紧了。”,无,异不同；乎于；寻常平常。跟平常的情况很不一样。,yì hū xún cháng,异乎寻常,yhxc,yi hu xun chang,yi,chang
《史记·项羽本纪》少年欲立婴便为王，异军苍头特起。”,武昌树帜，余在沪读，值先烈陈英士先生～。★柳亚子《燕子龛遗诗序》,异军另外一支军队。比喻一支新生力量突然出现。,yì jūn tū qǐ,异军突起,yjtq,yi jun tu qi,yi,qi
《宋书·庾炳之传》伏复深思，只有愚滞，今之事迹，异口同音，便是彰著，政未测得物之数耳。”,众人～地叫着罚！罚！”★巴金《家》十三,不同的嘴说出相同的话。指大家说得都一样。,yì kǒu tóng shēng,异口同声,ykts,yi kou tong sheng,yi,sheng
唐·韩愈《进学解》子云相如，同工异曲。”,至诚虽是个小弟弟，又是个书朋友，他的观察力和记忆力却髒髒乎与大哥～。★朱自清《序叶氏兄弟的第二个集子》,工细致，巧妙；异不同的。不同的曲调演得同样好。比喻话的说法不一而用意相同，或一件事情的做法不同而都巧妙地达到目的。,yì qǔ tóng gōng,异曲同工,yqtg,yi qu tong gong,yi,gong
清·李汝珍《镜花缘》第八十一回这可谓异想天开了。”,无,异奇异；天开比喻凭空的、根本没有的事情。指想法很不切实际，非常奇怪。,yì xiǎng tiān kāi,异想天开,yxtk,yi xiang tian kai,yi,kai
宋·张戎《岁寒堂诗话》卷上而子建诗，微婉之情，洒落之韵，抑扬顿挫之气，固不可以优劣论也。”,无,抑降低；扬升高；顿停顿；挫转折。指声音的高低起伏和停顿转折。,yì yáng dùn cuò,抑扬顿挫,yydc,yi yang dun cuo,yi,cuo
《孟子·公孙丑上》以齐王，由反手也。”又，武丁朝诸侯，有天下，犹运之掌也。”汉·枚乘《上书谏吴王》必若所欲为，危于累卵，难于上天；变所欲为，易如反掌，安于泰山。”,藩台又叫首府、首县写信出去，向外府、县替他张罗，大约一二千金，～。★清·李宝嘉《官场现形记》第十九回,象翻一下手掌那样容易。比喻事情非常容易做。,yì rú fǎn zhǎng,易如反掌,yrfz,yi ru fan zhang,yi,zhang
明无名氏《东篱赏菊》第三折南阳有菊潭，又有甘谷泉，人饮其水，皆得益寿延年。”,无,指延长寿命，增加岁数。同延年益寿”。,yì shòu yán nián,益寿延年,ysyn,yi shou yan nian,yi,nian
语出《四库全书总目·地理三·武林旧事》此十卷本，乃从毛氏汲古阁元版传钞，首尾完具，其间逸闻轶事，皆可以备考稽。”,有的谈当前纷乱的政治形势，猜测战争的发展趋势；有的谈政界的～。★管桦《将军河》第一部第三二章,指世人不在知道而感兴趣的传闻和故事。,yì wén qù shì,逸闻趣事,ywqs,yi wen qu shi,yi,shi
清·李汝珍《镜花缘》第三十五回刚才唐兄说国王必是暂缓吉期，那知全出意料之外，并且大动干戈，用兵征剿。”,无,没有想到的。,yì liào zhī wài,意料之外,ylzw,yi liao zhi wai,yi,wai
无,伟大的中国人民正在意气风发地建设自己的祖国。,意气意志和气概；风发象风吹一样迅猛。形容精神振奋，气概豪迈。,yì qì fēng fā,意气风发,yqff,yi qi feng fa,yi,fa
清·吴敬梓《儒林外史》第四十六回这是事势相逼，不得不尔。至今想来，究竟还是意气用事，并不曾报效得朝廷，倒惹得同官心中不快活，却也悔之无及。”,无,意气主观偏激的情绪；用事行事。缺乏理智，只凭一时的想法和情绪办事。,yì qì yòng shì,意气用事,yqys,yi qi yong shi,yi,shi
宋·程颢、程颐《河南程氏遗书》读之愈久，但觉意味深长。”,书中所述的人生哲理，～。★朱自清《经典常谈·四书第七》,意味情调，趣味。意思含畜深远，耐人寻味。,yì wèi shēn cháng,意味深长,ywsc,yi wei shen chang,yi,chang
清·李汝珍《镜花缘》第二回今日这般寒冷，满天雪片飘扬，仙姑忽来下顾，真是意想不到。”,无,料想不到，没有料到。,yì xiǎng bù dào,意想不到,yxbd,yi xiang bu dao,yi,dao
明·朱舜水《答安东守约书三十首》来书十读，不忍释手，真挚之情，溢于言表。”,农民们互相传说，彼此相告，雀跃的欣喜的心情～。★陈残云《山谷风烟》第七章,超出言语以外，指某种思想感情虽未说明却能使人体会出来。,yì yú yán biǎo,溢于言表,yyyb,yi yu yan biao,yi,biao
无,他毅然决然地抛弃了国外优裕的生活，回到了祖国。,毅然顽强地；决然坚决地。意志坚决，毫不犹豫。,yì rán jué rán,毅然决然,yrjr,yi ran jue ran,yi,ran
《论语·为政》子游问孝”、子夏问孝”朱熹集注引宋程颐曰子游能养而或失于敬，子夏能直义而或少温润之色，各因其材之高下与其所失而告之，故不同也。”,教师应当注意学生各方面的差异，以便～。,因根据；材资质；施施加；教教育。指针对学习的人的志趣、能力等具体情况进行不同的教育。,yīn cái shī jiào,因材施教,ycsj,yin cai shi jiao,yin,jiao
汉·赵晔《吴越春秋·阖闾内传》夫筑城郭，立仓库，因地制宜，岂有天气之数以威邻国者乎？”,无,因依据；制制定；宜适当的措施。根据各地的具体情况，制定适宜的办法。,yīn dì zhì yí,因地制宜,ydzy,yin di zhi yi,yin,yi
《慈恩传》唯谈玄论道，问因果报应。”,哉则凉鞋蕉扇，或坐或卧，听邻老谈～事。三鼓归卧，周体清凉，几不知身居城市矣。★清·沈复《浮生六记·闺房记乐》,因果原因和结果。佛教迷信，认为今生种什么因，来生结什么果，善有善报，恶有恶报。,yīn guǒ bào yìng,因果报应,ygby,yin guo bao ying,yin,ying
《史记·管晏列传》其为政也，善因祸为福，转败为功。”,伯翁，你说我误事不误事，如今不是～吗？★清·姬文《市声》第六回,变坏事为好事。,yīn huò dé fú,因祸得福,yhdf,yin huo de fu,yin,fu
汉·刘歆《移书让太常博士》苟因陋就寡，分文析字。烦言碎辞，学者罢老且不能究其一艺。”,无,陋简陋；就将就。原意是因循原来的的简陋，不求改进◇指就着原来简陋的条件办事。,yīn lòu jiù jiǎn,因陋就简,yljj,yin lou jiu jian,yin,jian
鲁迅《准风月谈·难得糊涂》然而风格和情绪、倾向之类，不但因人而异，而且因事而异，因时而异。”,无,因人的不同而有所差异。,yīn rén ér yì,因人而异,yrey,yin ren er yi,yin,yi
无,方法不能千篇一律，必须～。★李欣《老生常谈·以人为鉴》,因依据；制制定；宜合适。根据人们的不同情况，采取适当的方法解决问题。,yīn rén zhì yí,因人制宜,yrzy,yin ren zhi yi,yin,yi
《淮南子·氾论训》器械者，因时变而制宜适也。”,除了几处通商口岸，稍能～，欺侮十八行省，那一处不是执迷不化，捍格不通呢？★清·李宝嘉《文明小史》第一回,根据不同时期的具体情况，采取适当的措施。,yīn shí zhì yí,因时制宜,yszy,yin shi zhi yi,yin,yi
《史记·孙子吴起列传》善战者因其势而利导之。”,所以开明的行政者对于民意是～的，民意得到畅达，社会也就健全地发展了起来。★郭沫若《革命春秋·创造十年续篇》,因顺着；势趋势；利导引导。顺着事情发展的趋势，加以引导。,yīn shì lì dǎo,因势利导,ysld,yin shi li dao,yin,dao
清·黄小配《廿载繁华梦》他却只是不理，只道他身在洋界，可以没事。不知查抄起来，反恐因小失大，他却如何懂得？”,无,为了小的利益，造成大的损失。,yīn xiǎo shī dà,因小失大,yxsd,yin xiao shi da,yin,da
《汉书·循吏传序》光因循守职，无所改作。”,如果～不求进取，那么人就不会进步。,因循沿袭；守旧死守老的一套。死守老一套，缺乏创新的精神。,yīn xún shǒu jiù,因循守旧,yxsj,yin xun shou jiu,yin,jiu
《吕氏春秋·荡兵》夫有以噎死者，欲禁天下之食，悖。”,若是后人不问来由，一律的奉以为法，岂不～了么？★清·吴趼人《二十年目睹之怪现状》第二十一回,原意是说，因为有人吃饭噎死了，就想让天下人都不吃饭，这太荒谬了。比喻要做的事情由于出了点小毛病或怕出问题就索性不去干。,yīn yē fèi shí,因噎废食,yyfs,yin ye fei shi,yin,shi
明·王逵《蠡海集·历数》阴错阳差，有十二月，盖六十甲子分为四段，自甲子、己卯、甲午、己酉，各得十五辰。……甲子、甲午为阳辰，故有阴错；己卯、己酉为阴辰，故有阳差也。”,他们～地把多年渴望见面的机会失掉了。,比喻由于偶然的因素而造成了差错。,yīn chā yáng cuò,阴差阳错,ycyc,yin cha yang cuo,yin,cuo
明·王逵《蠡海集·历数》阴错阳差，有十二月，盖六十甲子分为四段，自甲子、己卯、甲午、己酉，各得十五辰。……甲子、甲午为阳辰，故有阴错；己卯、己酉为阴辰，故有阳差也。”,他们～地把多年渴望见面的机会失掉了。,比喻由于偶然的因素而造成了差错。,yīn cuò yáng chā,阴错阳差,ycyc,yin cuo yang cha,yin,cha
无,无,比喻坏人、坏事虽已清除，但不良的影响还在起作用。,yīn hún bù sàn,阴魂不散,yhbs,yin hun bu san,yin,san
毛泽东《〈共产党人〉发刊词》党处于敌人和同盟者的阴谋诡计的包围中，但是没有警觉性。”,无,诡欺诈，奸滑。指暗地里策划坏的害人的坏主意。,yīn móu guǐ jì,阴谋诡计,ymgj,yin mou gui ji,yin,ji
曹禺《北京人》第二幕他们哪一个上想顺我的心？哪一个不是阴阳怪气。”,无,形容态度怪癖，冷言冷语，不可捉摸。,yīn yáng guài qì,阴阳怪气,yygq,yin yang guai qi,yin,qi
《孟子·离娄上》恭俭岂可以声音笑貌为哉？”,所以直到现在，先生的～，还在目前，而所讲的《说文解字》却一句也不记得了。（鲁迅《关于太炎先生二三事》）,谈笑时的容貌和神态。用以怀念故人的声音容貌和神情。,yīn róng xiào mào,音容笑貌,yrxm,yin rong xiao mao,yin,mao
《诗经·大雅·荡》殷鉴不远，在夏后之世。”,宋与金的历史，对崇桢说来，～，而他绝不愿在臣民心目和后代史书中被看成是懦弱无能的君主。★姚雪垠《李自成》第二卷第三十二章,殷指商朝后期；鉴镜子。指殷商子孙应以夏的灭亡为借戒◇泛指前人的教训就在眼前。,yīn jiàn bù yuǎn,殷鉴不远,yjby,yin jian bu yuan,yin,yuan
清·李宝嘉《官场现形记》第十五回就是我们总爷也是寅吃卯粮，先缺后空。”,自从有了孩子后，～，生活更加困难了。,这一年吃了下一年的粮。比喻经济困难，收入不够支出，预先支用了以后的进项。比喻指经济困难，入不敷出。,yín chī mǎo liáng,寅吃卯粮,ycml,yin chi mao liang,yin,liang
《孟子·尽心上》君子引而不发，跃如也。中道而立，能者从之。”,共产党对于这些东西的宣传政策应当是～，跃如也。”（毛泽东《湖南农民运动考察报告》）,引拉弓；发射箭。拉开弓却不把箭射出去。比喻善于启发引导。也比喻做好准备暂不行动，以待时机。,yǐn ér bù fā,引而不发,yebf,yin er bu fa,yin,fa
无,谁胆敢发动战争，必定会引火烧身。,原比喻自讨苦吃或自取灭亡。现多比喻主动暴露自己的缺点错误，以争取大家的批评帮助。,yǐn huǒ shāo shēn,引火烧身,yhss,yin huo shao shen,yin,shen
《后汉书·荀爽传》爽皆引据大义，正之经典。”,吃到这些臭东西，还要替他考证，你也忒爱～了。★清·李汝珍《镜花缘》第九十二回,引用经典书籍作为论证的依据。,yǐn jīng jù diǎn,引经据典,yjjd,yin jing ju dian,yin,dian
叶圣陶《醉后》她们引吭高歌的时候，曳声很长，抑扬起落。”,无,引拉长；吭嗓子，喉咙。放开嗓子大声歌唱。,yǐn háng gāo gē,引吭高歌,yhgg,yin hang gao ge,yin,ge
元·张国宾《罗李郎》第一折我不是引的狼来屋里窝，寻的蚰蜒钻耳朵。”,再娶者，皆～耳，况将于野合逃窜中求贤妇哉。★清·蒲松龄《聊斋志异·黎氏》,引招引。把狼招引到室内。比喻把坏人或敌人引入内部。,yǐn láng rù shì,引狼入室,ylrs,yin lang ru shi,yin,shi
南朝宋·刘义庆《世说新语·任诞》王卫军云，酒正自引人着胜地。”,扇画小幅，苏州园林，格局很小，却总是那么～。★秦牧《虾趣》,胜胜境。引人进入佳境。现多用来指风景或文艺作品特别吸引人。,yǐn rén rù shèng,引人入胜,yrrs,yin ren ru sheng,yin,sheng
毛泽东《湖南农民运动考察报告》也有敲打铜锣，高举旗帜，引人注目的。”,无,注目注视。吸引人们注意。,yǐn rén zhù mù,引人注目,yrzm,yin ren zhu mu,yin,mu
《国语·楚语下》人之求多闻善败，以鉴戒也。”,所以近七八年来，历任巡抚者～，不敢委他事情。★清·李宝嘉《官场现形记》第十八回,引用；戒鉴戒。指把过去犯错误的教训拿来作为警戒，避免重犯。,yǐn yǐ wéi jiè,引以为戒,yywj,yin yi wei jie,yin,jie
老舍《四世同堂》七四他们一向规规矩矩，也把儿女们调教的规规矩矩，这是他们引以为荣的事。”,中国是一个伟大的国家，有永远值得～的历史和文化，但是现在确实需要发展。★《心愿》,以此事为光荣。,yǐn yǐ wéi róng,引以为荣,yywr,yin yi wei rong,yin,rong
无,无,指人的日常生活。,yǐn shí qǐ jū,饮食起居,ysqj,yin shi qi ju,yin,ju
北周·庾信《徵调曲》落其实者思其树，饮其流者怀其源。”,这也是他～的意思。★清·吴趼人《二十年目睹之怪现状》第七十八回,喝水的时候想起水是从哪儿来的。比喻不忘本。,yǐn shuǐ sī yuán,饮水思源,yssy,yin shui si yuan,yin,yuan
《后汉书·霍谞传》譬犹疗饥于附子，止渴于鸩毒，未入肠胃，已绝咽喉。”,杨嗣昌的加征练饷办法是使朝廷～。★姚雪垠《李自成》第二卷第三十二章,鸩传说中的毒鸟，用它的羽毛浸的酒喝了能毒死人∪毒酒解渴。比喻用错误的办法来解决眼前的困难而不顾严重后果。,yǐn zhèn zhǐ kě,饮鸩止渴,yzzk,yin zhen zhi ke,yin,ke
宋·秦观《淮海集·石庆论》特以太后之故，隐忍而不发。”,无,隐忍勉强忍耐，把事情藏在心里。把事情藏在心里不说。,yǐn rěn bù fā,隐忍不发,yrbf,yin ren bu fa,yin,fa
元·张寿卿《红梨花》第四折着他隐姓埋名，假说做王同知的女儿。”,无,隐瞒自己的真实姓名，不让别人知道。,yǐn xìng mái míng,隐姓埋名,yxmm,yin xing mai ming,yin,ming
清·李汝珍《镜花缘》第十回只见山坡旁隐隐约约，倒象撺出一箭，直向大虫面上射去。”,无,指看起来或听起来凝，不很清楚，感觉不很明显。,yǐn yǐn yuē yuē,隐隐约约,yyyy,yin yin yue yue,yin,yue
茅盾《子夜》五这样才能应付自如，所向必利。”,无,应付对付，处置。自如按自己的心愿做事。处理事情从容不迫，很有办法。,yìng fù zì rú,应付自如,yfzr,ying fu zi ru,ying,ru
南朝宋·刘义庆《世说新语·言语》从山阴道上行，山川自相应发，使人应接不暇。”,汽车向神农架山区奔驰，只见奇峰异岭扑面而来，令人～。,暇空闲。原形容景物繁多，来不及观赏◇多形容来人或事情太多，应付不过来。,yìng jiē bù xiá,应接不暇,yjbx,ying jie bu xia,ying,xia
《宋书·江智渊传》人所应有尽有，人所应无尽无，其江智渊乎！”,这家商场里的商品品种丰富，～。,该有的全都有。形容很齐全。,yīng yǒu jìn yǒu,应有尽有,yyjy,ying you jin you,ying,you
汉·荀悦《汉纪·后序》实天生德，应运建主。”,天地生人，除大仁大恶，余者皆无大异；若大仁者则～，大恶者则应劫而生，运生世治，劫生世危。★清·曹雪芹《红楼梦》第二回,应顺应；运原指天命，泛指时机。旧指应天命而产生。现指适应时机而产生。,yìng yùn ér shēng,应运而生,yyes,ying yun er sheng,ying,sheng
无,《青梅煮酒》三国时期，是一个～的年代。,英雄层出不穷。,yīng xóng bèi chū,英雄辈出,yxbc,ying xong bei chu,ying,chu
明·方汝浩《禅真逸史》第三十四回段韶道‘元帅所言，正是英雄本色，但要用心莫作等闲，挫动锐气。’”清·吴敬梓《儒林外史》第十二回四公子道‘这才是英雄本色。’”,母舅虽系绿林聚义，山寨生涯，然须保善锄强，不愧～。★清·吴璿《飞龙全传》第二十五回,英雄杰出的人才。杰出人物的本来面貌。多指杰出的人物必然有非凡的行为、举动。,yīng xióng běn sè,英雄本色,yxbs,ying xiong ben se,ying,se
明·方汝浩《禅真逸史》第四十回如今秦王功盖天下，四海扬名，英雄豪杰，莫不归附。”,自古～，不经心志之拂乱，未必能奋发有为，故敌国外患之来，实磨砺英豪之一块试金石也。★蔡东藩《清史演义》第二回,指才能超众或勇武超群的人。,yīng xióng háo jié,英雄豪杰,yxhj,ying xiong hao jie,ying,jie
唐·杜甫《丹青引赠曹将军霸》褒公鄂公毛发动，英姿飒爽来酣战。”,无,英姿英勇威武的姿态；飒爽豪迈矫健。形容英俊威武、精神焕发的样子。,yīng zī sà shuǎng,英姿飒爽,yzss,ying zi sa shuang,ying,shuang
南朝·梁·丘迟《与陈伯之书》暮春三月，江南草长，杂花生树，群莺乱飞。”,～谁为主？渺渺春江作歌苦。★清·黄景仁《春风怨》诗,形容明媚的春景。,yīng fēi cǎo zhǎng,莺飞草长,yfcz,ying fei cao zhang,ying,zhang
宋·苏轼《锦被亭》词烟红露绿晓风香，燕舞莺啼春日长。”,千里来寻故地，旧貌变新颜。到处～，更有潺潺流水，高路入云端。★毛泽东《水调歌头·重上井冈山》词,黄莺在歌唱，小燕子在飞舞。形容春天鸟儿喧闹活跃的景象。现常比喻革命和建设蓬勃兴旺的景象。,yīng gē yàn wǔ,莺歌燕舞,ygyw,ying ge yan wu,ying,wu
宋·释道原《景德传灯录》卷二十八如鹦鹉只学人言，不得人意。经传佛意；不得佛意而但诵，是学语人，所以不许。”,领导说什么，他就说什么，简直是～。,鹦鹉学人说话。比喻人家怎么说，他也跟着怎么说。,yīng wǔ xué shé,鹦鹉学舌,ywxs,ying wu xue she,ying,she
毛泽东《沁园春·长沙》词 鹰击长空，鱼翔浅底，万类霜天竞自由。”,无,指雄鹰振翅飞翔于辽阔的天空。亦比喻有雄心壮志的人在广阔的领域中施展自己的才能。,yīng jī cháng kōng,鹰击长空,yjck,ying ji chang kong,ying,kong
无,红旗一面～，附近至少一公里的半径内都可以望见。（郭沫若《洪波曲·南京印象》六）,招展飘动，摇动。形容旗子等随风飘扬。,yíng fēng zhāo zhǎn,迎风招展,yfzz,ying feng zhao zhan,ying,zhan
《庄子·山木》其送往而迎来，来者勿禁，往者勿止。”,无,走的欢送，来的欢迎。形容忙于交际应酬。,yíng lái sòng wǎng,迎来送往,ylsw,ying lai song wang,ying,wang
《晋书·杜预传》今兵威已振，譬如破竹，数节之后，皆迎刃而解。”,只要这位教士到场，任你事情如何棘手，亦无不～的。★清·李宝嘉《官场现形记》第五十四回,原意是说，劈竹子时，头上几节一破开，下面的顺着刀口自己就裂开了。比喻处理事情、解决问题很顺利。,yíng rèn ér jiě,迎刃而解,yrej,ying ren er jie,ying,jie
无,我国科学技术必须迎头赶上世界先进水平。,迎向着；头走在前面的。加紧追过最前面的。,yíng tóu gǎn shàng,迎头赶上,ytgs,ying tou gan shang,ying,shang
鲁迅《华盖集·并非闲话（三）》我只见到对青年作家的迎头痛击，冷笑，抹杀，却很少见诱掖奖劝的意思的批评。”,无,迎头迎面，当头；痛狠狠地。迎上去给敌人以狠狠的打击。,yíng tóu tòng jī,迎头痛击,yttj,ying tou tong ji,ying,ji
清·吴趼人《二十年目睹之怪现状》第十四回南洋兵船虽然不少，叵耐管带一味知道营私舞弊，那里还有公事在他心上。”,无,营谋求；舞玩弄；弊指坏事。因图谋私利而玩弄欺骗手段做犯法的事。,yíng sī wǔ bì,营私舞弊,yswb,ying si wu bi,ying,bi
清·钱泳《履园丛话·画学·画中人》年八十余，尚能作蝇头小楷。”,无,像苍蝇头一般大小的楷体汉字。,yíng tóu xiǎo kǎi,蝇头小楷,ytxk,ying tou xiao kai,ying,kai
宋·苏轼《满庭芳》蜗角虚名，蝇头微利。”,但是它们算盘虽精，却忘了灵活应用，不知道得来一点～，而付出了难以估计的代价。★白韵琴《贪》,比喻非常微小的利润。,yíng tóu xiǎo lì,蝇头小利,ytxl,ying tou xiao li,ying,li
唐·韩愈《送穷文》蝇营狗苟，驱去复返。”,无,比喻为了追逐名利，不择手段，象苍蝇一样飞来飞去，象狗一样的不识羞耻。,yíng yíng gǒu gǒu,蝇营狗苟,yygg,ying ying gou gou,ying,gou
明·兰陵笑笑生《金瓶梅词话》第六十二回我不知怎的，但没人在房里，心里只害怕，恰似影影绰绰，有人在眼前一般。”,宝玉一见，喜得赶出来，但见鸳鸯在前，～的走，只是赶不上。（清·曹雪芹《红楼梦》第一百十六回）,模凝糊，不真切。,yǐng yǐng chuò chuò,影影绰绰,yycc,ying ying chuo chuo,ying,chuo
无,无,军队拥护政府，爱护人民。,yōng zhèng ài mín,拥政爱民,yzam,yong zheng ai min,yong,min
《新唐书·陆象先传》天下本无事，庸人扰之而烦耳。”,他在房里踱了半圈，在门口停下，背对着郑成功，警告似地说不要～。”★华而实《汉衣冠》三,自扰自找麻烦。指本来没事，自己找麻烦。,yōng rén zì rǎo,庸人自扰,yrzr,yong ren zi rao,yong,rao
明·余继登《典故纪闻》卷三卿等居持衡秉鉴之任，宜在公平以辨别贤否，毋但庸庸碌碌充位而已。”,若有变动，吾与兄正好扬眉吐气，干一番事业。难道还要～的过活？★清·褚人获《隋唐演义》第十一回,庸平庸。指平凡无奇。,yōng yōng lù lù,庸庸碌碌,yyll,yong yong lu lu,yong,lu
曹禺《王昭君》第一幕姜夫人雍容华贵地走下，盈盈和戚戚恭恭敬敬地陪送出去。”,无,形容态度文雅从容，庄重大方。,yōng róng huá guì,雍容华贵,yrhg,yong rong hua gui,yong,gui
无,他为中国革命建立了永不磨灭的功勋。,永远不会消灭。,yǒng bù mó miè,永不磨灭,ybmm,yong bu mo mie,yong,mie
《魏书·高祖纪下》虽不足纲范万度，永垂不朽，且可释滞目前，釐整时务。”,小将军丹心忠义，为国捐躯，青史简篇，～，亦不辜负将军教养之功。★明·许仲琳《封神演义》第七十四回,垂留传后世；朽腐烂，磨灭。指光辉的事纪伟大的精神永远流传，不会磨灭。,yǒng chuí bù xiǔ,永垂不朽,ycbx,yong chui bu xiu,yong,xiu
无,若不将这些十恶不赦的歹徒绳之以法，社会将～。,永远没有安宁的翌日，指社会不安。,yǒng wú níng rì,永无宁日,ywnr,yong wu ning ri,yong,ri
茅盾《秦岭之夜》秦岭上还有积雪，秦岭的层岚屏障永无止境似的。”,追求真理～。,止境尽头。永远没有到头的时候。,yǒng wú zhǐ jìng,永无止境,ywzj,yong wu zhi jing,yong,jing
冰心《〈儿童文学选〉序言》捻军的失败，也引起人民无尽的悲愤，他们对起义的英雄们是永志不忘的。”,范蠡（含蓄地）‘敬谢伍相国的忠告，这一切，我们君臣～。’★曹禺等《胆剑篇》第一幕,永远记住，不遗忘。,yǒng zhì bù wàng,永志不忘,yzbw,yong zhi bu wang,yong,wang
宋·朱熹《朱子全书·道统一·周子书》不顾旁人是非，不计自己得失，勇往直前，说出人不敢说的道理。”,人人惧摩拳擦掌，个个～。★明·许仲琳《封神演义》第七十三回,勇敢地一直向前进。,yǒng wǎng zhí qián,勇往直前,ywzq,yong wang zhi qian,yong,qian
《晋书·姚襄载记》洛阳虽小，山河四塞，亦是用武之地。”,你自己先把根基弄坏了，将来就有～，也不能做个大英雄，岂不是自暴自弃？★冰心《两个家庭》,形容地形险要，利于作战的地方。比喻可以施展自己才能的地方或机会。,yòng wǔ zhī dì,用武之地,ywzd,yong wu zhi di,yong,di
清·钱谦益《题怀麓堂诗钞》孟阳于恶疾沉痼之后，出西涯之诗疗之，曰‘此引年之药物，亦攻毒之箴砭，其用心良亦苦矣。’”,无,用心认真思考；良很≤费心思地反复思考。,yòng xīn liáng kǔ,用心良苦,yxlk,yong xin liang ku,yong,ku
宋·苏轼《前赤壁赋》唯江上之清风，与山间之明月，耳得之而为声，目遇之而成色，取之无禁，用之不竭。”,无,竭尽。无限取用而不会使用完。,yòng zhī bù jié,用之不竭,yzbj,yong zhi bu jie,yong,jie
《韩非子·亡征》缓心而无成，柔茹而寡断，好恶无决，而无所定立者，可亡也。”,他做什么事都没有主见，是一个～的人。,优柔犹豫不决；寡少。指做事犹豫，缺乏决断。,yōu róu guǎ duàn,优柔寡断,yrgd,you rou gua duan,you,duan
《诗经·小雅·采菽》优哉游哉，亦是戾矣。”,无,指生活悠闲自在。,yōu zāi yóu zāi,优哉游哉,yzyz,you zai you zai,you,zai
《战国策·齐策》寡人忧国爱民，固愿得士以治之。”,那时节，朕却～。★明·吴承恩《西游记》,为国家的前途和人民的命运而担忧。,yōu guó yōu mín,忧国忧民,ygym,you guo you min,you,min
《诗经·召南·草虫》未见君子，忧心忡忡。”,江南情形亦如此可怕吗？难道一班士大夫都不为国事～么？★姚雪垠《李自成》第二卷第十七章,忡忡忧虑不安的样子。形容心事重重，非常忧愁。,yōu xīn chōng chōng,忧心忡忡,yxcc,you xin chong chong,you,chong
《诗经·小雅·节南山》忧心如焚，不敢戏谈。”,～，命不久矣。★明·罗贯中《三国演义》第八十回,如焚象火烧一样。心里愁得象火烧一样。形容非常忧虑焦急。,yōu xīn rú fén,忧心如焚,yxrf,you xin ru fen,you,fen
唐·房玄龄等《晋书·苻坚载记·附王猛》自不参其神契，略不与交通，是以浮华之士咸轻而笑之。猛悠然自得，不以屑怀。”,荒凉的甲板上，只有～的水手们。★华而实《汉衣冠》八,悠然闲适的样子；自得内心得意舒适。形容悠闲而舒适。,yōu rán zì dé,悠然自得,yrzd,you ran zi de,you,de
清·张贵胜《遗愁集·忠义》卷四此之谓从容就义也，死是何等事，乃能夫妇同心，又做得如此悠闲自在。”,有许多写田园生活”的诗和文章把农民生活写得十分～，但那其实出于不是农民的士大夫诗人的想象。★蒲韧《二千年间》五,闲暇舒适，无忧无虑。,yōu xián zì zài,悠闲自在,yxzz,you xian zi zai,you,zai
无,看问题要由表及里。,表表面；里本质。从表面现象看到本质。,yóu biǎo jí lǐ,由表及里,ybjl,you biao ji li,you,li
无,无,从近处到远处。比喻事物的影响逐渐推广，思想认识不断深入。,yóu jìn jí yuǎn,由近及远,yjjy,you jin ji yuan,you,yuan
南朝·宋·刘义庆《世说新语·德行》王子敬病笃，道家上章应首过，问子敬由来有何异同得失。”,无,由来从发生到现在。事情从发生到现在已经过了很长时间了。,yóu lái yǐ jiǔ,由来已久,ylyj,you lai yi jiu,you,jiu
清·无名氏《杜诗言志》卷四夫诗之章法起句，必切本题，且由纲及目，由浅入深。”,无,从浅到深。,yóu qiǎn rù shēn,由浅入深,yqrs,you qian ru shen,you,shen
《战国策·赵策三》平原君犹豫未有所决。”《周书·贺拔胜传》今乃顿兵不进，犹豫不决。”,在决定这件事如何处理时，他变得～起来。,犹豫迟疑。拿不定主意。,yóu yù bù jué,犹豫不决,yybj,you yu bu jue,you,jue
宋朝苏洵《族谱引》观吾之谱者，孝弟之心可以油然而生矣。”,无,自然地产生（某种思想感情）。,yóu rán ér shēng,油然而生,yres,you ran er sheng,you,sheng
清·吴趼人《二十年目睹之怪现状》第三十二回景翼便把阿良那节事写信给鸿甫，信里面总是加了些油盐酱醋。”,我想女子之中，若通些文墨，必竟脱俗；就是不美，自有一种文雅可观，料不是～的恶气。★《天雨花》第一回,①泛指烹调佐料。比喻另外添加的原来没有的内容。②指琐碎庸俗。,yóu yán jiàng cù,油盐酱醋,yyjc,you yan jiang cu,you,cu
语出《庄子·养生主》彼节者有间，而刀刃者无厚。以无厚入有间，恢恢乎其于游刃必有余地矣。”,从前他们又要办厂，又要做公债，也居然稳渡了两次险恶的风波，现在他们全力来做公债，自然觉得～。★茅盾《子夜》十七,刀刃运转于骨节空隙中，在有回旋的余地。比喻工作熟练，有实际经验，解决问题毫不费事。,yóu rèn yǒu yú,游刃有余,yryy,you ren you yu,you,yu
宋·释道原《景德传灯录》卷十九问‘如何是学人自己？’师曰‘游山玩水去。’”,无,游览、玩赏山水景物。,yóu shān wán shuǐ,游山玩水,ysws,you shan wan shui,you,shui
南朝·宋·范晔《后汉书·章帝纪·元和三年诏》今肥田尚多，未有垦辟。其悉与赋贫民，给与粮种，务尽地力，勿令游手。”元·无名氏《杀狗劝夫》我打你个游手好闲，不务生理的弟子孩儿。,这位督办，那时候正在上海～，无所事事，正好有功夫做那些不相干的闲事。★清·吴趼人《二十年目睹之怪现状》第七十八回,指人游荡懒散，不愿参加劳动。,yóu shǒu hào xián,游手好闲,yshx,you shou hao xian,you,xian
汉·刘熙《释名·释车》游环在服马背上，骖马之外辔贯之。游移前却，无定处也。”,无,游移犹豫。犹豫不决，拿不定主意。,yóu yí bù dìng,游移不定,yybd,you yi bu ding,you,ding
无,无,案案卷，文书。指有证据可查。,yǒu àn kě chá,有案可查,yakc,you an ke cha,you,cha
无,他说起话来有板有眼，办起事来头头是道。,比喻言语行动有条理、有步调。,yǒu bǎn yǒu yǎn,有板有眼,ybyy,you ban you yan,you,yan
《尚书·说命中》惟事事，乃其有备，有备无患。”《左传·襄公十一年》居安思危，思则有备，有备无患。”,季斯预戒汶上百姓，修堤盖屋。不三日，果然天降大雨，汶水泛滥，鲁民～。★明·冯梦龙《东周列国志》第七十八回,患祸患，灾难。事先有准备，就可以避免祸患。,yǒu bèi wú huàn,有备无患,ybwh,you bei wu huan,you,huan
元·无名氏《博望烧屯》第一折有朝一日，我出矛庐指点世人迷，凭着我剑挥星斗，我志逐风雷。”,无,将来有那么一天。,yǒu zhāo yī rì,有朝一日,yzyr,you zhao yi ri,you,ri
清·夏敬渠《野叟曝言》第四十回金羽妹子，绝世聪明，有胆有识，今年也是七岁，可怜有才无命。”,无,既有胆量又有见识。,yǒu dǎn yǒu shí,有胆有识,ydys,you dan you shi,you,shi
毛泽东《整顿党的作风》马克思列宁主义理论和中国革命实际，怎样互相联系呢？拿一句通俗的话来讲，就是有的放矢”。”,无,的箭靶子；矢箭。放箭要对准靶子。比喻说话做事有针对性。,yǒu dǐ fàng shǐ,有的放矢,ydfs,you di fang shi,you,shi
清·黄小配《廿载繁华梦》第二十回彼此兄弟，自应有福同享。”,无,指共同分享幸福。,yǒu fú tóng xiǎng,有福同享,yftx,you fu tong xiang,you,xiang
明·罗贯中《三国演义》第一百十回今魏有隙可乘，不就此时伐之，更等何时？”,闻之窃喜其～。★清·蒲松龄《聊斋志异·胭脂》,有空子可钻。,yǒu jī kě chéng,有机可乘,yjkc,you ji ke cheng,you,cheng
宋·释普济《五灯会元》卷十七劝君不用镌顽石，路上行人口似碑。”,无,碑指记功碑。所有人的嘴都是活的记功碑。比喻人人称赞。,yǒu kǒu jiē bēi,有口皆碑,ykjb,you kou jie bei,you,bei
明·冯梦龙《喻世明言》孟夫人有口难辩，倒被他缠住身子，不好动身。”,证据确凿，铁证如山，～，抓进牢去，判了十五年徒刑。★张书绅《正气歌》,虽然有口，却难以分辩清楚。常指含冤受屈但又无处申诉。,yǒu kǒu nán biàn,有口难辩,yknb,you kou nan bian,you,bian
陶行知《怎样做小先生》十一你既虚心的请教他，他也会虚心的请教你。最好的教育是有来有往。”,无,指对等行动。所指因文而异。,yǒu lái yǒu wǎng,有来有往,ylyw,you lai you wang,you,wang
无,那是你的事，我没法管！”寇先生的脸板得～的说。（老舍《四世同堂·偷生》）,比喻为人方正。也形容脸色严峻。,yǒu léng yǒu jiǎo,有棱有角,ylyj,you leng you jiao,you,jiao
清·无名氏《官场维新记》第六回等到有利可图，可否即允照办。”,无,图谋取。有利益可谋求。,yǒu lì kě tú,有利可图,ylkt,you li ke tu,you,tu
无,凡事～，我们只须多加防范弊害的发生，不必因噎废食。,有好的一面，也有坏的一面。,yǒu lì yǒu bì,有利有弊,ylyb,you li you bi,you,bi
《庄子·则阳》有名有实，是物之居；无名无实，在物之虚。”《国语·晋语八》吾有卿之名而无其实。无以从二三子，吾是以忧，子贺我何故？”,多数政治，在将来或有做到的日子，但现在却是～的。★清·梁启超《新中国未来记》第三回,光有空名，实际上并不是那样。,yǒu míng wú shí,有名无实,ymws,you ming wu shi,you,shi
无,近年来，我国在经济领域所取得的成就是有目共睹的。,睹看见。指非常明显，谁都看得见。,yǒu mù gòng dǔ,有目共睹,ymgd,you mu gong du,you,du
明·冯梦龙《喻世明言·陈御史巧勘金钗钿》又且他家差老园公请你，有凭有据，须不是你自轻自贱。”,那色鬼又未曾目睹其间，听他们说得～，便也以讹缠讹，信以为实。★清·张南庄《何典》第八回,既有凭证，又有依据。,yǒu píng yǒu jù,有凭有据,ypyj,you ping you ju,you,ju
明·冯梦龙《醒世恒言·吴衙内邻舟赴约》正不知舱中另有个替吃饭的，还饿得有气无力哩。”,糙米五块，谷三块。”米行里的先生～地回答他们。★叶圣陶《多收了三五斗》,形容说话声音微弱，作事精神不振。也形容体弱无力。,yǒu qì wú lì,有气无力,yqwl,you qi wu li,you,li
明·施耐庵《水浒全传》第四十九回毛太公那厮，有钱有势。”,无,既有钱财，又有势力。,yǒu qián yǒu shì,有钱有势,yqys,you qian you shi,you,shi
清·霁园主人《夜谭随录·崔秀才》往日良朋密友，有求必应。”,无,只要有人请求帮助，就一定答应。,yǒu qiú bì yìng,有求必应,yqby,you qiu bi ying,you,ying
刘少奇《对华北记者团的谈话》你们的报道一定要真实，不要加油加醋，不要戴有色眼镜。”,老梁，假若你总是戴上～，看一切事物和一切人，假若你把你我之间的冲突当作是个人意气用事，那就是清清楚楚地毁你自己。★杜鹏程《在和平的日子里》第三章,比喻看待人或事物所抱的成见。,yǒu sè yǎn jìng,有色眼镜,ysyj,you se yan jing,you,jing
元·关汉卿《裴度还带》第四折你道做了有伤风化，谁就你那燕尔新婚。”,王谓丘作《五伦全备传奇》，～，失文宗体。（明·杨仪《明良记》第十四节）,伤妨碍、败坏；风化风俗教化。败坏、损害社会的风俗和教化。指对社会风俗、教育有不好影响的言行。,yǒu shāng fēng huà,有伤风化,ysfh,you shang feng hua,you,hua
毛泽东《集中优势兵力，各个歼灭敌人》集中兵力各个歼敌的原则，以歼灭敌军有生力量为主要目标，不以保守或夺取地方为主要目标。”,青年突击队始终紧紧地结合社会的生产，一直保持着生气勃勃的、内容丰富的活动，成为一支推动生产的～。★《中国农村的社会主义高潮》,①原指军队中的兵员和马匹。亦泛指有战斗力的部队。②指充满活力的力量。,yǒu shēng lì liàng,有生力量,ysll,you sheng li liang,you,liang
清·曹雪芹《红楼梦》第一百十八回况你自有生以来，自去世的老太太，以至老爷、太太，视如珍宝。”,无,从出生到现在。,yǒu shēng yǐ lái,有生以来,ysyl,you sheng yi lai,you,lai
清·李汝珍《镜花缘》第68回俾臣得保蚁命，此后有生之年，莫非主上所赐，惟求格外垂怜。”,只好用今后～的辛勤努力，来补偿过去的不足。★秦牧《序》,一生之中最后的年月，即余年。,yǒu shēng zhī nián,有生之年,yszn,you sheng zhi nian,you,nian
清·洪亮吉《北江诗话》卷一写月有声有色如此，后人复何着笔耶？”,叙得头头是道，已经不易，叙得～，更难。★朱自清《经典常谈·春秋三传第六》,形容说话或表演精彩生动。,yǒu shēng yǒu sè,有声有色,ysys,you sheng you se,you,se
汉·刘向《说苑·善说》天下有识之士，无不为足下寒心酸鼻者，千秋万岁之后，庙堂必不血食矣。”,～皆谓陛下厌闻人言，意轻边事，其兆见于此矣。★宋·苏轼《朝辞赴定州状》,具有才能和远见卓识的人。,yǒu shí zhī shì,有识之士,yszs,you shi zhi shi,you,shi
《论语·子张》有始有卒者，其惟圣人乎！”《魏书·袁翻传》伏愿天地成造，有始有终，矜臣疲病，乞臣骸骨。”,同学之间要～地保持友好关系。,有开头也有收尾。指做事能坚持到底。,yǒu shǐ yǒu zhōng,有始有终,ysyz,you shi you zhong,you,zhong
《左传·僖公二十六年》室如悬罄，野无青草，何恃而不恐？”,我们实在还有一个更正大的理由使自己有恃而无恐。★闻一多《演讲录·民盟的性质与作风》,恃倚仗，依靠；恐害怕。因为有所依杖而毫不害怕，或毫无顾忌。,yǒu shì wú kǒng,有恃无恐,yswk,you shi wu kong,you,kong
清·吴趼人《情变》第五回想起昨天晚上，还是有说有笑，相亲相爱的何等有趣，今天晚上变了这个情形。”,林边场园里，晒豆子的，打芝麻的，剥包米的，到处～，是一派热闹的丰收景象。★《猎户》,连说带笑。形容十分欢快。,yǒu shuō yǒu xiào,有说有笑,ysyx,you shuo you xiao,you,xiao
先秦·孟轲《孟子·离娄下》人有不为也，而后可以有为。”,无,可以做事情，并能取得较大的成绩。,yǒu suǒ zuò wéi,有所作为,yszw,you suo zuo wei,you,wei
《尚书·盘庚上》若网在纲，有条而不紊。”,听上去倒也是原原本本，～。★清·李宝嘉《官场现形记》第五十六回,紊乱。形容有条有理，一点不乱。,yǒu tiáo bù wěn,有条不紊,ytbw,you tiao bu wen,you,wen
《尚书·盘庚上》若网在纲，有条而不紊。”孔安国传如网在纲，各有条理而不乱也。”,他那口齿的清白，措辞的简洁，思路的～，的确是名不虚传。★郭沫若《革命春秋·创造十年续篇》,形容层次、脉络清楚。,yǒu tiáo yǒu lǐ,有条有理,ytyl,you tiao you li,you,li
无,无,有面子；头面人物。,yǒu tóu yǒu liǎn,有头有脸,ytyl,you tou you lian,you,lian
无,老师对学生提出的问题应该有问必答。,有什么问题都给以解答。,yǒu wèn bì dá,有问必答,ywbd,you wen bi da,you,da
南朝·梁·惠皎《高僧传·义解·竺法旷》贫道必当尽诚上答，正恐有心无力耳。”,李惠翁，你既然有这门路，就赶快去找保人罢，兄弟是～，对不起。★茅盾《多角关系》,有愿望和打算，但没有力量付诸实现。,yǒu xīn wú lì,有心无力,yxwl,you xin wu li,you,li
朱自清《你我·子夜”》他笔下是些有血有肉能说能做的人，不是些扁平的人形，凝的影子。”,无,比喻富有生命的活力和内容。多用来形容文艺作品中人物形象生动。,yǒu xuè yǒu ròu,有血有肉,yxyr,you xue you rou,you,rou
明·冯梦龙《醒世恒言》卷二十二他有言在先，你今日不须惊怕。”,况且你们已经～，又何得反悔？★清·吴趼人《痛史》第七回,有话说在头里。指事先打了招呼。,yǒu yán zài xiān,有言在先,yyzx,you yan zai xian,you,xian
南朝·宋·刘义庆《世说新语·文学》庾子嵩作意赋成，从子文康见，问曰若有意邪？非赋之所尽，若无意邪？复何所赋？答曰正在有意无意之间。”,若以～可解不可解间求之，不免此诗第一耳。”★明·王世贞《艺苑卮言》卷四,又像是有意的，又像是无意的。存心与不经意。,yǒu yì wú yì,有意无意,yywy,you yi wu yi,you,yi
晋·陈寿《三国志·魏志·董卓传》裴松之注引《献帝起居注》吕布受恩而反图之，斯须之间，头悬竿端，此有勇而无谋也。”,无,勇勇气；谋计谋。既有胆量又有计谋。,yǒu yǒng yǒu móu,有勇有谋,yyym,you yong you mou,you,mou
宋·陆九渊《与曾宅之书》惟其生于后世，学绝道丧，异端邪说充塞弥满，遂使有志之士罹此患害，乃与世间凡庸恣情纵欲之人均其陷溺，此岂非以学术杀天下哉。”,此洪君是广东～，与弟莫逆交，都不用客气。★清·黄小配《洪秀全演义》第五回,士对人的尊称。指有理想有抱负的人。,yǒu zhì zhī shì,有志之士,yzzs,you zhi zhi shi,you,shi
邓小平《在全国科学大会开幕式上的讲话》绝大多数科学技术人员热爱党、热爱社会主义，努力同工农兵相结合，满腔热情地对待自己从事的科学技术工作，作出了成绩……就整个说来，不愧是我们工人阶级自己的又红又专的科学技术队伍。”,无,具有无产阶级的世界观，又掌握专业知识和专门技术。,yòu hóng yòu zhuān,又红又专,yhyz,you hong you zhuan,you,zhuan
毛泽东《中国革命战争的战略问题》打破‘围剿’的过程往往是迂回曲折的，不是径情直遂的。”,无,迂回回旋，环绕。弯弯曲曲，绕来绕去。常比喻事物发展的曲折性。,yū huí qū zhé,迂回曲折,yhqz,yu hui qu zhe,yu,zhe
无,大错已经铸成，你再责备他也～。,对事情毫无补益。,yú shì wú bǔ,于事无补,yswb,yu shi wu bu,yu,bu
明·王世桢《鸣凤记》第十六出若如此，杨公命尽此刻矣！我和你不惟不能救，且监斩他，于心何忍。”,无,怎能忍心。即内心不忍。,yú xīn hé rěn,于心何忍,yxhr,yu xin he ren,yu,ren
《左传·僖公七年》唯我知女（汝），女专利而不厌，予取予求，不女疵瑕也。”,无,予我。原指从我这里取，从我这里求（财物）◇指任意索取。,yú qǔ yú qiú,予取予求,yqyq,yu qu yu qiu,yu,qiu
无,无,指某一事件虽然结束了，可是留下的影响还在起作用。,yú bō wèi píng,余波未平,ybwp,yu bo wei ping,yu,ping
《列子·汤问》昔韩娥东之齐，匮粮，过雍门，鬻歌假食，既去而余音绕梁，三日不绝，左右以其人弗去。”,受罪半天，能听到一段回肠荡气的唱儿，就很值得，～，三日不绝”，确是真有那种感觉。★梁实秋《听戏》,形容歌声优美，给人留下难忘的印象。,yú yīn rào liáng,余音绕梁,yyrl,yu yin rao liang,yu,liang
蔡东藩、许廑父《民国通俗演义》第八回三人急不暇择，从窦中鱼贯而出，外面正是一条逼狭的胡同，还静悄悄的没人阻住。”,无,像游鱼那样连贯着出现。,yú guàn ér chū,鱼贯而出,ygec,yu guan er chu,yu,chu
《三国志·魏志·邓艾传》将士皆攀木缘崖，鱼贯而进。”,众才女除卞、孟两家姊妹在后，其余都是按名～。★清·李汝珍《镜花缘》第六十七回,象游鱼一样一个跟着一个地接连着走。形容一个接一个地依次序进入。,yú guàn ér rù,鱼贯而入,yger,yu guan er ru,yu,ru
唐·张志和《和渔夫词》十三风搅长空浪搅风，鱼龙混杂一川中。”,现在人多手乱，鱼龙混杂，倒是这么着，他们也洗洗清。★清·曹雪芹《红楼梦》第九十四回,比喻坏人和好人混在一起。,yú lóng hùn zá,鱼龙混杂,ylhz,yu long hun za,yu,za
唐·王睃《清移突厥降人于南中安置疏》谄以缯帛之利，示以麋鹿之饶，说其鱼米之乡，陈其畜牧之地。”,我知江州是个好地面，～，特地使钱买将那里去。★明·施耐庵《水浒全传》第三十六回,指盛产鱼和稻米的富饶地方。,yú mǐ zhī xiāng,鱼米之乡,ymzx,yu mi zhi xiang,yu,xiang
汉·魏伯阳《参同契》卷上鱼目岂为珠？蓬蒿不成槚。”,可是这些卖国的老爷们不是也在～，也在自称为爱国忧民的志士吗？★杨沫《青春之歌》第二部第三十八章,混搀杂，冒充。拿鱼眼睛冒充珍珠。比喻用假的冒充真的。,yú mù hùn zhū,鱼目混珠,ymhz,yu mu hun zhu,yu,zhu
明·赵弼《蓬莱先生传》鱼水之情，极其娱乐。”,无,象鱼儿离不开水那样，关系密切，感情深厚。,yú shuǐ shēn qíng,鱼水深情,yssq,yu shui shen qing,yu,qing
《杜鹃山》第五场他就是张网捕鱼，我也拼他个鱼死网破。”,无,不是鱼死，就是网破。指拼个你死我活。,yú sǐ wǎng pò,鱼死网破,yswp,yu si wang po,yu,po
语本《孟子·告子上》鱼我所欲也，熊掌亦我所欲也；二者不可得兼，舍鱼而取熊掌者也。”,无,比喻俱为所欲，难于取舍之物。,yú yǔ xióng zhǎng,鱼与熊掌,yyxz,yu yu xiong zhang,yu,zhang
语出《辛氏三秦记》河津一名龙门，禹凿山开门，阔一里馀，黄河自中流下，而岸不通车马。每逢春之际，有黄鲤鱼逆流而上，得过者便化为龙。”唐·元弼有《鱼跃龙门赋》。,俗说～，过而为龙，唯鲤或然。★宋·陆佃《埤雅·释鱼》,比喻举业成功或地位高升。,yú yuè lóng mén,鱼跃龙门,yylm,yu yue long men,yu,men
无,无,趁着双方争执不下而从中得到好处。同渔人得利”。,yú wēng dé lì,渔翁得利,ywdl,yu weng de li,yu,li
清·刘鹗《老残游记》第十一回甲午为日本侵我东三省，俄、德出为调停，借收渔翁之利，大局又为之一变。”,无,犹言渔人之利。,yú wēng zhī lì,渔翁之利,ywzl,yu weng zhi li,yu,li
《列子·汤问》记载愚公家门前有两大座山挡着路，他决心把山平掉，另一个老人智叟笑他太傻，认为不能能。愚公说我死了有儿子，儿子死了还有孙子，子子孙孙是没有穷尽的，两座山终究会凿平。,在现代化建设中，我们要发扬～的精神。,比喻坚持不懈地改造自然和坚定不移地进行斗争。,yú gōng yí shān,愚公移山,ygys,yu gong yi shan,yu,shan
秦牧《天坛幻想录》想到这些，不禁令人憬然于天下本无神秘的事物，神秘只是欺骗或者愚昧无知的代名词而已。”,无,形容又愚笨又没有知识。,yú mèi wú zhī,愚昧无知,ymwz,yu mei wu zhi,yu,zhi
无,这名高级官员在演说中公然侮辱新闻记者，顿时～。,公众大表惊讶和不满。,yú lùn huá rán,舆论哗然,ylhr,yu lun hua ran,yu,ran
《太平御览》卷二０八引《符子》欲为千金之裘而与狐谋其皮，欲具少牢之珍而与羊谋其羞，言未卒，狐相率逃于重丘之下，羊相呼藏于深林之中。”,无,跟老虎商量要它的皮。比喻跟恶人商量要他放弃自己的利益，绝对办不到。,yǔ hǔ móu pí,与虎谋皮,yhmp,yu hu mou pi,yu,pi
《孟子·梁惠王下·庄暴见孟子》今王四猎于此，百姓闻王车马之音，见羽旄之美，举欣欣然有喜色而相告曰‘吾王庶几无疾病与，何以能田猎也？’此无他，与民同乐也。”,人人都到五凤楼前，端门之下，插金花，赏御酒，国家～。★明·洪榝《清平山堂话本·戒指儿记》,原指君王施行仁政，与百姓休戚与共，同享欢乐◇泛指领导与群众一起游乐，共享幸福。,yǔ mín tóng lè,与民同乐,ymtl,yu min tong le,yu,le
《孟子·公孙丑上》取诸人以为善，是与人为善者也。故君子莫大乎与人为善。”,想你们教士也是～，断不肯叫我为难的。★清·李宝嘉《文明小史》第九回,与赞许，赞助；为做；善好事。指赞成人学好。现指善意帮助人。,yǔ rén wéi shàn,与人为善,yrws,yu ren wei shan,yu,shan
宋·吕祖谦《吕东莱集·为梁参政作乞解罢政事表二首》涉冬浸剧，与日俱增。”,半个月过去了，风平浪静，然而老赵心里愁闷却～了。（茅盾《过年》）,与跟，和。随着时间一天天地增长。形容不断增长。,yǔ rì jù zēng,与日俱增,yrjz,yu ri ju zeng,yu,zeng
《易·损》损益盈虚，与时偕行。”,无,变通趋时。,yǔ shí xié xíng,与时偕行,ysxx,yu shi xie xing,yu,xing
清·蒲松龄《聊斋志异·贾奉雉》仆适自念，以金盆玉碗贮狗矢，真无颜出见同人，行将遁迹山林，与世长辞矣。”,曹冷元那斑白的头发楂和胡须都烧焦了，脸上起着一片红泡，眼睛含着浑泪，～了。★冯德英《迎春花》第十九章,辞告别⊥人世永别了。指去世。,yǔ shì cháng cí,与世长辞,yscc,yu shi chang ci,yu,ci
无,这个山区基本上是与世隔绝的。,与社会上的人们隔离，断绝来往。形容隐居或人迹不到的极偏僻地方。,yǔ shì gé jué,与世隔绝,ysgj,yu shi ge jue,yu,jue
无,他总是持着与世无争的态度。,不跟社会上的人发生争执。这是一种消极的回避矛盾的处世态度。,yú shì wú zhēng,与世无争,yswz,yu shi wu zheng,yu,zheng
清·李汝珍《镜花缘》这是今日令中第一个古人，必须出类拔萃，与众不同，才觉有趣。”,从他～的解题思路中，看出他很聪明。,跟大家不一样。,yǔ zhòng bù tóng,与众不同,yzbt,yu zhong bu tong,yu,tong
明·谢肇涮《文海披沙记》御批云‘雨过天青云破处，这般颜色做将来。’”,～的早晨，空气清新极了。,雨后转晴。也比喻政治上由黑暗到光明。,yǔ guò tiān qíng,雨过天晴,ygtq,yu guo tian qing,yu,qing
宋·张耒《食笋》诗荒林春雨足，新笋迸龙雏。”,国内废科举，兴学校，好象～，努力学习西方。★毛泽东《论人民民主专政》,指春天下雨后，竹笋一下子就长出来很多。比喻事物迅速大量地涌现出来。,yǔ hòu chūn sǔn,雨后春笋,yhcs,yu hou chun sun,yu,sun
宋·胡仔《苕溪渔隐丛话前集》卷七引《诗眼》古人律诗，亦是一片文章，语或似无伦次，而意若贯珠。”,他～地向周围的人诉说自己的遭遇。,伦次条理。话讲得乱七八糟，毫无次序。,yǔ wú lún cì,语无伦次,ywlc,yu wu lun ci,yu,ci
唐·韩愈《原道》荀与杨也，择焉而不精，语焉而不详。”,绣春也是急性子，对锦儿～深致不满，主张秋月仍是进京，去问一问明白，到底是怎么回事？★高阳《曹雪芹别传》,指虽然提到了，但说得不详细。,yǔ yān bù xiáng,语焉不详,yybx,yu yan bu xiang,yu,xiang
无,他这些语重心长的话，深深地打劫了我的心。,话深刻有力，情意深长。,yǔ zhòng xīn cháng,语重心长,yzxc,yu zhong xin chang,yu,chang
无,无,汝你。玉汝像爱惜玉一样爱护、帮助你。爱你如玉，帮助你，使你成功。多用于艰难困苦条件下。,yù rǔ yú chéng,玉汝于成,yryc,yu ru yu cheng,yu,cheng
《尚书·胤征》火焱昆岗，玉石俱焚。”,内无良将，外无救兵，若然攻破，～。★清·陈忱《水浒后传》第十二回,俱全，都；焚烧。美玉和石头一样烧坏。比喻好坏不分，同归于尽。,yù shí jù fén,玉石俱焚,ysjf,yu shi ju fen,yu,fen
无,无,形容人风度潇洒，秀美多姿。亦作临风玉树”。,yù shù lín fēng,玉树临风,yslf,yu shu lin feng,yu,feng
汉·王充《论衡·吉验》城郭郁郁葱葱。”《后汉书·光武纪》望气者至南阳，曰‘气佳哉，郁郁葱葱！”,远处是几个农村，丛树和屋舍密集重叠，大有～的气象。★叶圣陶《游泳》,形容草木苍翠茂盛。也形容气势美好蓬勃。,yù yù cōng cōng,郁郁葱葱,yycc,yu yu cong cong,yu,cong
战国楚·屈原《九章·抽思》心郁郁之忧思兮，独永叹乎增伤。”,在她给余永泽和王晓燕的信中充满了悲天悯人和～的情绪。★杨沫《青春之歌》第一部第六章,郁郁发愁的样子；寡少。形容心里苦闷。指闷闷不乐。,yù yù guǎ huān,郁郁寡欢,yygh,yu yu gua huan,yu,huan
杜鹏程《保卫延安》第六章一战士们在这十五昼十五夜中，不是浴血奋战就是急行军转移。”,全班战士，个个奋勇当先，冲下山去与敌人浴血奋战。,形容顽强地拼死战斗。,yù xuè fèn zhàn,浴血奋战,yxfz,yu xue fen zhan,yu,zhan
《论语·子罕》夫子循循善诱人，博我以文，约我以礼，欲罢不能。”,设或命运坎坷，从中别生枝节，拖延日久，虽要将就了事，～。★清·李汝珍《镜花缘》第十二回,欲想；罢停，歇。要停止也不能停止。,yù bà bù néng,欲罢不能,ybbn,yu ba bu neng,yu,neng
《左传·昭公三十一年》或求名而不得，或欲盖而名章，惩不义也。”,与其～，倒不如自己先认了。★闻一多《画展》,盖遮掩；弥更加；彰明显。想掩盖坏事的真相，结果反而更明显地暴露出来。,yù gài mí zhāng,欲盖弥彰,ygmz,yu gai mi zhang,yu,zhang
《国语·晋语八》叔鱼生其母视之，曰‘是虎目而豕喙，鸢肩而牛腹，豨壑可盈，是不可餍也，必以贿死。’”,衙门口人～，也不好太懦弱了，尽着他们的口胃，他们得着口胃，就咽不满的馋涎了。★清·颐琐《黄绣球》第四回,欲欲望；壑深谷。形容欲望象深谷一样，很难填满。指贪心重，没法满足。,yù hè nán tián,欲壑难填,yhnt,yu he nan tian,yu,tian
清·吴趼人《二十年目睹之怪现状》第七十回大人这里还不要就答应他，放出一个欲擒故纵的手段，然后许其成事。”,无,擒捉；纵放。故意先放开他，使他放松戒备，充分暴露，然后再把他捉住。,yù qín gù zòng,欲擒故纵,yqgz,yu qin gu zong,yu,zong
清·蒲松龄《聊斋志异》语甚凄楚，惊问之，欲言而止者再。”,无,想说又停止不说。形容有难言的苦衷。,yù yán yòu zhǐ,欲言又止,yyyz,yu yan you zhi,yu,zhi
宋·沈作喆《寓简》卷一诗之作也，其寓意深远，后之人莫能知之其意之所在也。”,无,寄托或隐含的意思很深（多指语言文字或艺术作品）。,yù yì shēn yuǎn,寓意深远,yysy,yu yi shen yuan,yu,yuan
《诗经·王风·中谷有蓷》有女仳离，条其啸矣。条其啸矣，遇人之不涉淑矣。”,无,淑善，美。指女子嫁了一个品质不好的丈夫。,yù rén bù shū,遇人不淑,yrbs,yu ren bu shu,yu,shu
康濯《太阳初升的时候·竞赛》他们的劲头都鼓的当当响，真是逢山开路，遇水架桥，一气儿跑步向前。”,无,遇水阻拦，就架桥通过。形容不怕阻力，奋勇前进。,yù shuǐ jià qiáo,遇水架桥,ysjq,yu shui jia qiao,yu,qiao
清·湘灵子《轩亭冤·哭墓》波翻血海全球悯，问谁敢野蛮法律骂强秦？笑他鹬蚌相争演出风云阵。”,肃清日寇吾侪事，～笑列侯。★朱德《和董必武同志七绝》之三,鹬蚌相争，渔翁得利”的省语。比喻双方相持不下，而使第三者从中得利。,yù bàng xiāng zhēng,鹬蚌相争,ybxz,yu bang xiang zheng,yu,zheng
明·凌濛初《初刻拍案惊奇》卷三十真是冤家路窄，今日一命讨了一命。”,却不防～，倒被阳伯偷看了去。★清·曾朴《孽海花》第二十二回,仇敌相逢在窄路上。指仇人或不愿意见面的人偏偏相遇。,yuān jiā lù zhǎi,冤家路窄,yjlz,yuan jia lu zhai,yuan,zhai
元·无名氏《货郎担》第四折又谁知苍天有眼，偏争他来早来迟，到今日冤冤相报，解愁眉顿作欢眉。”,无,冤冤仇；报报复，报应。佛家语，认为冤仇总会有报应。,yuān yuān xiāng bào,冤冤相报,yyxb,yuan yuan xiang bao,yuan,bao
元·王仲文《救孝子》第四折是你的老婆，这等呵，我可也原封不动，送还你罢。”,他把那个人送来的礼物～地退了回去。,原封没有开封。原来贴的封口没有动过。比喻完全按照原样，一点不加变动。,yuán fēng bù dòng,原封不动,yfbd,yuan feng bu dong,yuan,dong
《太平天国故事歌谣选·竹签的来历》过节那天设的酒肴，都原封未动，大家感到奇怪。”,不要在这次会议上许了愿，到明年召开‘八大’时还照样有那么多缺点、错误，～。★毛泽东《在中国共产党全国代表会议上的讲话》五,保持原样，不加变动。,yuán fēng wèi dòng,原封未动,yfwd,yuan feng wei dong,yuan,dong
清·曹雪芹《红楼梦》第六十六回原来如此，倒教我们悬了几日心。”,无,原来表示发现真实情况。原来是这样。,yuán lái rú cǐ,原来如此,ylrc,yuan lai ru ci,yuan,ci
何其芳《理性与历史》白纸黑字，虽说印的是魑魅魍魉的话，也未始不可发生另外一种作用原形毕露，看它往哪里逃遁呵！”,无,原形原来的形状；毕完全。本来面目完全暴露。指伪装被彻底揭开。,yuán xíng bì lù,原形毕露,yxbl,yuan xing bi lu,yuan,lu
汉·班固《西都赋》元元本本，殚见洽闻。”,差官便抢上一步，把这事情～详陈一遍。★清·李宝嘉《文明小史》第十二回,从头到尾按原来的样子。指详细叙述事情的全部起因和整个过程，一点不漏。,yuán yuán běn běn,原原本本,yybb,yuan yuan ben ben,yuan,ben
《孟子·梁惠王上》以若所为，求若所欲，犹缘木而求鱼也。”,若想善出此关，大王乃～，非徒无益，而又害之也。★明·许仲琳《封神演义》第三十三回,缘木爬树。爬到树上去找鱼。比喻方向或办法不对头，不可能达到目的。,yuán mù qiú yú,缘木求鱼,ymqy,yuan mu qiu yu,yuan,yu
宋·朱熹《观书有感》诗问渠哪得清如许，谓有源头活水来。”,无,原比喻读书越多，道理越明。现也指事物发展的动力和源泉。,yuán tóu huó shuǐ,源头活水,yths,yuan tou huo shui,yuan,shui
《孟子·万章上》欲常常而见之，故源源而来。”,夜间，官军打通了由智亭山通往龙驹寨的大道，所以从天亮起就有军粮～地从龙驹寨向西运送。（姚雪垠《李自成》第二卷第十三章）,形容接连不断。,yuán yuán bù duàn,源源不断,yybd,yuan yuan bu duan,yuan,duan
《孟子·万章上》欲常常而见之，故源源而来。”,无,源源水流不断的样子。形容接连不断。,yuán yuán bù jué,源源不绝,yybj,yuan yuan bu jue,yuan,jue
唐·白居易《海州刺史裴君夫人李氏墓志铭》夫源远者流长，根深者枝茂。”,剥削阶级的幸福观，是～，影响仍然是相当深广的。★秦牧《一个黑人战士的豪迈声音》,源头很远，水流很长。比喻历史悠久。,yuán yuǎn liú cháng,源远流长,yylc,yuan yuan liu chang,yuan,chang
无,共产党员应是实事求是的模范，又是具有～的模范。（毛泽东《中国共产党在民族战争中的地位》）,有远大的眼光和高明的见解。,yuǎn jiàn zhuó shí,远见卓识,yjzs,yuan jian zhuo shi,yuan,shi
《战国策·秦策三》王不如远交而近攻，得寸则王之寸，得尺亦王之尺也。”,莫若以纳辽之币归之于金，坐复燕云故土，正合～之计。★清·陈忱《水浒后传》第七回,联络距离远的国家，进攻邻近的国家。这时战国时秦国采取的一种外资策略◇也指待人处世的一种手段。,yuǎn jiāo jìn gōng,远交近攻,yjjg,yuan jiao jin gong,yuan,gong
无,他早年远涉重洋，历尽艰辛才创下这番基业。,重洋辽阔无边的海洋。远远地渡过海洋。,yuǎn shè chóng yáng,远涉重洋,yscy,yuan she chong yang,yuan,yang
《后汉书·卓茂传》汝独不欲修之，宁能高飞远走，不在人间邪？”,孙行者！好男子不可～！快向前与我交战三合。★明·吴承恩《西游记》第六十五回,指象野兽远远跑掉，象鸟儿远远飞走。比喻人跑到很远的地方去。多指摆脱困境去寻找出路。,yuǎn zǒu gāo fēi,远走高飞,yzgf,yuan zou gao fei,yuan,fei
《诗比·大雅·生民》实覃实訏，厥声载路。”《后汉书·李固传》开门受赂，署用非次，天下纷然，怨声满道。”,凡有些余利的，一概入了官中，那时里外～，岂不失了你们这样人家的大体？★清·曹雪芹《红楼梦》第五十六回,载充满。怨恨的声音充满道路。形容人民群众普遍强烈不满。,yuàn shēng zài dào,怨声载道,yszd,yuan sheng zai dao,yuan,dao
《论语·宪问》不怨天，不尤人，下学而上达，知我者其天乎！”,便是那愤懑不平之气，放诞无忌惮之言，心中口中，～个不了。★明·东鲁古狂生《醉醒石》第六回,天天命，命运；尤怨恨，归咎。指遇到挫折或出了问题，一味报怨天，责怪别人。,yuàn tiān yóu rén,怨天尤人,ytyr,yuan tian you ren,yuan,ren
《荀子·正名》名无固宜，约之以命，约定俗成谓之宜，异于约则谓之不宜。”,无,指事物的名称或社会习惯往往是由人民群众经过长期社会实践而确定或形成的。,yuè dìng sú chéng,约定俗成,ydsc,yue ding su cheng,yue,cheng
《史记·高祖本纪》与父老约，法三章耳；杀人者死，伤人及盗抵罪。”《汉书·刑法志》高祖初入关，约法三章。”,我们很郑重地和工头～，什么时候交稿，什么时候看校，什么时候拼版。★邹韬奋《经历·种种尴尬》,原指订立法律与人民相约遵守◇泛指订立简单的条款。,yuè fǎ sān zhāng,约法三章,yfsz,yue fa san zhang,yue,zhang
元·元怀《拊掌录》欧阳公与人行令，各作诗两句，须犯徒以上罪者……一云‘月黑杀人夜，风高放火天。’”,遇上～的晚上，飞砂走石，满地乱滚，长城就在咬牙切齿骂人了。★杨朔《秋风萧瑟》,比喻没有月光风也很大的夜晚。比喻险恶的环境。,yuè hēi fēng gāo,月黑风高,yhfg,yue hei feng gao,yue,gao
清·薛雪《一瓢诗话》三三如此体会，则诗神诗旨，跃然纸上。”,虽然象通不通似的，但是对于抗日救国的热烈和对于我们被捕的义愤，也已～。★邹韬奋《经历·同情和厚意》,活跃地呈现在纸上。形容文学作品叙述描写真实生动。,yuè rán zhǐ shàng,跃然纸上,yrzs,yue ran zhi shang,yue,shang
清·李宝嘉《官场现形记》第三十五回一席话说得唐二乱子心痒难抓，跃跃欲试。”,运动会即将举行，同学们个个磨拳擦掌，～。,跃跃急于要行动的样子；欲要。形容急切地想试试。,yuè yuè yù shì,跃跃欲试,yyys,yue yue yu shi,yue,shi
《庄子·逍遥游》庖人虽不治庖，尸祝不越樽俎而代之矣。”,孩子能做的事，父母不要～。,越跨过；俎古代祭祀时摆祭品的礼器；庖厨师。主祭的人跨过礼器去代替厨师办席。比喻超出自己业务范围去处理别人所管的事。,yuè zǔ dài páo,越俎代庖,yzdp,yue zu dai pao,yue,pao
宋·程灏《春日偶成》云淡风轻近午天，傍花随柳过前川。”,无,微风轻拂，浮云淡薄。形容天气晴好。亦作风轻云淡”。,yún dàn fēng qīng,云淡风轻,ydfq,yun dan feng qing,yun,qing
宋·陶佃《王君仪》诗云开雾散却晴霁，清风淅淅无纤尘。”,无,指天气由阴暗转为明朗。常用以比喻怨愤、疑虑得以消除。,yún kāi wù sàn,云开雾散,ykws,yun kai wu san,yun,san
南朝宋·刘义庆《世说新语·言语》千岩竞秀，万壑争流。草木蒙笼其上，若云兴霞蔚。”,抬头望处，已到巫山。上面阳光垂照下来，下面浓雾滚涌上去，～，颇为壮观。★刘白羽《长江三日》,蒸上升；蔚聚集。象云霞升腾聚集起来。形容景物灿烂绚丽。,yún zhēng xiá wèi,云蒸霞蔚,yzxw,yun zheng xia wei,yun,wei
《老子》第十六章夫物芸芸，各复归其根。”《礼记·祭义》众生必死，死必归土。”,这些话，是告诉～，到底是有一大部分感觉不敏的。★鲁迅《三闲集·文艺与革命》,芸芸形容众多；众生原指一切生物，后指许多人。原指世间的一切生灵◇多指大群无知无识的人。,yún yún zhòng shēng,芸芸众生,yyzs,yun yun zhong sheng,yun,sheng
《史记·高祖本纪》夫运筹帷幄之中，决胜千里之外，吾不如子房。”,妙算神机说子牙，～更无差。★明·许仲琳《封神演义》第五十六回,筹计谋、谋划；帷幄古代军中帐幕。指拟定作战策略。引申为筹划、指挥。,yùn chóu wéi wò,运筹帷幄,ycww,yun chou wei wo,yun,wo
周而复《上海的早晨》第三部五十巧珠奶奶听得晕头转向。完全出乎她的意料之外，儿子居然变了，而且变得这么快！”,无,晕头发昏；转向辨不清方向。头脑发晕，辨不清方向。形容糊里糊涂或惊惶失措。,yūn tóu zhuàn xiàng,晕头转向,ytzx,yun tou zhuan xiang,yun,xiang
唐·韩愈《送孟东野序》其为言也，杂乱而无章。”,汉治最为近古而荒略如此，又何怪乎后世之文章典故，杂乱而无序也哉？★清·章学诚《文史通义·书教上》,又多又乱，没有条理。,zá luàn wú xù,杂乱无序,zlwx,za luan wu xu,za,xu
唐·韩愈《送孟东野序》其为言也，杂乱而无章。”,救火车开不进狭窄的弄。水桶拿不出许多。往来取水只是～的一阵胡闹。（叶圣陶《一桶水》）,章条理。乱七八糟，没有条理。,zá luàn wú zhāng,杂乱无章,zlwz,za luan wu zhang,za,zhang
清·李汝珍《镜花缘》第七十三回窃取陈编，以为己有，惟恐别人看出，不免又添些自己意思，杂七杂八，强为贯串，以为掩人耳目。”,无,形容东西非常混杂，或事情非常杂乱。,zá qī zá bā,杂七杂八,zqzb,za qi za ba,za,ba
刘绍棠《蒲柳人家》八老人家真当是儿媳妇有了喜，满街满巷奔告亲朋好友，说她只要抱上孙子，哪怕砸锅卖铁，典尽当光，也要请亲朋好友们吃一顿风风光光的喜酒。”,欠你的账，即使砸锅卖铁我也要给你还上。,砸了锅去卖废铁。表示穷极无聊，不留后路。也比喻把所的都拿出来了。,zá guō mài tiě,砸锅卖铁,zgmt,za guo mai tie,za,tie
无,春节晚会上，穿着节日盛装的各族代表，在舞台上翩翩起舞，欢庆节日。,边唱歌，边跳舞。形容尽情欢乐。,zài gē zài wǔ,载歌载舞,zgzw,zai ge zai wu,zai,wu
唐·韩愈《斗鸡联句》一喷一醒然，再接再厉乃。”,取得好成绩也不能自满，要～，不断进取。,接接战；厉磨快，引伸为奋勉，努力。指公鸡相斗，每次交锋以前先磨一下嘴。比喻继续努力，再加一把劲。,zài jiē zài lì,再接再厉,zjzl,zai jie zai li,zai,li
毛泽东《论持久战》‘在劫难逃’，于是形成了绝对的敌对。”,无,旧时迷信的人认为命里注定要遭受的灾难是无法逃脱的。现有时也用来指某种灾害不可避免。,zài jié nán táo,在劫难逃,zjnt,zai jie nan tao,zai,tao
郭沫若《郑成功》第二章国姓爷和你是我的重生父母，只要能够为你们效劳，我就献出生命，在所不辞。”,无,决不推辞（多用在冒险犯难）。,zài suǒ bù cí,在所不辞,zsbc,zai suo bu ci,zai,ci
无,当祖国需要我们的时候，即使赴汤蹈火，我们也在所不惜。,决不吝惜（多用在付出大的代价）。,zài suǒ bù xī,在所不惜,zsbx,zai suo bu xi,zai,xi
清·李宝嘉《活地狱》第九回或者阳示和好，暗施奸刁的，亦在所难免。”,无,免避免。指由于某种限制而难于避免。,zài suǒ nán miǎn,在所难免,zsnm,zai suo nan mian,zai,mian
鲁迅《而已集·黄花节的杂感》我并非说，大家都须天天去痛哭流涕，以凭吊先烈的‘在天之灵’，一年中有一天记住他们就可以了。”,无,尊称死者的精神。,zài tiān zhī líng,在天之灵,ztzl,zai tian zhi ling,zai,ling
清·曹雪芹《红楼梦》第六十四回宝玉看了，赞不绝口。”,他常常在我面前把秋桐的文章捧上了天，～。★邹韬奋《经历·新闻记者的作品》,不住口地称赞。,zàn bù jué kǒu,赞不绝口,zbjk,zan bu jue kou,zan,kou
清·吴敬梓《儒林外史》第34回庄绍光看了，赞叹不已。”,无,已止，完。连声赞赏不止。,zàn tàn bù yǐ,赞叹不已,ztby,zan tan bu yi,zan,yi
《战国策·齐策六》女朝出而晚来，则吾倚门而望。”,他按照～捕鱼撒网那股悠闲的心情撑着船，编算着使自己高兴也使别人高兴的事情。★孙犁《芦花荡》,早晨出动，晚上归来。,zǎo chū wǎn guī,早出晚归,zcwg,zao chu wan gui,zao,gui
无,敌人搞阴谋，惯用的手法之一，就是造谣惑众。,制造谣言，迷惑群众。,zào yáo huò zhòng,造谣惑众,zyhz,zao yao huo zhong,zao,zhong
《庄子·盗跖》尔作言造语，妄称文武。”,有许多言论是荒唐无知、捕风捉影、～。★郭小川《沉重的教训》,制造谣言，挑起事端。,zào yáo shēng shì,造谣生事,zyss,zao yao sheng shi,zao,shi
无,这人品质恶劣，对别人惯会造谣中伤。,中伤攻击和陷害别人。制造谣言，陷害别人。,zào yáo zhòng shāng,造谣中伤,zyzs,zao yao zhong shang,zao,shang
《论语·述而》三人行，必有我师焉。择其善者而从之，其不善者而改之。”,遇事必详为考虑，而后与部下商议，～。★老舍《张自忠·剧中重要人物说明》,从追随，引伸为学习。指选择好的学，按照好的做。,zé shàn ér cóng,择善而从,zsec,ze shan er cong,ze,cong
无,农民向国家交售征购粮是责无旁贷的任务。,贷推卸。自己应尽的责任，不能推卸给旁人。,zé wú páng dài,责无旁贷,zwpd,ze wu pang dai,ze,dai
《左传·定公四年》会同难，啧有烦言，莫之治也。”,我辈与之遗老，本不能志同道合，其～，正是应有之事。★《鲁迅书信集·致许寿裳》,啧争辩；烦言气愤不满的话。形容议论纷纷，报怨责备。,zé yǒu fán yán,啧有烦言,zyfy,ze you fan yan,ze,yan
明·施耐庵《水浒传》第九十回戴宗啧啧称赞道‘好个留侯！’”,无,啧啧咂嘴声，表示赞叹。啧啧连声地表示羡慕。,zé zé chēng zàn,啧啧称赞,zzcz,ze ze cheng zan,ze,zan
无,这个狡滑的小偷，偷了人家的钱后，还贼喊捉贼，嫁祸于人。,做贼的人喊捉贼。比喻坏人为了自己逃脱，故意制造混乱，转移目标，把别人说成是坏人。,zéi hǎn zhuō zéi,贼喊捉贼,zhzz,zei han zhuo zei,zei,zei
宋·王安石《祭盛侍郎文》补官扬州，公得谢归。曾几何时，讣者来门。”,～，他自己去做了一个小小的官儿回来，而他又劝我去学法政了。★郭沫若《少年时代·反正前后》,曾曾经；几何若干、多少。才有多少时候。指没过多久。,céng jǐ hé shí,曾几何时,cjhs,ceng ji he shi,ceng,shi
宋·李清照《声声慢》词寻寻觅觅，冷冷清清，凄凄惨惨戚戚。乍暖还寒时候，最难将息。”宋 ·刘清夫《玉楼春》词柳梢绿小眉如印。乍暖还寒犹未定。”,无,形容冬末春初气侯忽冷忽热，冷热不定。,zhà nuǎn hái hán,乍暖还寒,znhh,zha nuan hai han,zha,han
《汉书·诸侯王表序》分为二周，有逃债之台。”,由于经营不善，这家公司现已陷入～的境地。,形容欠债很多。,zhài tái gāo zhù,债台高筑,ztgz,zhai tai gao zhu,zhai,zhu
元·高文秀《黑旋风》第四折因此上装一个送饭的沾亲带友，那一个管牢的便不乱扯胡揪。”,于是～，平日受过赈济，平粜过米粮，城里城外的士民百姓，十分中倒来了九分九厘。★《醒世姻缘》第九十回,故故人，老友。有亲戚朋友的关系。,zhān qīn dài gù,沾亲带故,zqdg,zhan qin dai gu,zhan,gu
《史记·魏其武安侯列传》魏其者，沾沾自喜耳。”,然而象他那样的人，决不至于让某一件事的胜利弄得～，就此满足。★茅盾《子夜》五,形容自以为不错而得意的样子。,zhān zhān zì xǐ,沾沾自喜,zzzx,zhan zhan zi xi,zhan,xi
战国楚·屈原《离骚》瞻前而顾后兮，相观民之计极。”,有些事情看准了就马上去做，不要总是～，畏首畏尾。,瞻向前看；顾回头看。看看前面，又看看后面。形容做事之前考虑周密慎重。也形容顾虑太多，犹豫不决。,zhān qián gù hòu,瞻前顾后,zqgh,zhan qian gu hou,zhan,hou
《左传·隐公六年》为国家者，见恶如农夫之务去草焉，芟夷蕰崇之，绝其本根，勿使能殖，则善者信矣。”北齐·魏收《为侯景叛移梁朝文》若抽薪止沸，剪草除根。”,～，萌芽不发；斩草若不除根，春至萌芽再发。★明·冯梦龙《警世通言》卷三十七,除草时要连根除掉，使草不能再长。比喻除去祸根，以免后患。,zhǎn cǎo chú gēn,斩草除根,zccg,zhan cao chu gen,zhan,gen
宋·释道原《景德传灯录》卷十七师谓众曰‘学佛法底人如斩钉截铁始得时。’”《朱子全书·孟子》君来惟是孟子说得斩钉截铁。”,我喜欢那种～的作风。,形容说话或行动坚决果断，毫不犹豫。,zhǎn dīng jié tiě,斩钉截铁,zdjt,zhan ding jie tie,zhan,tie
清·文康《儿女英雄传》第十九回这场哭，直哭得那铁佛伤心，石人落泪；风凄云惨，鹤唳猿啼。便是那树上的鸟儿，也忒楞楞展翅高飞。”,吴吉昌像久困在笼中的鸟，一旦获得解放，他就要立即～了。★《为了周总理的嘱托》,指鸟展开翅膀远远飞走了。亦比喻充分发挥才能，施展抱负。,zhǎn chì gāo fēi,展翅高飞,zcgf,zhan chi gao fei,zhan,fei
唐·韩愈《柳子厚墓志铭》虽少年，已自成人，能取进士第，崭然见头角焉。”,此番吴氏北返，独倡保定会议，无非欲～，力与段派抗衡。★蔡东藩、许廑父《民国通俗演义》第一一五回,崭突出；露显露。头上的角已明显地突出来了。指初显露优异的才能。,zhǎn lù tóu jiǎo,崭露头角,zltj,zhan lu tou jiao,zhan,jiao
《诗经·周南·关雎》悠哉悠哉，辗转反侧。”,我心里又想起母亲的劳苦，～睡不着，很想起来陪陪母亲。★邹韬奋《我的母亲》,辗转翻来复去；反侧反复。翻来复去，睡不着觉。形容心里有所思念或心事重重。,zhǎn zhuǎn fǎn cè,辗转反侧,zzfc,zhan zhuan fan ce,zhan,ce
浩然《艳阳天》第一二一章经过了这场灾祸的考验，好像当年跟着担架队闯了一趟战火纷飞的疆场回来。”,这种友谊来自～的年代。★李国文《月食》,形容战斗频仍、激烈。,zhàn huǒ fēn fēi,战火纷飞,zhff,zhan huo fen fei,zhan,fei
无,灾区人民以战天斗地的英雄气慨，克服洪水带来的困难，恢复生产，重建家园。,战、斗泛指斗争。形容征服和改造大自然的英雄气慨。,zhàn tiān dòu dì,战天斗地,ztdd,zhan tian dou di,zhan,di
《战国策·齐策二》战无不胜而不知止者，身且死，爵且后归，犹为蛇足也。”,自先王以来，楚兵～。★明·冯梦龙《东周列国志》第十九回,形容强大无比，可以战胜一切。也比喻办任何事情都能成功。,zhàn wú bù shèng,战无不胜,zwbs,zhan wu bu sheng,zhan,sheng
《诗经·小雅·小昮》战战兢兢，如临深渊，如履薄冰。”,那小孩～地走着，唯恐摔倒。,战战恐惧的样子；兢兢小心谨慎的样子。形容非肠怕而微微发抖的样子。也形容小心谨慎的样子。,zhàn zhàn jīng jīng,战战兢兢,zzjj,zhan zhan jing jing,zhan,jing
明·罗贯中《三国演义》第六十九回告谕城内居民，尽张灯结彩，庆赏佳节。”,国庆节期间，广场上～，好不热闹。,挂上灯笼，系上彩绸。形容节日或有喜庆事情的景象。,zhāng dēng jié cǎi,张灯结彩,zdjc,zhang deng jie cai,zhang,cai
明·田艺蘅《留青日札》卷二十二《张公帽赋》谚云‘张公帽掇在李公头上。’有人作赋云‘物各有主，貌贵相宜。窃张公之帽也，假李老而戴之。’”,但老船夫却作错了一件事情，把昨晚唱歌人～”了。★沈从文《边城》十四,把姓张的帽子戴到姓李的头上。比喻认错了对象，弄错了事实。,zhāng guān lǐ dài,张冠李戴,zgld,zhang guan li dai,zhang,dai
曲波《林海雪原》二八凶手感到这声音象是一个铁棒击打在他的头上，他转头一看，大惊失措，张口结舌。”,无,结舌舌头不能转动。张着嘴说不出话来。形容理屈词穷，或因紧张害怕而发愣。,zhāng kǒu jié shé,张口结舌,zkjs,zhang kou jie she,zhang,she
《敦煌变文集·孔子项托相问书》附录二《新编小儿难孔子》鱼生三日游于江湖，龙生三日张牙舞爪。”,见了州官，州判老爷胆子也壮了，～，有句没句，跟着教习说了一大泡。★清·李宝嘉《官场现形记》第五十五回,张张开；舞挥舞。形容猛兽凶恶可怕。也比喻猖狂凶恶。,zhāng yá wǔ zhǎo,张牙舞爪,zywz,zhang ya wu zhao,zhang,zhao
晋·傅玄《短歌行》昔君视我，如掌中珠，何意一朝，弃我沟渠。”,乳名黛玉，年方五岁，夫妻爱之如～。★清·曹雪芹《红楼梦》第二回,比喻接受父母疼爱的儿女，特指女儿。,zhǎng shàng míng zhū,掌上明珠,zsmz,zhang shang ming zhu,zhang,zhu
元·王实甫《西厢记》第五本第三折他学师友，君子务本；你倚父兄，仗势欺人。”,许多人发展了官僚主义的作风，～，用强迫命令的方法去完成工作任务。★毛泽东《在晋绥干部会议上的讲话》,仗凭借，依靠。依仗某种权势欺压人。,zhàng shì qī rén,仗势欺人,zsqr,zhang shi qi ren,zhang,ren
明·冯梦龙《警世通言》卷十二此人姓范名汝为，仗义执言，救民水火。”,他性情耿直，总爱～。,执言说公道话。为了正义说公道话。指能伸张正义。,zhàng yì zhí yán,仗义执言,zyzy,zhang yi zhi yan,zhang,yan
明·罗贯中《三国演义》第二十八回于是遂起军往汝南驻扎，招兵买马，徐图征进。”,我们人手不足，需要～了。,旧时指组织或扩充武装力量◇比喻组织或扩充人力。,zhāo bīng mǎi mǎ,招兵买马,zbmm,zhao bing mai ma,zhao,ma
元·刘唐卿《降桑椹》第二折招财进宝臻佳瑞，合家无虑保安存。”,你们家这棵大树，树大根深，受日月精华滋养，本是棵～的摇钱树。★谌容《万年青》,招引进财气、财宝。,zhāo cái jìn bǎo,招财进宝,zcjb,zhao cai jin bao,zhao,bao
明·许仲琳《封神演义》第四十八回姚天君招架不住，掩一锏，望阵内便走。”,无,招架抵挡。抵挡不了或没有力量再支持下去。,zhāo jià bù zhù,招架不住,zjbz,zhao jia bu zhu,zhao,zhu
《战国策·燕策一》燕昭王即位，卑身厚币以招贤者。”元·马致远《陈抟高卧》第二折早则是泽及黎民，又待要招贤纳士礼殷勤，币帛降玄纁。”,这里有个～好汉柴大官人。★明·施耐庵《水浒全传》第九回,招招收；贤有德有才的人；纳接受；士指读书人。招收贤士，接纳书生。指网罗人才。,zhāo xián nà shì,招贤纳士,zxns,zhao xian na shi,zhao,shi
《史记·孔子世家》居卫月余，灵公与夫人同车，宦者雍渠参乘，出，使孔子为次乘，招摇市过之。”,这几个人，穿着奇装异服，～，得意洋洋。,招摇张扬炫耀；市闹市，指人多的地方。指在公开场合大摇大摆显示声势，引人注意。,zhāo yáo guò shì,招摇过市,zygs,zhao yao guo shi,zhao,shi
《清会典事例·七四八·刑部·吏律职制》学臣应用员役，傥有招摇撞骗及受贿传递等弊，提调官不行访拿究治者，亦交部议处。”,只是奴才们在外头～，闹出事来，我就耽不起。★清·曹雪芹《红楼梦》第一０六回,撞骗寻机骗人。假借名义，进行蒙骗欺诈。,zhāo yáo zhuàng piàn,招摇撞骗,zyzp,zhao yao zhuang pian,zhao,pian
《庄子·达生》昭昭乎若揭日月而行也。”,承电示撤消军院，爱国之忱，～。★蔡东藩、许廑父《民国通俗演义》第七七回,昭然明显、显著的样子；揭原意为高举，现也指揭开。形容真相全部暴露，一切都明明白白。,zhāo rán ruò jiē,昭然若揭,zrrj,zhao ran ruo jie,zhao,jie
元·关汉卿《西蜀梦》第三折也不用僧人持咒，道士宣科。”,说法是～，十分单纯的。（郭沫若《少年时代·我的童年》）,照按照；本书本；宣宣读；科科条，条文。照着本子念条文。形容讲课、发言等死板地按照课文、讲稿，没有发挥，不生动。,zhào běn xuān kē,照本宣科,zbxk,zhao ben xuan ke,zhao,ke
《歧路灯》第十一回这大相公聪明得很，他是照猫画虎，一见即会套的人。”,无,比喻照着样子模仿。,zhào māo huà hǔ,照猫画虎,zmhh,zhao mao hua hu,zhao,hu
陈世旭《将军镇》第十章三那就更得让她学会照章办事。国有国法，院有院规，不然，还得了？”,法律虽然铁面无私，～，至少没那么不知趣，会去干涉一位大爷的私事。★《警察和赞美诗》,按照规定办理事情。,zhào zhāng bàn shì,照章办事,zzbs,zhao zhang ban shi,zhao,shi
清·李宝嘉《官场现形记》第三十三回因为幕友赵大架子被参在内，留在衙门恐怕不便，就叫自己兄弟二大人通信给他，叫他暂时搬出衙门，好遮人耳目。”,无,遮遮掩。遮掩他人视听。指玩弄手法，掩盖真相。,zhē rén ěr mù,遮人耳目,zrem,zhe ren er mu,zhe,mu
明·施耐庵《水浒传》第八十三回远远望见辽兵盖地而来，黑洞洞遮天蔽日，都是皂雕旗。”,沿着石砌的山路，两旁满是古松古柏，～的。★杨朔《香山红叶》,遮蔽天空和太阳。形容事物体积庞大、数量众多或气势盛大。,zhē tiān bì rì,遮天蔽日,ztbr,zhe tian bi ri,zhe,ri
宋·释道原《景德传灯录》卷二夫一切回答，如针锋相投，无纤毫参差。”,彩云听着唐卿的话来得厉害，句句和自己的话～，思忖只有答应了再说。★清·曾朴《孽海花》第二十六回,针锋针尖。针尖对针尖。比喻双方在策略、论点及行动方式等方面尖锐对立。,zhēn fēng xiāng duì,针锋相对,zfxd,zhen feng xiang dui,zhen,dui
清·西周生《醒世姻缘传》第九十二回只有晁夫人是个不肯忘旧、念人好处的人，凡是便人回家，不是二两，就是一两，再少也是五钱，分外还有布匹鞋面、针头线脑之类。”,你家里有什么东西也得登记上，是个～也得算上。★孙犁《白洋淀纪事·村歌下篇》,缝纫用的针线等物。比喻细微的事物。,zhēn tóu xiàn nǎo,针头线脑,ztxn,zhen tou xian nao,zhen,nao
《尚书·旅獒》犬马非其土性不畜，珍禽奇兽不育于国。”,灯作伞形，六角间有圆者，镂人物花卉，～。★清·王韬《瀛壖杂志》,珍贵重的；奇特殊的。珍奇的飞禽，罕见的走兽。,zhēn qín yì shòu,珍禽异兽,zqys,zhen qin yi shou,zhen,shou
明·施耐庵《水浒全传》第二十九回这一扑，有名唤做‘玉环步，鸳鸯脚’。——这是武松平生的真才实学。”,一百个说空话的人，不如一个有～的实干家。,真正的才能和学识。,zhēn cái shí xué,真才实学,zcsx,zhen cai shi xue,zhen,xue
老舍《龙须沟》第二幕他们在这儿，不是先给孩子们糖吃，然后才真刀真枪的一杀杀一大片？”欧阳山《苦斗》三八你知道么？人家是拿真刀真枪的。不比我们光拿铁笔、扁担。”,我的意思是大敌当前，民族危亡，一个热血男儿就应当～地干，光搞这些意思不大！★魏巍《火凤凰》一七,①真实的刀枪。②比喻毫不作假，实实在在。,zhēn dāo zhēn qiāng,真刀真枪,zdzq,zhen dao zhen qiang,zhen,qiang
明·冯梦龙《喻世明言》第十四卷先生二十五六年前，便识透宋朝的真命天子了。”,我早就算定～已经降世。★《二十年目睹之怪现象》第八十回,旧时所谓秉承天命降世的皇帝。,zhēn mìng tiān zǐ,真命天子,zmtz,zhen ming tian zi,zhen,zi
清·彭养鸥《黑籍冤魂》第五回我本是个安分良民，人家说我私贬鸦片，都是雠扳，没有什么真凭实据。”,处理任何案件，都必须有～。,确凿的凭据。,zhēn píng shí jù,真凭实据,zpsj,zhen ping shi ju,zhen,ju
柯灵《〈阿英散文选〉序》尽管有真枪实弹与纸上硝烟的不同，却同样要以活鲜鲜的生命相搏击的。”,无,战场上使用的武器弹药。多比喻实战。,zhēn qiāng shí dàn,真枪实弹,zqsd,zhen qiang shi dan,zhen,dan
孙犁《秀露集·欧阳修的散文》散文如无具体约束，无真情实感，，就会枝蔓无边。”,古老的神话，未必没有～。★郭小川《昆仑行》诗,真挚的感情，实在的感受。,zhēn qíng shí gǎn,真情实感,zqsg,zhen qing shi gan,zhen,gan
明·李东阳《求退录·诗话》诗有别材，非关书也，诗有别趣，非关理也……彼小夫贱隶妇人女子真情实意，喑合而偶中，固不待于教。”,她有时觉得他是～地爱她，但有时却怪他既然爱她为什么不肯和妻子离婚？★草明《乘风破浪》九,真实的情意。,zhēn qíng shí yì,真情实意,zqsy,zhen qing shi yi,zhen,yi
无,经过公安干警一个多月的严密侦察，这桩案件终于真相大白。,大白彻底弄清楚。真实情况完全弄明白了。,zhēn xiàng dà bái,真相大白,zxdb,zhen xiang da bai,zhen,bai
元·无名氏《百花亭》第三折常言道海深须见底，各办着个真心实意。”,他相信献忠确实是～地归顺朝廷。★姚雪垠《李自成》第一卷第十六章,心意真实诚恳，没有虚假。,zhēn xīn chéng yì,真心诚意,zxcy,zhen xin cheng yi,zhen,yi
元·无名氏《百花亭》第三折常言道海深须见底，各办着个真心实意。”,～，才能找到知己。,心意真实诚恳，没有虚假。,zhēn xīn shí yì,真心实意,zxsy,zhen xin shi yi,zhen,yi
清·曹雪芹《红楼梦》第二十九回那黛玉偏生也是个有些痴病的，也每用假情试探。因你也将真心真意瞒起来，我也将真心真意瞒起来，都只用假意试探。”,你猜炳哥怎么说的？他说他从前～爱过的，只有一个人。真心真意好过的，也只有一个人。★欧阳山《苦斗》第二十二章,犹真心实意。,zhēn xīn zhēn yì,真心真意,zxzy,zhen xin zhen yi,zhen,yi
明·冯梦龙《警世通言》卷三真知灼见者，尚且有误，何况其他！”,两家之学皆深入宋儒之室，但以汉学为不可废耳，多倚墙之见，依违之言，岂～者哉！★江藩《汉学师承记·顾炎武》,灼明白，透彻。正确而透彻的见解。,zhēn zhī zhuó jiàn,真知灼见,zzzj,zhen zhi zhuo jian,zhen,jian
《晋书·刘琨传》吾枕戈待旦，志枭逆虏。”,我先前只知道武将大抵通文，当～”的时候，就会做骈体电报，这回才明白虽是文官，也有深谙韬略的了。★鲁迅《准风月谈·冲》,戈古代的一种兵器；旦早晨。意思是立志杀敌，枕着武器睡觉等天亮。形容时刻准备作战，。,zhěn gē dài dàn,枕戈待旦,zgdd,zhen ge dai dan,zhen,dan
汉·李陵《答苏武书》然陵振臂一呼，创病皆起。”,此话甚有道理。目前百姓生活于水深火热之中，朝不保夕，只要有人～，谁不揭竿而起。★姚雪垠《李自成》,振挥动。挥动手臂呼喊（多用在号召）。,zhèn bì yī hū,振臂一呼,zbyh,zhen bi yi hu,zhen,hu
峻青《火把赞》啊，火把，这饱经革命风暴的胶东老根据地的乡亲们手中高举的火把，是那么炽热，那么明亮，那么振奋人心。”,无,振奋振作奋发。使人们振作奋发。,zhèn fèn rén xīn,振奋人心,zfrx,zhen fen ren xin,zhen,xin
清·袁枚《随园诗话补遗》卷一此数言，振聋发聩，想当时必有迂儒曲士以经学谈诗者。”,无,聩天生耳聋，引伸为不明事理。声音很大，使耳聋的人也听得见。比喻用语言文字唤醒糊涂麻木的人，使他们清醒过来。,zhèn lóng fā kuì,振聋发聩,zlfk,zhen long fa kui,zhen,kui
清·梁启超《关税权问题》今者外人之以排外相诬者，既振振有词，其乌可更为无谋之举，以授之口实也。”,无,理直气壮的样子。形容自以为理由很充分，说个不休。,zhèn zhèn yǒu cí,振振有词,zzyc,zhen zhen you ci,zhen,ci
清·梁启超《关税权问题》今者外人之以排外相诬者，既振振有词，其乌可更为无谋之举，以授之口实也。”,小顺儿的妈的北平话，遇到理直气壮～的时候，是词汇丰富，而语调清脆，象清夜的叙子似的。★老舍《四世同堂》八,振振理直气壮的样子。形容自以为理由充分，说个没完。,zhèn zhèn yǒu cí,振振有辞,zzyc,zhen zhen you ci,zhen,ci
沙汀《呼嚎》每座茶馆里都人声鼎沸，而超越这个，则是茶堂倌震耳欲聋的吆喝。”,无,形容声音很大，耳朵都快震聋了。,zhèn ěr yù lóng,震耳欲聋,zeyl,zhen er yu long,zhen,long
《后汉书·任隗传》窦宪秉权，专作威福，内外朝臣莫不震撼。”,无,撼摇动。指某件事对人内心震动很大。,zhèn hàn rén xīn,震撼人心,zhrx,zhen han ren xin,zhen,xin
《三国志·魏志·文帝纪》裴松之注惟黄初七年五月七日，大行皇帝崩，呜呼哀哉！于时天震地骇。”《水经注·河水》涛涌波襄，雷奔电泄，震天动地。”,二县百姓号哭之声，～。★明·罗贯中《三国演义》第四十一回,震震动；动摇动。震动了天地。形容声音或声势极大。,zhèn tiān dòng dì,震天动地,ztdd,zhen tian dong di,zhen,di
《晋书·陶侃传》常语人曰‘大禹圣者，乃惜寸阴，至于众人，当惜分阴。’”,我们在学习上要～。,一分一秒也不放过。形容充分利用时间。,zhēng fēn duó miǎo,争分夺秒,zfdm,zheng fen duo miao,zheng,miao
明·冯梦龙《醒世恒言》卷一那时我争风吃醋便迟了。”,凌家这两个婆娘，彼此疑惑，你疑惑我多得了主子的钱，我疑惑你多得了主子的钱，～争吵起来。★清·吴敬梓《儒林外史》第四十五回,争嬜，争夺；风风韵，多指女子。指因男女关系而妒忌、争吵。,zhēng fēng chī cù,争风吃醋,zfcc,zheng feng chi cu,zheng,cu
宋·吴曾《能改斋漫录·方物·芍药谱》名品相压，争妍斗奇，故者未厌，而新者已盛。”,尤其令邓幺姑神往的，就是讲到成都一般大户人家的生活，以及妇女们～的打扮。★李喆人《死水微澜》一,奇奇异；艳色彩鲜艳。形容百花竞放，十分艳丽。,zhēng qí dòu yàn,争奇斗艳,zqdy,zheng qi dou yan,zheng,yan
清·文康《儿女英雄传》第35回任是争强好胜的，偏逢用违所长。”,个人的～，狗屁不值。★杨朔《北线》,争争夺；强优胜；好喜爱。争为强者，事事处处都喜欢超过和压倒别人。,zhēng qiáng hào shèng,争强好胜,zqhs,zheng qiang hao sheng,zheng,sheng
郭沫若《蔡文姬》第三幕他们就只晓得争权夺利，草菅人命。”,无,争夺权力和利益。,zhēng quán duó lì,争权夺利,zqdl,zheng quan duo li,zheng,li
清·张春帆《宦海》第十四回一个个争先恐后的直抢上来。”,在学校举行的运动会上，各班同学～，奋力争先。,抢着向前，唯恐落后。,zhēng xiān kǒng hòu,争先恐后,zxkh,zheng xian kong hou,zheng,hou
毛泽东《沁园春·长沙》词携来百侣同游。忆往昔峥嵘岁月稠。”,无,峥嵘不平凡，不寻常。形容不平凡的年月。,zhēng róng suì yuè,峥嵘岁月,zrsy,zheng rong sui yue,zheng,yue
无,敌人见利诱不成，便露出了他们的～，用枪毙来威胁革命者。,形容凶恶的相貌。,zhēng níng miàn mù,狰狞面目,znmm,zheng ning mian mu,zheng,mu
柯岩《奇异的书简·美的追求者》狂风暴雨刮走的只是枯枝败叶，留下的却是铮铮铁骨。”,铁窗生活并没有销磨他的～。★袁鹰《悲欢·不灭的诗魂》,比喻人的刚正不阿，坚强不屈的骨气。,zhēng zhēng tiě gǔ,铮铮铁骨,zztg,zheng zheng tie gu,zheng,gu
无,我们伟大的祖国生机勃勃，蒸蒸日上。,蒸蒸一升、兴盛的样子。形容事业一天天向上发展。,zhēng zhēng rì shàng,蒸蒸日上,zzrs,zheng zheng ri shang,zheng,shang
无,我们已经～，向五指山主峰挺进。,整理好行装，等待出发。,zhěng zhuāng dài fā,整装待发,zzdf,zheng zhuang dai fa,zheng,fa
《汉书·刑法志》岂宜惟思所以清原正本之论，删定律令。”《晋书·武帝纪》思与天下式明王度，正本清源。”,～的工作是艰巨复杂的，必须下大力气抓好。,正本从根本上整顿；清源从源头上清理。从根本上整顿，从源头上清理。比喻从根本上加以整顿清理。,zhèng běn qīng yuán,正本清源,zbqy,zheng ben qing yuan,zheng,yuan
宋·朱熹《答吕伯恭书》大抵圣贤之心，正大光明，洞然四达。”,这会儿讲走门路，～大道儿，自然要让连公公，那是老牌子。★清·曾朴《孽海花》第二十一回,心怀坦白，言行正派。,zhèng dà guāng míng,正大光明,zdgm,zheng da guang ming,zheng,ming
《史记·日者列传》宋忠、贾谊瞿然而悟，猎缨正襟危坐。”,Ｒ先生把我请在一把上位的太师椅上坐下，～和我对话起来。★郭沫若《学生时代·到宜兴去》,襟衣襟；危坐端正地坐着。整一整衣服，端正地坐着。形容严肃或拘谨的样子。,zhèng jīn wēi zuò,正襟危坐,zjwz,zheng jin wei zuo,zheng,zuo
张天民《创业》第二章秦发愤却当了真，正经八百地说‘抗美援朝的时候起的。’”,想想自己这一路上的表现，哪够上一个～儿的大庆人？★李汉平《吓一跳”的故事》,①正经的，严肃认真的。②犹名副其实。,zhèng jīng bā bǎi,正经八百,zjbb,zheng jing ba bai,zheng,bai
罗广斌、杨益言《红岩》第十章许云峰把椅子一推，正气凛然地站在大厅当中，昂头命令道‘送我回监狱！’”,无,正气刚正之气。凛然可敬畏的样子。形容正气威严不可侵犯。,zhèng qì lǐn rán,正气凛然,zqlr,zheng qi lin ran,zheng,ran
《旧唐书·崔胤传》胤所悦者阘茸下辈，所恶者正人君子。人人悚惧，朝不保夕。”,旬这样的才是斯文骨肉朋友，有意气，有肝胆，相与了这样～，也不枉了。★清·吴敬梓《儒林外史》第十四回,旧时指品行端正的人。现多作讽刺的用法，指假装正经的人。,zhèng rén jūn zǐ,正人君子,zrjz,zheng ren jun zi,zheng,zi
《后汉书·刘玄传》帝方对我饮，正用此时持事来乎！”,不想他那里来请，～。★明·兰陵笑笑生《金瓶梅词话》第五十回,正合自己的心意。,zhèng zhòng xià huái,正中下怀,zzxh,zheng zhong xia huai,zheng,huai
清·曹雪芹《红楼梦》第八十六回尸场检验，证据确凿。且并未用刑，尔兄自认斗杀，招供在案。今尔远来，并非目睹，何得捏词妄控。理应治罪，姑念为兄情切，且恕。不准。”,深恐不法勇丁，骚扰百姓，所以面谕本县倘有前项情事，～，准其到县指控。审明之后，即以军法从事，决不宽贷。★清·李宝嘉《官场现形记》第十五回,确凿确实。证据确实可靠，无法否认。,zhèng jù què záo,证据确凿,zjqz,zheng ju que zao,zheng,zao
清·曹雪芹《红楼梦》第四回所以郑重其事，必得三日后方进门。”,孙俊英背剪着手，～地在墙前站着看标语。★冯德英《迎春花》第六章,郑重审慎，严肃认真。形容说话做事时态度非常严肃认真。,zhèng zhòng qí shì,郑重其事,zzqs,zheng zhong qi shi,zheng,shi
《左传·成公十六年》鲁之有季孟，犹晋之有栾范也，政令于是乎成。今其谋曰‘晋政多门，不可从也。’”,无,原意是政令出自几个卿大夫的门下。指中央领导软弱，国家权力分散。,zhèng chū duō mén,政出多门,zcdm,zheng chu duo men,zheng,men
宋·范仲淹《岳阳楼记》越明年，政通人和，百废俱兴。”,及擢守严陵，～，始从事于梨枣。★清·鲍廷博《青本刻纪事》,政事通达，人心和顺。形容国家稳定，人民安乐。,zhèng tōng rén hé,政通人和,ztrh,zheng tong ren he,zheng,he
清·魏僖《尧峰文钞·答陈霭公论文书一》而及其求之以道，则小者多支离破碎而不合，大者乃敢于披猖磔裂，尽决去圣人畔岸，而剪拔其藩篱。”,我们不要把文章分析得～。,支离零散，残缺。形容事物零散破碎，不完整。,zhī lí pò suì,支离破碎,zlps,zhi li po sui,zhi,sui
清·文康《儿女英雄传》第五回我既这等苦苦相问，你自然就该侃侃而谈，怎么问了半日，你一味的吞吞吐吐，支支吾吾？”,指导员觉得黄金宝有点反常，两只眼映着灯闪光，好像含着泪，问他又～地不肯明说。★杨朔《熔炉》,指说话吞吞吐吐，含混躲闪。亦作支支梧梧”。,zhī zhī wú wú,支支吾吾,zzww,zhi zhi wu wu,zhi,wu
明·孙柚《琴心记》愿人间天上共效绸缪，贺郎君玉润水清，祝小姐枝繁叶茂。”,无,枝叶繁密茂盛。,zhī fán yè mào,枝繁叶茂,zfym,zhi fan ye mao,zhi,mao
清·吴敬梓《儒林外史》第四回好僧官老爷！知法犯法！”,对～的人，应该严惩不贷。,知道法律，又违反法律。指明知故犯。,zhī fǎ fàn fǎ,知法犯法,zfff,zhi fa fan fa,zhi,fa
《孙子·谋攻》知己知彼，百战不殆。”,对付敌人，一定要～，才能百战百胜。★曲波《林海雪原》十一,原意是如果对敌我双方的情况都能了解透彻，打起仗来就可以立于不败之地。泛指对双方情况都很了解。,zhī jǐ zhī bǐ,知己知彼,zjzb,zhi ji zhi bi,zhi,bi
无,我们在学习中要知难而进，绝不可知难而退。,迎着困难上。,zhī nán ér jìn,知难而进,znej,zhi nan er jin,zhi,jin
《左传·宣公十二年》见可而行，知难而退，军之善政也。”,尤其是因为在那一级里有三、四个吵客”，弄得那位英文教员不得不～。★邹韬奋《经历·新饭碗问题》,原指作战要见机而行，不要做实际上无法办到的事◇泛指知道事情困难就后退。,zhī nán ér tuì,知难而退,znet,zhi nan er tui,zhi,tui
汉·班彪《王命论》盖在高祖，其兴也有五一曰帝尧之功裔，二曰体貌多奇异，三曰神武有征应，四曰宽明而仁恕，五曰知人善任使。”,只有～，才能人尽其才。,知了解，知道；任任用，使用。善于认识人的品德和才能，最合理地使用。,zhī rén shàn rèn,知人善任,zrsr,zhi ren shan ren,zhi,ren
宋·苏洵《衡论·远虑》知无不言，言无不尽，百人誉之不加密，百人毁之不加疏。”,他非常直爽，别人对向他请教，他总是～。,凡是知道的没有不说的。,zhī wú bù yán,知无不言,zwby,zhi wu bu yan,zhi,yan
《尚书·说命中》说拜稽首曰‘非知之艰，行之惟艰。’”孔传言知之易，行之难。”,现在提出这问题，盖亦～，遂只得空口说白话，而望垦辟于健者也。★鲁迅《准风月谈·我们怎样教育儿童的？》,知懂得。认识事情的道理较易，实行其事较难。,zhī yì xíng nán,知易行难,zyxn,zhi yi xing nan,zhi,
先秦·李耳《老子》祸莫大于不知足，咎莫大于欲得，故知足之足常足矣。”,一个快乐主义者首先得有知足的修养，就是古训所谓‘～’。★王西彦《古屋》第一部,知道满足，就总是快乐。形容安于已经得到的利益、地位。,zhī zú cháng lè,知足常乐,zzcl,zhi zu chang le,zhi,le
无,这位法官一贯秉公办案，执法如山，不徇私情。,执行法律象山一样不可动摇。,zhí fǎ rú shān,执法如山,zfrs,zhi fa ru shan,zhi,shan
唐·姚思廉《梁书·武帝纪》若执迷不悟，距逆王师，大军一临，刑兹罔郝，所谓火烈高原，芝兰同泯。”,快叫田见秀跟众贼将前来投降，不要～，自走绝路！★姚雪垠《李自成》第一卷第九章,执固执，坚持；迷迷惑；悟觉悟。坚持错误而不觉悟。,zhí mí bù wù,执迷不悟,zmbw,zhi mi bu wu,zhi,wu
清·李汝珍《镜花缘》第六十五回紫芝妹妹嘴虽利害，好在心口如一，直截了当，倒是一个极爽快的。”,他说话、办事～，认真干脆。,形容说话做事爽快、干脆。,zhí jié liǎo dàng,直截了当,zjld,zhi jie liao dang,zhi,dang
《朱子全书》卷四凡事都分做两边，是底放一边，非底放一边。是底是天理，非底是人欲。是即守而勿失，非即去而不留此治一身之法也。治一家则分别一家之是非，治一邑则分别一邑之邪正，推而一州一路以至天下，莫不皆然此～之道。”,②明·施耐庵《水浒传》第六十七回官道旁边，只见走过一条大汉，直上直下相李逵。”③这楼梯～，不好走。,①上下一贯。②从上到下，从头到脚。③形容陡直。,zhí shàng zhí xià,直上直下,zszx,zhi shang zhi xia,zhi,xia
明·胡震亨《唐音癸签》第十回杜公七律，正以其负力之大，寄悰之深，能直抒胸臆，广酬事物之变而无碍。”,古诗章节未谐，尤多趁韵；然～，语皆有物。★清·李慈铭《越缦堂诗话》卷中,胸臆胸腔，内心，引申为心意。直率地抒发自己的思想感情。,zhí shū xiōng yì,直抒胸臆,zsxy,zhi shu xiong yi,zhi,yi
《晋书·刘隗传》臣鉴先征，窃惟今事，是以敢肆狂瞽，直言无讳。”,这倒不必多心，我是个无党无派的人，才敢这样～。★梁斌《红旗谱》五十二,讳避忌，隐讳。说话坦率，毫无顾忌。,zhí yán bù huì,直言不讳,zybh,zhi yan bu hui,zhi,hui
《礼记·大学》大学之道，在明明德，在亲民，在止于至善。”,革命无止境，倘使世上真有什么～”，这人间世便同时变了凝固的东西了。★鲁迅《而已集·黄花节的杂感》,止达到；至最，极。达到极完美的境界。,zhǐ yú zhì shàn,止于至善,zyzs,zhi yu zhi shan,zhi,shan
高阳《胭脂井》其中或者有只言片语可采，敬烦删定。”,无,个别词句或片断的话。,zhī yán piàn yǔ,只言片语,zypy,zhi yan pian yu,zhi,yu
毛泽东《满江红·和郭沫若同志》天地转，光阴迫。一万年太久，只争朝夕。”,无,朝早晨；夕晚上；朝夕形容时间短暂。比喻抓紧时间，力争在最短的时间内达到目的。,zhǐ zhēng zhāo xī,只争朝夕,zzzx,zhi zheng zhao xi,zhi,xi
无,在这本党史”里，李大钊同志的历史功绩不见了，～他是中国共产党的创始人之一。（贾芝《〈李大钊诗文集〉重版后记》）,只一个。一个字也不谈起。比喻有意不说。,zhī zì bù tí,只字不提,zzbt,zhi zi bu ti,zhi,ti
《史记·廉颇蔺相如列传》记载战国时赵国名将赵奢之子赵括，年轻时学兵法，谈起兵事来父亲也难不倒他◇来他接替廉颇为赵将，在长平之战中。只知道根据兵书办，不知道变通，结果被秦军大败。,新近有个大挑知县上了一个条陈，其中有些话都是窒碍难行，毕竟书生之见，全是～。★清·李宝嘉《官场现形记》第三十一回,在纸面上谈论打仗。比喻空谈理论，不能解决实际问题。也比喻空谈不能成为现实。,zhǐ shàng tán bīng,纸上谈兵,zstb,zhi shang tan bing,zhi,bing
宋·陶穣《清异录·居室》（痈医孟斧）有一小室，窗牖焕明，器皆金饰，纸光莹白，金彩夺目，所亲见之，归语人曰‘此室暂憩，令人金迷纸醉。’”,我来到日本不久，听的不多，见的不广，但在五光十色、～的纷乱生活中，有些事物给我的刺激特别深。★杨朔《樱花雨》,原意是让闪光的金纸把人弄迷糊了。形容叫人沉迷的奢侈繁华环境。,zhǐ zuì jīn mí,纸醉金迷,zzjm,zhi zui jin mi,zhi,mi
《左传·僖公九年》天威不违颜咫尺。”,左右如今也不容相近，～一般，有甚舍不得处？★明·冯梦龙《古今小说》第二十二卷,咫古代长度单位，周制八寸，合今市尺六寸二分二厘；咫尺比喻距离很近。比喻距离虽近，但很难相见，象是远在天边一样。,zhǐ chǐ tiān yá,咫尺天涯,zcty,zhi chi tian ya,zhi,ya
《史记·秦始皇本纪》赵高欲为乱，恐群臣不听，乃先设验，持鹿献于二世，曰‘马也。’二世笑曰‘丞相误邪？谓鹿为马。’问左右，左右或默，或言马以阿顺赵高。”,东床已招佳婿，何似以羊易牛；西邻纵有责言，终难～。★明·冯梦龙《醒世恒言》卷七,指着鹿，说是马。比喻故意颠倒黑白，混淆是非。,zhǐ lù wéi mǎ,指鹿为马,zlwm,zhi lu wei ma,zhi,ma
欧阳山《三家巷》一人家又没有指名道姓，你动不动就东拉西扯地胡缠些什么？”,无,明确指出姓和名。,zhǐ míng dào xìng,指名道姓,zmdx,zhi ming dao xing,zhi,xing
清·钱彩《说岳全传》第三十一回是以我主上神佑，泥马渡江，正位金陵，用贤任能，中兴指日可待。”,无,指日可以指出日期，为期不远；待期待。为期不远，不久就可以实现。,zhǐ rì kě dài,指日可待,zrkd,zhi ri ke dai,zhi,dai
清·曹雪芹《红楼梦》第十六回咱们家所有的这些管家奶奶，那一个是好缠的？错一点儿他们就笑话打趣，偏一点儿他们就指桑骂槐的抱怨。”,无,指着桑树骂槐树。比喻表面上骂这个人，实际上是骂那个人。,zhǐ sāng mà huái,指桑骂槐,zsmh,zhi sang ma huai,zhi,huai
明·施耐庵《水浒全传》第七十五回见这李虞侯、张干办在宋江前面指手划脚，你来我去，都有心要杀这厮，只是碍着宋江一个，不敢下手。”,站在他们前头领导他们呢？还是站在他们后头～地批评他们呢？★毛泽东《湖南农民运动考察报告》,指说话时做出各种动作。形容说话时放肆或得意忘形。,zhǐ shǒu huà jiǎo,指手画脚,zshj,zhi shou hua jiao,zhi,jiao
《左传·桓公十三年》举趾高，心不固矣。”《史记·管晏列传》意气扬扬，甚自得也。”,但是那种～的神情总嫌有些不够大方罢。★闻一多《复古的空气》,趾高走路时脚抬得很高；气扬意气扬扬。走路时脚抬得很高，神气十足。形容骄傲自满，得意忘形的样子。,zhǐ gāo qì yáng,趾高气扬,zgqy,zhi gao qi yang,zhi,yang
《淮南子·缪称训》道至高无上，至深无下，平乎准，直乎绳，圆乎规，方乎矩。”汉·许慎《说文解字·一部》天，颠也。至高无上，从一大。”,只要能把国家从水深火热里救出来，他就是～的英雄。★梁斌《红旗谱》四十二,至最。高到顶点，再也没有更高的了。,zhì gāo wú shàng,至高无上,zgws,zhi gao wu shang,zhi,shang
老舍《鼓书艺人》十二‘你不自轻自贱，人家就不能看轻你’。这话倒说得不错，这也是至理名言。”,无,至最；名有名声的。最正确的道理，最精辟的言论。,zhì lǐ míng yán,至理名言,zlmy,zhi li ming yan,zhi,yan
明·凌濛初《初刻拍案惊奇》就中有引礼赞礼的人，叫做‘傧相’，都不是以下人做，都是至亲好友中间，有礼度熟闲，仪容出众，声音响亮的，众人就推举他做了。”,公馆里正自酒绿灯红，笑语生风，满满的两桌，无非是～。★茅盾《某一天》,关系至深的亲戚，感情最好的朋友。,zhì qīn hǎo yǒu,至亲好友,zqhy,zhi qin hao you,zhi,you
茅盾《三人行》七他渴望着震撼着宇宙的大风暴，而且他又把这个理解作为翻掌间便立现了至善至美世界的‘奇迹’，因而对于生活的实际的转变——在矛盾混乱中所产生的向前进展，他就不能了解，而且反感到丑恶。”,无,至最。最完善，最美好。,zhì shàn zhì měi,至善至美,zszm,zhi shan zhi mei,zhi,mei
《礼记·中庸》唯天下至圣，为能联盟睿知，足以有临也。”《礼记·文王世子》凡始立学者，必释奠于先圣先师。”,无,至最。旧时特指孔子。,zhì shèng xiān shī,至圣先师,zsxs,zhi sheng xian shi,zhi,shi
西汉·戴圣《礼记·中庸》国无道，至死不变，强哉矫！”,无,至到；渝改变。到死都不改变。,zhì sǐ bù yú,至死不渝,zsby,zhi si bu yu,zhi,yu
明·凌濛初《初刻拍案惊奇》卷三十八未免志得意满，自繇自主，要另立个铺排，把张家来出景，渐渐把丈人丈母放在脑后，倒象人家不是刘家的一般。”,不料那吴佩孚正在～之时，越发做作得厉害，只回了四个大字交叶开鑫。”★陈立德《前驱》七,志向实现，心满意足。,zhì dé yì mǎn,志得意满,zdym,zhi de yi man,zhi,man
《论语·卫灵公》志士仁人，无求生以害仁，有杀身以成仁。”,无,原指仁爱而有节操，能为正义牺牲生命的人。现在泛指爱国而为革命事业出力的人。,zhì shì rén rén,志士仁人,zsrr,zhi shi ren ren,zhi,ren
《三国志·魏志·陈思王植传》昔伊尹之为媵臣，至贱也，吕尚之处屠钓，至陋也，乃其见举于汤武、周文，诚道合志同，玄漠神通，岂复假近习之荐，因左右之介哉。”,两人起先虽觉得～，后来子美的热狂冷了。★闻一多《杜甫》,道途径。志趣相同，意见一致。,zhì tóng dào hé,志同道合,ztdh,zhi tong dao he,zhi,he
三国魏·曹操《步出夏门行·神龟虽寿》老骥伏枥，志在千里。烈士暮年，壮心不已。”,无,形容志向远大。,zhì zài qiān lǐ,志在千里,zzql,zhi zai qian li,zhi,li
明·冯梦龙《东周列国志》第二十五回妾闻‘男子志在四方’。君壮年不出图仕，乃区区守妻子坐困乎？”,无,四方天下。有远大的抱负和理想。,zhì zài sì fāng,志在四方,zzsf,zhi zai si fang,zhi,fang
无,对犯有错误的同学，我们应采取治病救人的态度，帮助他们进步。,治好惭人挽救过来。比喻帮助犯错误的人改正错误。,zhì bìng jiù rén,治病救人,zbjr,zhi bing jiu ren,zhi,ren
元·无名氏《猿听经》第一折不能勾治国安邦朝帝阙，常只是披霜带月似檐中。”,无,治理国家，使之太平、安定。,zhì guó ān bāng,治国安邦,zgab,zhi guo an bang,zhi,bang
唐·杜甫《丽人行》炙手可热势绝伦，慎莫近前丞相嗔。”,～握大权，待郎充犬吠篱边。★清·陈忱《水浒后传》第一回,手摸上去感到热得烫人。比喻权势大，气焰盛，使人不敢接近。,zhì shǒu kě rè,炙手可热,zskr,zhi shou ke re,zhi,re
《庄子·天下》沐甚雨，栉疾风。”,～三十余年，扫荡群凶，与百姓除害，使汉室复存。★明·罗贯中《三国演义》第六十一回,栉梳头发；沐洗头发。风梳发，雨洗头。形容人经常在外面不顾风雨地辛苦奔波。,zhì fēng mù yǔ,栉风沐雨,zfmy,zhi feng mu yu,zhi,yu
《晋书·孙绰传》卿试掷地，当作金石声也。”,无,金石钟磬之类的乐器，声音清脆优美。比喻文章文辞优美，语言铿锵有力。,zhì dì yǒu shēng,掷地有声,zdys,zhi di you sheng,zhi,sheng
元·关汉卿《五侯宴》第三折某文通三略，武解六韬，智勇双全 。”,要讲究策略，有勇有谋，～。,又有智谋，又很勇敢。,zhì yǒng shuāng quán,智勇双全,zysq,zhi yong shuang quan,zhi,quan
清·曹雪芹《红楼梦》第十六回宁荣两府上下内外人等，莫不置若罔闻，独有宝玉～。”,无,置放，摆；若好象。放在一边，好象没有听见似的。指不予理睬。,zhì ruò wǎng wén,置若罔闻,zrww,zhi ruo wang wen,zhi,wen
清·李宝嘉《文明小史》第三十五回这彭仲翔却在背后袖手旁观，置身事外。”,悲观的由来，是在～不辩是非，而偏要关心于文坛，或者竟是自己坐在没落的营盘里。★鲁迅《准风月谈·中国文坛的悲观”》,身自身。把自己放在事情之外，毫不关心。,zhì shēn shì wài,置身事外,zssw,zhi shen shi wai,zhi,wai
清·曹雪芹《红楼梦》第80回那薛蟠得了宝蟾，如获珍宝，一概都置之不顾。”,所以我的应时的浅薄的文字，也应该～，一任其消灭的。★鲁迅《题记》,置放着；之代词；顾照管。放在那儿不管。,zhì zhī bù gù,置之不顾,zzbg,zhi zhi bu gu,zhi,gu
清·黄小配《廿载繁华梦》第十六回各人听了，反不以为是，就有说他是嫌钱多的，又有说他是愿贫不愿富的，邓仪卿种种置之不理而已。”,老师批评他，他～。,之代词，它；理理睬。放在一边，不理不睬。,zhì zhī bù lǐ,置之不理,zzbl,zhi zhi bu li,zhi,li
《后汉书·隗嚣传》帝积苦兵间，以嚣子内侍，公孙述远据边陲，乃谓诸将曰‘且当置此两子于度外耳。’”,七十老翁，死生早～，由他去吧。★清·曾朴《孽海花》第二十七回,度考虑。放在考虑之外。指不把个人的生死利害等放在心上。,zhì zhī dù wài,置之度外,zzdw,zhi zhi du wai,zhi,wai
清·李宝嘉《文明小史》第十四回贾家三兄弟自从拜在姚拨贡名下，便把这孟老夫子置之脑后。”,无,放在一边不再想起。,zhì zhī nǎo hòu,置之脑后,zznh,zhi zhi nao hou,zhi,hou
《韩非子·外储说右下》薄疑谓赵简主曰‘君之国中饱。’简主欣然而喜曰‘何如焉？’对曰‘府库空虚于上，百姓贫饿于下，然而奸吏富矣。’”,小人贪利，事本非常，所可恨者，银两～，不曾济国家之实用耳。★清·李绿园《歧路灯》第七回,中饱从中得利。指侵吞经手的钱财使自己得利。,zhōng bǎo sī náng,中饱私囊,zbsn,zhong bao si nang,zhong,nang
《晏子春秋·内篇谏下》吾尝从君济于河，鼋衔左骖，以入砥柱之中流。”,无,就象屹立在黄河急流中的砥柱山一样。比喻坚强独立的人能在动荡艰难的环境中起支柱作用。,zhōng liú dǐ zhù,中流砥柱,zldz,zhong liu di zhu,zhong,zhu
清·李宝嘉《官场现形记》第三十一回这长苗子是我们中国原有的，如今搀在这德国操内，中又不中，外又不外，倒成了一个中外合璧。”,她转过脸去看墙壁上的字画那也是～”的，张大千的老虎立轴旁边陪衬着两列五彩铜版印的西洋画。★茅盾《子夜》八,合璧圆形有孔的玉叫璧，半圆形的叫半璧，两个半璧合成一个圆叫合璧”。比喻中国和外国的好东西合到一块。,zhōng xī hé bì,中西合璧,zxhb,zhong xi he bi,zhong,bi
《论语·庸也》中庸之为德也，其至矣乎。”,他一面想，这既无闭关自守之操切，也没有开放门户之不安是很合于～”的。★鲁迅《彷徨·幸福的家庭》,指不偏不倚，折中调和的处世态度。,zhōng yōng zhī dào,中庸之道,zyzd,zhong yong zhi dao,zhong,dao
清·李汝珍《镜花缘》第五十七回当日令尊伯伯为国损躯，虽大事未成，然忠心耿耿，自能名垂不朽。”,卢永祥见一个～的陈乐山忽然变了样子，还不晓是何缘故，十分诧异。★蔡东藩、许廑父《民国通俗演义》第一五八回,耿耿忠诚的样子。形容非常忠诚。,zhōng xīn gěng gěng,忠心耿耿,zxgg,zhong xin geng geng,zhong,geng
《韩非子·外储说左上》夫良药苦于口，而智者劝而饮之，知其入而已己疾也；忠言拂于耳，而明主听之，知其可以致功也。”《史记·留侯世家》忠言逆耳利于行。”,烟馆里的人，都看这人来历不明，劝他不要与那人要好，却是～，哪里听得。★清·彭养鸥《黑籍冤魂》第十三回,逆耳不顺耳。正直的劝告听起来不顺耳，但有利于改正缺点错误。,zhōng yán nì ěr,忠言逆耳,zyne,zhong yan ni er,zhong,er
张扬《第二次握手》我始终期望着，有朝一日，把自己的学识、才能献给祖国；同时把自己忠贞不渝的感情，完美无缺地献给你。”,他对党对人民的～。,忠忠诚；贞有操守；渝改变。忠诚坚定，永不改变。,zhōng zhēn bù yú,忠贞不渝,zzby,zhong zhen bu yu,zhong,yu
《新唐书·卢藏用传》记载卢藏用想入朝作官，隐居在京城长安附近的终南山，借此得到很大的名声，终于达到了作官的目的。,借此认识了几位当道，又结交了几家富贾豪商，自以为～，即在此小小酒馆之中，因此十分高兴。（清·李宝嘉《文明小史》第四十四回,指求名利的最近便是门路。也比喻达到目的的便捷途径。,zhōng nán jié jìng,终南捷径,znjj,zhong nan jie jing,zhong,jing
明·凌濛初《二刻拍案惊奇》卷二一时间凭着两局赌赛，偶尔亏输，便要认起真来，草草送了终身大事，岂不可羞。”,但～，一生至一死，非同儿戏。★清·曹雪芹《红楼梦》第六十五回,终身一生。关系一辈子的大事情，多指婚姻。,zhōng shēn dà shì,终身大事,zsds,zhong shen da shi,zhong,shi
唐·柳宗元《马退山茅亭记》盖天钟秀于是，不限于遐裔也。”,不想我生不幸，亦且琼闺绣阁中亦染此风，真真有负天地～之德了。★清·曹雪芹《红楼梦》第三十六回,钟凝聚，集中；毓养育。凝聚了天地间的灵气，孕育着优秀的人物。指山川秀美，人才辈出。,zhōng líng yù xiù,钟灵毓秀,zlyx,zhong ling yu xiu,zhong,xiu
宋·欧阳修《归田录》卷一补仲山之衮，虽曲尽于巧心；和傅说之羹，实难调于众口。”,无,原意是各人的口味不同，很难做出一种饭菜使所有的人都感到好吃。比喻做事很难让所有的人都满意。,zhòng kǒu nán tiáo,众口难调,zknt,zhong kou nan tiao,zhong,tiao
《国语·周语下》众心成城，众口铄金。”,群言淆乱，异说争鸣；～，积非成是。★鲁迅《三闲集·述香港恭祝圣诞》,铄熔化。形容舆论力量大，连金属都能熔化。比喻众口一词可以混淆是非。,zhòng kǒu shuò jīn,众口铄金,zksj,zhong kou shuo jin,zhong,jin
宋·欧阳修《论议濮安懿王典礼札子》众口一辞（词），纷然不正。”,适才仇老所言姻事，～，此美事也，有何不可？★明·凌濛初《初刻拍案惊奇》卷二十四,所有的人都说同样的话。,zhòng kǒu yī cí,众口一词,zkyc,zhong kou yi ci,zhong,ci
唐·韩愈《郓州溪堂诗并序》公私扫地赤立，新旧不相保持，万目睽睽，公于此时能安以治之。”,～之下，拿他调到一边咬耳朵，人家心里会怎么想？★高阳《清宫外史》下册,睽睽张目注视的样子。许多人争着眼睛看着。指在广大群众注视之下。,zhòng mù kuí kuí,众目睽睽,zmkk,zhong mu kui kui,zhong,kui
《左传·隐公四年》阻兵无众，安忍无亲，众叛亲离，难以济矣。”,他坚持与人民为敌，以至～，死无葬身之地。,叛背叛；离离开。众人反对，亲人背离。形容完全孤立。,zhòng pàn qīn lí,众叛亲离,zpql,zhong pan qin li,zhong,li
《鲁迅书信集·致许寿裳》语堂为提倡语录体，在此几成众矢之的。”,无,矢箭；的箭靶的中心。众箭所射的靶子。比喻大家攻击的对象。,zhòng shǐ zhī dì,众矢之的,zszd,zhong shi zhi di,zhong,di
清·蒲松龄《聊斋志异·阿纤》君无二心，妾岂不知？但众口纷纭，恐不免秋扇之捐。”,无,纷纭多而姑乱。人多嘴杂，议论纷纷。,zhòng shuō fēn yún,众说纷纭,zsfy,zhong shuo fen yun,zhong,yun
《玉娇梨》第二十回城中宣杂难住，莫苦就在众所周知石村卜一居，与白公为邻。”,这种小说的生产，～，主要是为了爆炸”，所以他特别注意的是政治上的应时。★孙犁《文林谈屑（一）·运动文学与揣摩小说》,大家普遍知道的。,zhòng suǒ zhōu zhī,众所周知,zszz,zhong suo zhou zhi,zhong,zhi
《晋书·列传三十传论》于是武皇之胤，惟有建兴，众望攸归，曾无与二。”宋·陈亮《复陆伯寿》舍试揭榜，伏承遂释褐于崇化堂前，众望所归，此选增重，凡在友朋之列者，意气为之光鲜。”,他非去不可！～，还有什么可说的呢？★老舍《四世同堂》三十五,众望众人的希望；归归向。大家一致期望的。指得到群众的信任。,zhòng wàng suǒ guī,众望所归,zwsg,zhong wang suo gui,zhong,gui
徐迟《搜尽奇峰打草稿》而在那个主要工程的位置上，则缀有一颗大红宝石。在它的周围又加众星拱月，环绕着好些较小的红宝石。”,像～似的，学生们围在老教授身边，肩膀靠着肩膀，胳膊挽着胳膊。★碧野《报晓峰》,许多星星聚集、环绕着月亮。比喻众人拥戴一人或众物围绕一物。同众星攒月”。,zhòng xīng gǒng yuè,众星拱月,zxgy,zhong xing gong yue,zhong,yue
《论语·为政》为致以德，譬如北辰，居其所而众星共之。”,乘着这个改朝换代的时机，咱们得～，把他抬出去！★老舍《四世同堂》七,许多星星衬托着月亮。比喻众人拥护着一个他们所尊敬爱戴的人。,zhòng xīng pěng yuè,众星捧月,zxpy,zhong xing peng yue,zhong,yue
《国语·周语下》众心成城，众口铄金。”,段祺瑞既得国务员同情，便以为～，正可一战。★蔡东藩、许廑父《民国通俗演义》第八十八回,万众一心，象坚固的城墙一样不可摧毁。比喻团结一致，力量无比强大。,zhòng zhì chéng chéng,众志成城,zzcc,zhong zhi cheng cheng,zhong,cheng
吴趋《姑苏野史·赛金花二三事》赛金花随洪钧的棺材返苏入葬时，突然中途变卦，跑到上海重操旧业，改名曹梦兰，悬牌应客。”,无,指再做以前曾做的事。,chóng cāo jiù yè,重操旧业,ccjy,chong cao jiu ye,chong,ye
《后汉书·窦武传》今不想前事之失，复循覆车之轨。”,要从失败中吸取教训，以免～。,蹈踏；覆翻；辙车轮辗过的痕迹。重新走上翻过车的老路。比喻不吸取教训，再走失败的老路。,chóng dǎo fù zhé,重蹈覆辙,cdfz,chong dao fu zhe,chong,zhe
宋·文天祥《文山全集·十三·真州杂赋·序》一入真州，忽见中国衣冠，如流浪人乍归故乡，不意重睹天日至此。”,仓乃一粗莽之夫，失身为盗；今遇将军，如～，岂忍复错过！★明·罗贯中《三国演义》第二十八回,重新看到了天和太阳。比喻脱离黑暗，重见光明。,chóng jiàn tiān rì,重见天日,cjtr,chong jian tian ri,chong,ri
唐·徐光溥《题黄居寀秋山图》秋来奉诏写秋山，写在轻绡数幅间；高低向背无遗势，重峦叠嶂何孱颜。”,仲武登陴死守，日宿于戍楼，夜尚烧烛为友人画～，笔墨安祥，意气生动，识者服其胆略。★明·张岱《家传·附传》,峦连绵的山。山峰一个连着一个，连绵不断。,chóng luán dié zhàng,重峦叠嶂,cldz,chong luan die zhang,chong,zhang
曲波《林海雪原》二十说的白茹含羞带乐的一撅嘴，‘什么黄毛丫头，重男轻女的思想。’”,无,重视男子，看轻女性。指轻视妇女的封建思想。,zhòng nán qīng nǚ,重男轻女,znqn,zhong nan qing nv,zhong,nv
郭沫若《北伐途次》每遭一次顿挫，总要使前功尽弃，又来重起炉灶。”,无,指事情遭受挫折后，再从头做起。,chóng qǐ lú zào,重起炉灶,cqlz,chong qi lu zao,chong,zao
汉·司马迁《报任少卿书》人固有一死，或重于泰山，或轻于鸿毛。”,无,比泰山还要重。形容意义重大。,zhòng yú tài shān,重于泰山,zyts,zhong yu tai shan,zhong,shan
清·湘灵子《轩亭冤·惊梦》侬欲重振旗鼓，烦你拟篇男女平权文劝戒女子。”,我深信我们在这样挣扎苦斗中所获得的极可宝贵的经验，对于将来～的《生活日报》是有很大的裨益的。★邹韬奋《经历》五九,比喻失败后，整顿再起。,chóng zhèn qí gǔ,重振旗鼓,czqg,chong zhen qi gu,chong,gu
清·萧山湘灵子《轩亭冤》卷上依欲重振旗鼓，烦你拟篇男女乎权文，劝戒女子。”,至清室已覆，袁为总统，他自然～，又复上台。”★蔡东藩、许廑父《民国通俗演义》第四十八回,整整顿，收拾。比喻失败之后，整顿力量，准备再干。,chóng zhěng qí gǔ,重整旗鼓,czqg,chong zheng qi gu,chong,gu
钱钟书《围城》第二章那两位记者都说‘今天方博士舟车劳顿，明天早晨到府聆教。’”,等回到保定，因为～，公事又多，曾国藩的眼疾，越发重了，而岁尾年头，不如意的事，纷至沓来。★高阳《慈禧全传》第二部二七,舟车船与车，泛指一切水陆交通工具。劳顿劳累疲倦。形容旅途疲劳困顿。,zhōu chē láo dùn,舟车劳顿,zcld,zhou che lao dun,zhou,dun
《汉书·礼乐志》精健日月，星辰度理，阴阳五行，周而复始。”,季节的春夏秋冬，植物的生长荣枯，～，年年如此。,周环绕一圈；复又，再。转了一圈又一圈，不断循环。,zhōu ér fù shǐ,周而复始,zefs,zhou er fu shi,zhou,shi
曹余章《上下五千年·孔子周游列国》孔子的学生说‘鲁君不办正事，咱们走吧！’打那以后，孔子离开鲁国，带着一批学生周游列国，希望找个机会实行他的政治主张。”,扁鹊深入民间，‘～’，‘随俗为变’，解除人民疾病的痛苦。★陶铸《崇高的理想》,周游全都走到，游遍。原指孔丘带着他的学生周游当时的许多国家，希望得到重用，以便推行儒家的政治主张◇指走遍各地。,zhōu yuó liè guó,周游列国,zylg,zhou yuo lie guo,zhou,guo
清·曹雪芹《红楼梦》第十六回林如海已葬入祖坟了，诸事停妥，贾琏方进京的。本该出月到家，因闻得元春喜信，遂昼夜兼程而进，一路俱各平安。”,无,日以继夜的赶路。,zhòu yè jiān chéng,昼夜兼程,zyjc,zhou ye jian cheng,zhou,cheng
《后汉书·霍谞传》《春秋》之义，原情定过，赦事诛意，故许止虽弑君而不罪，赵盾以纵贼而见书。”,你那里晓得，那时他虽满嘴只说未将剪子带来，其实只想以手代剪。这个撕”字乃～，如何不切！★清·李汝珍《镜花缘》第九十回,诛惩罚。指不问罪行，只根据其用心以认定罪状。也指揭穿动机的评论。,zhū xīn zhī lùn,诛心之论,zxzl,zhu xin zhi lun,zhu,lun
鲁迅《准风月谈·难得糊涂》这光芒要是只在字和词，那就象古墓里的贵妇人似的，满身都是珠光宝气了。”,无,珠、宝指首饰；光、气形容闪耀着光彩。旧时形容妇女服饰华贵富丽，闪耀着珍宝的光色。,zhū guāng bǎo qì,珠光宝气,zgbq,zhu guang bao qi,zhu,qi
《汉书·律历志上》日月如合璧，五星如连珠。”,便是你两个，当日无心相遇，也想不到今日～，作了同床姐妹。★清·文康《儿女英雄传》第二十八回,璧平圆形中间有孔的玉。珍珠联串在一起，美玉结合在一块。比喻杰出的人才或美好的事物结合在一起。,zhū lián bì hé,珠联璧合,zlbh,zhu lian bi he,zhu,he
《晋书·刘颂传》诸如此类 ，亦不得已已。”,书法、绘画、吟诗，～，他无一不会。,诸众多；此这，这样。象这类的各种事物。,zhū rú cǐ lèi,诸如此类,zrcl,zhu ru ci lei,zhu,lei
清·王家贲《别雅序》大开通同转假之门，泛滥浩博，几凝天下无字不可通用，而实则蛛丝马迹，原原本本，具在古书。”,机敏的公安人员根据现场的～，很快找到了作案人的线索。,从挂下来的蜘蛛丝可以找到蜘蛛的所在，从马蹄的印子可以查出马的去向。比喻事情所留下的隐约可寻的痕纪线索。,zhū sī mǎ jì,蛛丝马迹,zsmj,zhu si ma ji,zhu,ji
《史记·淮阴侯列传》秦失其鹿，天下共逐之。”,三军在江、淮、河、汉之间布成品”字形阵势，互为觭角，～，机动歼敌。★刘伯承《千里跃进大别山》,逐追赶；鹿指所要围捕的对象，常比喻帝位、政权。指群雄并起，争夺天下。,zhú lù zhōng yuán,逐鹿中原,zlzy,zhu lu zhong yuan,zhu,yuan
程树榛《大学时代》她一下又翻到了今年寒假的第一天日记，并饶有兴趣地逐字逐句看了下去。”,无,挨次序一字一句地。,zhú zì zhú jù,逐字逐句,zzzj,zhu zi zhu ju,zhu,ju
冰心《咱们的五个孩子》在我们的新社会里，这种助人为乐的新风尚，可以说是天天在发生，处处在发生。”,无,帮助人就是快乐。,zhù rén wéi lè,助人为乐,zrwl,zhu ren wei le,zhu,le
《史记·留侯世家》今始入秦，即安其乐，此所谓助桀为虐。”,无,比喻帮助坏人干坏事。,zhù zhòu wéi nüè,助纣为虐,zzwn,zhu zhou wei nve,zhu,nve
《孔子家语·致思》铸剑习以为农器，放牛马于原薮，室家无离旷之思，千岁无战斗之患。”,无,销熔武器以制造务农器具。,zhù jiàn wéi lí,铸剑为犁,zjwl,zhu jian wei li,zhu,li
明·凌濛初《二刻拍案惊奇》卷十一大郎听罢，气得抓耳挠腮，没有是处。”,孙悟空在旁闻讲，喜得他～，眉花眼笑。★明·吴承恩《西游记》第二回,挠搔。抓抓耳朵，搔搔肋帮子。形容心里焦急而无法可想的样子。,zhuā ěr náo sāi,抓耳挠腮,zens,zhua er nao sai,zhua,sai
《后汉书·梁冀传》帝少而聪慧，知冀骄横，尝朝群臣，目冀曰‘此跋扈将军也。’”,领导者～，就得不到群众的信任和支持。,跋扈霸道，不讲理。专断蛮横，任意妄为，蛮不讲理。,zhuān hèng bá hù,专横跋扈,zhbh,zhuan heng ba hu,zhuan,hu
《孟子·告子上》夫今弈之为数，小数也，不专心致志，则不得也。”,不由我不～搞这一套。★叶圣陶《招魂》,致尽，极；志意志。把心思全放在上面。形容一心一意，聚精会神。,zhuān xīn zhì zhì,专心致志,zxzz,zhuan xin zhi zhi,zhuan,zhi
《晋书·谢安传》隐居会稽东山，年逾四十复出为桓温司马，累迁中书、司徒等要职，晋室赖以转危为安。”,经医务人员的全力抢救，这名危重病人已经～。,由危险转为平安（多指局势或病情）。,zhuǎn wēi wéi ān,转危为安,zwwa,zhuan wei wei an,zhuan,an
明·胡文焕《群音类选·葛衣记·荐之知信》无端平地起波涛，转眼之间忘久要。”,无,转眼一眨眼。一眨眼的时间。形容极短的时间。,zhuǎn yǎn zhī jiān,转眼之间,zyzj,zhuan yan zhi jian,zhuan,jian
元·秦简夫《东堂老》第一折止则有这两件儿衣服，装点着门面。”,无,装点装饰；门面指外观。比喻只把外表装饰得很漂亮。,zhuāng diǎn mén miàn,装点门面,zdmm,zhuang dian men mian,zhuang,mian
王愿坚《三张纸条》那是国民党白鬼子的天下嘛，我就给他个装疯卖傻、一问三不知。”,无,故意装成疯疯癫癫，傻里傻气。,zhuāng fēng mài shǎ,装疯卖傻,zfms,zhuang feng mai sha,zhuang,sha
元·马致远《青衫泪》第四折可怎生装聋作哑？”,自己的事为甚么要让旁人摆布，自己还～！★闻一多《组织民众与保卫大西南》,假装聋哑。指故意不理睬，只当不知道。,zhuāng lóng zuò yǎ,装聋作哑,zlzy,zhuang long zuo ya,zhuang,ya
宋·史浩《荆钗记传奇》装模作样，恼吾气满胸膛。”,冷酒冷粉冷汤，着咱如何近傍，百般～，讪笑寒酸魍魉。★元·无名氏《冻苏秦》第三折,样模样、姿态。指故意做作，故做姿态。,zhuāng mó zuò yàng,装模作样,zmzy,zhuang mo zuo yang,zhuang,yang
无,这种装腔作势，没有真情实感的作品，根本不值得一读。,拿腔拿调，故意做作想引人注意或吓唬人。,zhuāng qiāng zuò shì,装腔作势,zqzs,zhuang qiang zuo shi,zhuang,shi
清·曹雪芹《红楼梦》第三十七回你们别和我装神弄鬼的，什么事我不知道？”,无,比喻玩弄手段蒙骗人。,zhuāng shén nòng guǐ,装神弄鬼,zsng,zhuang shen nong gui,zhuang,gui
唐·窦皐《述书赋下》君子弃瑕以拔才，壮士断腕以全质。”,无,指勇士手腕被蝮蛇咬伤，就立即截断，以免毒性扩散全身。比喻作事要当机立断，不可迟疑、姑息。,zhuàng shì duàn wàn,壮士断腕,zsdw,zhuang shi duan wan,zhuang,wan
三国·魏·曹操《步出夏门行·龟虽寿》老骥伏枥，志在千里。烈士暮年，壮心不已。”,无,壮心宏大的志向；已停止。指有抱负的人到了晚年，雄心壮志仍不衰减。,zhuàng xīn bù yǐ,壮心不已,zxby,zhuang xin bu yi,zhuang,yi
《汉书·扬雄传下》往时武帝好神仙，相如上《大人赋》，欲以风，帝反缥缥有凌云之志。”,这号人，在困难中不是低头叹气，而是奋发图强，～，气吞山河。★姚雪垠《李自成》第二卷第二十八章,壮志宏大的志愿；凌云直上云霄。形容理想宏伟远大。,zhuàng zhì líng yún,壮志凌云,zzly,zhuang zhi ling yun,zhuang,yun
唐·李频《春日思归》壮志未酬三尺剑，故乡空隔万重山。”,这些感情炽烈的诗篇，抒发了作者～的愤懑之情。,酬实现。旧指潦倒的一生，志向没有实现就衰老了。也指抱负没有实现就去世了。,zhuàng zhì wèi chóu,壮志未酬,zzwc,zhuang zhi wei chou,zhuang,chou
石三友《金陵野史·圆明园与基泰工程司》说到这八座模型，追本溯源，不能不提到北洋政府时的总长朱启钤。”,无,本根本；溯探求。追究根本，探索源头，比喻追寻根源。,zhuī běn sù yuán,追本溯源,zbsy,zhui ben su yuan,zhui,yuan
无,学习上追根究底的精神，是非常可贵的。,追究根底。一般指追问一件事的原由。,zhuī gēn jiū dǐ,追根究底,zgjd,zhui gen jiu di,zhui,di
晓剑《本市市长无房住》其实，若追根溯源，他还是为了使自己更能堂堂正正地搬进市长楼，而不至于落个将前人卸磨杀驴、扫地出门的恶名。”,无,指追溯事物发生的根源。同追本溯源”。,zhuī gēn sù yuán,追根溯源,zgsy,zhui gen su yuan,zhui,yuan
汉·晁错《上书言兵事》夫以人之死争胜，跌而不振，则悔之亡及也。”,无,后悔也来不及了。,zhuī huǐ mò jí,追悔莫及,zhmj,zhui hui mo ji,zhui,ji
《诗经·秦风·黄鸟》临其穴，惴惴其栗。”宋·周孚《铅刀编·滁州奠枕楼记》乾道八年，济南辛侯（辛弃疾）自司农寺簿来守滁……民之居茅竹相比，每大风作，惴惴然不自安。”,大家都认为这是震南村第一个大灾难，愁眉苦脸，～。★欧阳山《苦斗》六七,惴忧愁、恐惧。形容因害怕或担心而不安。,zhuì zhuì bù ān,惴惴不安,zzba,zhui zhui bu an,zhui,an
《诗经·大雅·抑》诲尔谆谆，听我藐藐。”,督促提督吴永安等，相机前进，并与广西抚臣徐延旭联络会商，和衷共济，仰副圣意～之至意。★高阳《清宫外史》下册,谆谆教诲不倦的样子；告诫规劝。恳切耐心地劝告。,zhūn zhūn gào jiè,谆谆告诫,zzgj,zhun zhun gao jie,zhun,jie
《诗经·大雅·抑》诲尔谆谆，听我藐藐。”,父亲，您生前～我们，不要那种脱离人民的虚无主义、个人主义。★毛岸青《我们爱韶山的红杜鹃》,谆谆恳切、耐心的样子。恳切、耐心地教导。,zhūn zhūn jiào dǎo,谆谆教导,zzjd,zhun zhun jiao dao,zhun,dao
《汉书·河间献王传赞》夫唯大雅，卓尔不群。”,无,卓尔特出的样子；不群与众不同。指才德超出寻常，与众不同。,zhuó ěr bù qún,卓尔不群,zebq,zhuo er bu qun,zhuo,qun
无,我们要奋发地工作，卓有成效地完成上级交给我们的任务。,卓卓越，高超。有突出的成绩和效果。,zhuó yǒu chéng xiào,卓有成效,zycx,zhuo you cheng xiao,zhuo,xiao
《庄子·让王》十年不制衣，正冠而缨绝，捉襟而肘见，纳履而踵决。”,平时所过的早就是～的生活，更那有什么余钱来做归国的路费呢？★郭沫若《学生时代·创造十年》,拉一拉衣襟，就露出臂肘。形容衣服破烂。比喻顾此失彼，穷于应付。,zhuō jīn jiàn zhǒu,捉襟见肘,zjjz,zhuo jin jian zhou,zhuo,zhou
明·施耐庵《水浒传》第二回却说朱武、杨春两个正在寨里猜疑，捉摸不定。”,无,估量不透。捉摸猜测，预料。,zhuō mō bù dìng,捉摸不定,zmbd,zhuo mo bu ding,zhuo,ding
无,看到下一代健康活泼地～，为人父母者无不感到十分欣慰。,健康地成长。,zhuó zhuàng chéng zhǎng,茁壮成长,zzcz,zhuo zhuang cheng zhang,zhuo,zhang
《尚书·君陈》惟日孜孜，无敢逸豫。”《后汉书·鲁丕传》性沉深好学，孳孳不倦。”《三国志·蜀书·向朗传》乃更潜心典籍，孜孜不倦。”,他长年累月～地工作。,孜孜勤勉，不懈怠。指工作或学习勤奋不知疲倦。,zī zī bù juàn,孜孜不倦,zzbj,zi zi bu juan,zi,juan
无,他对真理有～的精神。,孜孜勤勉的样子。不知疲倦地探求。,zī zī yǐ qiú,孜孜以求,zzyq,zi zi yi qiu,zi,qiu
汉·班固《典引》兹事体大而允，寤寐次于圣心。”,无,这件事性质重要，关系重大。,zī shì tǐ dà,兹事体大,zstd,zi shi ti da,zi,da
《荀子·富国》割国之锱铢以赂之，则割定而欲无厌。”,就是族中亲派，不论亲疏，但与他财利交往，～，一些情面也没有的。★明·凌濛初《二刻拍案惊奇》卷三十一,锱、铢都是古代很小的重量单位。形容非常小气，很少的钱也一定要计较。也比喻气量狭小，很小的事也要计较。,zī zhū bì jiào,锱铢必较,zzbj,zi zhu bi jiao,zi,jiao
明·吴承恩《西游记》第五回即咨牙咧嘴道‘不好吃！不好吃！’”,?糜两岸上的狗，吃死尸都吃红了眼，见了生人就～。★峻青《秋色赋·故乡杂忆》,龇露齿。张着嘴巴，露出牙齿。形容凶狠或疼痛难忍的样子。,zī yá liě zuǐ,龇牙咧嘴,zylz,zi ya lie zui,zi,zui
汉·司马相如著《子虚赋》楚使子虚使于齐，王悉发车骑，与使者出畋。畋罢，子虚过奼乌有先生，亡是公存焉。”,文贵征实，不蕲于振奇，所以愧文士～之习也。（清·沈惟贤《万国演义序》）,子虚并非真实；乌有哪有。指假设的、不存在的、不真实的事情。,zǐ xū wū yǒu,子虚乌有,zxwy,zi xu wu you,zi,you
《书·梓材》欲至于万年惟王，子子孙孙永保民。”,造下十大功劳，指望～，世享富贵。★明·冯梦龙《喻世明言》第三十一卷,子孙后裔；世世代代的意思。,zǐ zǐ sūn sūn,子子孙孙,zzss,zi zi sun sun,zi,sun
汉·刘向《列仙传》老子西游，关令尹喜望见有紫气浮关，而老子果乘青牛而过也。”,～，瑶池西望，翩翩青鸟舞前降。★清·洪昻《长生殿》第十六出,传说老子过函谷关之前，关尹喜见有紫气从东而来，知道将有圣人过关。果然老子骑着青牛而来。旧时比喻吉祥的征兆。,zǐ qì dōng lái,紫气东来,zqdl,zi qi dong lai,zi,lai
清·纪昀《阅微草堂笔记》卷一宋儒积一生精力，字斟句酌，亦断非汉儒所及。”,他说话从不随随便便，而是～。,斟、酌反复考虑。指写文章或说话时慎重细致，一字一句地推敲琢磨。,zì zhēn jù zhuó,字斟句酌,zzjz,zi zhen ju zhuo,zi,zhuo
无,他的字正腔圆的唱功让人佩服。,形容吐字准确，唱腔圆熟。,zì zhèng qiāng yuán,字正腔圆,zzqy,zi zheng qiang yuan,zi,yuan
清·文康《儿女英雄传》任凭是篇篇锦绣，字字珠玑，会不上一名进士。”,无,珠玑珠子。每个字都像珍珠一样。比喻说话、文章的词句十分优美。,zì zì zhū jī,字字珠玑,zzzj,zi zi zhu ji,zi,ji
《孟子·离娄上》自暴者，不可与有言也；自弃者，不可与有为也。”,读书人悲观失望，～；可是那些工人却多么坚强呵，多么勇敢呵！★欧阳山《苦斗》五三,暴糟蹋、损害；弃鄙弃。自己瞧不起自己，甘于落后或堕落。,zì bào zì qì,自暴自弃,zbzq,zi bao zi qi,zi,qi
无,散居世界各国的华侨，虽然不少已入外国籍，但其对祖国的忠诚仍是～的。,大家心里明白，不必再用言语解释。,zì bù dài yán,自不待言,zbdy,zi bu dai yan,zi,yan
《战国策·齐策三》荆甚固，而薛亦不量其力。”,就说我们殿试都是侥幸名列上等，并非真才实学，何敢～，妄自谈文。★《镜花缘》第八十七回,量估量。自己不估量自己的能力。指过高地估计自己的力量。,zì bù liàng lì,自不量力,zbll,zi bu liang li,zi,li
南朝宋·刘义庆《世说新语·容止》珠玉在侧，觉我形秽。”,她～般只呆在一个黑暗的角落里，不敢发一言。★杨沫《青春之歌》第一部第十一章,形秽形态丑陋，引伸为缺点。因为自己不如别人而感到渐愧。,zì cán xíng huì,自惭形秽,zcxh,zi can xing hui,zi,hui
清·赵翼《瓯北诗话·白香山诗》香山于古诗律诗中，又多创体，自成一格。”,自然，各人的做法不尽同……办得各有特色，～。★《新华日报》1943.3.5,指形成自己独特的风格。,zì chéng yī gé,自成一格,zcyg,zi cheng yi ge,zi,ge
《北史·祖莹传》作文须自出机杼，成一家风骨。”,乃公之文章，则～，足以千秋不朽。★清·无名氏《杜诗言志》卷十二,指在某一方面的学问或技术有独到的见解或独特的做法，能自成体系。,zì chéng yī jiā,自成一家,zcyj,zi cheng yi jia,zi,jia
茅盾《联系实际，学习鲁迅》就这样，清朝统治集团所自吹自擂的‘中兴大业’，转眼间已成一场春梦。”,无,擂打鼓。自己吹喇叭，自己打鼓。比喻自我吹嘘。,zì chuī zì léi,自吹自擂,zczl,zi chui zi lei,zi,lei
明·陶宗仪《辍耕录》卷二十白翎雀生于乌桓朔漠之地，雌雄和鸣，自得其乐。”,老头儿有个老伴儿，带一个伙计，就这么活着，倒也～。★朱自清《杂文遗集·蒙自杂记》,自己能从中得到乐趣。,zì dé qí lè,自得其乐,zdql,zi de qi le,zi,le
无,虽然受过高等教育，但他～常与流氓混在一起，终于走上犯罪的道路。,自己甘心思想行为向坏的方向发展。,zì gān duò luò,自甘堕落,zgdl,zi gan duo luo,zi,luo
清·李宝嘉《官场现形记》第五十三回这饶守原本只有这一个狮子国；因为上头提倡游学，所以他自告奋勇，情愿自备资斧，叫儿子出洋。”,好心的渔户～，盐了五十多名上等青年猎手，披弓带箭前去寻找。★曲波《林海雪原》三十六,告称说，表示。主动要求担任某项艰巨的任务。,zì gào fèn yǒng,自告奋勇,zgfy,zi gao fen yong,zi,yong
《三国志·魏志·步隲传》种瓜自给。”《列子·黄帝》不施不惠，而物自足。”,人民在党和政府的组织领导下，展开了～的大生产运动。（冯德英《苦菜花》第九章）,给供给。依靠自己的生产，满足自己的需要。,zì jǐ zì zú,自给自足,zjzz,zi ji zi zu,zi,zu
清·李汝珍《镜花缘》第六十回今虽略有生机，但自顾不暇，何能另有安顿哥哥之处。”,其以满洲为可倚赖乎？彼～，何有于汉人。★清·陈天华《狮子吼》第七回,暇空闲。光顾自己还来不及。指没有力量再照顾别人。,zì gù bù xiá,自顾不暇,zgbx,zi gu bu xia,zi,xia
无,我们要～地维护国家和民族的利益。,自己觉悟而愿意。,zì jué zì yuàn,自觉自愿,zjzy,zi jue zi yuan,zi,yuan
晋·葛洪《神仙传》意其不答而求纸笔，画作兵马器杖数十纸已，便一一以手裂坏之，又画作一大人，掘地埋之，便径去。先主大不喜。而自出军征吴，大败还，忿耻发病死。众人乃知其意。”,无,掘挖。自己的所作所为就象在替自己挖掘坟墓一样。比喻自寻死路。,zì jué fén mù,自掘坟墓,zjfm,zi jue fen mu,zi,mu
《战国策·齐策一》明日徐公来，熟视之，自以为不如。”,在那地方，圣裔们繁殖得非常多，成着使释迦牟怪和苏格拉底都～的特权阶级。★鲁迅《且介亭杂文二集·在现代中国的孔夫子》,弗不。自己惭愧不如别人。,zì kuì bù rú,自愧不如,zkbr,zi kui bu ru,zi,ru
闻一多《组织民众与保卫大西南》我们人民能以自力更生的方式强起来了。”,无,更生再次获得生命，比喻振兴起来。指不依赖外力，靠自己的力量重新振作起来，把事情办好。,zì lì gēng shēng,自力更生,zlgs,zi li geng sheng,zi,sheng
清·曾朴《孽海花》第三十一回要称我的心，除非自立门户。”,无,指单独成立家庭。也指学术上不依赖前人而另立一派。现也指离开某一集体，自己另搞一套。,zì lì mén hù,自立门户,zlmh,zi li men hu,zi,hu
杨啸《大字报》这是我出的大字报呵！那不成了老王卖瓜，自卖自夸了吗？”,无,夸夸赞。自己卖的东西自己夸好。比喻为自己吹嘘。,zì mài zì kuā,自卖自夸,zmzk,zi mai zi kua,zi,kua
清·蒲松龄《聊斋志异·江城》姊妹相逢无他语，惟各以阃威自鸣得意。”,无,鸣表示，以为。自以为了不起，表示很得意。,zì míng dé yì,自鸣得意,zmdy,zi ming de yi,zi,yi
清·淮阴百一居士《壶天录》娄县沈童者，年甫冠，习帖括，自命不凡，有太阿出匣遽化长虹之概。”,无,自命自认为；凡平凡。自以为不平凡，比别人高明。,zì mìng bù fán,自命不凡,zmbf,zi ming bu fan,zi,fan
《朱子语类》因说自欺欺人曰欺人亦是自欺，此又是自欺之甚者。”,有人说中国的实业就会借此促进，那是～之谈。★鲁迅《两地书·二九》,欺骗自己，也欺骗别人。,zì qī qī rén,自欺欺人,zqqr,zi qi qi ren,zi,ren
《周易·乾》天行健，君子以自强不息。”,一个国家要想强盛，必须要有～的精神。,自强自己努力向上；息停止。自觉地努力向上，永不松懈。,zì qiáng bù xī,自强不息,zqbx,zi qiang bu xi,zi,xi
《诗经·大雅·文王》无念尔祖，聿修厥德。永言配命，自求多福。”,无,求助自己比求助他人会得到更多的幸福。,zì qiú duō fú,自求多福,zqdf,zi qiu duo fu,zi,fu
《阴符经》卷下沉水入火，自取灭亡。”,倭兵犯顺，～。★清·陈忱《水浒后传》第三十五回,所作所为把自己引上绝路。,zì qǔ miè wáng,自取灭亡,zqmw,zi qu mie wang,zi,wang
明·冯梦龙《警世通言》我想江西不沉却好，若沉了时节，正是‘泥菩萨落水，自身难保’，还保得别人？”,无,自己保不住自己。,zì shēn nán bǎo,自身难保,zsnb,zi shen nan bao,zi,bao
唐·白居易《岭上云》诗自生自灭成何事，能逐东风作雨无。”,新生事物，如不关心和培育，就只能是～。,自然地发生，生长，又自然地消灭。形容自然发展，无人过问。,zì shēng zì miè,自生自灭,zszm,zi sheng zi mie,zi,mie
茅盾《〈呼兰河传〉序》除了因为愚昧保守而自食其果，这些人物的的生活原也悠然自得其乐。”,玩火者只会自食其果。,指自己做了坏事，自己受到损害或惩罚。,zì shí qí guǒ,自食其果,zsqg,zi shi qi guo,zi,guo
《礼记·礼器》食力无数。”陈浩集说食力，自食其力之人。”,居贫，～，隐田里间，以教授为业，非义不为，人敬惮之。★明·李昌祺《剪灯余话·泰山御史传》,依靠自己的劳动所得来生活。,zì shí qí lì,自食其力,zsql,zi shi qi li,zi,li
宋·孙光宪《北梦琐言》卷二十先皇帝与汴军校战，自始至终，马数才万。今有铁马三万五千，不能使九州混一，是吾养卒练士将帅之不至也。”,～，秀莲唱得很拘谨，好象并不想取悦听众。★老舍《鼓书艺人》五,从开始到末了。表示一贯到底。,zì shǐ zhì zhōng,自始至终,zszz,zi shi zhi zhong,zi,zhong
清·吴趼人《二十年目睹之怪现状》第三十六回我暗想这个人自视甚高，看来文字总也是好的，便不相强。”,无,把自己看得很高（多指身分，学识等）。,zì shì shèn gāo,自视甚高,zssg,zi shi shen gao,zi,gao
《晋书·潘尼传》忧患之接，必生于自私，而兴于有欲。”《列子·杨朱》大禹不以一身自利，一体偏枯。”,我么？你问我么？我是～的个人主义者！★柔石《二月》二,私心很重，只为个人利益打算。,zì sī zì lì,自私自利,zszl,zi si zi li,zi,li
鲁迅《华盖集·碰壁”之后》可是我有一种毛病，自己也疑心是自讨苦吃的要苗，就是偶尔要想想。”,无,讨招惹。自己找苦吃。,zì tǎo kǔ chī,自讨苦吃,ztkc,zi tao ku chi,zi,chi
叶圣陶《孤独》他立刻觉得刚才对于孩子的要求没有意思，只不过自讨没趣罢了。”,他知道这样做是～。,做事不得当，反使自己难堪窘迫。,zì tǎo méi qù,自讨没趣,ztmq,zi tao mei qu,zi,qu
三国魏·曹植《野田黄雀行》诗不见篱间雀，见鹞自投罗。”宋·苏轼《策别十七·去奸民》譬如猎人终日驰驱践蹂于草茅之中，搜求伏兔而搏之，不待其自投于罗网而后取也。”,凤姐故意报怨他失信，贾瑞急的起誓。凤姐因他～，少不的再寻别计令他知改。★清·曹雪芹《红楼梦》第十二回,投进入；罗网捕捉鱼鸟的器具。自己投到罗网里去。比喻自己送死。,zì tóu luó wǎng,自投罗网,ztlw,zi tou luo wang,zi,wang
苏雪林《郁达夫及其作品》现代文艺里‘自我表现’，之特多，原是当然的道理。”,无,显示或宣扬自己的优点，使自己突出。,zì wǒ biǎo xiàn,自我表现,zwbx,zi wo biao xian,zi,xian
汉·扬雄《解嘲》哀帝时，丁傅董贤用事，诸附离之者起家至二千石。时雄方草创《大玄》，有以自守，泊如也。人有嘲雄以玄之尚白，雄解之，号曰《解嘲》。”,无,用言语或行动为自己掩盖或辩解被人嘲笑的事。,zì wǒ jiě cháo,自我解嘲,zwjc,zi wo jie chao,zi,chao
陶铸《松树的风格》我对松树怀有敬意的更重要的原因却是它那种自我牺牲的精神。”,中华民族富于～的传统精神，在无数民族，革命先烈身上都可得到印证。,为别人（或事)牺牲自己。,zì wǒ xī shēng,自我牺牲,zwxs,zi wo xi sheng,zi,sheng
《晋书·石季龙载记下》季龙十三子，五人为冉闵所杀，八人自相残杀。”,他成日间叫我们～，要我们自家人都互相杀尽了，好叫他那些骚鞑子来占据我们的好土地。★清·吴趼人《痛史》第三回,残伤害。自己人互相杀害。,zì xiāng cán shā,自相残杀,zxcs,zi xiang can sha,zi,sha
《韩非子·难一》楚人有鬻盾与矛者，誉之曰‘吾盾之坚，莫之能陷也。’又誉其矛曰‘吾矛之利，于物无不陷也。’或曰‘以子之矛陷子之盾，何如？’其人勿能应也。”,这些理论～。,矛进攻敌人的刺击武器；盾保护自己的盾牌。比喻自己说话做事前后抵触。,zì xiāng máo dùn,自相矛盾,zxmd,zi xiang mao dun,zi,dun
周恩来《政府工作报告（一九五四年）》他们在工作中往往自行其是，不尊重上级的统一领导，不注意遵守请示报告制度。”,做事不能自行其是，最好听听别人的意见。,自己认为对的就做，不考虑别人的意见。,zì xíng qí shì,自行其是,zxqs,zi xing qi shi,zi,shi
清·曹雪芹《红楼梦》第六十六回人家并没有威胁他，是他自寻短见。”,无,短见本指见识短浅，引申为自杀。自己认为无法活下去而寻死。,zì xún duǎn jiàn,自寻短见,zxdj,zi xun duan jian,zi,jian
巴金《家》六他不能够说服她们，他又何必自寻烦恼，浪费精力呢？”,无,自找的烦闷苦恼。意思是，本来不该有烦闷苦恼。,zì xún fán nǎo,自寻烦恼,zxfn,zi xun fan nao,zi,nao
元·无名氏《桃花女》第四折你这般鬼促促的，在这自言自语，莫不要出城去砍那桃树吗？”,无,自己一个人低声嘀咕。,zì yán zì yǔ,自言自语,zyzy,zi yan zi yu,zi,yu
《荀子·荣辱》凡斗者必自以为是，而以人为非也。”《孟子·尽心下》众皆悦之，自以为是。”,世人往往～，自夸其能。★清·李汝珍《镜花缘》第八十四回,是对。总以为自己是对的。形容主观，不虚心。,zì yǐ wéi shì,自以为是,zyws,zi yi wei shi,zi,shi
毛泽东《反对自由主义》不负责任的背后批评，不是积极地向组织建议。当面不说，背后乱说；开会不说，会后乱说。心目中没有集体生活的原则，只有自由放任。这是第二种。”,无,不加约束，任它自由发展。,zì yóu fàng rèn,自由放任,zyfr,zi you fang ren,zi,ren
宋·释道原《景德传灯录》卷二十三问‘牛头未见四祖时如何？’师曰‘自由自在。’曰‘见后如何？’师曰‘自由自在。’”,看那些交了卷出去的人真象～的仙人。★叶圣陶《马铃瓜》,形容没有约束，十分安闲随意。,zì yóu zì zài,自由自在,zyzz,zi you zi zai,zi,zai
南朝·宋·刘义庆《世说新语·品藻》抜庾公呴又问‘何者居其右？’王曰‘自有人。’又问‘何者是？’王曰‘噫！其自有公论。’”明·罗贯中《三国演义》第一回朝廷自有公论，汝岂可造次？”,虽然是非曲直，～；但是现在的世人，总是人云亦云的居多。★清·吴趼人《二十年目睹之怪现状》第一百一回,指事情的是非曲直公众自然会有评论。,zì yǒu gōng lùn,自有公论,zygl,zi you gong lun,zi,lun
清·方玉润《星烈日记》七十以世俗之情遇意外之事，实难自圆其说。”,哈哈，单于殿下，你自己都不能～了吧。★曹禺《王昭君》第五幕,圆圆满，周全。指说话的人能使自己的论点或谎话没有漏洞。,zì yuán qí shuō,自圆其说,zyqs,zi yuan qi shuo,zi,shuo
《孟子·万章上》太甲悔过，自怨自艾。”,但倘有不知道～的人，想将这位先生送进疯人院”去，我可要拚命反对，尽力呼冤的。★鲁迅《集外集·音乐”》,怨怨恨，悔恨；艾割草，比喻改正错误。原意是悔恨自己的错误，自己改正。现在只指悔恨自己的错误。,zì yuàn zì yì,自怨自艾,zyzy,zi yuan zi yi,zi,yi
《老子》第三十三章知人者智也，自知者明也。”,一个严于解剖自己的人，往往是有～的。,自知自己了解自己；明看清事物的能力。指了解自己的情况，对自己有正确的估计。,zì zhī zhī míng,自知之明,zzzm,zi zhi zhi ming,zi,ming
《尚书·蔡仲之命》无作聪明，乱旧章。”宋·洪迈《容斋随笔》卷十四严州分水县，故额草书‘分’字，县令自作聪明者，谓草体非宜，自真书三字刻而立之。”,无,自以为聪明而乱作主张。指过高地估计自己，主观地办事。,zì zuò cōng míng,自作聪明,zzcm,zi zuo cong ming,zi,ming
元·无名氏《谢金吾》第三折但那杨景是一个郡马，怎好就是这等自做主张，将他只一刀哈喇了。”,凡事总得回过他，就是多用些，也无话说，但不可～。★清·李宝嘉《活地狱》第八回,指没有经过上级或有关方面同意，就擅自处置。,zì zuò zhǔ zhāng,自作主张,zzzz,zi zuo zhu zhang,zi,zhang
宋·释普济《五灯会元》僧问金山颖‘一百二十斤铁枷，教阿谁担？’颖曰‘自作自受。’”,他这会子不说保养着些，还要捉弄人；明儿病了，叫他～。★清·曹雪芹《红楼梦》第五十一回,自己做了蠢事坏事，自己倒霉。,zì zuò zì shòu,自作自受,zzzs,zi zuo zi shou,zi,shou
《清史稿·列传二·诸王一》乾隆十三年，诏责神保住瓷意妄为，致两目成眚，又虐待兄女，夺爵。”,察其原因，不外有少数顽固分子，不顾民族国家利益，～。★毛泽东《陕甘宁边区政府、第八路军后方留守处布告》,恣意任意，随意；妄为胡作非为。随心所欲，胡作非为。,zì yì wàng wéi,恣意妄为,zyww,zi yi wang wei,zi,wei
《容斋随笔·卷六·洗儿金钱》若总而言之，殆不可胜算。”,～，长征是以我们胜利、敌人失败的结果而千结束。★《毛泽东选集·论反对帝国主义的策略》,总的说起来。,zǒng ér yán zhī,总而言之,zeyz,zong er yan zhi,zong,zhi
汉·刘向《战国策序》苏秦为从，张仪为横，横则秦帝，从则楚王，所在国重，所去国轻。”《鬼谷子·捭阖》捭之者，开也，言也，阳也；阖之者，闭也，默也，阴也。”,政客错实力以自雄，军人假名流以为重，～，各戴一尊。★蔡东藩、许厪父《民国通俗演义》第一百三十五回,纵横合纵连横；捭阖开合，战国时策士游说的一种方法。指在政治或外交上运用手段进行分化或拉拢。,zòng héng bǎi hé,纵横捭阖,zhbh,zong heng bai he,zong,he
宋·谢尧仁《张于湖先生集序》以至唐末诸诗人，雕肝琢肺，求工于一言一字间，在于人力固可以无恨，而概之前数公纵横驰骋之才，则又有间矣。”,作家应当有自在翱翔、～的广阔天地。★柯灵《香雪海·题材问题一解》,纵南北方向；横东西方向；驰骋纵马疾驰。不受阻挡地往来奔驰。形容英勇战斗，所向无敌。也比喻写作上才思奔放，意到笔随。,zòng héng chí chěng,纵横驰骋,zhcc,zong heng chi cheng,zong,cheng
清·纪昀《阅微草堂笔记》卷十七见《万法归宗》中载有是符，其画纵横交贯，略如小篆。”,我国是一个多山之国，山脉～。,横的竖的交叉在一起。也形容情况复杂。,zòng héng jiāo cuò,纵横交错,zhjc,zong heng jiao cuo,zong,cuo
唐·孟郊《登科后》诗春风得意马蹄疾，一日看尽长安花。”,无,走马骑着马跑。骑在奔跑的马上看花。原形容事情如意，心境愉快◇多指大略地观察一下。,zǒu mǎ guān huā,走马观花,zmgh,zou ma guan hua,zou,hua
宋·孙光宪《北梦琐言》卷四先以陈公走马赴任，乃树一魁妖，共翼佐之。”,你看他那种～的神气，你就可以知道他是一位全然不懂教育的外行乃至老腐败。★郭沫若《少年时代·反正前后》,走马骑着马跑；任职务。旧指官吏到任。现比喻接任某项工作。,zǒu mǎ shàng rèn,走马上任,zmsr,zou ma shang ren,zou,ren
老舍《龙须沟》第二幕这年月呀，女人尊贵啦，跟男人一样可以走南闯北的。”,他自小～，见过许多大世面。,指走过南方北方不少地方。也泛指闯荡。,zǒu nán chuǎng běi,走南闯北,zncb,zou nan chuang bei,zou,bei
元·杨显之《潇湘雨》第三折淋的我走投无路，知他这沙门岛是何处鄷都？”,她真是～了，只好来求老主人。★鲁迅《彷徨·祝福》,投投奔。无路可走，已到绝境。比喻处境极困难，找不到出路。,zǒu tóu wú lù,走投无路,ztwl,zou tou wu lu,zou,lu
明·凌濛初《初刻拍案惊奇》卷二十五却说苏盼奴自赵司户去后，足不出门，一客不见，只等襄阳来音。”,据我个人的经验，我们那里的土话，和苏州很不同，但一部《海上花列传》，却教我～”懂了白。★鲁迅《花边文学·汉字和拉丁化》,脚不跨出家门。,zú bù chū hù,足不出户,zbch,zu bu chu hu,zu,hu
元·无名氏《连环计》第一折此人足智多谋，可与共事。”,～之士，能征惯战之将，何止一二千人。★明·罗贯中《三国演义》第四十三回,足充实，足够；智聪明、智慧；谋计谋。富有智慧，善于谋划。形容人善于料事和用计。,zú zhì duō móu,足智多谋,zzdm,zu zhi duo mou,zu,mou
老舍《神拳》第三幕凡事都要留有余地，别死钻牛角尖。”,无,比喻费力研究不值得研究或无法解决的问题。也指思想方法狭窄。,zuān niú jiǎo jiān,钻牛角尖,znjj,zuan niu jiao jian,zuan,jian
宋·欧阳修《纵囚论》刑入于死者，乃罪大恶极。”宋·罗大经《鹤林玉露》卷五矧如（秦）桧者，密奉虏谋，胁君误国，罪大恶极 ，岂可赦乎。”,倘不如命地帮忙”，当然，～了。先将忘恩负义之罪，布告于天下。★鲁迅《而已集·新时代的放债法》,罪恶大到了极点。,zuì dà è jí,罪大恶极,zdej,zui da e ji,zui,ji
清·彭养鸥《黑籍冤魂》第五回你为着吃烟，这才犯法，我们来拿你，倒来吃你的烟，本官知道，办起来罪加一等。”,无,指对罪犯加重处罚。,zuì jiā yī děng,罪加一等,zjyd,zui jia yi deng,zui,deng
清·蒲松龄《聊斋志异·鲁公女》罪孽深重，死无归所。”,这个汉奸自知～，难逃惩处，而自尽身亡。,孽罪恶。指做了很大的坏事，犯了很大的罪。,zuì niè shēn zhòng,罪孽深重,znsz,zui nie shen zhong,zui,zhong
清·李宝嘉《官场现形记》第二十回今日卑职故违大人禁令，自知罪有应得。”,这个人以权谋私，贪污公款，受到法律的制裁，真是～。,应应该。按罪恶或错误的性质，理应得到这样的惩罚。,zuì yǒu yīng dé,罪有应得,zyyd,zui you ying de,zui,de
明·王守仁《批右江道移置凤化县南丹卫事宜呈》若其因循玩愒，隳绩废事，非独自败坏，抑且罪责难逃。”,无,指不能逃避犯罪所应负的责任，一定要受到惩处。,zuì zé nán táo,罪责难逃,zznt,zui ze nan tao,zui,tao
宋·朱熹《小学》卷五引程灏曰虽高才明智，胶于见闻，醉生梦死，不自觉也。”,一切有志者都不应该～、浑浑噩噩地虚度年华。,象喝醉酒和做梦那样，昏昏沉沉，糊里糊涂地过日子。,zuì shēng mèng sǐ,醉生梦死,zsms,zui sheng meng si,zui,si
《后汉书·孔僖传》臣闻明王圣主，莫不尊师贵道。”,无,道指教师指引的应该遵循的道理，也指教师传授的知识。尊敬师长，重视老师的教导。,zūn shī zhòng dào,尊师重道,zszd,zun shi zhong dao,zun,dao
晋·左思《咏史》诗左眄澄江湘，右盼定羌胡。”,都尉朝天跃马归，香风吹人花乱飞。银鞍紫鞚照云日，～生光辉。★唐·李白《走笔独孤附马》诗,顾、盼看。向左右两边看。形容人骄傲得意的神情。,zuǒ gù yòu pàn,左顾右盼,zgyp,zuo gu you pan,zuo,pan
欧阳山《苦斗》五十八左邻右里的贫苦农民带着红糖、生姜、糯米……来探望她。”,无,泛指邻居。,zuǒ lín yòu lǐ,左邻右里,zlyl,zuo lin you li,zuo,li
明·吴承恩《西游记》云来雾去，走石飞砂，唬得我一家并左邻右舍，俱不得安生。”,照顾‘～’，不能搞先进迁就落后，不能搞平均主义。★《人民日报》1984.8.3,左右的邻居。也比喻关系比较接近的其它单位。,zuǒ lín yòu shè,左邻右舍,zlys,zuo lin you she,zuo,she
明·冯梦龙《东周列国志》第八十八回左思右想，欲求自脱之计。”,如此～，一时五内沸然。★清·曹雪芹《红楼梦》第三十四回,多方面想了又想。,zuǒ sī yòu xiǎng,左思右想,zsyx,zuo si you xiang,zuo,xiang
《孟子·离娄下》资之深，则取之左右逢其原。”,这样，他们在落笔的时候，便已有着成竹在胸”、～”的形势。★邹韬奋《经历·青年老学究”》,逢遇到；源水源。到处遇到充足的水源。原指赏识广博，应付裕如◇也比喻做事得心应手，非常顺利。,zuǒ yòu féng yuán,左右逢源,zyfy,zuo you feng yuan,zuo,yuan
元·白朴《梧桐雨》楔子臣左右开弓，一十八般武艺，无有不会。”,那兴儿真个自己～，打了自己十几个嘴巴。★清·曹雪芹《红楼梦》第六十七回,左右手都能射箭。比喻两只手轮流做同一动作或同时做几项工作。,zuǒ yòu kāi gōng,左右开弓,zykg,zuo you kai gong,zuo,gong
元·杨显之《潇湘雨》第一折我欲待亲自去寻来，限次又紧，着老夫左右为难，如何是好！”,千思万想，～。★清·曹雪芹《红楼梦》第一百二十回,左也不好，右也不是。形容无论怎样做都有难处。,zuǒ yòu wéi nán,左右为难,zywn,zuo you wei nan,zuo,
《战国策·西周策》我不能教子支左屈右。”,两路夹攻，杀得冷军～，只好弃甲曳兵，败阵下去。★蔡东藩、许厪父《民国通俗演义》第二十八回,支支持；绌屈曲，引伸为不足。原指弯弓射箭的姿势，左手支持，右手屈曲。指力量不足，应付了这方面，那方面又出了问题。,zuǒ zhī yòu chù,左支右绌,zzyc,zuo zhi you chu,zuo,chu
《史记·项羽本纪》及楚击秦，诸将皆从壁上观。”,我以为对于校长主张去留的人，俱不免各有其复杂的背景，所以我是袖手～的。（鲁迅《两地书·七》）,壁壁垒。原指双方交战，自己站在壁垒上旁观◇多比喻站在一旁看着，不动手帮助。,zuò bì shàng guān,作壁上观,zbsg,zuo bi shang guan,zuo,guan
明·吴承恩《西游记》第四十二回想当初作恶多端，这三四日斋戒，那里就积得过来。”,无,做了许多坏事。指罪恶累累。,zuò è duō duān,作恶多端,zedd,zuo e duo duan,zuo,duan
三国蜀·诸葛亮《出师表》若有作奸犯科及为忠善者，宜付有司论其刑赏。”,今儿子既在你处，必然是你～，诱藏了我娘子，有甚么得解说？★明·凌濛初《二刻拍案惊奇》卷三十八,奸坏事；科法律条文。为非作歹，触犯法令。,zuò jiān fàn kē,作奸犯科,zjfk,zuo jian fan ke,zuo,ke
唐·白居易《江州赴忠州至江陵已来舟中示舍弟五十韵》诗烛蛾谁救护，蚕茧自缠萦。”宋·陆游《剑南诗稿·书叹》人生如春蚕，作茧自缠裹。”,我们需要制定必要的规章制度，但不可过于繁琐，弄得～，捆住自己的手脚。,蚕吐丝作茧，把自己裹在里面。比喻做了某件事，结果使自己受困。也比喻自己给自己找麻烦。,zuò jiǎn zì fù,作茧自缚,zjzf,zuo jian zi fu,zuo,fu
语出《书·洪范》惟辟作福，惟辟作威，惟辟玉食。臣无有作福作威玉食。”,姜三膘子一辈子是～，花天酒地。★曲波《林海雪原》二,原意是只有君王才能独揽权威，行赏行罚◇泛指凭借职位，滥用权力。,zuò wēi zuò fú,作威作福,zwzf,zuo wei zuo fu,zuo,fu
元·秦简夫《东堂老》第一折便好道坐吃山空，立吃地陷。”,到京之后，住在店里，已经是当卖度日，～。★清·李宝嘉《官场现形记》第二十八回,只坐着吃，山也要空。指光是消费而不从事生产，即使有堆积如山的财富，也要耗尽。,zuò chī shān kōng,坐吃山空,zcsk,zuo chi shan kong,zuo,kong
《抱朴子·用刑》通人扬子云亦以为肉刑宜复也，但废之来久矣，坐而论道者，未以为急耳。”,有些人只会～，而不办实事。,坐着空谈大道理。指口头说说，不见行动。,zuò ér lùn dào,坐而论道,zeld,zuo er lun dao,zuo,dao
唐·韩愈《原道》坐井而观天，曰天小者，非天小也。”,我弟子虚度一生，山门也不曾出去，诚所谓～，樗配之辈。★明·吴承恩《西游记》第十六回,坐在井底看天。比喻眼界小，见识少。,zuò jǐng guān tiān,坐井观天,zjgt,zuo jing guan tian,zuo,tian
高阳《胭脂井》昨天慈圣召见，特别提到，说‘只要我一天管事，决不会让李某人坐冷板凳。’”,无,比喻因不受重视而担任清闲的职务。也比喻长期等候工作或长久地等待接见。,zuò lěng bǎn dèng,坐冷板凳,zlbd,zuo leng ban deng,zuo,deng
明·施耐庵《水浒全传》第四十回自从哥哥吃官事，兄弟坐立不安，又无路可救。”,萧状元终日在此来往，吾等见了～。★明·凌濛初《初刻拍案惊奇》卷二,坐着也不是，站着也不是。形容心情紧张，情绪不安。,zuò lì bù ān,坐立不安,zlba,zuo li bu an,zuo,an
清·昭梿《啸亭杂录·木果木之败》若不审敌势，坐失良机，使兵心至于溃败。”,‘左’倾路线却断言中间派别是所谓中国革命最危险的敌人，因而～。★刘伯承《回顾长征》,不主动及时行动而失去好机会。,zuò shī liáng jī,坐失良机,zslj,zuo shi liang ji,zuo,ji
《战国策·燕策二》今者臣来，过易水，蚌方出曝，而鹬啄其肉，蚌合而拑其喙。……两者不肯相舍，渔者得而并禽之。”,无,比喻利用别人的矛盾而从中获利。,zuò shōu yú lì,坐收渔利,zsyl,zuo shou yu li,zuo,li
明·施耐庵《水浒全传》第四十回自从哥哥吃官事，兄弟坐立不安，又无路可救。”,一连数日，神思恍惚，～。★明·冯梦龙《古今小说》卷六,坐着躺着都不安宁。形容因忧愁恐惧而不安的样子。,zuò wò bù ān,坐卧不安,zwba,zuo wo bu an,zuo,an
清·叶廷琯《鸥陂渔话·葛苍公传》欲使他人干事，彼坐享其成，必误公事。”,人要有勤奋自力，积极向上的精神，不可有～，好逸恶劳的思想。,享享受；成成果。自己不出力而享受别人取得的成果。,zuò xiǎng qí chéng,坐享其成,zxqc,zuo xiang qi cheng,zuo,cheng
三国蜀·诸葛亮《后出师表》然不伐贼，王业亦亡，惟坐而待亡，孰与伐之。”,哪里有压迫，哪里就有反抗。人民大众不会～。,坐着等死。形容在极端困难中，不积极想办法找出路。,zuò yǐ dài bì,坐以待毙,zydb,zuo yi dai bi,zuo,bi
《晋书·王浑传》时吴人新附，颇怀畏惧。浑抚循羁旅，虚怀绥纳，座无空席，门不停宾，于是江东之士莫不悦附。”,无,虚空。座位没有空着的。形容出席的人很多。,zuò wú xū xí,座无虚席,zwxx,zuo wu xu xi,zuo,xi
宋·释悟明《联灯会要·重显禅师》却顾侍者云‘适来有人看方丈么？’侍者云‘有。’师云‘作贼人心虚。’”,这个毛病，起先人家还不知道，这又是他们～弄穿的。★清·吴趼人《二十年目睹之怪现状》第六十回,虚怕。指做了坏事怕人知道，心里老是不安。,zuò zéi xīn xū,做贼心虚,zzxx,zuo zei xin xu,zuo,xu
